{
  "dataset": "nq_test",
  "retriever": "BM25_BGE_Reranker",
  "rag_variant": "BM25_BGE_Reranker_k0to6",
  "num_examples": 3610,
  "shots": {
    "0": {
      "n": 3610,
      "em": 0.12077562326869806,
      "f1": 0.18464018640292118,
      "containment": 0.15595567867036012,
      "latency_ms": 359.54688315246244,
      "context_chars": 0.0
    },
    "1": {
      "n": 3610,
      "em": 0.314404432132964,
      "f1": 0.4124061439552468,
      "containment": 0.36481994459833794,
      "latency_ms": 442.3041470493306,
      "context_chars": 641.1407202216067
    },
    "2": {
      "n": 3610,
      "em": 0.3301939058171745,
      "f1": 0.4379140261855683,
      "containment": 0.39667590027700833,
      "latency_ms": 531.2424913998126,
      "context_chars": 1283.5855955678671
    },
    "3": {
      "n": 3610,
      "em": 0.33407202216066484,
      "f1": 0.44435160173665844,
      "containment": 0.403601108033241,
      "latency_ms": 646.4014015699688,
      "context_chars": 1926.6451523545707
    },
    "4": {
      "n": 3610,
      "em": 0.3285318559556787,
      "f1": 0.44190960474556423,
      "containment": 0.403601108033241,
      "latency_ms": 679.0930970553876,
      "context_chars": 2569.3850415512466
    },
    "5": {
      "n": 3610,
      "em": 0.3304709141274238,
      "f1": 0.4458872986817326,
      "containment": 0.4110803324099723,
      "latency_ms": 813.1682020805549,
      "context_chars": 3212.6362880886427
    },
    "6": {
      "n": 3610,
      "em": 0.33240997229916897,
      "f1": 0.44765457089972155,
      "containment": 0.4116343490304709,
      "latency_ms": 869.9204802843342,
      "context_chars": 3855.1861495844873
    }
  }
}