{
  "shard_index": 30,
  "shard_count": 37,
  "summary": {
    "0": {
      "n": 100,
      "em": 0.4,
      "f1": 0.5479893048128341,
      "containment": 0.49,
      "latency_ms": 2508.082046508789,
      "context_chars": 0.0
    },
    "1": {
      "n": 100,
      "em": 0.46,
      "f1": 0.5292857142857141,
      "containment": 0.45,
      "latency_ms": 2356.177716255188,
      "context_chars": 646.69
    },
    "2": {
      "n": 100,
      "em": 0.47,
      "f1": 0.5588095238095238,
      "containment": 0.48,
      "latency_ms": 2465.599000453949,
      "context_chars": 1290.74
    },
    "3": {
      "n": 100,
      "em": 0.49,
      "f1": 0.6075555555555554,
      "containment": 0.52,
      "latency_ms": 2450.439920425415,
      "context_chars": 1938.51
    },
    "4": {
      "n": 100,
      "em": 0.48,
      "f1": 0.5853333333333333,
      "containment": 0.5,
      "latency_ms": 2463.703122138977,
      "context_chars": 2578.89
    },
    "5": {
      "n": 100,
      "em": 0.51,
      "f1": 0.6279999999999999,
      "containment": 0.54,
      "latency_ms": 2329.2674136161804,
      "context_chars": 3228.07
    },
    "6": {
      "n": 100,
      "em": 0.51,
      "f1": 0.6127878787878787,
      "containment": 0.53,
      "latency_ms": 2411.9526505470276,
      "context_chars": 3870.42
    }
  }
}