{
  "shard_index": 3,
  "shard_count": 37,
  "summary": {
    "0": {
      "n": 100,
      "em": 0.38,
      "f1": 0.4844523809523808,
      "containment": 0.48,
      "latency_ms": 2271.369581222534,
      "context_chars": 0.0
    },
    "1": {
      "n": 100,
      "em": 0.33,
      "f1": 0.4259603174603173,
      "containment": 0.41,
      "latency_ms": 2491.1265349388123,
      "context_chars": 642.58
    },
    "2": {
      "n": 100,
      "em": 0.35,
      "f1": 0.4644365079365078,
      "containment": 0.46,
      "latency_ms": 2495.23668050766,
      "context_chars": 1284.9
    },
    "3": {
      "n": 100,
      "em": 0.36,
      "f1": 0.45867460317460307,
      "containment": 0.46,
      "latency_ms": 2411.060724258423,
      "context_chars": 1927.75
    },
    "4": {
      "n": 100,
      "em": 0.37,
      "f1": 0.4667698412698411,
      "containment": 0.46,
      "latency_ms": 2394.794189929962,
      "context_chars": 2574.13
    },
    "5": {
      "n": 100,
      "em": 0.37,
      "f1": 0.46343650793650787,
      "containment": 0.45,
      "latency_ms": 2494.153323173523,
      "context_chars": 3217.13
    },
    "6": {
      "n": 100,
      "em": 0.35,
      "f1": 0.44962698412698393,
      "containment": 0.44,
      "latency_ms": 2466.1164951324463,
      "context_chars": 3863.2
    }
  }
}