{
  "shard_index": 22,
  "shard_count": 37,
  "summary": {
    "0": {
      "n": 100,
      "em": 0.32,
      "f1": 0.49512121212121213,
      "containment": 0.44,
      "latency_ms": 2570.311596393585,
      "context_chars": 0.0
    },
    "1": {
      "n": 100,
      "em": 0.28,
      "f1": 0.38835347985347984,
      "containment": 0.38,
      "latency_ms": 2585.1141571998596,
      "context_chars": 637.51
    },
    "2": {
      "n": 100,
      "em": 0.38,
      "f1": 0.5038534798534798,
      "containment": 0.47,
      "latency_ms": 2697.604103088379,
      "context_chars": 1274.95
    },
    "3": {
      "n": 100,
      "em": 0.39,
      "f1": 0.4906868131868131,
      "containment": 0.45,
      "latency_ms": 2623.4460639953613,
      "context_chars": 1913.46
    },
    "4": {
      "n": 100,
      "em": 0.4,
      "f1": 0.5016868131868132,
      "containment": 0.46,
      "latency_ms": 2551.717984676361,
      "context_chars": 2554.23
    },
    "5": {
      "n": 100,
      "em": 0.39,
      "f1": 0.48873443223443225,
      "containment": 0.46,
      "latency_ms": 2678.7231612205505,
      "context_chars": 3192.94
    },
    "6": {
      "n": 100,
      "em": 0.4,
      "f1": 0.5067344322344322,
      "containment": 0.46,
      "latency_ms": 2594.528706073761,
      "context_chars": 3831.88
    }
  }
}