{
  "shard_index": 31,
  "shard_count": 37,
  "summary": {
    "0": {
      "n": 100,
      "em": 0.3,
      "f1": 0.41161904761904766,
      "containment": 0.37,
      "latency_ms": 2492.082939147949,
      "context_chars": 0.0
    },
    "1": {
      "n": 100,
      "em": 0.28,
      "f1": 0.38859523809523805,
      "containment": 0.31,
      "latency_ms": 2685.043487548828,
      "context_chars": 649.07
    },
    "2": {
      "n": 100,
      "em": 0.31,
      "f1": 0.42166666666666663,
      "containment": 0.33,
      "latency_ms": 2573.1815338134766,
      "context_chars": 1289.9
    },
    "3": {
      "n": 100,
      "em": 0.36,
      "f1": 0.47405555555555545,
      "containment": 0.4,
      "latency_ms": 2629.7343826293945,
      "context_chars": 1931.04
    },
    "4": {
      "n": 100,
      "em": 0.34,
      "f1": 0.45378571428571424,
      "containment": 0.37,
      "latency_ms": 2601.0252165794373,
      "context_chars": 2575.47
    },
    "5": {
      "n": 100,
      "em": 0.37,
      "f1": 0.47567604617604614,
      "containment": 0.41,
      "latency_ms": 2694.394187927246,
      "context_chars": 3214.74
    },
    "6": {
      "n": 100,
      "em": 0.37,
      "f1": 0.4773427128427128,
      "containment": 0.42,
      "latency_ms": 2680.795452594757,
      "context_chars": 3854.42
    }
  }
}