{
  "shard_index": 14,
  "shard_count": 37,
  "summary": {
    "0": {
      "n": 100,
      "em": 0.37,
      "f1": 0.49871428571428567,
      "containment": 0.41,
      "latency_ms": 2293.5423493385315,
      "context_chars": 0.0
    },
    "1": {
      "n": 100,
      "em": 0.34,
      "f1": 0.44926190476190475,
      "containment": 0.4,
      "latency_ms": 2471.8129777908325,
      "context_chars": 650.72
    },
    "2": {
      "n": 100,
      "em": 0.38,
      "f1": 0.49493650793650784,
      "containment": 0.42,
      "latency_ms": 2416.8044757843018,
      "context_chars": 1296.53
    },
    "3": {
      "n": 100,
      "em": 0.36,
      "f1": 0.48021978021978007,
      "containment": 0.4,
      "latency_ms": 2455.2217984199524,
      "context_chars": 1945.26
    },
    "4": {
      "n": 100,
      "em": 0.39,
      "f1": 0.5142197802197801,
      "containment": 0.42,
      "latency_ms": 2482.975194454193,
      "context_chars": 2592.88
    },
    "5": {
      "n": 100,
      "em": 0.38,
      "f1": 0.509142857142857,
      "containment": 0.42,
      "latency_ms": 2475.7874298095703,
      "context_chars": 3233.99
    },
    "6": {
      "n": 100,
      "em": 0.39,
      "f1": 0.5135079365079364,
      "containment": 0.43,
      "latency_ms": 2473.521296977997,
      "context_chars": 3877.56
    }
  }
}