{
  "shard_index": 15,
  "shard_count": 37,
  "summary": {
    "0": {
      "n": 100,
      "em": 0.28,
      "f1": 0.4082752706230967,
      "containment": 0.35,
      "latency_ms": 2734.482591152191,
      "context_chars": 0.0
    },
    "1": {
      "n": 100,
      "em": 0.24,
      "f1": 0.3629179894179895,
      "containment": 0.3,
      "latency_ms": 2646.0151529312134,
      "context_chars": 642.58
    },
    "2": {
      "n": 100,
      "em": 0.31,
      "f1": 0.4151740462266778,
      "containment": 0.37,
      "latency_ms": 2848.690183162689,
      "context_chars": 1280.84
    },
    "3": {
      "n": 100,
      "em": 0.34,
      "f1": 0.4462513227513227,
      "containment": 0.37,
      "latency_ms": 2658.4507179260254,
      "context_chars": 1923.98
    },
    "4": {
      "n": 100,
      "em": 0.36,
      "f1": 0.45736243386243386,
      "containment": 0.38,
      "latency_ms": 2576.8344235420227,
      "context_chars": 2561.41
    },
    "5": {
      "n": 100,
      "em": 0.35,
      "f1": 0.444505291005291,
      "containment": 0.38,
      "latency_ms": 2565.392327308655,
      "context_chars": 3205.05
    },
    "6": {
      "n": 100,
      "em": 0.33,
      "f1": 0.4440079365079365,
      "containment": 0.38,
      "latency_ms": 2558.450427055359,
      "context_chars": 3848.63
    }
  }
}