{
  "shard_index": 16,
  "shard_count": 37,
  "summary": {
    "0": {
      "n": 100,
      "em": 0.34,
      "f1": 0.46649200799200785,
      "containment": 0.41,
      "latency_ms": 2396.603753566742,
      "context_chars": 0.0
    },
    "1": {
      "n": 100,
      "em": 0.28,
      "f1": 0.3807794427794427,
      "containment": 0.34,
      "latency_ms": 2594.908549785614,
      "context_chars": 640.05
    },
    "2": {
      "n": 100,
      "em": 0.32,
      "f1": 0.43244610944610934,
      "containment": 0.36,
      "latency_ms": 2567.063100337982,
      "context_chars": 1283.26
    },
    "3": {
      "n": 100,
      "em": 0.33,
      "f1": 0.4519619824619824,
      "containment": 0.39,
      "latency_ms": 2607.142491340637,
      "context_chars": 1920.65
    },
    "4": {
      "n": 100,
      "em": 0.32,
      "f1": 0.44936674436674423,
      "containment": 0.4,
      "latency_ms": 2806.017816066742,
      "context_chars": 2567.39
    },
    "5": {
      "n": 100,
      "em": 0.35,
      "f1": 0.4747940947940946,
      "containment": 0.4,
      "latency_ms": 2656.692316532135,
      "context_chars": 3208.89
    },
    "6": {
      "n": 100,
      "em": 0.35,
      "f1": 0.48825814708167636,
      "containment": 0.42,
      "latency_ms": 2674.42129611969,
      "context_chars": 3854.42
    }
  }
}