{
  "shard_index": 10,
  "shard_count": 37,
  "summary": {
    "0": {
      "n": 100,
      "em": 0.4,
      "f1": 0.520718559218559,
      "containment": 0.4,
      "latency_ms": 2519.7352385520935,
      "context_chars": 0.0
    },
    "1": {
      "n": 100,
      "em": 0.46,
      "f1": 0.5169440909967224,
      "containment": 0.47,
      "latency_ms": 2499.689483642578,
      "context_chars": 637.23
    },
    "2": {
      "n": 100,
      "em": 0.48,
      "f1": 0.5622774243300558,
      "containment": 0.5,
      "latency_ms": 2539.0888118743896,
      "context_chars": 1279.34
    },
    "3": {
      "n": 100,
      "em": 0.46,
      "f1": 0.5413142857142855,
      "containment": 0.48,
      "latency_ms": 2512.68990278244,
      "context_chars": 1924.61
    },
    "4": {
      "n": 100,
      "em": 0.43,
      "f1": 0.5316476190476189,
      "containment": 0.49,
      "latency_ms": 2584.537398815155,
      "context_chars": 2562.25
    },
    "5": {
      "n": 100,
      "em": 0.46,
      "f1": 0.5492666666666666,
      "containment": 0.49,
      "latency_ms": 2718.2440209388733,
      "context_chars": 3194.78
    },
    "6": {
      "n": 100,
      "em": 0.44,
      "f1": 0.5394333333333332,
      "containment": 0.5,
      "latency_ms": 2739.5562267303467,
      "context_chars": 3836.42
    }
  }
}