{
  "shard_index": 24,
  "shard_count": 37,
  "summary": {
    "0": {
      "n": 100,
      "em": 0.3,
      "f1": 0.44728571428571423,
      "containment": 0.42,
      "latency_ms": 2215.662622451782,
      "context_chars": 0.0
    },
    "1": {
      "n": 100,
      "em": 0.25,
      "f1": 0.34581884781884775,
      "containment": 0.34,
      "latency_ms": 2654.0881419181824,
      "context_chars": 641.7
    },
    "2": {
      "n": 100,
      "em": 0.31,
      "f1": 0.43326834276834264,
      "containment": 0.42,
      "latency_ms": 2622.2575306892395,
      "context_chars": 1289.95
    },
    "3": {
      "n": 100,
      "em": 0.32,
      "f1": 0.43735198135198117,
      "containment": 0.43,
      "latency_ms": 2558.1490659713745,
      "context_chars": 1936.04
    },
    "4": {
      "n": 100,
      "em": 0.31,
      "f1": 0.42812975912975904,
      "containment": 0.42,
      "latency_ms": 2754.677472114563,
      "context_chars": 2580.93
    },
    "5": {
      "n": 100,
      "em": 0.3,
      "f1": 0.4146853146853146,
      "containment": 0.4,
      "latency_ms": 2517.841010093689,
      "context_chars": 3219.77
    },
    "6": {
      "n": 100,
      "em": 0.33,
      "f1": 0.4324630924630924,
      "containment": 0.42,
      "latency_ms": 2956.5692591667175,
      "context_chars": 3867.12
    }
  }
}