{
  "shard_index": 20,
  "shard_count": 37,
  "summary": {
    "0": {
      "n": 100,
      "em": 0.34,
      "f1": 0.47029337329337323,
      "containment": 0.42,
      "latency_ms": 2565.041379928589,
      "context_chars": 0.0
    },
    "1": {
      "n": 100,
      "em": 0.38,
      "f1": 0.4603203463203463,
      "containment": 0.38,
      "latency_ms": 2388.515431880951,
      "context_chars": 642.0
    },
    "2": {
      "n": 100,
      "em": 0.38,
      "f1": 0.45381684981684983,
      "containment": 0.38,
      "latency_ms": 2482.3040199279785,
      "context_chars": 1283.23
    },
    "3": {
      "n": 100,
      "em": 0.39,
      "f1": 0.4692936507936507,
      "containment": 0.38,
      "latency_ms": 2415.1339960098267,
      "context_chars": 1928.08
    },
    "4": {
      "n": 100,
      "em": 0.41,
      "f1": 0.47817837717837713,
      "containment": 0.39,
      "latency_ms": 2609.0748262405396,
      "context_chars": 2570.77
    },
    "5": {
      "n": 100,
      "em": 0.39,
      "f1": 0.48701948051948046,
      "containment": 0.42,
      "latency_ms": 2475.9890174865723,
      "context_chars": 3218.26
    },
    "6": {
      "n": 100,
      "em": 0.4,
      "f1": 0.48300793650793644,
      "containment": 0.42,
      "latency_ms": 2607.1370673179626,
      "context_chars": 3861.39
    }
  }
}