{
  "shard_index": 21,
  "shard_count": 37,
  "summary": {
    "0": {
      "n": 100,
      "em": 0.39,
      "f1": 0.4921031746031745,
      "containment": 0.44,
      "latency_ms": 2116.822609901428,
      "context_chars": 0.0
    },
    "1": {
      "n": 100,
      "em": 0.28,
      "f1": 0.37560317460317455,
      "containment": 0.35,
      "latency_ms": 2431.895492076874,
      "context_chars": 632.56
    },
    "2": {
      "n": 100,
      "em": 0.3,
      "f1": 0.41255189255189245,
      "containment": 0.38,
      "latency_ms": 2610.9795784950256,
      "context_chars": 1267.69
    },
    "3": {
      "n": 100,
      "em": 0.33,
      "f1": 0.4345396825396825,
      "containment": 0.41,
      "latency_ms": 2610.4047346115112,
      "context_chars": 1906.76
    },
    "4": {
      "n": 100,
      "em": 0.33,
      "f1": 0.4355800865800865,
      "containment": 0.42,
      "latency_ms": 2711.5117406845093,
      "context_chars": 2541.63
    },
    "5": {
      "n": 100,
      "em": 0.34,
      "f1": 0.47708191808191797,
      "containment": 0.46,
      "latency_ms": 2724.77108001709,
      "context_chars": 3175.48
    },
    "6": {
      "n": 100,
      "em": 0.36,
      "f1": 0.4902589632589632,
      "containment": 0.45,
      "latency_ms": 2604.5406889915466,
      "context_chars": 3807.3
    }
  }
}