{
  "shard_index": 6,
  "shard_count": 37,
  "summary": {
    "0": {
      "n": 100,
      "em": 0.35,
      "f1": 0.4958534798534798,
      "containment": 0.43,
      "latency_ms": 2344.837725162506,
      "context_chars": 0.0
    },
    "1": {
      "n": 100,
      "em": 0.31,
      "f1": 0.4467460317460317,
      "containment": 0.42,
      "latency_ms": 2505.413603782654,
      "context_chars": 643.22
    },
    "2": {
      "n": 100,
      "em": 0.33,
      "f1": 0.4775007215007214,
      "containment": 0.47,
      "latency_ms": 2535.268623828888,
      "context_chars": 1289.93
    },
    "3": {
      "n": 100,
      "em": 0.35,
      "f1": 0.47404761904761905,
      "containment": 0.45,
      "latency_ms": 2470.5443930625916,
      "context_chars": 1930.02
    },
    "4": {
      "n": 100,
      "em": 0.35,
      "f1": 0.4885396825396825,
      "containment": 0.46,
      "latency_ms": 2519.447283744812,
      "context_chars": 2580.36
    },
    "5": {
      "n": 100,
      "em": 0.37,
      "f1": 0.49449206349206354,
      "containment": 0.47,
      "latency_ms": 2527.149257659912,
      "context_chars": 3226.8
    },
    "6": {
      "n": 100,
      "em": 0.37,
      "f1": 0.5013809523809524,
      "containment": 0.48,
      "latency_ms": 2579.515767097473,
      "context_chars": 3873.23
    }
  }
}