{
  "shard_index": 11,
  "shard_count": 37,
  "summary": {
    "0": {
      "n": 100,
      "em": 0.41,
      "f1": 0.5499603174603175,
      "containment": 0.52,
      "latency_ms": 2266.1438822746277,
      "context_chars": 0.0
    },
    "1": {
      "n": 100,
      "em": 0.4,
      "f1": 0.4915,
      "containment": 0.5,
      "latency_ms": 2289.2404651641846,
      "context_chars": 637.41
    },
    "2": {
      "n": 100,
      "em": 0.44,
      "f1": 0.5322792207792207,
      "containment": 0.52,
      "latency_ms": 2338.414809703827,
      "context_chars": 1278.04
    },
    "3": {
      "n": 100,
      "em": 0.45,
      "f1": 0.5506839826839827,
      "containment": 0.55,
      "latency_ms": 2468.416955471039,
      "context_chars": 1920.28
    },
    "4": {
      "n": 100,
      "em": 0.46,
      "f1": 0.5620173160173159,
      "containment": 0.55,
      "latency_ms": 2523.0219078063965,
      "context_chars": 2559.68
    },
    "5": {
      "n": 100,
      "em": 0.44,
      "f1": 0.5274473304473304,
      "containment": 0.53,
      "latency_ms": 2549.274368286133,
      "context_chars": 3205.69
    },
    "6": {
      "n": 100,
      "em": 0.44,
      "f1": 0.535494227994228,
      "containment": 0.53,
      "latency_ms": 2499.8682618141174,
      "context_chars": 3841.59
    }
  }
}