{
  "shard_index": 5,
  "shard_count": 37,
  "summary": {
    "0": {
      "n": 100,
      "em": 0.38,
      "f1": 0.508430735930736,
      "containment": 0.44,
      "latency_ms": 2322.081558704376,
      "context_chars": 0.0
    },
    "1": {
      "n": 100,
      "em": 0.34,
      "f1": 0.4650574229691877,
      "containment": 0.44,
      "latency_ms": 2467.6489520072937,
      "context_chars": 646.2
    },
    "2": {
      "n": 100,
      "em": 0.39,
      "f1": 0.5089047619047619,
      "containment": 0.46,
      "latency_ms": 2272.1437573432922,
      "context_chars": 1290.95
    },
    "3": {
      "n": 100,
      "em": 0.42,
      "f1": 0.542595238095238,
      "containment": 0.49,
      "latency_ms": 2333.263738155365,
      "context_chars": 1942.94
    },
    "4": {
      "n": 100,
      "em": 0.39,
      "f1": 0.5106255411255411,
      "containment": 0.47,
      "latency_ms": 2373.4905076026917,
      "context_chars": 2586.5
    },
    "5": {
      "n": 100,
      "em": 0.44,
      "f1": 0.5476785714285713,
      "containment": 0.51,
      "latency_ms": 2405.4921102523804,
      "context_chars": 3235.07
    },
    "6": {
      "n": 100,
      "em": 0.42,
      "f1": 0.5318831168831167,
      "containment": 0.5,
      "latency_ms": 2349.1288256645203,
      "context_chars": 3887.8
    }
  }
}