{
  "shard_index": 17,
  "shard_count": 37,
  "summary": {
    "0": {
      "n": 100,
      "em": 0.35,
      "f1": 0.4745598290598289,
      "containment": 0.41,
      "latency_ms": 2432.6153087615967,
      "context_chars": 0.0
    },
    "1": {
      "n": 100,
      "em": 0.39,
      "f1": 0.465930735930736,
      "containment": 0.41,
      "latency_ms": 2428.749463558197,
      "context_chars": 645.65
    },
    "2": {
      "n": 100,
      "em": 0.38,
      "f1": 0.4715670995670995,
      "containment": 0.41,
      "latency_ms": 2560.3933238983154,
      "context_chars": 1295.62
    },
    "3": {
      "n": 100,
      "em": 0.43,
      "f1": 0.5181868686868686,
      "containment": 0.43,
      "latency_ms": 2583.2563638687134,
      "context_chars": 1936.77
    },
    "4": {
      "n": 100,
      "em": 0.41,
      "f1": 0.509551948051948,
      "containment": 0.42,
      "latency_ms": 2535.6363248825073,
      "context_chars": 2585.69
    },
    "5": {
      "n": 100,
      "em": 0.41,
      "f1": 0.49973073593073586,
      "containment": 0.44,
      "latency_ms": 2942.0153379440308,
      "context_chars": 3234.97
    },
    "6": {
      "n": 100,
      "em": 0.45,
      "f1": 0.5422539682539682,
      "containment": 0.46,
      "latency_ms": 2576.099500656128,
      "context_chars": 3884.19
    }
  }
}