{
  "shard_index": 33,
  "shard_count": 37,
  "summary": {
    "0": {
      "n": 100,
      "em": 0.4,
      "f1": 0.5153219576719575,
      "containment": 0.43,
      "latency_ms": 2796.4546990394592,
      "context_chars": 0.0
    },
    "1": {
      "n": 100,
      "em": 0.36,
      "f1": 0.4615273109243698,
      "containment": 0.36,
      "latency_ms": 2388.153009414673,
      "context_chars": 646.55
    },
    "2": {
      "n": 100,
      "em": 0.39,
      "f1": 0.4948606442577031,
      "containment": 0.38,
      "latency_ms": 2668.0435252189636,
      "context_chars": 1278.02
    },
    "3": {
      "n": 100,
      "em": 0.4,
      "f1": 0.5032112936083525,
      "containment": 0.4,
      "latency_ms": 2543.330638408661,
      "context_chars": 1921.05
    },
    "4": {
      "n": 100,
      "em": 0.39,
      "f1": 0.5025273109243698,
      "containment": 0.41,
      "latency_ms": 2611.4581155776978,
      "context_chars": 2558.63
    },
    "5": {
      "n": 100,
      "em": 0.37,
      "f1": 0.4764915966386555,
      "containment": 0.38,
      "latency_ms": 2565.83078622818,
      "context_chars": 3201.02
    },
    "6": {
      "n": 100,
      "em": 0.38,
      "f1": 0.49181210945916826,
      "containment": 0.4,
      "latency_ms": 2585.4514241218567,
      "context_chars": 3841.47
    }
  }
}