{
  "shard_index": 0,
  "shard_count": 37,
  "summary": {
    "0": {
      "n": 100,
      "em": 0.26,
      "f1": 0.44928643578643573,
      "containment": 0.37,
      "latency_ms": 2302.611825466156,
      "context_chars": 0.0
    },
    "1": {
      "n": 100,
      "em": 0.36,
      "f1": 0.4885,
      "containment": 0.39,
      "latency_ms": 2235.0851607322693,
      "context_chars": 637.31
    },
    "2": {
      "n": 100,
      "em": 0.35,
      "f1": 0.4882380952380951,
      "containment": 0.41,
      "latency_ms": 2408.1759071350098,
      "context_chars": 1280.41
    },
    "3": {
      "n": 100,
      "em": 0.34,
      "f1": 0.4848354978354978,
      "containment": 0.43,
      "latency_ms": 2412.4621176719666,
      "context_chars": 1919.39
    },
    "4": {
      "n": 100,
      "em": 0.33,
      "f1": 0.48278787878787877,
      "containment": 0.42,
      "latency_ms": 2362.5392746925354,
      "context_chars": 2559.02
    },
    "5": {
      "n": 100,
      "em": 0.36,
      "f1": 0.5135901875901875,
      "containment": 0.45,
      "latency_ms": 2488.1868839263916,
      "context_chars": 3198.34
    },
    "6": {
      "n": 100,
      "em": 0.34,
      "f1": 0.49371645021645016,
      "containment": 0.44,
      "latency_ms": 2442.8368401527405,
      "context_chars": 3838.82
    }
  }
}