{
  "shard_index": 26,
  "shard_count": 37,
  "summary": {
    "0": {
      "n": 100,
      "em": 0.34,
      "f1": 0.4815887445887445,
      "containment": 0.42,
      "latency_ms": 2319.531559944153,
      "context_chars": 0.0
    },
    "1": {
      "n": 100,
      "em": 0.32,
      "f1": 0.4177633477633478,
      "containment": 0.37,
      "latency_ms": 2505.427281856537,
      "context_chars": 643.5
    },
    "2": {
      "n": 100,
      "em": 0.37,
      "f1": 0.4858585858585858,
      "containment": 0.45,
      "latency_ms": 2538.2931327819824,
      "context_chars": 1290.15
    },
    "3": {
      "n": 100,
      "em": 0.37,
      "f1": 0.4905728715728715,
      "containment": 0.43,
      "latency_ms": 2630.863046646118,
      "context_chars": 1937.1
    },
    "4": {
      "n": 100,
      "em": 0.37,
      "f1": 0.4951443001443001,
      "containment": 0.43,
      "latency_ms": 2487.2723054885864,
      "context_chars": 2587.29
    },
    "5": {
      "n": 100,
      "em": 0.37,
      "f1": 0.4947157287157287,
      "containment": 0.44,
      "latency_ms": 2660.2239418029785,
      "context_chars": 3232.94
    },
    "6": {
      "n": 100,
      "em": 0.4,
      "f1": 0.5108823953823953,
      "containment": 0.48,
      "latency_ms": 2707.2009205818176,
      "context_chars": 3872.85
    }
  }
}