{
  "shard_index": 1,
  "shard_count": 37,
  "summary": {
    "0": {
      "n": 100,
      "em": 0.32,
      "f1": 0.4463333333333333,
      "containment": 0.42,
      "latency_ms": 2241.2158727645874,
      "context_chars": 0.0
    },
    "1": {
      "n": 100,
      "em": 0.29,
      "f1": 0.44486904761904755,
      "containment": 0.38,
      "latency_ms": 2464.3221759796143,
      "context_chars": 639.8
    },
    "2": {
      "n": 100,
      "em": 0.37,
      "f1": 0.49580772005772,
      "containment": 0.45,
      "latency_ms": 2487.3091077804565,
      "context_chars": 1278.65
    },
    "3": {
      "n": 100,
      "em": 0.38,
      "f1": 0.519234126984127,
      "containment": 0.46,
      "latency_ms": 2538.5306072235107,
      "context_chars": 1919.82
    },
    "4": {
      "n": 100,
      "em": 0.39,
      "f1": 0.5093989621489621,
      "containment": 0.49,
      "latency_ms": 2545.9495043754578,
      "context_chars": 2558.65
    },
    "5": {
      "n": 100,
      "em": 0.39,
      "f1": 0.5360198412698411,
      "containment": 0.49,
      "latency_ms": 2498.2887077331543,
      "context_chars": 3203.88
    },
    "6": {
      "n": 100,
      "em": 0.4,
      "f1": 0.5573531746031744,
      "containment": 0.51,
      "latency_ms": 2549.304895401001,
      "context_chars": 3846.56
    }
  }
}