{
  "shard_index": 8,
  "shard_count": 37,
  "summary": {
    "0": {
      "n": 100,
      "em": 0.36,
      "f1": 0.4810476190476189,
      "containment": 0.44,
      "latency_ms": 2398.537209033966,
      "context_chars": 0.0
    },
    "1": {
      "n": 100,
      "em": 0.22,
      "f1": 0.3177619047619047,
      "containment": 0.25,
      "latency_ms": 2648.3775329589844,
      "context_chars": 639.39
    },
    "2": {
      "n": 100,
      "em": 0.25,
      "f1": 0.3566443001443001,
      "containment": 0.3,
      "latency_ms": 2549.238533973694,
      "context_chars": 1288.53
    },
    "3": {
      "n": 100,
      "em": 0.29,
      "f1": 0.4071998556998556,
      "containment": 0.35,
      "latency_ms": 2584.187366962433,
      "context_chars": 1932.9
    },
    "4": {
      "n": 100,
      "em": 0.33,
      "f1": 0.4256847041847041,
      "containment": 0.37,
      "latency_ms": 2551.141412258148,
      "context_chars": 2575.3
    },
    "5": {
      "n": 100,
      "em": 0.33,
      "f1": 0.4308665223665223,
      "containment": 0.38,
      "latency_ms": 2575.0485515594482,
      "context_chars": 3218.01
    },
    "6": {
      "n": 100,
      "em": 0.32,
      "f1": 0.4166046176046176,
      "containment": 0.37,
      "latency_ms": 2798.9386868476868,
      "context_chars": 3859.39
    }
  }
}