{
  "shard_index": 13,
  "shard_count": 37,
  "summary": {
    "0": {
      "n": 100,
      "em": 0.33,
      "f1": 0.4739603174603173,
      "containment": 0.38,
      "latency_ms": 2473.789255619049,
      "context_chars": 0.0
    },
    "1": {
      "n": 100,
      "em": 0.3,
      "f1": 0.4097272727272727,
      "containment": 0.34,
      "latency_ms": 2502.6571106910706,
      "context_chars": 636.81
    },
    "2": {
      "n": 100,
      "em": 0.32,
      "f1": 0.4589696969696969,
      "containment": 0.41,
      "latency_ms": 2568.625292778015,
      "context_chars": 1273.18
    },
    "3": {
      "n": 100,
      "em": 0.3,
      "f1": 0.47083449883449874,
      "containment": 0.39,
      "latency_ms": 2719.8890352249146,
      "context_chars": 1910.71
    },
    "4": {
      "n": 100,
      "em": 0.3,
      "f1": 0.4613780663780663,
      "containment": 0.4,
      "latency_ms": 2642.0994114875793,
      "context_chars": 2550.47
    },
    "5": {
      "n": 100,
      "em": 0.28,
      "f1": 0.43909640359640356,
      "containment": 0.38,
      "latency_ms": 2909.64058637619,
      "context_chars": 3190.72
    },
    "6": {
      "n": 100,
      "em": 0.28,
      "f1": 0.4196180486180485,
      "containment": 0.37,
      "latency_ms": 2809.9442386627197,
      "context_chars": 3828.12
    }
  }
}