{
  "shard_index": 12,
  "shard_count": 37,
  "summary": {
    "0": {
      "n": 100,
      "em": 0.43,
      "f1": 0.586547619047619,
      "containment": 0.54,
      "latency_ms": 2391.528573036194,
      "context_chars": 0.0
    },
    "1": {
      "n": 100,
      "em": 0.42,
      "f1": 0.4919908424908425,
      "containment": 0.47,
      "latency_ms": 2582.8726387023926,
      "context_chars": 637.39
    },
    "2": {
      "n": 100,
      "em": 0.45,
      "f1": 0.528611111111111,
      "containment": 0.5,
      "latency_ms": 2285.363461971283,
      "context_chars": 1278.34
    },
    "3": {
      "n": 100,
      "em": 0.45,
      "f1": 0.5378968253968254,
      "containment": 0.51,
      "latency_ms": 2438.2572889328003,
      "context_chars": 1921.35
    },
    "4": {
      "n": 100,
      "em": 0.44,
      "f1": 0.5487380952380951,
      "containment": 0.52,
      "latency_ms": 2504.3900561332703,
      "context_chars": 2565.4
    },
    "5": {
      "n": 100,
      "em": 0.44,
      "f1": 0.5464285714285713,
      "containment": 0.52,
      "latency_ms": 2458.6355090141296,
      "context_chars": 3206.45
    },
    "6": {
      "n": 100,
      "em": 0.43,
      "f1": 0.548047619047619,
      "containment": 0.5,
      "latency_ms": 2391.847264766693,
      "context_chars": 3848.71
    }
  }
}