{
  "shard_index": 9,
  "shard_count": 37,
  "summary": {
    "0": {
      "n": 100,
      "em": 0.38,
      "f1": 0.5262356532356531,
      "containment": 0.41,
      "latency_ms": 2413.1858801841736,
      "context_chars": 0.0
    },
    "1": {
      "n": 100,
      "em": 0.37,
      "f1": 0.4431111111111111,
      "containment": 0.34,
      "latency_ms": 2566.272931098938,
      "context_chars": 643.63
    },
    "2": {
      "n": 100,
      "em": 0.39,
      "f1": 0.47509523809523807,
      "containment": 0.39,
      "latency_ms": 2628.6325097084045,
      "context_chars": 1294.54
    },
    "3": {
      "n": 100,
      "em": 0.4,
      "f1": 0.49001587301587307,
      "containment": 0.4,
      "latency_ms": 2539.638946056366,
      "context_chars": 1937.32
    },
    "4": {
      "n": 100,
      "em": 0.43,
      "f1": 0.5152539682539683,
      "containment": 0.42,
      "latency_ms": 2530.337233543396,
      "context_chars": 2582.78
    },
    "5": {
      "n": 100,
      "em": 0.42,
      "f1": 0.5232539682539682,
      "containment": 0.42,
      "latency_ms": 2485.5038237571716,
      "context_chars": 3226.36
    },
    "6": {
      "n": 100,
      "em": 0.42,
      "f1": 0.5180873015873017,
      "containment": 0.42,
      "latency_ms": 2532.9373836517334,
      "context_chars": 3867.47
    }
  }
}