{
  "shard_index": 18,
  "shard_count": 37,
  "summary": {
    "0": {
      "n": 100,
      "em": 0.33,
      "f1": 0.5288275613275613,
      "containment": 0.44,
      "latency_ms": 2298.556842803955,
      "context_chars": 0.0
    },
    "1": {
      "n": 100,
      "em": 0.39,
      "f1": 0.5188095238095238,
      "containment": 0.45,
      "latency_ms": 2334.0997838974,
      "context_chars": 641.11
    },
    "2": {
      "n": 100,
      "em": 0.41,
      "f1": 0.5510714285714285,
      "containment": 0.48,
      "latency_ms": 2379.2645978927612,
      "context_chars": 1278.26
    },
    "3": {
      "n": 100,
      "em": 0.41,
      "f1": 0.5477380952380951,
      "containment": 0.46,
      "latency_ms": 2341.7759561538696,
      "context_chars": 1919.68
    },
    "4": {
      "n": 100,
      "em": 0.39,
      "f1": 0.5369761904761904,
      "containment": 0.46,
      "latency_ms": 2358.9611411094666,
      "context_chars": 2560.81
    },
    "5": {
      "n": 100,
      "em": 0.4,
      "f1": 0.5392619047619047,
      "containment": 0.46,
      "latency_ms": 2390.11093378067,
      "context_chars": 3208.51
    },
    "6": {
      "n": 100,
      "em": 0.4,
      "f1": 0.5487857142857142,
      "containment": 0.46,
      "latency_ms": 2314.9416184425354,
      "context_chars": 3850.45
    }
  }
}