{
  "shard_index": 7,
  "shard_count": 37,
  "summary": {
    "0": {
      "n": 100,
      "em": 0.31,
      "f1": 0.47074425574425566,
      "containment": 0.42,
      "latency_ms": 2292.712640762329,
      "context_chars": 0.0
    },
    "1": {
      "n": 100,
      "em": 0.31,
      "f1": 0.43533333333333324,
      "containment": 0.39,
      "latency_ms": 2511.728801727295,
      "context_chars": 640.44
    },
    "2": {
      "n": 100,
      "em": 0.29,
      "f1": 0.42408913308913293,
      "containment": 0.39,
      "latency_ms": 2558.949291706085,
      "context_chars": 1281.79
    },
    "3": {
      "n": 100,
      "em": 0.3,
      "f1": 0.4424060188177834,
      "containment": 0.4,
      "latency_ms": 2586.5988874435425,
      "context_chars": 1925.8
    },
    "4": {
      "n": 100,
      "em": 0.29,
      "f1": 0.4326837965955611,
      "containment": 0.4,
      "latency_ms": 2642.671856880188,
      "context_chars": 2571.64
    },
    "5": {
      "n": 100,
      "em": 0.3,
      "f1": 0.44728510378510367,
      "containment": 0.42,
      "latency_ms": 2765.0251746177673,
      "context_chars": 3215.88
    },
    "6": {
      "n": 100,
      "em": 0.29,
      "f1": 0.44403429903429886,
      "containment": 0.43,
      "latency_ms": 2774.4868683815002,
      "context_chars": 3858.34
    }
  }
}