{
  "shard_index": 28,
  "shard_count": 37,
  "summary": {
    "0": {
      "n": 100,
      "em": 0.35,
      "f1": 0.5008597807480948,
      "containment": 0.45,
      "latency_ms": 2798.3550310134888,
      "context_chars": 0.0
    },
    "1": {
      "n": 100,
      "em": 0.31,
      "f1": 0.4061904761904762,
      "containment": 0.35,
      "latency_ms": 2537.8200268745422,
      "context_chars": 644.73
    },
    "2": {
      "n": 100,
      "em": 0.32,
      "f1": 0.43000144300144305,
      "containment": 0.35,
      "latency_ms": 2607.7192187309265,
      "context_chars": 1287.26
    },
    "3": {
      "n": 100,
      "em": 0.32,
      "f1": 0.436984126984127,
      "containment": 0.35,
      "latency_ms": 2509.66073513031,
      "context_chars": 1935.54
    },
    "4": {
      "n": 100,
      "em": 0.33,
      "f1": 0.4483023088023088,
      "containment": 0.36,
      "latency_ms": 2643.8053107261658,
      "context_chars": 2584.63
    },
    "5": {
      "n": 100,
      "em": 0.33,
      "f1": 0.43749278499278504,
      "containment": 0.36,
      "latency_ms": 2739.3230152130127,
      "context_chars": 3229.73
    },
    "6": {
      "n": 100,
      "em": 0.33,
      "f1": 0.42582611832611833,
      "containment": 0.35,
      "latency_ms": 2687.827241420746,
      "context_chars": 3875.69
    }
  }
}