{
  "shard_index": 29,
  "shard_count": 37,
  "summary": {
    "0": {
      "n": 100,
      "em": 0.32,
      "f1": 0.49061911035824074,
      "containment": 0.4,
      "latency_ms": 2428.567922115326,
      "context_chars": 0.0
    },
    "1": {
      "n": 100,
      "em": 0.38,
      "f1": 0.5087741147741146,
      "containment": 0.44,
      "latency_ms": 2486.527485847473,
      "context_chars": 648.26
    },
    "2": {
      "n": 100,
      "em": 0.39,
      "f1": 0.5354407814407812,
      "containment": 0.45,
      "latency_ms": 2356.0617327690125,
      "context_chars": 1297.69
    },
    "3": {
      "n": 100,
      "em": 0.4,
      "f1": 0.5376327006327004,
      "containment": 0.45,
      "latency_ms": 2566.3439655303955,
      "context_chars": 1935.2
    },
    "4": {
      "n": 100,
      "em": 0.39,
      "f1": 0.5392993672993671,
      "containment": 0.45,
      "latency_ms": 2564.891622066498,
      "context_chars": 2580.61
    },
    "5": {
      "n": 100,
      "em": 0.42,
      "f1": 0.5668121878121876,
      "containment": 0.49,
      "latency_ms": 2613.7098360061646,
      "context_chars": 3229.55
    },
    "6": {
      "n": 100,
      "em": 0.4,
      "f1": 0.5432993672993671,
      "containment": 0.47,
      "latency_ms": 2541.664493083954,
      "context_chars": 3879.37
    }
  }
}