{
  "shard_index": 25,
  "shard_count": 37,
  "summary": {
    "0": {
      "n": 100,
      "em": 0.39,
      "f1": 0.5293706004140786,
      "containment": 0.47,
      "latency_ms": 2283.041000366211,
      "context_chars": 0.0
    },
    "1": {
      "n": 100,
      "em": 0.38,
      "f1": 0.46621645021645025,
      "containment": 0.42,
      "latency_ms": 2429.8494744300842,
      "context_chars": 637.17
    },
    "2": {
      "n": 100,
      "em": 0.37,
      "f1": 0.4660735930735931,
      "containment": 0.44,
      "latency_ms": 2650.7161808013916,
      "context_chars": 1283.0
    },
    "3": {
      "n": 100,
      "em": 0.41,
      "f1": 0.4994069264069264,
      "containment": 0.47,
      "latency_ms": 2558.9193081855774,
      "context_chars": 1924.39
    },
    "4": {
      "n": 100,
      "em": 0.37,
      "f1": 0.471978354978355,
      "containment": 0.45,
      "latency_ms": 2653.7542819976807,
      "context_chars": 2567.12
    },
    "5": {
      "n": 100,
      "em": 0.38,
      "f1": 0.4912878787878788,
      "containment": 0.46,
      "latency_ms": 2691.1630415916443,
      "context_chars": 3206.93
    },
    "6": {
      "n": 100,
      "em": 0.39,
      "f1": 0.4986212121212121,
      "containment": 0.47,
      "latency_ms": 2691.3309836387634,
      "context_chars": 3853.13
    }
  }
}