{
  "shard_index": 2,
  "shard_count": 37,
  "summary": {
    "0": {
      "n": 100,
      "em": 0.39,
      "f1": 0.5476483516483515,
      "containment": 0.5,
      "latency_ms": 2337.111756801605,
      "context_chars": 0.0
    },
    "1": {
      "n": 100,
      "em": 0.27,
      "f1": 0.36899422799422793,
      "containment": 0.33,
      "latency_ms": 2372.2328639030457,
      "context_chars": 637.53
    },
    "2": {
      "n": 100,
      "em": 0.3,
      "f1": 0.40983333333333327,
      "containment": 0.36,
      "latency_ms": 2533.1859850883484,
      "context_chars": 1272.56
    },
    "3": {
      "n": 100,
      "em": 0.31,
      "f1": 0.40062121212121204,
      "containment": 0.38,
      "latency_ms": 2605.337975025177,
      "context_chars": 1911.18
    },
    "4": {
      "n": 100,
      "em": 0.33,
      "f1": 0.42324747474747476,
      "containment": 0.4,
      "latency_ms": 2614.8956513404846,
      "context_chars": 2550.09
    },
    "5": {
      "n": 100,
      "em": 0.35,
      "f1": 0.4392864357864357,
      "containment": 0.42,
      "latency_ms": 2563.471713066101,
      "context_chars": 3197.38
    },
    "6": {
      "n": 100,
      "em": 0.36,
      "f1": 0.4482727272727272,
      "containment": 0.44,
      "latency_ms": 2505.061502456665,
      "context_chars": 3835.46
    }
  }
}