{
  "shard_index": 27,
  "shard_count": 37,
  "summary": {
    "0": {
      "n": 100,
      "em": 0.31,
      "f1": 0.47918925518925515,
      "containment": 0.41,
      "latency_ms": 2644.039511680603,
      "context_chars": 0.0
    },
    "1": {
      "n": 100,
      "em": 0.3,
      "f1": 0.39760317460317457,
      "containment": 0.35,
      "latency_ms": 2553.9680671691895,
      "context_chars": 639.9
    },
    "2": {
      "n": 100,
      "em": 0.35,
      "f1": 0.4604603174603175,
      "containment": 0.39,
      "latency_ms": 2559.2008662223816,
      "context_chars": 1280.01
    },
    "3": {
      "n": 100,
      "em": 0.34,
      "f1": 0.4569047619047619,
      "containment": 0.4,
      "latency_ms": 2644.176800251007,
      "context_chars": 1918.85
    },
    "4": {
      "n": 100,
      "em": 0.36,
      "f1": 0.4797936507936507,
      "containment": 0.42,
      "latency_ms": 2637.5224328041077,
      "context_chars": 2554.27
    },
    "5": {
      "n": 100,
      "em": 0.38,
      "f1": 0.4917936507936508,
      "containment": 0.43,
      "latency_ms": 2563.966863155365,
      "context_chars": 3196.35
    },
    "6": {
      "n": 100,
      "em": 0.38,
      "f1": 0.48023809523809524,
      "containment": 0.43,
      "latency_ms": 2590.0913763046265,
      "context_chars": 3833.87
    }
  }
}