{
  "shard_index": 34,
  "shard_count": 37,
  "summary": {
    "0": {
      "n": 100,
      "em": 0.29,
      "f1": 0.4142323232323233,
      "containment": 0.35,
      "latency_ms": 2338.9030623435974,
      "context_chars": 0.0
    },
    "1": {
      "n": 100,
      "em": 0.35,
      "f1": 0.4309023199023199,
      "containment": 0.39,
      "latency_ms": 2580.253303050995,
      "context_chars": 641.29
    },
    "2": {
      "n": 100,
      "em": 0.38,
      "f1": 0.4847594627594627,
      "containment": 0.42,
      "latency_ms": 2514.3122029304504,
      "context_chars": 1283.5
    },
    "3": {
      "n": 100,
      "em": 0.39,
      "f1": 0.5166324786324785,
      "containment": 0.44,
      "latency_ms": 2563.819706439972,
      "context_chars": 1931.64
    },
    "4": {
      "n": 100,
      "em": 0.39,
      "f1": 0.5045154748633008,
      "containment": 0.45,
      "latency_ms": 2636.9951939582825,
      "context_chars": 2575.01
    },
    "5": {
      "n": 100,
      "em": 0.44,
      "f1": 0.552271885119711,
      "containment": 0.51,
      "latency_ms": 2695.8030247688293,
      "context_chars": 3222.83
    },
    "6": {
      "n": 100,
      "em": 0.41,
      "f1": 0.5230075830602146,
      "containment": 0.48,
      "latency_ms": 2738.2880234718323,
      "context_chars": 3871.56
    }
  }
}