{
  "shard_index": 36,
  "shard_count": 37,
  "summary": {
    "0": {
      "n": 10,
      "em": 0.4,
      "f1": 0.5166666666666666,
      "containment": 0.6,
      "latency_ms": 1910.402488708496,
      "context_chars": 0.0
    },
    "1": {
      "n": 10,
      "em": 0.3,
      "f1": 0.45666666666666667,
      "containment": 0.4,
      "latency_ms": 1897.609829902649,
      "context_chars": 630.7
    },
    "2": {
      "n": 10,
      "em": 0.5,
      "f1": 0.6066666666666667,
      "containment": 0.6,
      "latency_ms": 1903.9786577224731,
      "context_chars": 1272.6
    },
    "3": {
      "n": 10,
      "em": 0.4,
      "f1": 0.44000000000000006,
      "containment": 0.5,
      "latency_ms": 2139.670491218567,
      "context_chars": 1928.4
    },
    "4": {
      "n": 10,
      "em": 0.4,
      "f1": 0.5066666666666666,
      "containment": 0.6,
      "latency_ms": 1821.9023704528809,
      "context_chars": 2590.2
    },
    "5": {
      "n": 10,
      "em": 0.4,
      "f1": 0.5066666666666666,
      "containment": 0.6,
      "latency_ms": 2119.0282821655273,
      "context_chars": 3225.6
    },
    "6": {
      "n": 10,
      "em": 0.4,
      "f1": 0.5666666666666667,
      "containment": 0.7,
      "latency_ms": 2123.233413696289,
      "context_chars": 3873.8
    }
  }
}