{
  "shard_index": 19,
  "shard_count": 37,
  "summary": {
    "0": {
      "n": 100,
      "em": 0.3,
      "f1": 0.40471615312791775,
      "containment": 0.34,
      "latency_ms": 2570.862650871277,
      "context_chars": 0.0
    },
    "1": {
      "n": 100,
      "em": 0.35,
      "f1": 0.4697717086834733,
      "containment": 0.39,
      "latency_ms": 2576.660442352295,
      "context_chars": 635.3
    },
    "2": {
      "n": 100,
      "em": 0.38,
      "f1": 0.49699148890325345,
      "containment": 0.44,
      "latency_ms": 2448.0277228355408,
      "context_chars": 1275.79
    },
    "3": {
      "n": 100,
      "em": 0.4,
      "f1": 0.49483829792079415,
      "containment": 0.43,
      "latency_ms": 2707.2853469848633,
      "context_chars": 1916.73
    },
    "4": {
      "n": 100,
      "em": 0.4,
      "f1": 0.5083696575404353,
      "containment": 0.44,
      "latency_ms": 2669.847686290741,
      "context_chars": 2552.12
    },
    "5": {
      "n": 100,
      "em": 0.42,
      "f1": 0.5222688172043007,
      "containment": 0.46,
      "latency_ms": 2772.779862880707,
      "context_chars": 3190.95
    },
    "6": {
      "n": 100,
      "em": 0.37,
      "f1": 0.505081232492997,
      "containment": 0.44,
      "latency_ms": 2868.0561566352844,
      "context_chars": 3824.86
    }
  }
}