{
  "shard_index": 4,
  "shard_count": 37,
  "summary": {
    "0": {
      "n": 100,
      "em": 0.37,
      "f1": 0.5077857142857141,
      "containment": 0.44,
      "latency_ms": 2339.912164211273,
      "context_chars": 0.0
    },
    "1": {
      "n": 100,
      "em": 0.31,
      "f1": 0.3699206349206349,
      "containment": 0.36,
      "latency_ms": 2411.0313963890076,
      "context_chars": 634.29
    },
    "2": {
      "n": 100,
      "em": 0.35,
      "f1": 0.43726900584795325,
      "containment": 0.41,
      "latency_ms": 2485.760245323181,
      "context_chars": 1276.48
    },
    "3": {
      "n": 100,
      "em": 0.37,
      "f1": 0.4436737677527151,
      "containment": 0.43,
      "latency_ms": 2515.2016139030457,
      "context_chars": 1917.55
    },
    "4": {
      "n": 100,
      "em": 0.37,
      "f1": 0.4575720361509836,
      "containment": 0.44,
      "latency_ms": 2559.902288913727,
      "context_chars": 2560.54
    },
    "5": {
      "n": 100,
      "em": 0.37,
      "f1": 0.46331662489557224,
      "containment": 0.43,
      "latency_ms": 2526.8674516677856,
      "context_chars": 3204.12
    },
    "6": {
      "n": 100,
      "em": 0.38,
      "f1": 0.48164995822890555,
      "containment": 0.44,
      "latency_ms": 2590.572896003723,
      "context_chars": 3844.21
    }
  }
}