{
  "shard_index": 35,
  "shard_count": 37,
  "summary": {
    "0": {
      "n": 100,
      "em": 0.35,
      "f1": 0.4400959595959595,
      "containment": 0.39,
      "latency_ms": 1925.1776933670044,
      "context_chars": 0.0
    },
    "1": {
      "n": 100,
      "em": 0.31,
      "f1": 0.3951746031746031,
      "containment": 0.35,
      "latency_ms": 2267.4582386016846,
      "context_chars": 640.78
    },
    "2": {
      "n": 100,
      "em": 0.31,
      "f1": 0.4295079365079364,
      "containment": 0.4,
      "latency_ms": 2356.6780734062195,
      "context_chars": 1286.93
    },
    "3": {
      "n": 100,
      "em": 0.31,
      "f1": 0.4222936507936509,
      "containment": 0.41,
      "latency_ms": 2325.014543533325,
      "context_chars": 1939.26
    },
    "4": {
      "n": 100,
      "em": 0.3,
      "f1": 0.4219603174603175,
      "containment": 0.4,
      "latency_ms": 2397.7727460861206,
      "context_chars": 2581.46
    },
    "5": {
      "n": 100,
      "em": 0.31,
      "f1": 0.4459603174603174,
      "containment": 0.39,
      "latency_ms": 2348.1265234947205,
      "context_chars": 3223.48
    },
    "6": {
      "n": 100,
      "em": 0.3,
      "f1": 0.4409603174603174,
      "containment": 0.39,
      "latency_ms": 2299.5002222061157,
      "context_chars": 3867.95
    }
  }
}