{
  "shard_index": 32,
  "shard_count": 37,
  "summary": {
    "0": {
      "n": 100,
      "em": 0.26,
      "f1": 0.42588304093567236,
      "containment": 0.37,
      "latency_ms": 2539.0108728408813,
      "context_chars": 0.0
    },
    "1": {
      "n": 100,
      "em": 0.33,
      "f1": 0.4350410830999066,
      "containment": 0.35,
      "latency_ms": 2563.9336729049683,
      "context_chars": 634.73
    },
    "2": {
      "n": 100,
      "em": 0.31,
      "f1": 0.45611251167133504,
      "containment": 0.38,
      "latency_ms": 2594.7257590293884,
      "context_chars": 1278.39
    },
    "3": {
      "n": 100,
      "em": 0.31,
      "f1": 0.4936881419234358,
      "containment": 0.39,
      "latency_ms": 2651.107280254364,
      "context_chars": 1918.44
    },
    "4": {
      "n": 100,
      "em": 0.32,
      "f1": 0.4847077497665731,
      "containment": 0.41,
      "latency_ms": 2564.50341463089,
      "context_chars": 2565.2
    },
    "5": {
      "n": 100,
      "em": 0.32,
      "f1": 0.49532679738562074,
      "containment": 0.42,
      "latency_ms": 2662.753143310547,
      "context_chars": 3209.69
    },
    "6": {
      "n": 100,
      "em": 0.33,
      "f1": 0.5047119514472453,
      "containment": 0.43,
      "latency_ms": 2621.9197511672974,
      "context_chars": 3849.89
    }
  }
}