{
  "shard_index": 23,
  "shard_count": 37,
  "summary": {
    "0": {
      "n": 100,
      "em": 0.37,
      "f1": 0.5382078754578754,
      "containment": 0.49,
      "latency_ms": 2500.517303943634,
      "context_chars": 0.0
    },
    "1": {
      "n": 100,
      "em": 0.34,
      "f1": 0.4427857142857142,
      "containment": 0.39,
      "latency_ms": 2408.952374458313,
      "context_chars": 647.03
    },
    "2": {
      "n": 100,
      "em": 0.38,
      "f1": 0.48258874458874457,
      "containment": 0.43,
      "latency_ms": 2583.541920185089,
      "context_chars": 1290.83
    },
    "3": {
      "n": 100,
      "em": 0.35,
      "f1": 0.47220238095238093,
      "containment": 0.43,
      "latency_ms": 2510.9986305236816,
      "context_chars": 1939.0
    },
    "4": {
      "n": 100,
      "em": 0.38,
      "f1": 0.4933614718614718,
      "containment": 0.46,
      "latency_ms": 2497.5304102897644,
      "context_chars": 2582.53
    },
    "5": {
      "n": 100,
      "em": 0.38,
      "f1": 0.5107619047619048,
      "containment": 0.46,
      "latency_ms": 2480.3804564476013,
      "context_chars": 3228.86
    },
    "6": {
      "n": 100,
      "em": 0.37,
      "f1": 0.4939393939393939,
      "containment": 0.47,
      "latency_ms": 2771.0275077819824,
      "context_chars": 3877.1
    }
  }
}