{
  "shard_index": 10,
  "shard_count": 37,
  "summary": {
    "0": {
      "n": 100,
      "em": 0.4,
      "f1": 0.520718559218559,
      "containment": 0.4,
      "latency_ms": 2520.206935405731,
      "context_chars": 0.0
    },
    "1": {
      "n": 100,
      "em": 0.21,
      "f1": 0.26245687645687643,
      "containment": 0.21,
      "latency_ms": 2396.06942653656,
      "context_chars": 641.45
    },
    "2": {
      "n": 100,
      "em": 0.25,
      "f1": 0.317047619047619,
      "containment": 0.25,
      "latency_ms": 2626.233675479889,
      "context_chars": 1277.38
    },
    "3": {
      "n": 100,
      "em": 0.28,
      "f1": 0.3562698412698413,
      "containment": 0.29,
      "latency_ms": 2721.347427368164,
      "context_chars": 1907.11
    },
    "4": {
      "n": 100,
      "em": 0.32,
      "f1": 0.40131039136302293,
      "containment": 0.34,
      "latency_ms": 2992.348268032074,
      "context_chars": 2548.54
    },
    "5": {
      "n": 100,
      "em": 0.31,
      "f1": 0.38526493681756835,
      "containment": 0.34,
      "latency_ms": 2990.7463598251343,
      "context_chars": 3184.88
    },
    "6": {
      "n": 100,
      "em": 0.33,
      "f1": 0.40872647527910677,
      "containment": 0.37,
      "latency_ms": 2738.9812707901,
      "context_chars": 3820.32
    }
  }
}