{
  "shard_index": 35,
  "shard_count": 37,
  "summary": {
    "0": {
      "n": 100,
      "em": 0.34,
      "f1": 0.4300959595959595,
      "containment": 0.38,
      "latency_ms": 1577.1570086479187,
      "context_chars": 0.0
    },
    "1": {
      "n": 100,
      "em": 0.17,
      "f1": 0.22038888888888888,
      "containment": 0.19,
      "latency_ms": 1742.9158997535706,
      "context_chars": 648.1
    },
    "2": {
      "n": 100,
      "em": 0.22,
      "f1": 0.2787777777777778,
      "containment": 0.24,
      "latency_ms": 1733.1959700584412,
      "context_chars": 1299.99
    },
    "3": {
      "n": 100,
      "em": 0.24,
      "f1": 0.31060317460317466,
      "containment": 0.25,
      "latency_ms": 1729.4152474403381,
      "context_chars": 1950.12
    },
    "4": {
      "n": 100,
      "em": 0.24,
      "f1": 0.2982222222222222,
      "containment": 0.26,
      "latency_ms": 1734.3651175498962,
      "context_chars": 2595.09
    },
    "5": {
      "n": 100,
      "em": 0.25,
      "f1": 0.33185858585858585,
      "containment": 0.29,
      "latency_ms": 1770.7879185676575,
      "context_chars": 3243.53
    },
    "6": {
      "n": 100,
      "em": 0.26,
      "f1": 0.33471572871572874,
      "containment": 0.29,
      "latency_ms": 1770.1686000823975,
      "context_chars": 3886.15
    }
  }
}