{
  "shard_index": 31,
  "shard_count": 37,
  "summary": {
    "0": {
      "n": 100,
      "em": 0.3,
      "f1": 0.4082857142857143,
      "containment": 0.37,
      "latency_ms": 2579.533157348633,
      "context_chars": 0.0
    },
    "1": {
      "n": 100,
      "em": 0.15,
      "f1": 0.22764285714285712,
      "containment": 0.15,
      "latency_ms": 2423.8001251220703,
      "context_chars": 642.67
    },
    "2": {
      "n": 100,
      "em": 0.18,
      "f1": 0.273531746031746,
      "containment": 0.21,
      "latency_ms": 2494.793860912323,
      "context_chars": 1285.49
    },
    "3": {
      "n": 100,
      "em": 0.21,
      "f1": 0.28928174603174606,
      "containment": 0.25,
      "latency_ms": 2621.2300038337708,
      "context_chars": 1930.77
    },
    "4": {
      "n": 100,
      "em": 0.23,
      "f1": 0.32601190476190484,
      "containment": 0.27,
      "latency_ms": 2758.86301279068,
      "context_chars": 2576.0
    },
    "5": {
      "n": 100,
      "em": 0.24,
      "f1": 0.3229246031746032,
      "containment": 0.28,
      "latency_ms": 2740.3741312026978,
      "context_chars": 3219.58
    },
    "6": {
      "n": 100,
      "em": 0.24,
      "f1": 0.3209007936507936,
      "containment": 0.28,
      "latency_ms": 2719.4615936279297,
      "context_chars": 3859.49
    }
  }
}