{
  "shard_index": 33,
  "shard_count": 37,
  "summary": {
    "0": {
      "n": 100,
      "em": 0.4,
      "f1": 0.5153219576719575,
      "containment": 0.43,
      "latency_ms": 2880.273950099945,
      "context_chars": 0.0
    },
    "1": {
      "n": 100,
      "em": 0.17,
      "f1": 0.2508844537815126,
      "containment": 0.2,
      "latency_ms": 2494.5617961883545,
      "context_chars": 636.9
    },
    "2": {
      "n": 100,
      "em": 0.23,
      "f1": 0.3075511204481793,
      "containment": 0.24,
      "latency_ms": 2491.8926644325256,
      "context_chars": 1273.88
    },
    "3": {
      "n": 100,
      "em": 0.25,
      "f1": 0.329467787114846,
      "containment": 0.27,
      "latency_ms": 2517.0244216918945,
      "context_chars": 1914.63
    },
    "4": {
      "n": 100,
      "em": 0.27,
      "f1": 0.34213986503692384,
      "containment": 0.29,
      "latency_ms": 2522.0707631111145,
      "context_chars": 2558.57
    },
    "5": {
      "n": 100,
      "em": 0.29,
      "f1": 0.3802535014005602,
      "containment": 0.32,
      "latency_ms": 2457.9351210594177,
      "context_chars": 3199.05
    },
    "6": {
      "n": 100,
      "em": 0.3,
      "f1": 0.3736994720965309,
      "containment": 0.32,
      "latency_ms": 2659.315891265869,
      "context_chars": 3838.84
    }
  }
}