{
  "shard_index": 14,
  "shard_count": 37,
  "summary": {
    "0": {
      "n": 100,
      "em": 0.36,
      "f1": 0.48871428571428566,
      "containment": 0.4,
      "latency_ms": 2380.049843788147,
      "context_chars": 0.0
    },
    "1": {
      "n": 100,
      "em": 0.15,
      "f1": 0.23819047619047623,
      "containment": 0.18,
      "latency_ms": 2401.4958596229553,
      "context_chars": 648.95
    },
    "2": {
      "n": 100,
      "em": 0.18,
      "f1": 0.26696969696969697,
      "containment": 0.21,
      "latency_ms": 2553.0026865005493,
      "context_chars": 1291.2
    },
    "3": {
      "n": 100,
      "em": 0.22,
      "f1": 0.31538095238095243,
      "containment": 0.24,
      "latency_ms": 2465.7149720191956,
      "context_chars": 1927.84
    },
    "4": {
      "n": 100,
      "em": 0.23,
      "f1": 0.3400714285714286,
      "containment": 0.28,
      "latency_ms": 2375.236337184906,
      "context_chars": 2568.35
    },
    "5": {
      "n": 100,
      "em": 0.26,
      "f1": 0.38057692307692315,
      "containment": 0.31,
      "latency_ms": 2374.058861732483,
      "context_chars": 3207.32
    },
    "6": {
      "n": 100,
      "em": 0.32,
      "f1": 0.43016666666666664,
      "containment": 0.36,
      "latency_ms": 2574.218773841858,
      "context_chars": 3845.3
    }
  }
}