{
  "shard_index": 19,
  "shard_count": 37,
  "summary": {
    "0": {
      "n": 100,
      "em": 0.29,
      "f1": 0.3943161531279178,
      "containment": 0.33,
      "latency_ms": 2623.0378699302673,
      "context_chars": 0.0
    },
    "1": {
      "n": 100,
      "em": 0.18,
      "f1": 0.24309523809523811,
      "containment": 0.22,
      "latency_ms": 2261.3097405433655,
      "context_chars": 631.02
    },
    "2": {
      "n": 100,
      "em": 0.23,
      "f1": 0.2837912087912088,
      "containment": 0.25,
      "latency_ms": 2292.2036361694336,
      "context_chars": 1267.58
    },
    "3": {
      "n": 100,
      "em": 0.22,
      "f1": 0.2912912087912088,
      "containment": 0.24,
      "latency_ms": 2303.0217051506042,
      "context_chars": 1900.93
    },
    "4": {
      "n": 100,
      "em": 0.26,
      "f1": 0.324481684981685,
      "containment": 0.26,
      "latency_ms": 2286.2123584747314,
      "context_chars": 2536.36
    },
    "5": {
      "n": 100,
      "em": 0.28,
      "f1": 0.3520855810855811,
      "containment": 0.3,
      "latency_ms": 2401.9143629074097,
      "context_chars": 3175.44
    },
    "6": {
      "n": 100,
      "em": 0.26,
      "f1": 0.34725224775224783,
      "containment": 0.28,
      "latency_ms": 2457.2681164741516,
      "context_chars": 3816.02
    }
  }
}