{
  "shard_index": 23,
  "shard_count": 37,
  "summary": {
    "0": {
      "n": 100,
      "em": 0.38,
      "f1": 0.5402078754578754,
      "containment": 0.49,
      "latency_ms": 2552.312934398651,
      "context_chars": 0.0
    },
    "1": {
      "n": 100,
      "em": 0.15,
      "f1": 0.2003030303030303,
      "containment": 0.17,
      "latency_ms": 2410.7249641418457,
      "context_chars": 641.9
    },
    "2": {
      "n": 100,
      "em": 0.25,
      "f1": 0.3276904761904762,
      "containment": 0.3,
      "latency_ms": 2475.146369934082,
      "context_chars": 1293.78
    },
    "3": {
      "n": 100,
      "em": 0.25,
      "f1": 0.34219047619047616,
      "containment": 0.29,
      "latency_ms": 2437.0600485801697,
      "context_chars": 1943.83
    },
    "4": {
      "n": 100,
      "em": 0.28,
      "f1": 0.3826904761904762,
      "containment": 0.33,
      "latency_ms": 2464.1896986961365,
      "context_chars": 2589.05
    },
    "5": {
      "n": 100,
      "em": 0.29,
      "f1": 0.38619047619047614,
      "containment": 0.32,
      "latency_ms": 2339.831712245941,
      "context_chars": 3231.27
    },
    "6": {
      "n": 100,
      "em": 0.34,
      "f1": 0.45238095238095233,
      "containment": 0.37,
      "latency_ms": 2446.7122960090637,
      "context_chars": 3873.08
    }
  }
}