{
  "shard_index": 18,
  "shard_count": 37,
  "summary": {
    "0": {
      "n": 100,
      "em": 0.33,
      "f1": 0.5288275613275613,
      "containment": 0.44,
      "latency_ms": 2304.5067405700684,
      "context_chars": 0.0
    },
    "1": {
      "n": 100,
      "em": 0.19,
      "f1": 0.2612142857142857,
      "containment": 0.22,
      "latency_ms": 2263.924126625061,
      "context_chars": 647.6
    },
    "2": {
      "n": 100,
      "em": 0.17,
      "f1": 0.24188095238095236,
      "containment": 0.19,
      "latency_ms": 2276.363024711609,
      "context_chars": 1292.22
    },
    "3": {
      "n": 100,
      "em": 0.22,
      "f1": 0.3300714285714285,
      "containment": 0.25,
      "latency_ms": 2514.9926447868347,
      "context_chars": 1937.13
    },
    "4": {
      "n": 100,
      "em": 0.21,
      "f1": 0.34707142857142853,
      "containment": 0.26,
      "latency_ms": 2324.5375967025757,
      "context_chars": 2588.52
    },
    "5": {
      "n": 100,
      "em": 0.24,
      "f1": 0.38107142857142845,
      "containment": 0.28,
      "latency_ms": 2419.867377281189,
      "context_chars": 3228.49
    },
    "6": {
      "n": 100,
      "em": 0.26,
      "f1": 0.40883333333333327,
      "containment": 0.31,
      "latency_ms": 2443.360297679901,
      "context_chars": 3868.7
    }
  }
}