{
  "shard_index": 16,
  "shard_count": 37,
  "summary": {
    "0": {
      "n": 100,
      "em": 0.34,
      "f1": 0.46649200799200785,
      "containment": 0.41,
      "latency_ms": 2455.0131487846375,
      "context_chars": 0.0
    },
    "1": {
      "n": 100,
      "em": 0.18,
      "f1": 0.2510940170940171,
      "containment": 0.19,
      "latency_ms": 2457.542314529419,
      "context_chars": 631.62
    },
    "2": {
      "n": 100,
      "em": 0.2,
      "f1": 0.27280108780108775,
      "containment": 0.23,
      "latency_ms": 2562.826898097992,
      "context_chars": 1275.97
    },
    "3": {
      "n": 100,
      "em": 0.25,
      "f1": 0.3289121989121989,
      "containment": 0.28,
      "latency_ms": 2588.795163631439,
      "context_chars": 1922.38
    },
    "4": {
      "n": 100,
      "em": 0.28,
      "f1": 0.35807886557886554,
      "containment": 0.31,
      "latency_ms": 2692.2887539863586,
      "context_chars": 2567.19
    },
    "5": {
      "n": 100,
      "em": 0.27,
      "f1": 0.3492070707070707,
      "containment": 0.29,
      "latency_ms": 2800.4227709770203,
      "context_chars": 3213.13
    },
    "6": {
      "n": 100,
      "em": 0.29,
      "f1": 0.37042735042735037,
      "containment": 0.31,
      "latency_ms": 2734.3305039405823,
      "context_chars": 3855.08
    }
  }
}