{
  "shard_index": 3,
  "shard_count": 37,
  "summary": {
    "0": {
      "n": 100,
      "em": 0.38,
      "f1": 0.4844523809523808,
      "containment": 0.48,
      "latency_ms": 2236.6288352012634,
      "context_chars": 0.0
    },
    "1": {
      "n": 100,
      "em": 0.19,
      "f1": 0.2268181818181818,
      "containment": 0.22,
      "latency_ms": 2380.0471472740173,
      "context_chars": 637.73
    },
    "2": {
      "n": 100,
      "em": 0.19,
      "f1": 0.22899999999999998,
      "containment": 0.23,
      "latency_ms": 2527.8224444389343,
      "context_chars": 1280.34
    },
    "3": {
      "n": 100,
      "em": 0.22,
      "f1": 0.2653419913419913,
      "containment": 0.26,
      "latency_ms": 2364.926724433899,
      "context_chars": 1926.47
    },
    "4": {
      "n": 100,
      "em": 0.23,
      "f1": 0.3018181818181818,
      "containment": 0.29,
      "latency_ms": 2456.875777244568,
      "context_chars": 2570.56
    },
    "5": {
      "n": 100,
      "em": 0.26,
      "f1": 0.33836580086580087,
      "containment": 0.33,
      "latency_ms": 2447.0754194259644,
      "context_chars": 3213.29
    },
    "6": {
      "n": 100,
      "em": 0.28,
      "f1": 0.36336580086580095,
      "containment": 0.36,
      "latency_ms": 2266.7818427085876,
      "context_chars": 3854.67
    }
  }
}