{
  "shard_index": 32,
  "shard_count": 37,
  "summary": {
    "0": {
      "n": 100,
      "em": 0.27,
      "f1": 0.4307719298245613,
      "containment": 0.38,
      "latency_ms": 2698.03368806839,
      "context_chars": 0.0
    },
    "1": {
      "n": 100,
      "em": 0.15,
      "f1": 0.2186825396825397,
      "containment": 0.17,
      "latency_ms": 2294.533953666687,
      "context_chars": 635.61
    },
    "2": {
      "n": 100,
      "em": 0.15,
      "f1": 0.26458730158730165,
      "containment": 0.2,
      "latency_ms": 2628.7135457992554,
      "context_chars": 1266.33
    },
    "3": {
      "n": 100,
      "em": 0.18,
      "f1": 0.2897388167388168,
      "containment": 0.23,
      "latency_ms": 2614.431619644165,
      "context_chars": 1904.74
    },
    "4": {
      "n": 100,
      "em": 0.19,
      "f1": 0.3060721500721501,
      "containment": 0.23,
      "latency_ms": 2634.09086227417,
      "context_chars": 2540.87
    },
    "5": {
      "n": 100,
      "em": 0.21,
      "f1": 0.3290751064653503,
      "containment": 0.27,
      "latency_ms": 2968.3763122558594,
      "context_chars": 3181.48
    },
    "6": {
      "n": 100,
      "em": 0.23,
      "f1": 0.34207215007215,
      "containment": 0.29,
      "latency_ms": 2977.5211310386658,
      "context_chars": 3818.94
    }
  }
}