{
  "shard_index": 30,
  "shard_count": 37,
  "summary": {
    "0": {
      "n": 100,
      "em": 0.39,
      "f1": 0.5316083524318818,
      "containment": 0.48,
      "latency_ms": 2357.750039100647,
      "context_chars": 0.0
    },
    "1": {
      "n": 100,
      "em": 0.23,
      "f1": 0.3125714285714286,
      "containment": 0.23,
      "latency_ms": 2336.275019645691,
      "context_chars": 638.92
    },
    "2": {
      "n": 100,
      "em": 0.31,
      "f1": 0.40557142857142847,
      "containment": 0.32,
      "latency_ms": 2460.2060079574585,
      "context_chars": 1278.49
    },
    "3": {
      "n": 100,
      "em": 0.31,
      "f1": 0.4207142857142857,
      "containment": 0.33,
      "latency_ms": 2397.063751220703,
      "context_chars": 1923.58
    },
    "4": {
      "n": 100,
      "em": 0.35,
      "f1": 0.44990476190476186,
      "containment": 0.37,
      "latency_ms": 2400.0779795646667,
      "context_chars": 2567.82
    },
    "5": {
      "n": 100,
      "em": 0.39,
      "f1": 0.4914285714285714,
      "containment": 0.4,
      "latency_ms": 2364.3817615509033,
      "context_chars": 3209.63
    },
    "6": {
      "n": 100,
      "em": 0.4,
      "f1": 0.5029523809523808,
      "containment": 0.43,
      "latency_ms": 2321.263484954834,
      "context_chars": 3855.98
    }
  }
}