{
  "shard_index": 29,
  "shard_count": 37,
  "summary": {
    "0": {
      "n": 100,
      "em": 0.33,
      "f1": 0.4967302214693518,
      "containment": 0.39,
      "latency_ms": 2352.0004558563232,
      "context_chars": 0.0
    },
    "1": {
      "n": 100,
      "em": 0.19,
      "f1": 0.25261538461538463,
      "containment": 0.25,
      "latency_ms": 2226.3667917251587,
      "context_chars": 642.78
    },
    "2": {
      "n": 100,
      "em": 0.22,
      "f1": 0.30905982905982904,
      "containment": 0.29,
      "latency_ms": 2296.644718647003,
      "context_chars": 1284.62
    },
    "3": {
      "n": 100,
      "em": 0.26,
      "f1": 0.3685836385836385,
      "containment": 0.33,
      "latency_ms": 2270.8266615867615,
      "context_chars": 1929.66
    },
    "4": {
      "n": 100,
      "em": 0.25,
      "f1": 0.3543614163614163,
      "containment": 0.32,
      "latency_ms": 2434.8176789283752,
      "context_chars": 2571.72
    },
    "5": {
      "n": 100,
      "em": 0.29,
      "f1": 0.40229792429792416,
      "containment": 0.36,
      "latency_ms": 2192.51690864563,
      "context_chars": 3217.79
    },
    "6": {
      "n": 100,
      "em": 0.3,
      "f1": 0.4076327006327006,
      "containment": 0.37,
      "latency_ms": 2322.7720046043396,
      "context_chars": 3863.66
    }
  }
}