{
  "shard_index": 12,
  "shard_count": 37,
  "summary": {
    "0": {
      "n": 100,
      "em": 0.43,
      "f1": 0.586547619047619,
      "containment": 0.54,
      "latency_ms": 2396.008834838867,
      "context_chars": 0.0
    },
    "1": {
      "n": 100,
      "em": 0.2,
      "f1": 0.2498809523809524,
      "containment": 0.21,
      "latency_ms": 2535.6814312934875,
      "context_chars": 643.94
    },
    "2": {
      "n": 100,
      "em": 0.21,
      "f1": 0.29371428571428576,
      "containment": 0.24,
      "latency_ms": 2499.3175625801086,
      "context_chars": 1282.53
    },
    "3": {
      "n": 100,
      "em": 0.26,
      "f1": 0.3450000000000001,
      "containment": 0.3,
      "latency_ms": 2327.2017407417297,
      "context_chars": 1929.06
    },
    "4": {
      "n": 100,
      "em": 0.29,
      "f1": 0.37083333333333335,
      "containment": 0.32,
      "latency_ms": 2389.5135736465454,
      "context_chars": 2568.96
    },
    "5": {
      "n": 100,
      "em": 0.29,
      "f1": 0.40773809523809523,
      "containment": 0.36,
      "latency_ms": 2347.1562576293945,
      "context_chars": 3212.19
    },
    "6": {
      "n": 100,
      "em": 0.33,
      "f1": 0.4304285714285714,
      "containment": 0.41,
      "latency_ms": 2456.545190811157,
      "context_chars": 3854.03
    }
  }
}