{
  "shard_index": 0,
  "shard_count": 37,
  "summary": {
    "0": {
      "n": 100,
      "em": 0.26,
      "f1": 0.44928643578643573,
      "containment": 0.37,
      "latency_ms": 2245.152268409729,
      "context_chars": 0.0
    },
    "1": {
      "n": 100,
      "em": 0.13,
      "f1": 0.21773809523809523,
      "containment": 0.17,
      "latency_ms": 2114.6904158592224,
      "context_chars": 635.6
    },
    "2": {
      "n": 100,
      "em": 0.12,
      "f1": 0.259547619047619,
      "containment": 0.21,
      "latency_ms": 2241.708724498749,
      "context_chars": 1277.28
    },
    "3": {
      "n": 100,
      "em": 0.17,
      "f1": 0.30153968253968255,
      "containment": 0.24,
      "latency_ms": 2524.60520029068,
      "context_chars": 1922.95
    },
    "4": {
      "n": 100,
      "em": 0.18,
      "f1": 0.315946608946609,
      "containment": 0.26,
      "latency_ms": 2285.946536064148,
      "context_chars": 2560.0
    },
    "5": {
      "n": 100,
      "em": 0.22,
      "f1": 0.3740346320346321,
      "containment": 0.31,
      "latency_ms": 2396.1781001091003,
      "context_chars": 3200.15
    },
    "6": {
      "n": 100,
      "em": 0.21,
      "f1": 0.36017490842490846,
      "containment": 0.29,
      "latency_ms": 2460.201075077057,
      "context_chars": 3841.21
    }
  }
}