{
  "shard_index": 22,
  "shard_count": 37,
  "summary": {
    "0": {
      "n": 100,
      "em": 0.31,
      "f1": 0.4851212121212122,
      "containment": 0.43,
      "latency_ms": 2673.979458808899,
      "context_chars": 0.0
    },
    "1": {
      "n": 100,
      "em": 0.24,
      "f1": 0.307043956043956,
      "containment": 0.33,
      "latency_ms": 2428.5023140907288,
      "context_chars": 635.89
    },
    "2": {
      "n": 100,
      "em": 0.25,
      "f1": 0.3207545787545787,
      "containment": 0.36,
      "latency_ms": 2615.862636566162,
      "context_chars": 1271.1
    },
    "3": {
      "n": 100,
      "em": 0.25,
      "f1": 0.326992673992674,
      "containment": 0.36,
      "latency_ms": 2678.462164402008,
      "context_chars": 1912.91
    },
    "4": {
      "n": 100,
      "em": 0.29,
      "f1": 0.3718318348318348,
      "containment": 0.38,
      "latency_ms": 2718.398199081421,
      "context_chars": 2554.14
    },
    "5": {
      "n": 100,
      "em": 0.27,
      "f1": 0.35584981684981687,
      "containment": 0.36,
      "latency_ms": 2693.2160329818726,
      "context_chars": 3192.71
    },
    "6": {
      "n": 100,
      "em": 0.31,
      "f1": 0.4047814407814406,
      "containment": 0.41,
      "latency_ms": 2793.2730650901794,
      "context_chars": 3836.78
    }
  }
}