{
  "shard_index": 11,
  "shard_count": 37,
  "summary": {
    "0": {
      "n": 100,
      "em": 0.41,
      "f1": 0.5606746031746032,
      "containment": 0.53,
      "latency_ms": 2183.9295864105225,
      "context_chars": 0.0
    },
    "1": {
      "n": 100,
      "em": 0.2,
      "f1": 0.2576904761904762,
      "containment": 0.22,
      "latency_ms": 2104.3167090415955,
      "context_chars": 628.92
    },
    "2": {
      "n": 100,
      "em": 0.21,
      "f1": 0.28809523809523807,
      "containment": 0.25,
      "latency_ms": 2167.5388073921204,
      "context_chars": 1270.62
    },
    "3": {
      "n": 100,
      "em": 0.24,
      "f1": 0.344,
      "containment": 0.29,
      "latency_ms": 2139.3105483055115,
      "context_chars": 1907.86
    },
    "4": {
      "n": 100,
      "em": 0.29,
      "f1": 0.37138888888888894,
      "containment": 0.33,
      "latency_ms": 2210.8278679847717,
      "context_chars": 2548.22
    },
    "5": {
      "n": 100,
      "em": 0.3,
      "f1": 0.3753333333333333,
      "containment": 0.34,
      "latency_ms": 2208.477008342743,
      "context_chars": 3185.0
    },
    "6": {
      "n": 100,
      "em": 0.31,
      "f1": 0.38748412698412693,
      "containment": 0.37,
      "latency_ms": 2371.562876701355,
      "context_chars": 3826.99
    }
  }
}