{
  "shard_index": 20,
  "shard_count": 37,
  "summary": {
    "0": {
      "n": 100,
      "em": 0.34,
      "f1": 0.4676267066267065,
      "containment": 0.42,
      "latency_ms": 2397.0046949386597,
      "context_chars": 0.0
    },
    "1": {
      "n": 100,
      "em": 0.19,
      "f1": 0.2479523809523809,
      "containment": 0.17,
      "latency_ms": 2340.470004081726,
      "context_chars": 637.28
    },
    "2": {
      "n": 100,
      "em": 0.2,
      "f1": 0.29074603174603175,
      "containment": 0.23,
      "latency_ms": 2491.4534640312195,
      "context_chars": 1272.55
    },
    "3": {
      "n": 100,
      "em": 0.23,
      "f1": 0.3232063492063492,
      "containment": 0.25,
      "latency_ms": 2479.604012966156,
      "context_chars": 1911.03
    },
    "4": {
      "n": 100,
      "em": 0.28,
      "f1": 0.36620634920634926,
      "containment": 0.3,
      "latency_ms": 2517.3776960372925,
      "context_chars": 2552.73
    },
    "5": {
      "n": 100,
      "em": 0.24,
      "f1": 0.3431471306471307,
      "containment": 0.3,
      "latency_ms": 2450.2425360679626,
      "context_chars": 3191.73
    },
    "6": {
      "n": 100,
      "em": 0.26,
      "f1": 0.34165079365079365,
      "containment": 0.29,
      "latency_ms": 2462.7352356910706,
      "context_chars": 3831.42
    }
  }
}