{
  "shard_index": 21,
  "shard_count": 37,
  "summary": {
    "0": {
      "n": 100,
      "em": 0.38,
      "f1": 0.4881031746031745,
      "containment": 0.44,
      "latency_ms": 2234.8390412330627,
      "context_chars": 0.0
    },
    "1": {
      "n": 100,
      "em": 0.14,
      "f1": 0.19004761904761902,
      "containment": 0.17,
      "latency_ms": 2406.6958045959473,
      "context_chars": 634.52
    },
    "2": {
      "n": 100,
      "em": 0.25,
      "f1": 0.2917222222222222,
      "containment": 0.25,
      "latency_ms": 2464.265377521515,
      "context_chars": 1269.15
    },
    "3": {
      "n": 100,
      "em": 0.27,
      "f1": 0.3181111111111111,
      "containment": 0.27,
      "latency_ms": 2440.4759311676025,
      "context_chars": 1901.74
    },
    "4": {
      "n": 100,
      "em": 0.29,
      "f1": 0.33322222222222225,
      "containment": 0.3,
      "latency_ms": 2512.0862102508545,
      "context_chars": 2538.14
    },
    "5": {
      "n": 100,
      "em": 0.31,
      "f1": 0.3702222222222222,
      "containment": 0.33,
      "latency_ms": 2565.4924726486206,
      "context_chars": 3172.83
    },
    "6": {
      "n": 100,
      "em": 0.27,
      "f1": 0.3488888888888888,
      "containment": 0.31,
      "latency_ms": 2582.8498482704163,
      "context_chars": 3805.43
    }
  }
}