{
  "shard_index": 5,
  "shard_count": 37,
  "summary": {
    "0": {
      "n": 100,
      "em": 0.38,
      "f1": 0.5138593073593073,
      "containment": 0.44,
      "latency_ms": 2388.641405105591,
      "context_chars": 0.0
    },
    "1": {
      "n": 100,
      "em": 0.15,
      "f1": 0.2113333333333333,
      "containment": 0.18,
      "latency_ms": 2098.0038952827454,
      "context_chars": 639.8
    },
    "2": {
      "n": 100,
      "em": 0.25,
      "f1": 0.326969696969697,
      "containment": 0.29,
      "latency_ms": 2145.452344417572,
      "context_chars": 1282.96
    },
    "3": {
      "n": 100,
      "em": 0.26,
      "f1": 0.33596969696969703,
      "containment": 0.31,
      "latency_ms": 2139.477117061615,
      "context_chars": 1924.52
    },
    "4": {
      "n": 100,
      "em": 0.26,
      "f1": 0.34346969696969704,
      "containment": 0.31,
      "latency_ms": 2032.7178955078125,
      "context_chars": 2568.52
    },
    "5": {
      "n": 100,
      "em": 0.29,
      "f1": 0.39885064935064946,
      "containment": 0.35,
      "latency_ms": 2150.829358100891,
      "context_chars": 3218.66
    },
    "6": {
      "n": 100,
      "em": 0.31,
      "f1": 0.42807142857142866,
      "containment": 0.37,
      "latency_ms": 2200.3337907791138,
      "context_chars": 3858.85
    }
  }
}