{
  "shard_index": 9,
  "shard_count": 37,
  "summary": {
    "0": {
      "n": 100,
      "em": 0.38,
      "f1": 0.5262356532356531,
      "containment": 0.41,
      "latency_ms": 2331.2977957725525,
      "context_chars": 0.0
    },
    "1": {
      "n": 100,
      "em": 0.2,
      "f1": 0.2688427128427129,
      "containment": 0.21,
      "latency_ms": 2501.7170643806458,
      "context_chars": 647.0
    },
    "2": {
      "n": 100,
      "em": 0.19,
      "f1": 0.2715093795093795,
      "containment": 0.19,
      "latency_ms": 2556.5665435791016,
      "context_chars": 1291.4
    },
    "3": {
      "n": 100,
      "em": 0.23,
      "f1": 0.30955699855699853,
      "containment": 0.24,
      "latency_ms": 2611.1925649642944,
      "context_chars": 1931.8
    },
    "4": {
      "n": 100,
      "em": 0.23,
      "f1": 0.3378903318903319,
      "containment": 0.26,
      "latency_ms": 2646.6847705841064,
      "context_chars": 2579.97
    },
    "5": {
      "n": 100,
      "em": 0.28,
      "f1": 0.3785093795093795,
      "containment": 0.29,
      "latency_ms": 2464.617292881012,
      "context_chars": 3222.82
    },
    "6": {
      "n": 100,
      "em": 0.28,
      "f1": 0.39923160173160177,
      "containment": 0.31,
      "latency_ms": 2373.3854699134827,
      "context_chars": 3865.51
    }
  }
}