{
  "shard_index": 7,
  "shard_count": 37,
  "summary": {
    "0": {
      "n": 100,
      "em": 0.31,
      "f1": 0.47207758907758895,
      "containment": 0.42,
      "latency_ms": 2320.0385999679565,
      "context_chars": 0.0
    },
    "1": {
      "n": 100,
      "em": 0.12,
      "f1": 0.19203174603174603,
      "containment": 0.17,
      "latency_ms": 2420.720181465149,
      "context_chars": 647.04
    },
    "2": {
      "n": 100,
      "em": 0.15,
      "f1": 0.23955555555555555,
      "containment": 0.2,
      "latency_ms": 2468.2648396492004,
      "context_chars": 1292.34
    },
    "3": {
      "n": 100,
      "em": 0.16,
      "f1": 0.24822222222222223,
      "containment": 0.22,
      "latency_ms": 2395.531325340271,
      "context_chars": 1934.91
    },
    "4": {
      "n": 100,
      "em": 0.2,
      "f1": 0.28711399711399704,
      "containment": 0.25,
      "latency_ms": 2466.5897965431213,
      "context_chars": 2576.6
    },
    "5": {
      "n": 100,
      "em": 0.21,
      "f1": 0.2996238010355657,
      "containment": 0.25,
      "latency_ms": 2560.6868290901184,
      "context_chars": 3222.45
    },
    "6": {
      "n": 100,
      "em": 0.18,
      "f1": 0.27700475341651803,
      "containment": 0.23,
      "latency_ms": 2591.4102363586426,
      "context_chars": 3875.53
    }
  }
}