{
  "shard_index": 2,
  "shard_count": 37,
  "summary": {
    "0": {
      "n": 100,
      "em": 0.39,
      "f1": 0.5447912087912086,
      "containment": 0.5,
      "latency_ms": 2373.2291626930237,
      "context_chars": 0.0
    },
    "1": {
      "n": 100,
      "em": 0.17,
      "f1": 0.2447857142857143,
      "containment": 0.19,
      "latency_ms": 2267.6185059547424,
      "context_chars": 641.31
    },
    "2": {
      "n": 100,
      "em": 0.18,
      "f1": 0.25851587301587303,
      "containment": 0.21,
      "latency_ms": 2407.169156074524,
      "context_chars": 1280.07
    },
    "3": {
      "n": 100,
      "em": 0.21,
      "f1": 0.29897619047619045,
      "containment": 0.25,
      "latency_ms": 2409.003665447235,
      "context_chars": 1917.91
    },
    "4": {
      "n": 100,
      "em": 0.25,
      "f1": 0.33554761904761904,
      "containment": 0.29,
      "latency_ms": 2325.4058694839478,
      "context_chars": 2555.09
    },
    "5": {
      "n": 100,
      "em": 0.25,
      "f1": 0.3324365079365079,
      "containment": 0.31,
      "latency_ms": 2891.558976173401,
      "context_chars": 3190.47
    },
    "6": {
      "n": 100,
      "em": 0.22,
      "f1": 0.29484920634920636,
      "containment": 0.29,
      "latency_ms": 2508.509385585785,
      "context_chars": 3828.0
    }
  }
}