{
  "shard_index": 25,
  "shard_count": 37,
  "summary": {
    "0": {
      "n": 100,
      "em": 0.38,
      "f1": 0.5340372670807452,
      "containment": 0.48,
      "latency_ms": 2301.6495728492737,
      "context_chars": 0.0
    },
    "1": {
      "n": 100,
      "em": 0.18,
      "f1": 0.26284920634920633,
      "containment": 0.23,
      "latency_ms": 2580.04412651062,
      "context_chars": 639.29
    },
    "2": {
      "n": 100,
      "em": 0.24,
      "f1": 0.33537301587301577,
      "containment": 0.3,
      "latency_ms": 2552.530164718628,
      "context_chars": 1287.94
    },
    "3": {
      "n": 100,
      "em": 0.28,
      "f1": 0.38100793650793646,
      "containment": 0.35,
      "latency_ms": 2712.165229320526,
      "context_chars": 1926.63
    },
    "4": {
      "n": 100,
      "em": 0.29,
      "f1": 0.38211904761904764,
      "containment": 0.36,
      "latency_ms": 2412.1970915794373,
      "context_chars": 2570.16
    },
    "5": {
      "n": 100,
      "em": 0.31,
      "f1": 0.40645238095238084,
      "containment": 0.38,
      "latency_ms": 2692.596092224121,
      "context_chars": 3204.44
    },
    "6": {
      "n": 100,
      "em": 0.34,
      "f1": 0.43064285714285716,
      "containment": 0.4,
      "latency_ms": 2521.298518180847,
      "context_chars": 3840.86
    }
  }
}