{
  "shard_index": 26,
  "shard_count": 37,
  "summary": {
    "0": {
      "n": 100,
      "em": 0.34,
      "f1": 0.4815887445887445,
      "containment": 0.42,
      "latency_ms": 2404.330689907074,
      "context_chars": 0.0
    },
    "1": {
      "n": 100,
      "em": 0.16,
      "f1": 0.2331111111111111,
      "containment": 0.21,
      "latency_ms": 2421.764748096466,
      "context_chars": 641.46
    },
    "2": {
      "n": 100,
      "em": 0.13,
      "f1": 0.21837445887445883,
      "containment": 0.2,
      "latency_ms": 2459.1448307037354,
      "context_chars": 1285.19
    },
    "3": {
      "n": 100,
      "em": 0.17,
      "f1": 0.2605411255411255,
      "containment": 0.22,
      "latency_ms": 2597.5097846984863,
      "context_chars": 1934.92
    },
    "4": {
      "n": 100,
      "em": 0.21,
      "f1": 0.3103982683982684,
      "containment": 0.28,
      "latency_ms": 2386.05477809906,
      "context_chars": 2584.05
    },
    "5": {
      "n": 100,
      "em": 0.21,
      "f1": 0.328453823953824,
      "containment": 0.28,
      "latency_ms": 2562.274429798126,
      "context_chars": 3234.99
    },
    "6": {
      "n": 100,
      "em": 0.24,
      "f1": 0.35591599889472225,
      "containment": 0.29,
      "latency_ms": 2650.4116201400757,
      "context_chars": 3876.98
    }
  }
}