{
  "shard_index": 28,
  "shard_count": 37,
  "summary": {
    "0": {
      "n": 100,
      "em": 0.35,
      "f1": 0.5058597807480948,
      "containment": 0.46,
      "latency_ms": 2862.7277994155884,
      "context_chars": 0.0
    },
    "1": {
      "n": 100,
      "em": 0.15,
      "f1": 0.20233333333333334,
      "containment": 0.18,
      "latency_ms": 2308.2813358306885,
      "context_chars": 636.98
    },
    "2": {
      "n": 100,
      "em": 0.21,
      "f1": 0.27189075630252096,
      "containment": 0.24,
      "latency_ms": 2529.0100145339966,
      "context_chars": 1280.34
    },
    "3": {
      "n": 100,
      "em": 0.24,
      "f1": 0.3114285714285714,
      "containment": 0.27,
      "latency_ms": 2472.9478311538696,
      "context_chars": 1920.26
    },
    "4": {
      "n": 100,
      "em": 0.22,
      "f1": 0.30204588744588745,
      "containment": 0.26,
      "latency_ms": 2810.85391998291,
      "context_chars": 2558.76
    },
    "5": {
      "n": 100,
      "em": 0.22,
      "f1": 0.29142857142857137,
      "containment": 0.25,
      "latency_ms": 2609.788806438446,
      "context_chars": 3197.88
    },
    "6": {
      "n": 100,
      "em": 0.26,
      "f1": 0.32976190476190476,
      "containment": 0.28,
      "latency_ms": 2533.619272708893,
      "context_chars": 3838.25
    }
  }
}