{
  "shard_index": 24,
  "shard_count": 37,
  "summary": {
    "0": {
      "n": 100,
      "em": 0.3,
      "f1": 0.44728571428571423,
      "containment": 0.42,
      "latency_ms": 2084.8876762390137,
      "context_chars": 0.0
    },
    "1": {
      "n": 100,
      "em": 0.17,
      "f1": 0.2045238095238095,
      "containment": 0.19,
      "latency_ms": 2487.3331809043884,
      "context_chars": 639.88
    },
    "2": {
      "n": 100,
      "em": 0.22,
      "f1": 0.2771666666666667,
      "containment": 0.23,
      "latency_ms": 2474.320755004883,
      "context_chars": 1284.29
    },
    "3": {
      "n": 100,
      "em": 0.2,
      "f1": 0.27516666666666667,
      "containment": 0.24,
      "latency_ms": 2421.7141437530518,
      "context_chars": 1932.37
    },
    "4": {
      "n": 100,
      "em": 0.25,
      "f1": 0.3109166666666667,
      "containment": 0.29,
      "latency_ms": 2356.174101829529,
      "context_chars": 2581.15
    },
    "5": {
      "n": 100,
      "em": 0.25,
      "f1": 0.321246336996337,
      "containment": 0.31,
      "latency_ms": 2320.9777188301086,
      "context_chars": 3232.58
    },
    "6": {
      "n": 100,
      "em": 0.26,
      "f1": 0.3346117216117216,
      "containment": 0.31,
      "latency_ms": 2358.975775241852,
      "context_chars": 3881.04
    }
  }
}