{
  "shard_index": 27,
  "shard_count": 37,
  "summary": {
    "0": {
      "n": 100,
      "em": 0.32,
      "f1": 0.4825225885225885,
      "containment": 0.41,
      "latency_ms": 2586.862585544586,
      "context_chars": 0.0
    },
    "1": {
      "n": 100,
      "em": 0.19,
      "f1": 0.22846031746031747,
      "containment": 0.21,
      "latency_ms": 2386.9131898880005,
      "context_chars": 637.42
    },
    "2": {
      "n": 100,
      "em": 0.21,
      "f1": 0.2732698412698413,
      "containment": 0.23,
      "latency_ms": 2478.5657620429993,
      "context_chars": 1279.67
    },
    "3": {
      "n": 100,
      "em": 0.26,
      "f1": 0.3301746031746033,
      "containment": 0.28,
      "latency_ms": 2544.253010749817,
      "context_chars": 1917.3
    },
    "4": {
      "n": 100,
      "em": 0.28,
      "f1": 0.3539523809523809,
      "containment": 0.3,
      "latency_ms": 2560.3163862228394,
      "context_chars": 2556.08
    },
    "5": {
      "n": 100,
      "em": 0.31,
      "f1": 0.37323809523809515,
      "containment": 0.32,
      "latency_ms": 2480.8525490760803,
      "context_chars": 3194.11
    },
    "6": {
      "n": 100,
      "em": 0.3,
      "f1": 0.36990476190476185,
      "containment": 0.31,
      "latency_ms": 2652.9998087882996,
      "context_chars": 3829.73
    }
  }
}