{
  "shard_index": 4,
  "shard_count": 37,
  "summary": {
    "0": {
      "n": 100,
      "em": 0.37,
      "f1": 0.5117857142857141,
      "containment": 0.44,
      "latency_ms": 2409.9743485450745,
      "context_chars": 0.0
    },
    "1": {
      "n": 100,
      "em": 0.08,
      "f1": 0.1411111111111111,
      "containment": 0.13,
      "latency_ms": 2496.3536167144775,
      "context_chars": 636.8
    },
    "2": {
      "n": 100,
      "em": 0.11,
      "f1": 0.1736023391812865,
      "containment": 0.15,
      "latency_ms": 2510.03830909729,
      "context_chars": 1271.55
    },
    "3": {
      "n": 100,
      "em": 0.17,
      "f1": 0.24093567251461986,
      "containment": 0.2,
      "latency_ms": 2406.448256969452,
      "context_chars": 1910.61
    },
    "4": {
      "n": 100,
      "em": 0.26,
      "f1": 0.33393567251461986,
      "containment": 0.28,
      "latency_ms": 2435.998146533966,
      "context_chars": 2548.5
    },
    "5": {
      "n": 100,
      "em": 0.32,
      "f1": 0.3912690058479532,
      "containment": 0.34,
      "latency_ms": 2473.8081884384155,
      "context_chars": 3186.1
    },
    "6": {
      "n": 100,
      "em": 0.31,
      "f1": 0.3862690058479532,
      "containment": 0.33,
      "latency_ms": 2518.2133746147156,
      "context_chars": 3833.72
    }
  }
}