{
  "shard_index": 6,
  "shard_count": 37,
  "summary": {
    "0": {
      "n": 100,
      "em": 0.36,
      "f1": 0.5077765567765568,
      "containment": 0.43,
      "latency_ms": 2364.675087928772,
      "context_chars": 0.0
    },
    "1": {
      "n": 100,
      "em": 0.19,
      "f1": 0.23900865800865806,
      "containment": 0.19,
      "latency_ms": 2416.3122248649597,
      "context_chars": 646.45
    },
    "2": {
      "n": 100,
      "em": 0.2,
      "f1": 0.27898629148629156,
      "containment": 0.24,
      "latency_ms": 2495.63259601593,
      "context_chars": 1288.98
    },
    "3": {
      "n": 100,
      "em": 0.24,
      "f1": 0.32078787878787884,
      "containment": 0.27,
      "latency_ms": 2488.7533473968506,
      "context_chars": 1932.8
    },
    "4": {
      "n": 100,
      "em": 0.27,
      "f1": 0.380478354978355,
      "containment": 0.33,
      "latency_ms": 2544.869418144226,
      "context_chars": 2573.39
    },
    "5": {
      "n": 100,
      "em": 0.28,
      "f1": 0.39119047619047614,
      "containment": 0.35,
      "latency_ms": 2650.8805656433105,
      "context_chars": 3217.28
    },
    "6": {
      "n": 100,
      "em": 0.29,
      "f1": 0.38721428571428573,
      "containment": 0.35,
      "latency_ms": 2468.988902568817,
      "context_chars": 3859.16
    }
  }
}