{
  "shard_index": 17,
  "shard_count": 37,
  "summary": {
    "0": {
      "n": 100,
      "em": 0.36,
      "f1": 0.4796495726495725,
      "containment": 0.41,
      "latency_ms": 2335.9108757972717,
      "context_chars": 0.0
    },
    "1": {
      "n": 100,
      "em": 0.16,
      "f1": 0.20174025974025972,
      "containment": 0.18,
      "latency_ms": 2307.080976963043,
      "context_chars": 639.15
    },
    "2": {
      "n": 100,
      "em": 0.25,
      "f1": 0.29440692640692645,
      "containment": 0.26,
      "latency_ms": 2519.4719862937927,
      "context_chars": 1289.89
    },
    "3": {
      "n": 100,
      "em": 0.27,
      "f1": 0.3268593073593074,
      "containment": 0.28,
      "latency_ms": 2524.5165610313416,
      "context_chars": 1933.39
    },
    "4": {
      "n": 100,
      "em": 0.29,
      "f1": 0.33652597402597395,
      "containment": 0.31,
      "latency_ms": 2505.8566784858704,
      "context_chars": 2578.26
    },
    "5": {
      "n": 100,
      "em": 0.32,
      "f1": 0.36166883116883114,
      "containment": 0.32,
      "latency_ms": 2615.0661849975586,
      "context_chars": 3217.51
    },
    "6": {
      "n": 100,
      "em": 0.32,
      "f1": 0.36726623376623374,
      "containment": 0.32,
      "latency_ms": 2640.3305292129517,
      "context_chars": 3861.09
    }
  }
}