{
  "shard_index": 1,
  "shard_count": 37,
  "summary": {
    "0": {
      "n": 100,
      "em": 0.32,
      "f1": 0.4463333333333333,
      "containment": 0.42,
      "latency_ms": 2072.0117807388306,
      "context_chars": 0.0
    },
    "1": {
      "n": 100,
      "em": 0.19,
      "f1": 0.2612857142857143,
      "containment": 0.21,
      "latency_ms": 2262.1190333366394,
      "context_chars": 636.2
    },
    "2": {
      "n": 100,
      "em": 0.19,
      "f1": 0.2738571428571428,
      "containment": 0.21,
      "latency_ms": 2260.2228903770447,
      "context_chars": 1272.1
    },
    "3": {
      "n": 100,
      "em": 0.24,
      "f1": 0.32859523809523805,
      "containment": 0.27,
      "latency_ms": 2438.5745429992676,
      "context_chars": 1916.39
    },
    "4": {
      "n": 100,
      "em": 0.28,
      "f1": 0.3950357142857143,
      "containment": 0.35,
      "latency_ms": 2373.8870525360107,
      "context_chars": 2559.18
    },
    "5": {
      "n": 100,
      "em": 0.3,
      "f1": 0.40894047619047613,
      "containment": 0.38,
      "latency_ms": 2485.010063648224,
      "context_chars": 3193.73
    },
    "6": {
      "n": 100,
      "em": 0.31,
      "f1": 0.42660714285714285,
      "containment": 0.39,
      "latency_ms": 2393.847553730011,
      "context_chars": 3836.07
    }
  }
}