{
  "shard_index": 15,
  "shard_count": 37,
  "summary": {
    "0": {
      "n": 100,
      "em": 0.28,
      "f1": 0.40773680908463517,
      "containment": 0.35,
      "latency_ms": 2470.67928314209,
      "context_chars": 0.0
    },
    "1": {
      "n": 100,
      "em": 0.14,
      "f1": 0.19735714285714281,
      "containment": 0.18,
      "latency_ms": 2332.494513988495,
      "context_chars": 638.42
    },
    "2": {
      "n": 100,
      "em": 0.21,
      "f1": 0.290469696969697,
      "containment": 0.23,
      "latency_ms": 2416.414942741394,
      "context_chars": 1275.2
    },
    "3": {
      "n": 100,
      "em": 0.21,
      "f1": 0.2892289562289563,
      "containment": 0.23,
      "latency_ms": 2612.4602150917053,
      "context_chars": 1919.23
    },
    "4": {
      "n": 100,
      "em": 0.21,
      "f1": 0.29584271284271285,
      "containment": 0.24,
      "latency_ms": 2513.1861805915833,
      "context_chars": 2561.69
    },
    "5": {
      "n": 100,
      "em": 0.23,
      "f1": 0.32754055043185476,
      "containment": 0.28,
      "latency_ms": 2658.478035926819,
      "context_chars": 3209.17
    },
    "6": {
      "n": 100,
      "em": 0.25,
      "f1": 0.3290391074304118,
      "containment": 0.29,
      "latency_ms": 2671.591305732727,
      "context_chars": 3856.39
    }
  }
}