{
  "shard_index": 13,
  "shard_count": 37,
  "summary": {
    "0": {
      "n": 100,
      "em": 0.31,
      "f1": 0.4623412698412697,
      "containment": 0.37,
      "latency_ms": 2440.0097227096558,
      "context_chars": 0.0
    },
    "1": {
      "n": 100,
      "em": 0.13,
      "f1": 0.20992207792207793,
      "containment": 0.15,
      "latency_ms": 2498.1801795959473,
      "context_chars": 637.0
    },
    "2": {
      "n": 100,
      "em": 0.22,
      "f1": 0.2847142857142857,
      "containment": 0.21,
      "latency_ms": 2368.39706659317,
      "context_chars": 1280.2
    },
    "3": {
      "n": 100,
      "em": 0.2,
      "f1": 0.31270029970029967,
      "containment": 0.23,
      "latency_ms": 2622.5643610954285,
      "context_chars": 1924.01
    },
    "4": {
      "n": 100,
      "em": 0.2,
      "f1": 0.33630203130203135,
      "containment": 0.24,
      "latency_ms": 2618.0007219314575,
      "context_chars": 2563.14
    },
    "5": {
      "n": 100,
      "em": 0.18,
      "f1": 0.31915917415917416,
      "containment": 0.22,
      "latency_ms": 2617.628767490387,
      "context_chars": 3202.6
    },
    "6": {
      "n": 100,
      "em": 0.21,
      "f1": 0.33771428571428563,
      "containment": 0.26,
      "latency_ms": 2770.4406309127808,
      "context_chars": 3844.84
    }
  }
}