{
  "shard_index": 8,
  "shard_count": 37,
  "summary": {
    "0": {
      "n": 100,
      "em": 0.36,
      "f1": 0.4810476190476189,
      "containment": 0.43,
      "latency_ms": 2325.8359837532043,
      "context_chars": 0.0
    },
    "1": {
      "n": 100,
      "em": 0.11,
      "f1": 0.15988095238095237,
      "containment": 0.14,
      "latency_ms": 2283.58571767807,
      "context_chars": 635.02
    },
    "2": {
      "n": 100,
      "em": 0.14,
      "f1": 0.19726190476190475,
      "containment": 0.18,
      "latency_ms": 2400.6657195091248,
      "context_chars": 1276.91
    },
    "3": {
      "n": 100,
      "em": 0.2,
      "f1": 0.2583982683982684,
      "containment": 0.23,
      "latency_ms": 2415.9944081306458,
      "context_chars": 1917.21
    },
    "4": {
      "n": 100,
      "em": 0.21,
      "f1": 0.28125541125541126,
      "containment": 0.25,
      "latency_ms": 2490.2559900283813,
      "context_chars": 2559.88
    },
    "5": {
      "n": 100,
      "em": 0.19,
      "f1": 0.26923160173160177,
      "containment": 0.25,
      "latency_ms": 2603.2029581069946,
      "context_chars": 3203.79
    },
    "6": {
      "n": 100,
      "em": 0.19,
      "f1": 0.2715497835497836,
      "containment": 0.25,
      "latency_ms": 2623.234283924103,
      "context_chars": 3846.82
    }
  }
}