{
  "shard_index": 36,
  "shard_count": 37,
  "summary": {
    "0": {
      "n": 10,
      "em": 0.4,
      "f1": 0.5166666666666666,
      "containment": 0.6,
      "latency_ms": 1281.1925411224365,
      "context_chars": 0.0
    },
    "1": {
      "n": 10,
      "em": 0.3,
      "f1": 0.41,
      "containment": 0.5,
      "latency_ms": 1400.735878944397,
      "context_chars": 661.0
    },
    "2": {
      "n": 10,
      "em": 0.3,
      "f1": 0.41,
      "containment": 0.5,
      "latency_ms": 1412.5584125518799,
      "context_chars": 1309.7
    },
    "3": {
      "n": 10,
      "em": 0.3,
      "f1": 0.41,
      "containment": 0.5,
      "latency_ms": 1311.2574577331543,
      "context_chars": 1964.4
    },
    "4": {
      "n": 10,
      "em": 0.3,
      "f1": 0.47666666666666657,
      "containment": 0.6,
      "latency_ms": 1529.6342849731445,
      "context_chars": 2613.0
    },
    "5": {
      "n": 10,
      "em": 0.3,
      "f1": 0.47666666666666657,
      "containment": 0.6,
      "latency_ms": 1606.5455198287964,
      "context_chars": 3258.5
    },
    "6": {
      "n": 10,
      "em": 0.4,
      "f1": 0.5766666666666665,
      "containment": 0.7,
      "latency_ms": 1531.6511392593384,
      "context_chars": 3939.3
    }
  }
}