{
  "dataset": "nq_test",
  "retriever": "BM25_MonoT5",
  "rag_variant": "BM25_MonoT5_Llama70B_k0to6",
  "num_examples": 3610,
  "shots": {
    "0": {
      "n": 3610,
      "em": 0.3476454293628809,
      "f1": 0.46820623468464856,
      "containment": 0.4008310249307479,
      "latency_ms": 895.5508833776881,
      "context_chars": 0.0
    },
    "1": {
      "n": 3610,
      "em": 0.27174515235457064,
      "f1": 0.35980455145408574,
      "containment": 0.3105263157894737,
      "latency_ms": 1139.4222595685076,
      "context_chars": 637.5346260387812
    },
    "2": {
      "n": 3610,
      "em": 0.31024930747922436,
      "f1": 0.41202554634127353,
      "containment": 0.36149584487534625,
      "latency_ms": 1161.5143212585238,
      "context_chars": 1277.4872576177286
    },
    "3": {
      "n": 3610,
      "em": 0.3329639889196676,
      "f1": 0.4394021473926891,
      "containment": 0.3844875346260388,
      "latency_ms": 1172.212289641108,
      "context_chars": 1918.236565096953
    },
    "4": {
      "n": 3610,
      "em": 0.3376731301939058,
      "f1": 0.4483037167820731,
      "containment": 0.40138504155124655,
      "latency_ms": 1186.1775924624499,
      "context_chars": 2559.2936288088645
    },
    "5": {
      "n": 3610,
      "em": 0.34709141274238225,
      "f1": 0.459402701815878,
      "containment": 0.4099722991689751,
      "latency_ms": 1192.2916531232586,
      "context_chars": 3201.173407202216
    },
    "6": {
      "n": 3610,
      "em": 0.34875346260387813,
      "f1": 0.4640617228418657,
      "containment": 0.4188365650969529,
      "latency_ms": 1209.600075196031,
      "context_chars": 3841.0598337950137
    }
  }
}