{
  "shard_index": 0,
  "shard_count": 37,
  "summary": {
    "0": {
      "n": 100,
      "em": 0.29,
      "f1": 0.46684920634920624,
      "containment": 0.39,
      "latency_ms": 890.1958632469177,
      "context_chars": 0.0
    },
    "1": {
      "n": 100,
      "em": 0.21,
      "f1": 0.33682171337434497,
      "containment": 0.27,
      "latency_ms": 1052.129590511322,
      "context_chars": 639.22
    },
    "2": {
      "n": 100,
      "em": 0.22,
      "f1": 0.36415079365079367,
      "containment": 0.31,
      "latency_ms": 1120.7658076286316,
      "context_chars": 1277.63
    },
    "3": {
      "n": 100,
      "em": 0.21,
      "f1": 0.3849848484848484,
      "containment": 0.32,
      "latency_ms": 1162.836811542511,
      "context_chars": 1921.67
    },
    "4": {
      "n": 100,
      "em": 0.22,
      "f1": 0.3771378066378066,
      "containment": 0.32,
      "latency_ms": 1130.2558851242065,
      "context_chars": 2568.29
    },
    "5": {
      "n": 100,
      "em": 0.24,
      "f1": 0.3941378066378066,
      "containment": 0.31,
      "latency_ms": 1100.4693508148193,
      "context_chars": 3205.39
    },
    "6": {
      "n": 100,
      "em": 0.25,
      "f1": 0.4114841269841269,
      "containment": 0.34,
      "latency_ms": 1228.0366849899292,
      "context_chars": 3843.44
    }
  }
}