{
  "shard_index": 7,
  "shard_count": 37,
  "summary": {
    "0": {
      "n": 100,
      "em": 0.32,
      "f1": 0.4580064935064934,
      "containment": 0.39,
      "latency_ms": 1203.3533453941345,
      "context_chars": 0.0
    },
    "1": {
      "n": 100,
      "em": 0.22,
      "f1": 0.31726984126984126,
      "containment": 0.25,
      "latency_ms": 1143.471531867981,
      "context_chars": 637.56
    },
    "2": {
      "n": 100,
      "em": 0.26,
      "f1": 0.3918607503607503,
      "containment": 0.32,
      "latency_ms": 1142.0648193359375,
      "context_chars": 1279.1
    },
    "3": {
      "n": 100,
      "em": 0.3,
      "f1": 0.4343131313131312,
      "containment": 0.37,
      "latency_ms": 1204.436845779419,
      "context_chars": 1922.65
    },
    "4": {
      "n": 100,
      "em": 0.29,
      "f1": 0.41326551226551217,
      "containment": 0.37,
      "latency_ms": 1163.7202501296997,
      "context_chars": 2566.29
    },
    "5": {
      "n": 100,
      "em": 0.29,
      "f1": 0.4242813852813852,
      "containment": 0.39,
      "latency_ms": 1184.5357823371887,
      "context_chars": 3209.53
    },
    "6": {
      "n": 100,
      "em": 0.3,
      "f1": 0.42602886002886,
      "containment": 0.39,
      "latency_ms": 1191.1330914497375,
      "context_chars": 3845.61
    }
  }
}