{
  "shard_index": 12,
  "shard_count": 37,
  "summary": {
    "0": {
      "n": 100,
      "em": 0.44,
      "f1": 0.5715476190476189,
      "containment": 0.53,
      "latency_ms": 874.875853061676,
      "context_chars": 0.0
    },
    "1": {
      "n": 100,
      "em": 0.36,
      "f1": 0.4219194139194139,
      "containment": 0.36,
      "latency_ms": 1209.7586417198181,
      "context_chars": 636.45
    },
    "2": {
      "n": 100,
      "em": 0.35,
      "f1": 0.45966883116883117,
      "containment": 0.42,
      "latency_ms": 1153.5172963142395,
      "context_chars": 1274.22
    },
    "3": {
      "n": 100,
      "em": 0.42,
      "f1": 0.5157142857142856,
      "containment": 0.45,
      "latency_ms": 1125.2388167381287,
      "context_chars": 1917.47
    },
    "4": {
      "n": 100,
      "em": 0.42,
      "f1": 0.5359920634920633,
      "containment": 0.48,
      "latency_ms": 1091.3755536079407,
      "context_chars": 2558.33
    },
    "5": {
      "n": 100,
      "em": 0.41,
      "f1": 0.5375497835497833,
      "containment": 0.49,
      "latency_ms": 1137.787435054779,
      "context_chars": 3196.67
    },
    "6": {
      "n": 100,
      "em": 0.39,
      "f1": 0.5370418470418469,
      "containment": 0.49,
      "latency_ms": 1144.3173456192017,
      "context_chars": 3837.25
    }
  }
}