{
  "shard_index": 15,
  "shard_count": 37,
  "summary": {
    "0": {
      "n": 100,
      "em": 0.28,
      "f1": 0.4073427128427129,
      "containment": 0.31,
      "latency_ms": 876.4996027946472,
      "context_chars": 0.0
    },
    "1": {
      "n": 100,
      "em": 0.18,
      "f1": 0.28961507936507935,
      "containment": 0.22,
      "latency_ms": 1177.02073097229,
      "context_chars": 631.9
    },
    "2": {
      "n": 100,
      "em": 0.26,
      "f1": 0.34565151515151515,
      "containment": 0.29,
      "latency_ms": 1178.2658576965332,
      "context_chars": 1272.04
    },
    "3": {
      "n": 100,
      "em": 0.27,
      "f1": 0.38160317460317456,
      "containment": 0.3,
      "latency_ms": 1159.4127917289734,
      "context_chars": 1914.64
    },
    "4": {
      "n": 100,
      "em": 0.3,
      "f1": 0.4167005772005771,
      "containment": 0.32,
      "latency_ms": 1186.8261766433716,
      "context_chars": 2557.45
    },
    "5": {
      "n": 100,
      "em": 0.31,
      "f1": 0.4276204906204907,
      "containment": 0.34,
      "latency_ms": 1151.7214894294739,
      "context_chars": 3198.71
    },
    "6": {
      "n": 100,
      "em": 0.3,
      "f1": 0.44441341991341987,
      "containment": 0.36,
      "latency_ms": 1156.9170546531677,
      "context_chars": 3847.95
    }
  }
}