{
  "shard_index": 29,
  "shard_count": 37,
  "summary": {
    "0": {
      "n": 100,
      "em": 0.3,
      "f1": 0.4540159357550662,
      "containment": 0.35,
      "latency_ms": 945.0846028327942,
      "context_chars": 0.0
    },
    "1": {
      "n": 100,
      "em": 0.33,
      "f1": 0.44415873015873003,
      "containment": 0.38,
      "latency_ms": 1123.6165928840637,
      "context_chars": 640.12
    },
    "2": {
      "n": 100,
      "em": 0.38,
      "f1": 0.4930439560439559,
      "containment": 0.45,
      "latency_ms": 1141.5847396850586,
      "context_chars": 1291.14
    },
    "3": {
      "n": 100,
      "em": 0.41,
      "f1": 0.5438534798534796,
      "containment": 0.46,
      "latency_ms": 1170.1360893249512,
      "context_chars": 1937.29
    },
    "4": {
      "n": 100,
      "em": 0.39,
      "f1": 0.5333772893772891,
      "containment": 0.45,
      "latency_ms": 1121.2758469581604,
      "context_chars": 2586.61
    },
    "5": {
      "n": 100,
      "em": 0.38,
      "f1": 0.5335970695970693,
      "containment": 0.45,
      "latency_ms": 1114.583821296692,
      "context_chars": 3224.78
    },
    "6": {
      "n": 100,
      "em": 0.37,
      "f1": 0.5250915750915748,
      "containment": 0.44,
      "latency_ms": 1159.783844947815,
      "context_chars": 3865.48
    }
  }
}