{
  "shard_index": 16,
  "shard_count": 37,
  "summary": {
    "0": {
      "n": 100,
      "em": 0.37,
      "f1": 0.46967748917748914,
      "containment": 0.4,
      "latency_ms": 878.2527470588684,
      "context_chars": 0.0
    },
    "1": {
      "n": 100,
      "em": 0.27,
      "f1": 0.36171968554321493,
      "containment": 0.32,
      "latency_ms": 1190.5452847480774,
      "context_chars": 634.51
    },
    "2": {
      "n": 100,
      "em": 0.28,
      "f1": 0.3929101617336911,
      "containment": 0.34,
      "latency_ms": 1154.0028357505798,
      "context_chars": 1276.17
    },
    "3": {
      "n": 100,
      "em": 0.31,
      "f1": 0.4142752410987704,
      "containment": 0.36,
      "latency_ms": 1143.956549167633,
      "context_chars": 1915.43
    },
    "4": {
      "n": 100,
      "em": 0.3,
      "f1": 0.4004486232721526,
      "containment": 0.35,
      "latency_ms": 1201.0056447982788,
      "context_chars": 2554.96
    },
    "5": {
      "n": 100,
      "em": 0.32,
      "f1": 0.4244532714018008,
      "containment": 0.38,
      "latency_ms": 1316.49573802948,
      "context_chars": 3199.89
    },
    "6": {
      "n": 100,
      "em": 0.34,
      "f1": 0.44296968554321486,
      "containment": 0.38,
      "latency_ms": 1164.7924447059631,
      "context_chars": 3844.4
    }
  }
}