{
  "shard_index": 26,
  "shard_count": 37,
  "summary": {
    "0": {
      "n": 100,
      "em": 0.34,
      "f1": 0.4583744588744588,
      "containment": 0.4,
      "latency_ms": 928.6855316162109,
      "context_chars": 0.0
    },
    "1": {
      "n": 100,
      "em": 0.25,
      "f1": 0.3663333333333334,
      "containment": 0.34,
      "latency_ms": 1167.3368048667908,
      "context_chars": 645.69
    },
    "2": {
      "n": 100,
      "em": 0.29,
      "f1": 0.4062397563676633,
      "containment": 0.38,
      "latency_ms": 1241.8368744850159,
      "context_chars": 1289.18
    },
    "3": {
      "n": 100,
      "em": 0.33,
      "f1": 0.4681269841269841,
      "containment": 0.44,
      "latency_ms": 1208.0240964889526,
      "context_chars": 1937.49
    },
    "4": {
      "n": 100,
      "em": 0.36,
      "f1": 0.507047619047619,
      "containment": 0.46,
      "latency_ms": 1224.4203233718872,
      "context_chars": 2583.28
    },
    "5": {
      "n": 100,
      "em": 0.35,
      "f1": 0.4930714285714285,
      "containment": 0.44,
      "latency_ms": 1204.8507022857666,
      "context_chars": 3228.42
    },
    "6": {
      "n": 100,
      "em": 0.38,
      "f1": 0.5200238095238096,
      "containment": 0.48,
      "latency_ms": 1205.04802942276,
      "context_chars": 3869.51
    }
  }
}