{
  "shard_index": 28,
  "shard_count": 37,
  "summary": {
    "0": {
      "n": 100,
      "em": 0.34,
      "f1": 0.4756572316572317,
      "containment": 0.41,
      "latency_ms": 1058.1491613388062,
      "context_chars": 0.0
    },
    "1": {
      "n": 100,
      "em": 0.31,
      "f1": 0.38707092907092905,
      "containment": 0.35,
      "latency_ms": 1261.444764137268,
      "context_chars": 642.14
    },
    "2": {
      "n": 100,
      "em": 0.33,
      "f1": 0.4050882450882451,
      "containment": 0.37,
      "latency_ms": 1373.4497737884521,
      "context_chars": 1286.13
    },
    "3": {
      "n": 100,
      "em": 0.37,
      "f1": 0.45170129870129877,
      "containment": 0.42,
      "latency_ms": 1307.7212452888489,
      "context_chars": 1933.12
    },
    "4": {
      "n": 100,
      "em": 0.37,
      "f1": 0.4722251082251083,
      "containment": 0.41,
      "latency_ms": 1329.7171258926392,
      "context_chars": 2575.38
    },
    "5": {
      "n": 100,
      "em": 0.38,
      "f1": 0.4937390387390388,
      "containment": 0.43,
      "latency_ms": 1357.4575114250183,
      "context_chars": 3217.24
    },
    "6": {
      "n": 100,
      "em": 0.37,
      "f1": 0.49165967365967367,
      "containment": 0.42,
      "latency_ms": 1374.6586608886719,
      "context_chars": 3857.49
    }
  }
}