{
  "shard_index": 8,
  "shard_count": 37,
  "summary": {
    "0": {
      "n": 100,
      "em": 0.32,
      "f1": 0.44535714285714273,
      "containment": 0.39,
      "latency_ms": 1217.7446269989014,
      "context_chars": 0.0
    },
    "1": {
      "n": 100,
      "em": 0.24,
      "f1": 0.30342857142857144,
      "containment": 0.26,
      "latency_ms": 1219.81858253479,
      "context_chars": 640.7
    },
    "2": {
      "n": 100,
      "em": 0.3,
      "f1": 0.3731606232707151,
      "containment": 0.32,
      "latency_ms": 1428.3898401260376,
      "context_chars": 1286.53
    },
    "3": {
      "n": 100,
      "em": 0.31,
      "f1": 0.3915079365079365,
      "containment": 0.33,
      "latency_ms": 1213.919038772583,
      "context_chars": 1933.71
    },
    "4": {
      "n": 100,
      "em": 0.33,
      "f1": 0.4144062049062049,
      "containment": 0.36,
      "latency_ms": 1243.6563968658447,
      "context_chars": 2577.22
    },
    "5": {
      "n": 100,
      "em": 0.32,
      "f1": 0.4068427128427128,
      "containment": 0.36,
      "latency_ms": 1277.2983884811401,
      "context_chars": 3222.06
    },
    "6": {
      "n": 100,
      "em": 0.33,
      "f1": 0.41143001443001437,
      "containment": 0.37,
      "latency_ms": 1255.4867124557495,
      "context_chars": 3863.39
    }
  }
}