{
  "shard_index": 13,
  "shard_count": 37,
  "summary": {
    "0": {
      "n": 100,
      "em": 0.31,
      "f1": 0.45242857142857135,
      "containment": 0.36,
      "latency_ms": 908.0457353591919,
      "context_chars": 0.0
    },
    "1": {
      "n": 100,
      "em": 0.26,
      "f1": 0.38535064935064933,
      "containment": 0.28,
      "latency_ms": 1106.5711283683777,
      "context_chars": 635.27
    },
    "2": {
      "n": 100,
      "em": 0.31,
      "f1": 0.42654256854256845,
      "containment": 0.36,
      "latency_ms": 1195.2799344062805,
      "context_chars": 1271.77
    },
    "3": {
      "n": 100,
      "em": 0.32,
      "f1": 0.4358831168831168,
      "containment": 0.39,
      "latency_ms": 1192.782883644104,
      "context_chars": 1914.3
    },
    "4": {
      "n": 100,
      "em": 0.33,
      "f1": 0.46547763347763343,
      "containment": 0.41,
      "latency_ms": 1259.5629858970642,
      "context_chars": 2549.13
    },
    "5": {
      "n": 100,
      "em": 0.33,
      "f1": 0.47411399711399704,
      "containment": 0.41,
      "latency_ms": 1196.7931985855103,
      "context_chars": 3188.26
    },
    "6": {
      "n": 100,
      "em": 0.32,
      "f1": 0.46785858585858586,
      "containment": 0.42,
      "latency_ms": 1269.483721256256,
      "context_chars": 3826.12
    }
  }
}