{
  "shard_index": 34,
  "shard_count": 37,
  "summary": {
    "0": {
      "n": 100,
      "em": 0.29,
      "f1": 0.40334920634920635,
      "containment": 0.32,
      "latency_ms": 697.7333211898804,
      "context_chars": 0.0
    },
    "1": {
      "n": 100,
      "em": 0.34,
      "f1": 0.4274877344877344,
      "containment": 0.38,
      "latency_ms": 889.6615386009216,
      "context_chars": 641.65
    },
    "2": {
      "n": 100,
      "em": 0.31,
      "f1": 0.4024689374952532,
      "containment": 0.35,
      "latency_ms": 972.1865439414978,
      "context_chars": 1277.99
    },
    "3": {
      "n": 100,
      "em": 0.44,
      "f1": 0.5181701363152975,
      "containment": 0.46,
      "latency_ms": 1013.3634781837463,
      "context_chars": 1920.57
    },
    "4": {
      "n": 100,
      "em": 0.43,
      "f1": 0.5154262862741124,
      "containment": 0.46,
      "latency_ms": 983.1130981445312,
      "context_chars": 2564.85
    },
    "5": {
      "n": 100,
      "em": 0.42,
      "f1": 0.514592952940779,
      "containment": 0.47,
      "latency_ms": 946.6005825996399,
      "context_chars": 3208.31
    },
    "6": {
      "n": 100,
      "em": 0.46,
      "f1": 0.5452630702630702,
      "containment": 0.49,
      "latency_ms": 950.5108046531677,
      "context_chars": 3846.26
    }
  }
}