{
  "shard_index": 23,
  "shard_count": 37,
  "summary": {
    "0": {
      "n": 100,
      "em": 0.42,
      "f1": 0.5193547008547008,
      "containment": 0.47,
      "latency_ms": 908.9223551750183,
      "context_chars": 0.0
    },
    "1": {
      "n": 100,
      "em": 0.27,
      "f1": 0.3566428571428572,
      "containment": 0.33,
      "latency_ms": 1211.0305833816528,
      "context_chars": 640.31
    },
    "2": {
      "n": 100,
      "em": 0.32,
      "f1": 0.41257936507936505,
      "containment": 0.41,
      "latency_ms": 1181.5029072761536,
      "context_chars": 1284.61
    },
    "3": {
      "n": 100,
      "em": 0.34,
      "f1": 0.42826543631806785,
      "containment": 0.41,
      "latency_ms": 1280.030755996704,
      "context_chars": 1930.52
    },
    "4": {
      "n": 100,
      "em": 0.38,
      "f1": 0.4792380952380952,
      "containment": 0.47,
      "latency_ms": 1332.6993203163147,
      "context_chars": 2574.74
    },
    "5": {
      "n": 100,
      "em": 0.38,
      "f1": 0.4837142857142856,
      "containment": 0.47,
      "latency_ms": 1285.8894395828247,
      "context_chars": 3218.97
    },
    "6": {
      "n": 100,
      "em": 0.41,
      "f1": 0.5011507936507935,
      "containment": 0.49,
      "latency_ms": 1359.9551892280579,
      "context_chars": 3861.97
    }
  }
}