{
  "shard_index": 30,
  "shard_count": 37,
  "summary": {
    "0": {
      "n": 100,
      "em": 0.41,
      "f1": 0.5391688311688312,
      "containment": 0.45,
      "latency_ms": 947.4567866325378,
      "context_chars": 0.0
    },
    "1": {
      "n": 100,
      "em": 0.4,
      "f1": 0.48741269841269835,
      "containment": 0.44,
      "latency_ms": 1112.0970273017883,
      "context_chars": 639.37
    },
    "2": {
      "n": 100,
      "em": 0.43,
      "f1": 0.5425198412698412,
      "containment": 0.48,
      "latency_ms": 1125.9681677818298,
      "context_chars": 1283.43
    },
    "3": {
      "n": 100,
      "em": 0.47,
      "f1": 0.558358669108669,
      "containment": 0.5,
      "latency_ms": 1138.1280899047852,
      "context_chars": 1925.05
    },
    "4": {
      "n": 100,
      "em": 0.43,
      "f1": 0.536126984126984,
      "containment": 0.48,
      "latency_ms": 1187.7003121376038,
      "context_chars": 2569.14
    },
    "5": {
      "n": 100,
      "em": 0.44,
      "f1": 0.5516800976800975,
      "containment": 0.48,
      "latency_ms": 1123.877079486847,
      "context_chars": 3210.38
    },
    "6": {
      "n": 100,
      "em": 0.47,
      "f1": 0.5784236874236873,
      "containment": 0.49,
      "latency_ms": 1160.423448085785,
      "context_chars": 3856.64
    }
  }
}