{
  "shard_index": 11,
  "shard_count": 37,
  "summary": {
    "0": {
      "n": 100,
      "em": 0.39,
      "f1": 0.49274675324675327,
      "containment": 0.44,
      "latency_ms": 963.5025835037231,
      "context_chars": 0.0
    },
    "1": {
      "n": 100,
      "em": 0.31,
      "f1": 0.40597619047619043,
      "containment": 0.39,
      "latency_ms": 1140.3386688232422,
      "context_chars": 633.93
    },
    "2": {
      "n": 100,
      "em": 0.38,
      "f1": 0.4656125541125541,
      "containment": 0.44,
      "latency_ms": 1267.855429649353,
      "context_chars": 1275.23
    },
    "3": {
      "n": 100,
      "em": 0.4,
      "f1": 0.4899816017316017,
      "containment": 0.47,
      "latency_ms": 1228.5728931427002,
      "context_chars": 1914.1
    },
    "4": {
      "n": 100,
      "em": 0.39,
      "f1": 0.5010031590031588,
      "containment": 0.49,
      "latency_ms": 1299.9496674537659,
      "context_chars": 2554.1
    },
    "5": {
      "n": 100,
      "em": 0.43,
      "f1": 0.5397164502164502,
      "containment": 0.5,
      "latency_ms": 1219.0200638771057,
      "context_chars": 3188.28
    },
    "6": {
      "n": 100,
      "em": 0.41,
      "f1": 0.5278347763347763,
      "containment": 0.48,
      "latency_ms": 1257.6066088676453,
      "context_chars": 3824.5
    }
  }
}