{
  "shard_index": 27,
  "shard_count": 37,
  "summary": {
    "0": {
      "n": 100,
      "em": 0.36,
      "f1": 0.4699285714285714,
      "containment": 0.38,
      "latency_ms": 889.1568112373352,
      "context_chars": 0.0
    },
    "1": {
      "n": 100,
      "em": 0.26,
      "f1": 0.3610317460317461,
      "containment": 0.32,
      "latency_ms": 1099.1967821121216,
      "context_chars": 632.54
    },
    "2": {
      "n": 100,
      "em": 0.34,
      "f1": 0.4464920634920636,
      "containment": 0.38,
      "latency_ms": 1110.5198311805725,
      "context_chars": 1271.3
    },
    "3": {
      "n": 100,
      "em": 0.37,
      "f1": 0.48530158730158734,
      "containment": 0.41,
      "latency_ms": 1117.7690410614014,
      "context_chars": 1912.31
    },
    "4": {
      "n": 100,
      "em": 0.39,
      "f1": 0.5219206349206349,
      "containment": 0.42,
      "latency_ms": 1064.4759464263916,
      "context_chars": 2548.94
    },
    "5": {
      "n": 100,
      "em": 0.43,
      "f1": 0.5402539682539682,
      "containment": 0.44,
      "latency_ms": 1158.1335496902466,
      "context_chars": 3187.29
    },
    "6": {
      "n": 100,
      "em": 0.43,
      "f1": 0.5524920634920634,
      "containment": 0.44,
      "latency_ms": 1127.5356316566467,
      "context_chars": 3822.39
    }
  }
}