{
  "shard_index": 22,
  "shard_count": 37,
  "summary": {
    "0": {
      "n": 100,
      "em": 0.33,
      "f1": 0.45195238095238094,
      "containment": 0.4,
      "latency_ms": 974.226348400116,
      "context_chars": 0.0
    },
    "1": {
      "n": 100,
      "em": 0.24,
      "f1": 0.3183058608058608,
      "containment": 0.3,
      "latency_ms": 1105.707769393921,
      "context_chars": 635.16
    },
    "2": {
      "n": 100,
      "em": 0.34,
      "f1": 0.433607448107448,
      "containment": 0.42,
      "latency_ms": 1142.278356552124,
      "context_chars": 1273.14
    },
    "3": {
      "n": 100,
      "em": 0.36,
      "f1": 0.4437185592185591,
      "containment": 0.43,
      "latency_ms": 1171.7766046524048,
      "context_chars": 1908.53
    },
    "4": {
      "n": 100,
      "em": 0.39,
      "f1": 0.4987185592185591,
      "containment": 0.48,
      "latency_ms": 1203.0774021148682,
      "context_chars": 2553.75
    },
    "5": {
      "n": 100,
      "em": 0.4,
      "f1": 0.49471062271062266,
      "containment": 0.48,
      "latency_ms": 1207.943103313446,
      "context_chars": 3193.74
    },
    "6": {
      "n": 100,
      "em": 0.4,
      "f1": 0.4823296703296702,
      "containment": 0.46,
      "latency_ms": 1231.9151186943054,
      "context_chars": 3832.93
    }
  }
}