{
  "shard_index": 14,
  "shard_count": 37,
  "summary": {
    "0": {
      "n": 100,
      "em": 0.39,
      "f1": 0.49488095238095225,
      "containment": 0.4,
      "latency_ms": 847.4987626075745,
      "context_chars": 0.0
    },
    "1": {
      "n": 100,
      "em": 0.27,
      "f1": 0.3503809523809524,
      "containment": 0.29,
      "latency_ms": 1075.2162551879883,
      "context_chars": 641.37
    },
    "2": {
      "n": 100,
      "em": 0.34,
      "f1": 0.42438095238095236,
      "containment": 0.36,
      "latency_ms": 1096.3687992095947,
      "context_chars": 1289.74
    },
    "3": {
      "n": 100,
      "em": 0.32,
      "f1": 0.4478467643467642,
      "containment": 0.37,
      "latency_ms": 1083.3135032653809,
      "context_chars": 1931.6
    },
    "4": {
      "n": 100,
      "em": 0.34,
      "f1": 0.4557039072039072,
      "containment": 0.39,
      "latency_ms": 1079.749128818512,
      "context_chars": 2568.84
    },
    "5": {
      "n": 100,
      "em": 0.35,
      "f1": 0.4990848595848595,
      "containment": 0.42,
      "latency_ms": 1133.4982824325562,
      "context_chars": 3211.86
    },
    "6": {
      "n": 100,
      "em": 0.34,
      "f1": 0.4840848595848595,
      "containment": 0.4,
      "latency_ms": 1149.6273136138916,
      "context_chars": 3857.86
    }
  }
}