{
  "shard_index": 17,
  "shard_count": 37,
  "summary": {
    "0": {
      "n": 100,
      "em": 0.39,
      "f1": 0.4963058608058607,
      "containment": 0.41,
      "latency_ms": 857.4865007400513,
      "context_chars": 0.0
    },
    "1": {
      "n": 100,
      "em": 0.27,
      "f1": 0.33621645021645025,
      "containment": 0.29,
      "latency_ms": 1236.022138595581,
      "context_chars": 639.62
    },
    "2": {
      "n": 100,
      "em": 0.37,
      "f1": 0.44676406926406925,
      "containment": 0.41,
      "latency_ms": 1364.3411564826965,
      "context_chars": 1284.97
    },
    "3": {
      "n": 100,
      "em": 0.4,
      "f1": 0.5063792318792318,
      "containment": 0.45,
      "latency_ms": 1370.3388237953186,
      "context_chars": 1924.13
    },
    "4": {
      "n": 100,
      "em": 0.39,
      "f1": 0.49417460317460304,
      "containment": 0.44,
      "latency_ms": 1259.667456150055,
      "context_chars": 2573.81
    },
    "5": {
      "n": 100,
      "em": 0.41,
      "f1": 0.516067821067821,
      "containment": 0.46,
      "latency_ms": 1308.0556964874268,
      "context_chars": 3215.83
    },
    "6": {
      "n": 100,
      "em": 0.41,
      "f1": 0.5244805194805194,
      "containment": 0.46,
      "latency_ms": 1300.3192830085754,
      "context_chars": 3858.0
    }
  }
}