{
  "shard_index": 2,
  "shard_count": 37,
  "summary": {
    "0": {
      "n": 100,
      "em": 0.38,
      "f1": 0.5207912087912087,
      "containment": 0.48,
      "latency_ms": 915.8442950248718,
      "context_chars": 0.0
    },
    "1": {
      "n": 100,
      "em": 0.21,
      "f1": 0.3039545454545454,
      "containment": 0.25,
      "latency_ms": 1175.361888408661,
      "context_chars": 632.6
    },
    "2": {
      "n": 100,
      "em": 0.23,
      "f1": 0.3521275065930238,
      "containment": 0.32,
      "latency_ms": 1290.4747891426086,
      "context_chars": 1274.56
    },
    "3": {
      "n": 100,
      "em": 0.27,
      "f1": 0.38896320346320334,
      "containment": 0.36,
      "latency_ms": 1244.6569609642029,
      "context_chars": 1905.67
    },
    "4": {
      "n": 100,
      "em": 0.31,
      "f1": 0.44802380952380944,
      "containment": 0.42,
      "latency_ms": 1223.739652633667,
      "context_chars": 2544.7
    },
    "5": {
      "n": 100,
      "em": 0.33,
      "f1": 0.4622460317460317,
      "containment": 0.44,
      "latency_ms": 1198.5302567481995,
      "context_chars": 3178.94
    },
    "6": {
      "n": 100,
      "em": 0.33,
      "f1": 0.4568419913419913,
      "containment": 0.44,
      "latency_ms": 1184.238522052765,
      "context_chars": 3820.97
    }
  }
}