{
  "shard_index": 1,
  "shard_count": 37,
  "summary": {
    "0": {
      "n": 100,
      "em": 0.34,
      "f1": 0.44699999999999995,
      "containment": 0.38,
      "latency_ms": 808.7180328369141,
      "context_chars": 0.0
    },
    "1": {
      "n": 100,
      "em": 0.29,
      "f1": 0.3740992063492063,
      "containment": 0.35,
      "latency_ms": 1163.3898520469666,
      "context_chars": 637.0
    },
    "2": {
      "n": 100,
      "em": 0.35,
      "f1": 0.44821031746031736,
      "containment": 0.43,
      "latency_ms": 1159.8039317131042,
      "context_chars": 1281.16
    },
    "3": {
      "n": 100,
      "em": 0.38,
      "f1": 0.489126984126984,
      "containment": 0.45,
      "latency_ms": 1193.0645322799683,
      "context_chars": 1924.4
    },
    "4": {
      "n": 100,
      "em": 0.38,
      "f1": 0.5097608225108224,
      "containment": 0.5,
      "latency_ms": 1198.543872833252,
      "context_chars": 2565.68
    },
    "5": {
      "n": 100,
      "em": 0.36,
      "f1": 0.503968253968254,
      "containment": 0.51,
      "latency_ms": 1306.3443493843079,
      "context_chars": 3206.84
    },
    "6": {
      "n": 100,
      "em": 0.4,
      "f1": 0.5571179653679653,
      "containment": 0.54,
      "latency_ms": 1197.830958366394,
      "context_chars": 3849.78
    }
  }
}