{
  "shard_index": 3,
  "shard_count": 37,
  "summary": {
    "0": {
      "n": 100,
      "em": 0.37,
      "f1": 0.4734047619047617,
      "containment": 0.47,
      "latency_ms": 920.4768204689026,
      "context_chars": 0.0
    },
    "1": {
      "n": 100,
      "em": 0.25,
      "f1": 0.3412063492063492,
      "containment": 0.32,
      "latency_ms": 1133.025872707367,
      "context_chars": 645.54
    },
    "2": {
      "n": 100,
      "em": 0.31,
      "f1": 0.406126984126984,
      "containment": 0.39,
      "latency_ms": 1171.7615103721619,
      "context_chars": 1279.0
    },
    "3": {
      "n": 100,
      "em": 0.36,
      "f1": 0.45986507936507925,
      "containment": 0.46,
      "latency_ms": 1135.3895616531372,
      "context_chars": 1916.98
    },
    "4": {
      "n": 100,
      "em": 0.35,
      "f1": 0.4540317460317459,
      "containment": 0.46,
      "latency_ms": 1110.328767299652,
      "context_chars": 2557.41
    },
    "5": {
      "n": 100,
      "em": 0.38,
      "f1": 0.47715079365079355,
      "containment": 0.47,
      "latency_ms": 1108.9779162406921,
      "context_chars": 3197.07
    },
    "6": {
      "n": 100,
      "em": 0.34,
      "f1": 0.4575079365079364,
      "containment": 0.47,
      "latency_ms": 1144.7300457954407,
      "context_chars": 3840.04
    }
  }
}