{
  "shard_index": 20,
  "shard_count": 37,
  "summary": {
    "0": {
      "n": 100,
      "em": 0.35,
      "f1": 0.43479914529914526,
      "containment": 0.39,
      "latency_ms": 963.6681270599365,
      "context_chars": 0.0
    },
    "1": {
      "n": 100,
      "em": 0.32,
      "f1": 0.4167142857142857,
      "containment": 0.35,
      "latency_ms": 1188.7245225906372,
      "context_chars": 635.59
    },
    "2": {
      "n": 100,
      "em": 0.36,
      "f1": 0.4565714285714286,
      "containment": 0.37,
      "latency_ms": 1062.9407739639282,
      "context_chars": 1269.55
    },
    "3": {
      "n": 100,
      "em": 0.38,
      "f1": 0.476063492063492,
      "containment": 0.39,
      "latency_ms": 1147.634425163269,
      "context_chars": 1908.85
    },
    "4": {
      "n": 100,
      "em": 0.38,
      "f1": 0.4842899877899878,
      "containment": 0.4,
      "latency_ms": 1156.4219093322754,
      "context_chars": 2549.69
    },
    "5": {
      "n": 100,
      "em": 0.37,
      "f1": 0.48610500610500607,
      "containment": 0.43,
      "latency_ms": 1251.3174414634705,
      "context_chars": 3191.7
    },
    "6": {
      "n": 100,
      "em": 0.41,
      "f1": 0.5242872405372406,
      "containment": 0.47,
      "latency_ms": 1317.6975679397583,
      "context_chars": 3838.31
    }
  }
}