{
  "shard_index": 10,
  "shard_count": 37,
  "summary": {
    "0": {
      "n": 100,
      "em": 0.38,
      "f1": 0.4766868131868131,
      "containment": 0.36,
      "latency_ms": 863.8169598579407,
      "context_chars": 0.0
    },
    "1": {
      "n": 100,
      "em": 0.41,
      "f1": 0.4813799533799534,
      "containment": 0.42,
      "latency_ms": 1198.6479902267456,
      "context_chars": 635.74
    },
    "2": {
      "n": 100,
      "em": 0.43,
      "f1": 0.501120082815735,
      "containment": 0.46,
      "latency_ms": 1215.2133584022522,
      "context_chars": 1275.25
    },
    "3": {
      "n": 100,
      "em": 0.45,
      "f1": 0.5317991341991342,
      "containment": 0.48,
      "latency_ms": 1203.7133574485779,
      "context_chars": 1910.09
    },
    "4": {
      "n": 100,
      "em": 0.44,
      "f1": 0.5179479853479853,
      "containment": 0.49,
      "latency_ms": 1289.8245573043823,
      "context_chars": 2548.61
    },
    "5": {
      "n": 100,
      "em": 0.46,
      "f1": 0.5506021645021644,
      "containment": 0.51,
      "latency_ms": 1180.2476239204407,
      "context_chars": 3187.59
    },
    "6": {
      "n": 100,
      "em": 0.45,
      "f1": 0.5478264957264956,
      "containment": 0.51,
      "latency_ms": 1280.9084224700928,
      "context_chars": 3823.43
    }
  }
}