{
  "shard_index": 25,
  "shard_count": 37,
  "summary": {
    "0": {
      "n": 100,
      "em": 0.37,
      "f1": 0.48767965367965366,
      "containment": 0.42,
      "latency_ms": 930.0058674812317,
      "context_chars": 0.0
    },
    "1": {
      "n": 100,
      "em": 0.35,
      "f1": 0.4268184038184038,
      "containment": 0.4,
      "latency_ms": 1162.0936727523804,
      "context_chars": 634.93
    },
    "2": {
      "n": 100,
      "em": 0.35,
      "f1": 0.43262193362193374,
      "containment": 0.43,
      "latency_ms": 1248.8946723937988,
      "context_chars": 1278.39
    },
    "3": {
      "n": 100,
      "em": 0.39,
      "f1": 0.488025974025974,
      "containment": 0.48,
      "latency_ms": 1165.0457096099854,
      "context_chars": 1923.44
    },
    "4": {
      "n": 100,
      "em": 0.4,
      "f1": 0.5042720057720057,
      "containment": 0.48,
      "latency_ms": 1213.530833721161,
      "context_chars": 2564.91
    },
    "5": {
      "n": 100,
      "em": 0.42,
      "f1": 0.5144148629148628,
      "containment": 0.51,
      "latency_ms": 1252.2770714759827,
      "context_chars": 3212.07
    },
    "6": {
      "n": 100,
      "em": 0.42,
      "f1": 0.5252481962481962,
      "containment": 0.51,
      "latency_ms": 1299.9210834503174,
      "context_chars": 3854.16
    }
  }
}