{
  "shard_index": 6,
  "shard_count": 37,
  "summary": {
    "0": {
      "n": 100,
      "em": 0.34,
      "f1": 0.4776269841269841,
      "containment": 0.4,
      "latency_ms": 923.4508037567139,
      "context_chars": 0.0
    },
    "1": {
      "n": 100,
      "em": 0.27,
      "f1": 0.33843528693528696,
      "containment": 0.3,
      "latency_ms": 1143.3324670791626,
      "context_chars": 641.84
    },
    "2": {
      "n": 100,
      "em": 0.33,
      "f1": 0.43205649905649907,
      "containment": 0.42,
      "latency_ms": 1191.4787650108337,
      "context_chars": 1281.5
    },
    "3": {
      "n": 100,
      "em": 0.35,
      "f1": 0.4619136419136419,
      "containment": 0.45,
      "latency_ms": 1234.7707962989807,
      "context_chars": 1921.72
    },
    "4": {
      "n": 100,
      "em": 0.38,
      "f1": 0.48084004884004883,
      "containment": 0.47,
      "latency_ms": 1159.279658794403,
      "context_chars": 2563.84
    },
    "5": {
      "n": 100,
      "em": 0.37,
      "f1": 0.4881733821733822,
      "containment": 0.49,
      "latency_ms": 1224.6958947181702,
      "context_chars": 3208.4
    },
    "6": {
      "n": 100,
      "em": 0.37,
      "f1": 0.488968253968254,
      "containment": 0.47,
      "latency_ms": 1186.547372341156,
      "context_chars": 3857.08
    }
  }
}