{
  "shard_index": 21,
  "shard_count": 37,
  "summary": {
    "0": {
      "n": 100,
      "em": 0.39,
      "f1": 0.4699285714285714,
      "containment": 0.42,
      "latency_ms": 871.5528035163879,
      "context_chars": 0.0
    },
    "1": {
      "n": 100,
      "em": 0.25,
      "f1": 0.3281587301587301,
      "containment": 0.26,
      "latency_ms": 1103.0268502235413,
      "context_chars": 624.08
    },
    "2": {
      "n": 100,
      "em": 0.34,
      "f1": 0.4527289377289377,
      "containment": 0.4,
      "latency_ms": 1143.4807062149048,
      "context_chars": 1260.1
    },
    "3": {
      "n": 100,
      "em": 0.36,
      "f1": 0.4758095238095236,
      "containment": 0.42,
      "latency_ms": 1115.5369400978088,
      "context_chars": 1899.85
    },
    "4": {
      "n": 100,
      "em": 0.39,
      "f1": 0.5066190476190474,
      "containment": 0.44,
      "latency_ms": 1102.2472310066223,
      "context_chars": 2538.3
    },
    "5": {
      "n": 100,
      "em": 0.4,
      "f1": 0.5376190476190473,
      "containment": 0.5,
      "latency_ms": 1181.6021919250488,
      "context_chars": 3171.87
    },
    "6": {
      "n": 100,
      "em": 0.4,
      "f1": 0.5269523809523807,
      "containment": 0.5,
      "latency_ms": 1061.0591268539429,
      "context_chars": 3802.97
    }
  }
}