{
  "shard_index": 35,
  "shard_count": 37,
  "summary": {
    "0": {
      "n": 100,
      "em": 0.31,
      "f1": 0.3922619047619048,
      "containment": 0.36,
      "latency_ms": 495.7137608528137,
      "context_chars": 0.0
    },
    "1": {
      "n": 100,
      "em": 0.24,
      "f1": 0.30260317460317465,
      "containment": 0.25,
      "latency_ms": 706.3251948356628,
      "context_chars": 645.43
    },
    "2": {
      "n": 100,
      "em": 0.28,
      "f1": 0.3695815295815297,
      "containment": 0.31,
      "latency_ms": 722.259669303894,
      "context_chars": 1289.7
    },
    "3": {
      "n": 100,
      "em": 0.31,
      "f1": 0.4122222222222222,
      "containment": 0.36,
      "latency_ms": 708.1952524185181,
      "context_chars": 1935.78
    },
    "4": {
      "n": 100,
      "em": 0.32,
      "f1": 0.4265510636317088,
      "containment": 0.38,
      "latency_ms": 784.6792507171631,
      "context_chars": 2583.6
    },
    "5": {
      "n": 100,
      "em": 0.35,
      "f1": 0.462594017094017,
      "containment": 0.42,
      "latency_ms": 787.1516394615173,
      "context_chars": 3230.88
    },
    "6": {
      "n": 100,
      "em": 0.37,
      "f1": 0.48063514263514256,
      "containment": 0.44,
      "latency_ms": 751.8060326576233,
      "context_chars": 3872.06
    }
  }
}