{
  "shard_index": 33,
  "shard_count": 37,
  "summary": {
    "0": {
      "n": 100,
      "em": 0.39,
      "f1": 0.49869047619047613,
      "containment": 0.4,
      "latency_ms": 951.662347316742,
      "context_chars": 0.0
    },
    "1": {
      "n": 100,
      "em": 0.26,
      "f1": 0.342313025210084,
      "containment": 0.27,
      "latency_ms": 1170.7829880714417,
      "context_chars": 634.2
    },
    "2": {
      "n": 100,
      "em": 0.36,
      "f1": 0.4572545456779203,
      "containment": 0.37,
      "latency_ms": 1273.760838508606,
      "context_chars": 1274.04
    },
    "3": {
      "n": 100,
      "em": 0.4,
      "f1": 0.509563025210084,
      "containment": 0.43,
      "latency_ms": 1222.2924971580505,
      "context_chars": 1913.11
    },
    "4": {
      "n": 100,
      "em": 0.41,
      "f1": 0.5116463585434173,
      "containment": 0.43,
      "latency_ms": 1323.9274859428406,
      "context_chars": 2550.62
    },
    "5": {
      "n": 100,
      "em": 0.42,
      "f1": 0.5175828664799252,
      "containment": 0.42,
      "latency_ms": 1188.5952591896057,
      "context_chars": 3188.36
    },
    "6": {
      "n": 100,
      "em": 0.43,
      "f1": 0.5259161998132587,
      "containment": 0.42,
      "latency_ms": 1234.5411896705627,
      "context_chars": 3835.59
    }
  }
}