{
  "shard_index": 24,
  "shard_count": 37,
  "summary": {
    "0": {
      "n": 100,
      "em": 0.21,
      "f1": 0.36628571428571427,
      "containment": 0.34,
      "latency_ms": 837.7184438705444,
      "context_chars": 0.0
    },
    "1": {
      "n": 100,
      "em": 0.22,
      "f1": 0.28067676767676764,
      "containment": 0.24,
      "latency_ms": 1057.8108191490173,
      "context_chars": 645.27
    },
    "2": {
      "n": 100,
      "em": 0.28,
      "f1": 0.3579010989010989,
      "containment": 0.33,
      "latency_ms": 1078.5935926437378,
      "context_chars": 1289.71
    },
    "3": {
      "n": 100,
      "em": 0.29,
      "f1": 0.36390109890109884,
      "containment": 0.34,
      "latency_ms": 1076.4484763145447,
      "context_chars": 1932.43
    },
    "4": {
      "n": 100,
      "em": 0.3,
      "f1": 0.39852442002442,
      "containment": 0.4,
      "latency_ms": 1173.6764669418335,
      "context_chars": 2575.67
    },
    "5": {
      "n": 100,
      "em": 0.28,
      "f1": 0.3912545787545787,
      "containment": 0.39,
      "latency_ms": 1160.6187105178833,
      "context_chars": 3221.9
    },
    "6": {
      "n": 100,
      "em": 0.33,
      "f1": 0.4281990231990232,
      "containment": 0.43,
      "latency_ms": 1150.8220553398132,
      "context_chars": 3864.5
    }
  }
}