{
  "shard_index": 9,
  "shard_count": 37,
  "summary": {
    "0": {
      "n": 100,
      "em": 0.36,
      "f1": 0.5034658119658119,
      "containment": 0.39,
      "latency_ms": 915.3987288475037,
      "context_chars": 0.0
    },
    "1": {
      "n": 100,
      "em": 0.18,
      "f1": 0.3024920634920635,
      "containment": 0.27,
      "latency_ms": 1189.2922949790955,
      "context_chars": 634.59
    },
    "2": {
      "n": 100,
      "em": 0.29,
      "f1": 0.39393650793650786,
      "containment": 0.35,
      "latency_ms": 1178.7591099739075,
      "context_chars": 1279.99
    },
    "3": {
      "n": 100,
      "em": 0.33,
      "f1": 0.43360317460317455,
      "containment": 0.37,
      "latency_ms": 1200.3635120391846,
      "context_chars": 1915.19
    },
    "4": {
      "n": 100,
      "em": 0.33,
      "f1": 0.4461587301587301,
      "containment": 0.36,
      "latency_ms": 1203.7586307525635,
      "context_chars": 2567.98
    },
    "5": {
      "n": 100,
      "em": 0.34,
      "f1": 0.4499920634920634,
      "containment": 0.38,
      "latency_ms": 1210.6431412696838,
      "context_chars": 3212.8
    },
    "6": {
      "n": 100,
      "em": 0.34,
      "f1": 0.4610829725829725,
      "containment": 0.38,
      "latency_ms": 1303.8803482055664,
      "context_chars": 3859.77
    }
  }
}