{
  "shard_index": 18,
  "shard_count": 37,
  "summary": {
    "0": {
      "n": 100,
      "em": 0.34,
      "f1": 0.49470851370851376,
      "containment": 0.4,
      "latency_ms": 891.9140672683716,
      "context_chars": 0.0
    },
    "1": {
      "n": 100,
      "em": 0.3,
      "f1": 0.43190476190476196,
      "containment": 0.37,
      "latency_ms": 1104.671175479889,
      "context_chars": 636.83
    },
    "2": {
      "n": 100,
      "em": 0.3,
      "f1": 0.4357142857142857,
      "containment": 0.36,
      "latency_ms": 1201.1295223236084,
      "context_chars": 1278.14
    },
    "3": {
      "n": 100,
      "em": 0.37,
      "f1": 0.5072727272727271,
      "containment": 0.43,
      "latency_ms": 1125.4420518875122,
      "context_chars": 1920.39
    },
    "4": {
      "n": 100,
      "em": 0.36,
      "f1": 0.5078203463203461,
      "containment": 0.44,
      "latency_ms": 1230.7187247276306,
      "context_chars": 2564.92
    },
    "5": {
      "n": 100,
      "em": 0.37,
      "f1": 0.5213815041167981,
      "containment": 0.46,
      "latency_ms": 1191.9944071769714,
      "context_chars": 3207.22
    },
    "6": {
      "n": 100,
      "em": 0.38,
      "f1": 0.5388852813852812,
      "containment": 0.47,
      "latency_ms": 1172.5395154953003,
      "context_chars": 3844.33
    }
  }
}