{
  "shard_index": 5,
  "shard_count": 37,
  "summary": {
    "0": {
      "n": 100,
      "em": 0.35,
      "f1": 0.49533333333333324,
      "containment": 0.42,
      "latency_ms": 923.994357585907,
      "context_chars": 0.0
    },
    "1": {
      "n": 100,
      "em": 0.25,
      "f1": 0.3512666666666667,
      "containment": 0.32,
      "latency_ms": 1484.8335242271423,
      "context_chars": 638.79
    },
    "2": {
      "n": 100,
      "em": 0.28,
      "f1": 0.40028571428571424,
      "containment": 0.36,
      "latency_ms": 1211.1215353012085,
      "context_chars": 1281.89
    },
    "3": {
      "n": 100,
      "em": 0.35,
      "f1": 0.4681746031746031,
      "containment": 0.42,
      "latency_ms": 1609.476170539856,
      "context_chars": 1925.93
    },
    "4": {
      "n": 100,
      "em": 0.38,
      "f1": 0.4754022988505746,
      "containment": 0.44,
      "latency_ms": 1266.367576122284,
      "context_chars": 2573.64
    },
    "5": {
      "n": 100,
      "em": 0.38,
      "f1": 0.47330622710622705,
      "containment": 0.46,
      "latency_ms": 1536.2231755256653,
      "context_chars": 3216.84
    },
    "6": {
      "n": 100,
      "em": 0.38,
      "f1": 0.4742967032967032,
      "containment": 0.45,
      "latency_ms": 1236.523654460907,
      "context_chars": 3862.88
    }
  }
}