{
  "shard_index": 4,
  "shard_count": 37,
  "summary": {
    "0": {
      "n": 100,
      "em": 0.39,
      "f1": 0.4978721804511277,
      "containment": 0.45,
      "latency_ms": 938.1720757484436,
      "context_chars": 0.0
    },
    "1": {
      "n": 100,
      "em": 0.26,
      "f1": 0.3361261487050961,
      "containment": 0.31,
      "latency_ms": 1228.8498044013977,
      "context_chars": 636.35
    },
    "2": {
      "n": 100,
      "em": 0.29,
      "f1": 0.3959205209994684,
      "containment": 0.39,
      "latency_ms": 1323.7075877189636,
      "context_chars": 1276.43
    },
    "3": {
      "n": 100,
      "em": 0.36,
      "f1": 0.46310233918128646,
      "containment": 0.44,
      "latency_ms": 1238.4987950325012,
      "context_chars": 1912.51
    },
    "4": {
      "n": 100,
      "em": 0.33,
      "f1": 0.4325720361509835,
      "containment": 0.43,
      "latency_ms": 1261.8612241744995,
      "context_chars": 2555.36
    },
    "5": {
      "n": 100,
      "em": 0.36,
      "f1": 0.47264831619278086,
      "containment": 0.46,
      "latency_ms": 1325.8832955360413,
      "context_chars": 3196.3
    },
    "6": {
      "n": 100,
      "em": 0.39,
      "f1": 0.49309276063722524,
      "containment": 0.48,
      "latency_ms": 1323.59543800354,
      "context_chars": 3839.01
    }
  }
}