{
  "shard_index": 19,
  "shard_count": 37,
  "summary": {
    "0": {
      "n": 100,
      "em": 0.3,
      "f1": 0.39686163836163835,
      "containment": 0.35,
      "latency_ms": 1119.422218799591,
      "context_chars": 0.0
    },
    "1": {
      "n": 100,
      "em": 0.27,
      "f1": 0.3486526610644258,
      "containment": 0.29,
      "latency_ms": 1106.3548707962036,
      "context_chars": 636.2
    },
    "2": {
      "n": 100,
      "em": 0.35,
      "f1": 0.4002002801120447,
      "containment": 0.34,
      "latency_ms": 1209.8762369155884,
      "context_chars": 1270.24
    },
    "3": {
      "n": 100,
      "em": 0.34,
      "f1": 0.4134578558696205,
      "containment": 0.35,
      "latency_ms": 1191.2582087516785,
      "context_chars": 1902.26
    },
    "4": {
      "n": 100,
      "em": 0.34,
      "f1": 0.43747186147186135,
      "containment": 0.38,
      "latency_ms": 1216.8952322006226,
      "context_chars": 2539.09
    },
    "5": {
      "n": 100,
      "em": 0.37,
      "f1": 0.4696147186147185,
      "containment": 0.4,
      "latency_ms": 1214.0454530715942,
      "context_chars": 3175.34
    },
    "6": {
      "n": 100,
      "em": 0.35,
      "f1": 0.4568369408369407,
      "containment": 0.4,
      "latency_ms": 1194.834110736847,
      "context_chars": 3807.97
    }
  }
}