{
  "shard_index": 32,
  "shard_count": 37,
  "summary": {
    "0": {
      "n": 100,
      "em": 0.29,
      "f1": 0.4403809523809523,
      "containment": 0.38,
      "latency_ms": 931.70414686203,
      "context_chars": 0.0
    },
    "1": {
      "n": 100,
      "em": 0.21,
      "f1": 0.31471802054155,
      "containment": 0.29,
      "latency_ms": 1210.5672907829285,
      "context_chars": 633.24
    },
    "2": {
      "n": 100,
      "em": 0.23,
      "f1": 0.37240688396570737,
      "containment": 0.33,
      "latency_ms": 1308.1598949432373,
      "context_chars": 1266.64
    },
    "3": {
      "n": 100,
      "em": 0.31,
      "f1": 0.4573548085901026,
      "containment": 0.4,
      "latency_ms": 1277.9766988754272,
      "context_chars": 1904.92
    },
    "4": {
      "n": 100,
      "em": 0.32,
      "f1": 0.4710396825396824,
      "containment": 0.39,
      "latency_ms": 1273.3513402938843,
      "context_chars": 2547.37
    },
    "5": {
      "n": 100,
      "em": 0.33,
      "f1": 0.48187518037518035,
      "containment": 0.43,
      "latency_ms": 1309.899663925171,
      "context_chars": 3190.7
    },
    "6": {
      "n": 100,
      "em": 0.33,
      "f1": 0.48549422799422787,
      "containment": 0.44,
      "latency_ms": 1210.7688307762146,
      "context_chars": 3830.65
    }
  }
}