{
  "shard_index": 31,
  "shard_count": 37,
  "summary": {
    "0": {
      "n": 100,
      "em": 0.33,
      "f1": 0.42186716791979945,
      "containment": 0.36,
      "latency_ms": 1008.696608543396,
      "context_chars": 0.0
    },
    "1": {
      "n": 100,
      "em": 0.31,
      "f1": 0.39915079365079364,
      "containment": 0.34,
      "latency_ms": 1224.7894883155823,
      "context_chars": 644.69
    },
    "2": {
      "n": 100,
      "em": 0.33,
      "f1": 0.45074236874236867,
      "containment": 0.37,
      "latency_ms": 1245.954601764679,
      "context_chars": 1284.26
    },
    "3": {
      "n": 100,
      "em": 0.36,
      "f1": 0.49331096681096676,
      "containment": 0.43,
      "latency_ms": 1279.8793983459473,
      "context_chars": 1917.27
    },
    "4": {
      "n": 100,
      "em": 0.36,
      "f1": 0.505531746031746,
      "containment": 0.44,
      "latency_ms": 1256.0554647445679,
      "context_chars": 2556.09
    },
    "5": {
      "n": 100,
      "em": 0.34,
      "f1": 0.4847539682539682,
      "containment": 0.41,
      "latency_ms": 1263.2723021507263,
      "context_chars": 3196.33
    },
    "6": {
      "n": 100,
      "em": 0.33,
      "f1": 0.46749206349206346,
      "containment": 0.4,
      "latency_ms": 1306.1472940444946,
      "context_chars": 3834.65
    }
  }
}