{
  "shard_index": 10,
  "shard_count": 37,
  "summary": {
    "0": {
      "n": 100,
      "em": 0.4,
      "f1": 0.520718559218559,
      "containment": 0.4,
      "latency_ms": 2186.3199973106384,
      "context_chars": 0.0
    },
    "1": {
      "n": 100,
      "em": 0.23,
      "f1": 0.2821031746031746,
      "containment": 0.21,
      "latency_ms": 2257.059133052826,
      "context_chars": 625.16
    },
    "2": {
      "n": 100,
      "em": 0.29,
      "f1": 0.34887301587301583,
      "containment": 0.26,
      "latency_ms": 2425.3822255134583,
      "context_chars": 1261.5
    },
    "3": {
      "n": 100,
      "em": 0.3,
      "f1": 0.35717142857142853,
      "containment": 0.27,
      "latency_ms": 2438.951632976532,
      "context_chars": 1896.95
    },
    "4": {
      "n": 100,
      "em": 0.34,
      "f1": 0.4123619047619047,
      "containment": 0.33,
      "latency_ms": 2397.626528739929,
      "context_chars": 2536.24
    },
    "5": {
      "n": 100,
      "em": 0.35,
      "f1": 0.41881428571428564,
      "containment": 0.32,
      "latency_ms": 2294.166395664215,
      "context_chars": 3174.38
    },
    "6": {
      "n": 100,
      "em": 0.37,
      "f1": 0.42664761904761894,
      "containment": 0.34,
      "latency_ms": 2447.2272419929504,
      "context_chars": 3814.51
    }
  }
}