{
  "shard_index": 29,
  "shard_count": 37,
  "summary": {
    "0": {
      "n": 100,
      "em": 0.32,
      "f1": 0.49061911035824074,
      "containment": 0.39,
      "latency_ms": 2288.9195728302,
      "context_chars": 0.0
    },
    "1": {
      "n": 100,
      "em": 0.21,
      "f1": 0.2668730158730159,
      "containment": 0.24,
      "latency_ms": 2121.981565952301,
      "context_chars": 639.77
    },
    "2": {
      "n": 100,
      "em": 0.25,
      "f1": 0.33920634920634923,
      "containment": 0.27,
      "latency_ms": 2379.0308904647827,
      "context_chars": 1279.44
    },
    "3": {
      "n": 100,
      "em": 0.28,
      "f1": 0.39042857142857135,
      "containment": 0.31,
      "latency_ms": 2220.5456137657166,
      "context_chars": 1920.72
    },
    "4": {
      "n": 100,
      "em": 0.29,
      "f1": 0.42187301587301573,
      "containment": 0.32,
      "latency_ms": 2359.540250301361,
      "context_chars": 2561.97
    },
    "5": {
      "n": 100,
      "em": 0.28,
      "f1": 0.43317604617604616,
      "containment": 0.32,
      "latency_ms": 2352.1016025543213,
      "context_chars": 3202.15
    },
    "6": {
      "n": 100,
      "em": 0.29,
      "f1": 0.43703318903318894,
      "containment": 0.33,
      "latency_ms": 2358.7271666526794,
      "context_chars": 3843.43
    }
  }
}