{
  "shard_index": 9,
  "shard_count": 37,
  "summary": {
    "0": {
      "n": 100,
      "em": 0.38,
      "f1": 0.5262356532356531,
      "containment": 0.41,
      "latency_ms": 2401.169629096985,
      "context_chars": 0.0
    },
    "1": {
      "n": 100,
      "em": 0.2,
      "f1": 0.2815476190476191,
      "containment": 0.21,
      "latency_ms": 2418.5632371902466,
      "context_chars": 637.34
    },
    "2": {
      "n": 100,
      "em": 0.22,
      "f1": 0.3216587301587302,
      "containment": 0.25,
      "latency_ms": 2413.8136506080627,
      "context_chars": 1278.04
    },
    "3": {
      "n": 100,
      "em": 0.29,
      "f1": 0.4081666666666667,
      "containment": 0.32,
      "latency_ms": 2449.952173233032,
      "context_chars": 1916.06
    },
    "4": {
      "n": 100,
      "em": 0.34,
      "f1": 0.433484126984127,
      "containment": 0.35,
      "latency_ms": 2384.509460926056,
      "context_chars": 2557.68
    },
    "5": {
      "n": 100,
      "em": 0.36,
      "f1": 0.45592857142857135,
      "containment": 0.37,
      "latency_ms": 2426.320867538452,
      "context_chars": 3199.33
    },
    "6": {
      "n": 100,
      "em": 0.38,
      "f1": 0.4627460317460316,
      "containment": 0.37,
      "latency_ms": 2595.543644428253,
      "context_chars": 3841.64
    }
  }
}