{
  "shard_index": 19,
  "shard_count": 37,
  "summary": {
    "0": {
      "n": 100,
      "em": 0.29,
      "f1": 0.3930494864612511,
      "containment": 0.33,
      "latency_ms": 2818.1555461883545,
      "context_chars": 0.0
    },
    "1": {
      "n": 100,
      "em": 0.22,
      "f1": 0.25353361344537817,
      "containment": 0.19,
      "latency_ms": 2229.597535133362,
      "context_chars": 627.83
    },
    "2": {
      "n": 100,
      "em": 0.26,
      "f1": 0.3142955182072829,
      "containment": 0.26,
      "latency_ms": 2325.903766155243,
      "context_chars": 1263.9
    },
    "3": {
      "n": 100,
      "em": 0.31,
      "f1": 0.37461904761904763,
      "containment": 0.32,
      "latency_ms": 2280.0742745399475,
      "context_chars": 1896.6
    },
    "4": {
      "n": 100,
      "em": 0.31,
      "f1": 0.3852002801120447,
      "containment": 0.33,
      "latency_ms": 2244.9265336990356,
      "context_chars": 2526.39
    },
    "5": {
      "n": 100,
      "em": 0.32,
      "f1": 0.41241889483065947,
      "containment": 0.35,
      "latency_ms": 2441.606786251068,
      "context_chars": 3164.54
    },
    "6": {
      "n": 100,
      "em": 0.31,
      "f1": 0.40072841864018327,
      "containment": 0.35,
      "latency_ms": 2490.758366584778,
      "context_chars": 3798.82
    }
  }
}