{
  "shard_index": 21,
  "shard_count": 37,
  "summary": {
    "0": {
      "n": 100,
      "em": 0.38,
      "f1": 0.4888174603174602,
      "containment": 0.44,
      "latency_ms": 2187.0110297203064,
      "context_chars": 0.0
    },
    "1": {
      "n": 100,
      "em": 0.24,
      "f1": 0.28119191919191916,
      "containment": 0.23,
      "latency_ms": 2283.263442516327,
      "context_chars": 627.63
    },
    "2": {
      "n": 100,
      "em": 0.34,
      "f1": 0.3879684759684759,
      "containment": 0.34,
      "latency_ms": 2331.841058731079,
      "context_chars": 1257.2
    },
    "3": {
      "n": 100,
      "em": 0.31,
      "f1": 0.3917130647130647,
      "containment": 0.35,
      "latency_ms": 2366.4297103881836,
      "context_chars": 1888.8
    },
    "4": {
      "n": 100,
      "em": 0.35,
      "f1": 0.4266904761904761,
      "containment": 0.38,
      "latency_ms": 2435.324351787567,
      "context_chars": 2522.38
    },
    "5": {
      "n": 100,
      "em": 0.34,
      "f1": 0.4316904761904761,
      "containment": 0.39,
      "latency_ms": 2343.1454253196716,
      "context_chars": 3151.97
    },
    "6": {
      "n": 100,
      "em": 0.36,
      "f1": 0.44060989010989005,
      "containment": 0.39,
      "latency_ms": 2370.515513420105,
      "context_chars": 3785.89
    }
  }
}