{
  "shard_index": 7,
  "shard_count": 37,
  "summary": {
    "0": {
      "n": 100,
      "em": 0.31,
      "f1": 0.47074425574425566,
      "containment": 0.42,
      "latency_ms": 2420.7268381118774,
      "context_chars": 0.0
    },
    "1": {
      "n": 100,
      "em": 0.17,
      "f1": 0.24904761904761905,
      "containment": 0.21,
      "latency_ms": 2460.018403530121,
      "context_chars": 635.27
    },
    "2": {
      "n": 100,
      "em": 0.18,
      "f1": 0.2787878787878788,
      "containment": 0.24,
      "latency_ms": 2416.321542263031,
      "context_chars": 1275.5
    },
    "3": {
      "n": 100,
      "em": 0.2,
      "f1": 0.31895238095238093,
      "containment": 0.29,
      "latency_ms": 2425.348904132843,
      "context_chars": 1915.75
    },
    "4": {
      "n": 100,
      "em": 0.2,
      "f1": 0.342452380952381,
      "containment": 0.31,
      "latency_ms": 2446.7169761657715,
      "context_chars": 2563.29
    },
    "5": {
      "n": 100,
      "em": 0.22,
      "f1": 0.36883333333333335,
      "containment": 0.33,
      "latency_ms": 2587.637894153595,
      "context_chars": 3203.37
    },
    "6": {
      "n": 100,
      "em": 0.24,
      "f1": 0.3763946886446886,
      "containment": 0.34,
      "latency_ms": 2660.1104855537415,
      "context_chars": 3848.76
    }
  }
}