{
  "shard_index": 35,
  "shard_count": 37,
  "summary": {
    "0": {
      "n": 100,
      "em": 0.34,
      "f1": 0.4300959595959595,
      "containment": 0.38,
      "latency_ms": 1993.965494632721,
      "context_chars": 0.0
    },
    "1": {
      "n": 100,
      "em": 0.2,
      "f1": 0.247,
      "containment": 0.21,
      "latency_ms": 2009.5167803764343,
      "context_chars": 644.09
    },
    "2": {
      "n": 100,
      "em": 0.23,
      "f1": 0.2995238095238095,
      "containment": 0.26,
      "latency_ms": 2134.5198941230774,
      "context_chars": 1286.64
    },
    "3": {
      "n": 100,
      "em": 0.3,
      "f1": 0.3524848484848485,
      "containment": 0.32,
      "latency_ms": 2148.2893109321594,
      "context_chars": 1928.82
    },
    "4": {
      "n": 100,
      "em": 0.3,
      "f1": 0.35302331002331,
      "containment": 0.33,
      "latency_ms": 2189.0678453445435,
      "context_chars": 2569.14
    },
    "5": {
      "n": 100,
      "em": 0.26,
      "f1": 0.32902331002331003,
      "containment": 0.32,
      "latency_ms": 2200.6490325927734,
      "context_chars": 3211.3
    },
    "6": {
      "n": 100,
      "em": 0.3,
      "f1": 0.35802331002331,
      "containment": 0.34,
      "latency_ms": 2253.7515211105347,
      "context_chars": 3850.57
    }
  }
}