{
  "shard_index": 26,
  "shard_count": 37,
  "summary": {
    "0": {
      "n": 100,
      "em": 0.34,
      "f1": 0.4815887445887445,
      "containment": 0.42,
      "latency_ms": 2362.747344970703,
      "context_chars": 0.0
    },
    "1": {
      "n": 100,
      "em": 0.18,
      "f1": 0.24138961038961035,
      "containment": 0.2,
      "latency_ms": 2323.561055660248,
      "context_chars": 637.46
    },
    "2": {
      "n": 100,
      "em": 0.21,
      "f1": 0.29165079365079366,
      "containment": 0.25,
      "latency_ms": 2365.5587005615234,
      "context_chars": 1276.91
    },
    "3": {
      "n": 100,
      "em": 0.26,
      "f1": 0.3431746031746032,
      "containment": 0.3,
      "latency_ms": 2342.47362613678,
      "context_chars": 1918.81
    },
    "4": {
      "n": 100,
      "em": 0.28,
      "f1": 0.3926666666666666,
      "containment": 0.34,
      "latency_ms": 2499.483585357666,
      "context_chars": 2562.9
    },
    "5": {
      "n": 100,
      "em": 0.31,
      "f1": 0.40517167919799496,
      "containment": 0.36,
      "latency_ms": 2436.814203262329,
      "context_chars": 3204.22
    },
    "6": {
      "n": 100,
      "em": 0.32,
      "f1": 0.4519307359307359,
      "containment": 0.39,
      "latency_ms": 2539.657723903656,
      "context_chars": 3845.41
    }
  }
}