{
  "shard_index": 11,
  "shard_count": 37,
  "summary": {
    "0": {
      "n": 100,
      "em": 0.41,
      "f1": 0.5549603174603175,
      "containment": 0.52,
      "latency_ms": 2536.1455392837524,
      "context_chars": 0.0
    },
    "1": {
      "n": 100,
      "em": 0.26,
      "f1": 0.2880714285714286,
      "containment": 0.26,
      "latency_ms": 2336.259319782257,
      "context_chars": 626.96
    },
    "2": {
      "n": 100,
      "em": 0.3,
      "f1": 0.36807142857142855,
      "containment": 0.35,
      "latency_ms": 2502.0347690582275,
      "context_chars": 1259.91
    },
    "3": {
      "n": 100,
      "em": 0.29,
      "f1": 0.3741269841269841,
      "containment": 0.34,
      "latency_ms": 2613.5446977615356,
      "context_chars": 1889.23
    },
    "4": {
      "n": 100,
      "em": 0.36,
      "f1": 0.441595238095238,
      "containment": 0.41,
      "latency_ms": 2595.8050322532654,
      "context_chars": 2521.09
    },
    "5": {
      "n": 100,
      "em": 0.37,
      "f1": 0.457095238095238,
      "containment": 0.42,
      "latency_ms": 2569.8344707489014,
      "context_chars": 3156.4
    },
    "6": {
      "n": 100,
      "em": 0.36,
      "f1": 0.4516507936507935,
      "containment": 0.42,
      "latency_ms": 2639.482319355011,
      "context_chars": 3798.85
    }
  }
}