{
  "shard_index": 28,
  "shard_count": 37,
  "summary": {
    "0": {
      "n": 100,
      "em": 0.35,
      "f1": 0.5058597807480948,
      "containment": 0.46,
      "latency_ms": 2933.473024368286,
      "context_chars": 0.0
    },
    "1": {
      "n": 100,
      "em": 0.19,
      "f1": 0.2681038961038961,
      "containment": 0.22,
      "latency_ms": 2280.91894865036,
      "context_chars": 632.07
    },
    "2": {
      "n": 100,
      "em": 0.27,
      "f1": 0.3367717086834734,
      "containment": 0.26,
      "latency_ms": 2299.4889426231384,
      "context_chars": 1268.91
    },
    "3": {
      "n": 100,
      "em": 0.28,
      "f1": 0.36408008658008656,
      "containment": 0.31,
      "latency_ms": 2550.688328742981,
      "context_chars": 1907.2
    },
    "4": {
      "n": 100,
      "em": 0.28,
      "f1": 0.37190692640692646,
      "containment": 0.33,
      "latency_ms": 2522.848937511444,
      "context_chars": 2543.87
    },
    "5": {
      "n": 100,
      "em": 0.3,
      "f1": 0.3949372294372294,
      "containment": 0.35,
      "latency_ms": 2944.662401676178,
      "context_chars": 3189.75
    },
    "6": {
      "n": 100,
      "em": 0.29,
      "f1": 0.3870800865800866,
      "containment": 0.36,
      "latency_ms": 2507.831561565399,
      "context_chars": 3833.1
    }
  }
}