{
  "shard_index": 8,
  "shard_count": 37,
  "summary": {
    "0": {
      "n": 100,
      "em": 0.36,
      "f1": 0.4810476190476189,
      "containment": 0.44,
      "latency_ms": 2434.1049909591675,
      "context_chars": 0.0
    },
    "1": {
      "n": 100,
      "em": 0.17,
      "f1": 0.2457698412698413,
      "containment": 0.21,
      "latency_ms": 2440.6706953048706,
      "context_chars": 633.13
    },
    "2": {
      "n": 100,
      "em": 0.21,
      "f1": 0.280998778998779,
      "containment": 0.24,
      "latency_ms": 2443.134377002716,
      "context_chars": 1272.03
    },
    "3": {
      "n": 100,
      "em": 0.21,
      "f1": 0.2838888888888889,
      "containment": 0.25,
      "latency_ms": 2557.879490852356,
      "context_chars": 1904.37
    },
    "4": {
      "n": 100,
      "em": 0.25,
      "f1": 0.33191486291486294,
      "containment": 0.27,
      "latency_ms": 2664.3857836723328,
      "context_chars": 2554.01
    },
    "5": {
      "n": 100,
      "em": 0.27,
      "f1": 0.37054734154734154,
      "containment": 0.3,
      "latency_ms": 2645.9578895568848,
      "context_chars": 3194.73
    },
    "6": {
      "n": 100,
      "em": 0.3,
      "f1": 0.39818226218226216,
      "containment": 0.35,
      "latency_ms": 2661.49400472641,
      "context_chars": 3835.62
    }
  }
}