{
  "shard_index": 34,
  "shard_count": 37,
  "summary": {
    "0": {
      "n": 100,
      "em": 0.29,
      "f1": 0.4167323232323233,
      "containment": 0.35,
      "latency_ms": 2294.434690475464,
      "context_chars": 0.0
    },
    "1": {
      "n": 100,
      "em": 0.24,
      "f1": 0.2956007326007326,
      "containment": 0.25,
      "latency_ms": 2321.2242794036865,
      "context_chars": 635.28
    },
    "2": {
      "n": 100,
      "em": 0.31,
      "f1": 0.3725491452991453,
      "containment": 0.32,
      "latency_ms": 2611.648063659668,
      "context_chars": 1278.16
    },
    "3": {
      "n": 100,
      "em": 0.34,
      "f1": 0.39941025641025646,
      "containment": 0.35,
      "latency_ms": 2587.0322227478027,
      "context_chars": 1917.95
    },
    "4": {
      "n": 100,
      "em": 0.35,
      "f1": 0.4232912087912088,
      "containment": 0.37,
      "latency_ms": 2564.9975776672363,
      "context_chars": 2557.82
    },
    "5": {
      "n": 100,
      "em": 0.38,
      "f1": 0.4559102564102564,
      "containment": 0.4,
      "latency_ms": 2663.795826435089,
      "context_chars": 3199.59
    },
    "6": {
      "n": 100,
      "em": 0.4,
      "f1": 0.4521007326007326,
      "containment": 0.39,
      "latency_ms": 2677.7431321144104,
      "context_chars": 3841.12
    }
  }
}