{
  "shard_index": 15,
  "shard_count": 37,
  "summary": {
    "0": {
      "n": 100,
      "em": 0.28,
      "f1": 0.40673680908463516,
      "containment": 0.34,
      "latency_ms": 2660.421278476715,
      "context_chars": 0.0
    },
    "1": {
      "n": 100,
      "em": 0.17,
      "f1": 0.25926984126984126,
      "containment": 0.23,
      "latency_ms": 2513.9270782470703,
      "context_chars": 639.94
    },
    "2": {
      "n": 100,
      "em": 0.23,
      "f1": 0.3130152979066023,
      "containment": 0.28,
      "latency_ms": 2557.93025970459,
      "context_chars": 1271.69
    },
    "3": {
      "n": 100,
      "em": 0.24,
      "f1": 0.33652587991718436,
      "containment": 0.31,
      "latency_ms": 2584.8858046531677,
      "context_chars": 1915.05
    },
    "4": {
      "n": 100,
      "em": 0.27,
      "f1": 0.37240418679549114,
      "containment": 0.34,
      "latency_ms": 2700.2103424072266,
      "context_chars": 2547.59
    },
    "5": {
      "n": 100,
      "em": 0.25,
      "f1": 0.36392270531400966,
      "containment": 0.33,
      "latency_ms": 2656.9209718704224,
      "context_chars": 3190.99
    },
    "6": {
      "n": 100,
      "em": 0.26,
      "f1": 0.37258937198067626,
      "containment": 0.35,
      "latency_ms": 2717.4541354179382,
      "context_chars": 3835.24
    }
  }
}