{
  "shard_index": 2,
  "shard_count": 37,
  "summary": {
    "0": {
      "n": 100,
      "em": 0.39,
      "f1": 0.5472912087912085,
      "containment": 0.5,
      "latency_ms": 2427.4292039871216,
      "context_chars": 0.0
    },
    "1": {
      "n": 100,
      "em": 0.18,
      "f1": 0.23421428571428574,
      "containment": 0.21,
      "latency_ms": 2274.868848323822,
      "context_chars": 629.29
    },
    "2": {
      "n": 100,
      "em": 0.21,
      "f1": 0.28549633699633703,
      "containment": 0.27,
      "latency_ms": 2437.272822856903,
      "context_chars": 1262.86
    },
    "3": {
      "n": 100,
      "em": 0.26,
      "f1": 0.3348809523809524,
      "containment": 0.31,
      "latency_ms": 2441.9029426574707,
      "context_chars": 1897.61
    },
    "4": {
      "n": 100,
      "em": 0.24,
      "f1": 0.3328910533910534,
      "containment": 0.32,
      "latency_ms": 2500.963714122772,
      "context_chars": 2526.08
    },
    "5": {
      "n": 100,
      "em": 0.25,
      "f1": 0.34144660894660894,
      "containment": 0.33,
      "latency_ms": 2603.084936141968,
      "context_chars": 3158.06
    },
    "6": {
      "n": 100,
      "em": 0.29,
      "f1": 0.3856688311688312,
      "containment": 0.38,
      "latency_ms": 2660.0264382362366,
      "context_chars": 3793.45
    }
  }
}