{
  "shard_index": 5,
  "shard_count": 37,
  "summary": {
    "0": {
      "n": 100,
      "em": 0.37,
      "f1": 0.5041450216450216,
      "containment": 0.43,
      "latency_ms": 2625.1134300231934,
      "context_chars": 0.0
    },
    "1": {
      "n": 100,
      "em": 0.18,
      "f1": 0.262,
      "containment": 0.21,
      "latency_ms": 2390.9872364997864,
      "context_chars": 640.6
    },
    "2": {
      "n": 100,
      "em": 0.22,
      "f1": 0.3098333333333334,
      "containment": 0.26,
      "latency_ms": 2361.895830631256,
      "context_chars": 1286.01
    },
    "3": {
      "n": 100,
      "em": 0.27,
      "f1": 0.3703333333333334,
      "containment": 0.32,
      "latency_ms": 2337.319178581238,
      "context_chars": 1925.54
    },
    "4": {
      "n": 100,
      "em": 0.3,
      "f1": 0.40666666666666673,
      "containment": 0.36,
      "latency_ms": 2343.3164143562317,
      "context_chars": 2568.7
    },
    "5": {
      "n": 100,
      "em": 0.35,
      "f1": 0.43866666666666665,
      "containment": 0.38,
      "latency_ms": 2372.4698209762573,
      "context_chars": 3211.21
    },
    "6": {
      "n": 100,
      "em": 0.36,
      "f1": 0.45000000000000007,
      "containment": 0.39,
      "latency_ms": 2370.0075674057007,
      "context_chars": 3855.15
    }
  }
}