{
  "shard_index": 22,
  "shard_count": 37,
  "summary": {
    "0": {
      "n": 100,
      "em": 0.32,
      "f1": 0.4884545454545454,
      "containment": 0.43,
      "latency_ms": 2511.8580627441406,
      "context_chars": 0.0
    },
    "1": {
      "n": 100,
      "em": 0.21,
      "f1": 0.2641391941391941,
      "containment": 0.25,
      "latency_ms": 2411.430549621582,
      "context_chars": 635.55
    },
    "2": {
      "n": 100,
      "em": 0.29,
      "f1": 0.34647252747252744,
      "containment": 0.35,
      "latency_ms": 2489.8997497558594,
      "context_chars": 1275.02
    },
    "3": {
      "n": 100,
      "em": 0.31,
      "f1": 0.3924119214119214,
      "containment": 0.38,
      "latency_ms": 2438.6469197273254,
      "context_chars": 1912.49
    },
    "4": {
      "n": 100,
      "em": 0.31,
      "f1": 0.39265001665001664,
      "containment": 0.38,
      "latency_ms": 2513.9769196510315,
      "context_chars": 2554.38
    },
    "5": {
      "n": 100,
      "em": 0.34,
      "f1": 0.4142690642690642,
      "containment": 0.38,
      "latency_ms": 2434.450979232788,
      "context_chars": 3190.56
    },
    "6": {
      "n": 100,
      "em": 0.33,
      "f1": 0.41455477855477846,
      "containment": 0.4,
      "latency_ms": 2417.5628876686096,
      "context_chars": 3823.78
    }
  }
}