{
  "shard_index": 13,
  "shard_count": 37,
  "summary": {
    "0": {
      "n": 100,
      "em": 0.3,
      "f1": 0.451360877684407,
      "containment": 0.37,
      "latency_ms": 2560.709524154663,
      "context_chars": 0.0
    },
    "1": {
      "n": 100,
      "em": 0.23,
      "f1": 0.3097792207792208,
      "containment": 0.23,
      "latency_ms": 2333.8531517982483,
      "context_chars": 632.73
    },
    "2": {
      "n": 100,
      "em": 0.27,
      "f1": 0.3401245421245422,
      "containment": 0.29,
      "latency_ms": 2533.850681781769,
      "context_chars": 1262.34
    },
    "3": {
      "n": 100,
      "em": 0.28,
      "f1": 0.3691418581418581,
      "containment": 0.29,
      "latency_ms": 2646.1196327209473,
      "context_chars": 1900.3
    },
    "4": {
      "n": 100,
      "em": 0.28,
      "f1": 0.3842197802197802,
      "containment": 0.31,
      "latency_ms": 2518.2801842689514,
      "context_chars": 2531.08
    },
    "5": {
      "n": 100,
      "em": 0.31,
      "f1": 0.4231418581418581,
      "containment": 0.34,
      "latency_ms": 2714.959502220154,
      "context_chars": 3168.23
    },
    "6": {
      "n": 100,
      "em": 0.31,
      "f1": 0.42539826839826844,
      "containment": 0.36,
      "latency_ms": 2639.6798491477966,
      "context_chars": 3805.95
    }
  }
}