{
  "shard_index": 1,
  "shard_count": 37,
  "summary": {
    "0": {
      "n": 100,
      "em": 0.32,
      "f1": 0.4463333333333333,
      "containment": 0.42,
      "latency_ms": 2146.890013217926,
      "context_chars": 0.0
    },
    "1": {
      "n": 100,
      "em": 0.24,
      "f1": 0.33825000000000005,
      "containment": 0.3,
      "latency_ms": 2342.76451587677,
      "context_chars": 630.88
    },
    "2": {
      "n": 100,
      "em": 0.26,
      "f1": 0.3561468253968254,
      "containment": 0.31,
      "latency_ms": 2370.3804111480713,
      "context_chars": 1265.94
    },
    "3": {
      "n": 100,
      "em": 0.36,
      "f1": 0.4516468253968254,
      "containment": 0.4,
      "latency_ms": 2418.957095146179,
      "context_chars": 1904.5
    },
    "4": {
      "n": 100,
      "em": 0.37,
      "f1": 0.45955158730158724,
      "containment": 0.41,
      "latency_ms": 2455.3281593322754,
      "context_chars": 2541.34
    },
    "5": {
      "n": 100,
      "em": 0.39,
      "f1": 0.4888690476190476,
      "containment": 0.46,
      "latency_ms": 2527.3140144348145,
      "context_chars": 3174.9
    },
    "6": {
      "n": 100,
      "em": 0.39,
      "f1": 0.4948690476190476,
      "containment": 0.45,
      "latency_ms": 2424.9673891067505,
      "context_chars": 3813.25
    }
  }
}