{
  "shard_index": 14,
  "shard_count": 37,
  "summary": {
    "0": {
      "n": 100,
      "em": 0.37,
      "f1": 0.5003809523809523,
      "containment": 0.41,
      "latency_ms": 2057.611789703369,
      "context_chars": 0.0
    },
    "1": {
      "n": 100,
      "em": 0.19,
      "f1": 0.26426068376068373,
      "containment": 0.22,
      "latency_ms": 2359.837362766266,
      "context_chars": 642.4
    },
    "2": {
      "n": 100,
      "em": 0.23,
      "f1": 0.327984126984127,
      "containment": 0.28,
      "latency_ms": 2441.3979053497314,
      "context_chars": 1282.32
    },
    "3": {
      "n": 100,
      "em": 0.29,
      "f1": 0.38496031746031745,
      "containment": 0.31,
      "latency_ms": 2374.9307513237,
      "context_chars": 1923.71
    },
    "4": {
      "n": 100,
      "em": 0.33,
      "f1": 0.4261825396825396,
      "containment": 0.36,
      "latency_ms": 2427.432858943939,
      "context_chars": 2557.97
    },
    "5": {
      "n": 100,
      "em": 0.35,
      "f1": 0.43509523809523803,
      "containment": 0.36,
      "latency_ms": 2399.579064846039,
      "context_chars": 3198.0
    },
    "6": {
      "n": 100,
      "em": 0.37,
      "f1": 0.47576190476190466,
      "containment": 0.38,
      "latency_ms": 2415.066816806793,
      "context_chars": 3838.77
    }
  }
}