{
  "shard_index": 17,
  "shard_count": 37,
  "summary": {
    "0": {
      "n": 100,
      "em": 0.35,
      "f1": 0.4747264957264956,
      "containment": 0.41,
      "latency_ms": 2309.411027431488,
      "context_chars": 0.0
    },
    "1": {
      "n": 100,
      "em": 0.26,
      "f1": 0.2963571428571429,
      "containment": 0.27,
      "latency_ms": 2374.4602847099304,
      "context_chars": 635.26
    },
    "2": {
      "n": 100,
      "em": 0.26,
      "f1": 0.3155714285714286,
      "containment": 0.29,
      "latency_ms": 2371.0196685791016,
      "context_chars": 1276.62
    },
    "3": {
      "n": 100,
      "em": 0.32,
      "f1": 0.37133333333333335,
      "containment": 0.33,
      "latency_ms": 2331.3533759117126,
      "context_chars": 1914.36
    },
    "4": {
      "n": 100,
      "em": 0.33,
      "f1": 0.38855555555555554,
      "containment": 0.35,
      "latency_ms": 2386.217529773712,
      "context_chars": 2557.02
    },
    "5": {
      "n": 100,
      "em": 0.35,
      "f1": 0.4088571428571428,
      "containment": 0.36,
      "latency_ms": 2430.7512545585632,
      "context_chars": 3191.55
    },
    "6": {
      "n": 100,
      "em": 0.35,
      "f1": 0.431025974025974,
      "containment": 0.36,
      "latency_ms": 2360.5035042762756,
      "context_chars": 3832.29
    }
  }
}