{
  "shard_index": 16,
  "shard_count": 37,
  "summary": {
    "0": {
      "n": 100,
      "em": 0.34,
      "f1": 0.468673826173826,
      "containment": 0.41,
      "latency_ms": 2338.551380634308,
      "context_chars": 0.0
    },
    "1": {
      "n": 100,
      "em": 0.19,
      "f1": 0.2580202020202019,
      "containment": 0.23,
      "latency_ms": 2348.703291416168,
      "context_chars": 631.24
    },
    "2": {
      "n": 100,
      "em": 0.25,
      "f1": 0.3416868686868686,
      "containment": 0.3,
      "latency_ms": 2397.3006200790405,
      "context_chars": 1271.46
    },
    "3": {
      "n": 100,
      "em": 0.3,
      "f1": 0.39028860028860024,
      "containment": 0.33,
      "latency_ms": 2475.3012585639954,
      "context_chars": 1908.33
    },
    "4": {
      "n": 100,
      "em": 0.3,
      "f1": 0.39138844667876926,
      "containment": 0.35,
      "latency_ms": 2654.375419616699,
      "context_chars": 2545.67
    },
    "5": {
      "n": 100,
      "em": 0.31,
      "f1": 0.40519797048829304,
      "containment": 0.35,
      "latency_ms": 2615.9409070014954,
      "context_chars": 3184.72
    },
    "6": {
      "n": 100,
      "em": 0.32,
      "f1": 0.4085313038216264,
      "containment": 0.37,
      "latency_ms": 2509.349732398987,
      "context_chars": 3827.18
    }
  }
}