{
  "shard_index": 18,
  "shard_count": 37,
  "summary": {
    "0": {
      "n": 100,
      "em": 0.34,
      "f1": 0.5276370851370851,
      "containment": 0.44,
      "latency_ms": 2378.9768505096436,
      "context_chars": 0.0
    },
    "1": {
      "n": 100,
      "em": 0.24,
      "f1": 0.31626190476190474,
      "containment": 0.28,
      "latency_ms": 2294.7054409980774,
      "context_chars": 635.14
    },
    "2": {
      "n": 100,
      "em": 0.24,
      "f1": 0.3543571428571428,
      "containment": 0.31,
      "latency_ms": 2497.5320506095886,
      "context_chars": 1278.63
    },
    "3": {
      "n": 100,
      "em": 0.27,
      "f1": 0.4070952380952382,
      "containment": 0.34,
      "latency_ms": 2519.05668258667,
      "context_chars": 1923.01
    },
    "4": {
      "n": 100,
      "em": 0.3,
      "f1": 0.42776190476190473,
      "containment": 0.36,
      "latency_ms": 2453.780279159546,
      "context_chars": 2564.43
    },
    "5": {
      "n": 100,
      "em": 0.34,
      "f1": 0.4767142857142857,
      "containment": 0.4,
      "latency_ms": 2348.8582277297974,
      "context_chars": 3208.98
    },
    "6": {
      "n": 100,
      "em": 0.35,
      "f1": 0.4701904761904761,
      "containment": 0.4,
      "latency_ms": 2483.045551776886,
      "context_chars": 3846.32
    }
  }
}