{
  "shard_index": 32,
  "shard_count": 37,
  "summary": {
    "0": {
      "n": 100,
      "em": 0.26,
      "f1": 0.42540685045948196,
      "containment": 0.37,
      "latency_ms": 2687.5461959838867,
      "context_chars": 0.0
    },
    "1": {
      "n": 100,
      "em": 0.18,
      "f1": 0.24944444444444447,
      "containment": 0.18,
      "latency_ms": 2277.293071746826,
      "context_chars": 633.81
    },
    "2": {
      "n": 100,
      "em": 0.22,
      "f1": 0.3249141414141414,
      "containment": 0.25,
      "latency_ms": 2476.7489910125732,
      "context_chars": 1262.14
    },
    "3": {
      "n": 100,
      "em": 0.23,
      "f1": 0.3470808080808081,
      "containment": 0.27,
      "latency_ms": 2463.478202819824,
      "context_chars": 1895.25
    },
    "4": {
      "n": 100,
      "em": 0.23,
      "f1": 0.3424141414141414,
      "containment": 0.27,
      "latency_ms": 2489.5284581184387,
      "context_chars": 2530.31
    },
    "5": {
      "n": 100,
      "em": 0.24,
      "f1": 0.36208080808080806,
      "containment": 0.29,
      "latency_ms": 2465.59889793396,
      "context_chars": 3165.54
    },
    "6": {
      "n": 100,
      "em": 0.26,
      "f1": 0.3886522366522366,
      "containment": 0.32,
      "latency_ms": 2609.454712867737,
      "context_chars": 3799.18
    }
  }
}