{
  "shard_index": 0,
  "shard_count": 37,
  "summary": {
    "0": {
      "n": 100,
      "em": 0.26,
      "f1": 0.44928643578643573,
      "containment": 0.37,
      "latency_ms": 2299.9547934532166,
      "context_chars": 0.0
    },
    "1": {
      "n": 100,
      "em": 0.18,
      "f1": 0.29469264069264073,
      "containment": 0.2,
      "latency_ms": 2082.04687833786,
      "context_chars": 632.38
    },
    "2": {
      "n": 100,
      "em": 0.2,
      "f1": 0.3140555555555555,
      "containment": 0.24,
      "latency_ms": 2118.8260746002197,
      "context_chars": 1266.77
    },
    "3": {
      "n": 100,
      "em": 0.24,
      "f1": 0.39361999111999113,
      "containment": 0.31,
      "latency_ms": 2376.271893978119,
      "context_chars": 1900.75
    },
    "4": {
      "n": 100,
      "em": 0.23,
      "f1": 0.38281746031746033,
      "containment": 0.32,
      "latency_ms": 2273.9384150505066,
      "context_chars": 2535.47
    },
    "5": {
      "n": 100,
      "em": 0.23,
      "f1": 0.38562121212121214,
      "containment": 0.3,
      "latency_ms": 2494.036931991577,
      "context_chars": 3174.53
    },
    "6": {
      "n": 100,
      "em": 0.27,
      "f1": 0.4263116883116883,
      "containment": 0.34,
      "latency_ms": 2554.984838962555,
      "context_chars": 3811.12
    }
  }
}