{
  "shard_index": 12,
  "shard_count": 37,
  "summary": {
    "0": {
      "n": 100,
      "em": 0.43,
      "f1": 0.586547619047619,
      "containment": 0.54,
      "latency_ms": 2310.653295516968,
      "context_chars": 0.0
    },
    "1": {
      "n": 100,
      "em": 0.27,
      "f1": 0.3501587301587301,
      "containment": 0.3,
      "latency_ms": 2396.391978263855,
      "context_chars": 630.0
    },
    "2": {
      "n": 100,
      "em": 0.27,
      "f1": 0.3593333333333334,
      "containment": 0.31,
      "latency_ms": 2360.258996486664,
      "context_chars": 1267.48
    },
    "3": {
      "n": 100,
      "em": 0.27,
      "f1": 0.3598095238095238,
      "containment": 0.32,
      "latency_ms": 2472.843668460846,
      "context_chars": 1906.57
    },
    "4": {
      "n": 100,
      "em": 0.29,
      "f1": 0.38064285714285717,
      "containment": 0.35,
      "latency_ms": 2413.2608294487,
      "context_chars": 2542.24
    },
    "5": {
      "n": 100,
      "em": 0.34,
      "f1": 0.42397619047619045,
      "containment": 0.39,
      "latency_ms": 2365.441381931305,
      "context_chars": 3182.91
    },
    "6": {
      "n": 100,
      "em": 0.37,
      "f1": 0.4661428571428571,
      "containment": 0.42,
      "latency_ms": 2296.88419342041,
      "context_chars": 3821.51
    }
  }
}