{
  "shard_index": 33,
  "shard_count": 37,
  "summary": {
    "0": {
      "n": 100,
      "em": 0.4,
      "f1": 0.5140719576719576,
      "containment": 0.43,
      "latency_ms": 2832.4608397483826,
      "context_chars": 0.0
    },
    "1": {
      "n": 100,
      "em": 0.19,
      "f1": 0.2404796918767507,
      "containment": 0.21,
      "latency_ms": 2452.535626888275,
      "context_chars": 630.94
    },
    "2": {
      "n": 100,
      "em": 0.28,
      "f1": 0.3550273109243698,
      "containment": 0.27,
      "latency_ms": 2425.4622292518616,
      "context_chars": 1266.93
    },
    "3": {
      "n": 100,
      "em": 0.29,
      "f1": 0.3692773109243698,
      "containment": 0.26,
      "latency_ms": 2417.126564979553,
      "context_chars": 1902.06
    },
    "4": {
      "n": 100,
      "em": 0.29,
      "f1": 0.38236064425770316,
      "containment": 0.3,
      "latency_ms": 2397.0122385025024,
      "context_chars": 2538.89
    },
    "5": {
      "n": 100,
      "em": 0.3,
      "f1": 0.4000273109243698,
      "containment": 0.32,
      "latency_ms": 2532.3958611488342,
      "context_chars": 3178.95
    },
    "6": {
      "n": 100,
      "em": 0.31,
      "f1": 0.4046106442577031,
      "containment": 0.31,
      "latency_ms": 2437.056646347046,
      "context_chars": 3810.61
    }
  }
}