{
  "shard_index": 25,
  "shard_count": 37,
  "summary": {
    "0": {
      "n": 100,
      "em": 0.38,
      "f1": 0.5340372670807452,
      "containment": 0.48,
      "latency_ms": 2238.458776473999,
      "context_chars": 0.0
    },
    "1": {
      "n": 100,
      "em": 0.35,
      "f1": 0.3935815295815296,
      "containment": 0.4,
      "latency_ms": 2384.952211380005,
      "context_chars": 639.27
    },
    "2": {
      "n": 100,
      "em": 0.36,
      "f1": 0.39980375180375183,
      "containment": 0.41,
      "latency_ms": 2348.42591047287,
      "context_chars": 1284.12
    },
    "3": {
      "n": 100,
      "em": 0.37,
      "f1": 0.4189704184704185,
      "containment": 0.43,
      "latency_ms": 2366.0821294784546,
      "context_chars": 1927.19
    },
    "4": {
      "n": 100,
      "em": 0.39,
      "f1": 0.4628831168831169,
      "containment": 0.47,
      "latency_ms": 2445.7518911361694,
      "context_chars": 2560.49
    },
    "5": {
      "n": 100,
      "em": 0.39,
      "f1": 0.456085803085803,
      "containment": 0.47,
      "latency_ms": 2628.4347796440125,
      "context_chars": 3203.68
    },
    "6": {
      "n": 100,
      "em": 0.37,
      "f1": 0.42331168831168825,
      "containment": 0.43,
      "latency_ms": 2596.2787914276123,
      "context_chars": 3848.52
    }
  }
}