{
  "shard_index": 27,
  "shard_count": 37,
  "summary": {
    "0": {
      "n": 100,
      "em": 0.31,
      "f1": 0.4775225885225885,
      "containment": 0.41,
      "latency_ms": 2586.1280822753906,
      "context_chars": 0.0
    },
    "1": {
      "n": 100,
      "em": 0.19,
      "f1": 0.23222222222222222,
      "containment": 0.19,
      "latency_ms": 2462.489905357361,
      "context_chars": 629.34
    },
    "2": {
      "n": 100,
      "em": 0.23,
      "f1": 0.3031746031746032,
      "containment": 0.24,
      "latency_ms": 2378.3442759513855,
      "context_chars": 1258.43
    },
    "3": {
      "n": 100,
      "em": 0.28,
      "f1": 0.35334920634920636,
      "containment": 0.29,
      "latency_ms": 2458.5002875328064,
      "context_chars": 1888.91
    },
    "4": {
      "n": 100,
      "em": 0.27,
      "f1": 0.3477936507936509,
      "containment": 0.28,
      "latency_ms": 2370.9401154518127,
      "context_chars": 2525.4
    },
    "5": {
      "n": 100,
      "em": 0.27,
      "f1": 0.37179365079365084,
      "containment": 0.29,
      "latency_ms": 2405.317943096161,
      "context_chars": 3156.08
    },
    "6": {
      "n": 100,
      "em": 0.32,
      "f1": 0.4081111111111111,
      "containment": 0.34,
      "latency_ms": 2441.0265231132507,
      "context_chars": 3790.48
    }
  }
}