{
  "shard_index": 6,
  "shard_count": 37,
  "summary": {
    "0": {
      "n": 100,
      "em": 0.36,
      "f1": 0.5105238095238094,
      "containment": 0.43,
      "latency_ms": 2217.1175479888916,
      "context_chars": 0.0
    },
    "1": {
      "n": 100,
      "em": 0.2,
      "f1": 0.2701825396825397,
      "containment": 0.24,
      "latency_ms": 2497.511212825775,
      "context_chars": 636.48
    },
    "2": {
      "n": 100,
      "em": 0.29,
      "f1": 0.3619682539682539,
      "containment": 0.34,
      "latency_ms": 2424.9954771995544,
      "context_chars": 1280.13
    },
    "3": {
      "n": 100,
      "em": 0.28,
      "f1": 0.35287301587301584,
      "containment": 0.32,
      "latency_ms": 2350.08672952652,
      "context_chars": 1924.59
    },
    "4": {
      "n": 100,
      "em": 0.3,
      "f1": 0.3891587301587301,
      "containment": 0.37,
      "latency_ms": 2433.4396052360535,
      "context_chars": 2567.86
    },
    "5": {
      "n": 100,
      "em": 0.29,
      "f1": 0.37832539682539684,
      "containment": 0.35,
      "latency_ms": 2509.2518281936646,
      "context_chars": 3210.02
    },
    "6": {
      "n": 100,
      "em": 0.28,
      "f1": 0.40386385836385835,
      "containment": 0.38,
      "latency_ms": 2581.6177773475647,
      "context_chars": 3854.18
    }
  }
}