{
  "shard_index": 31,
  "shard_count": 37,
  "summary": {
    "0": {
      "n": 100,
      "em": 0.3,
      "f1": 0.4107857142857143,
      "containment": 0.37,
      "latency_ms": 2571.1915826797485,
      "context_chars": 0.0
    },
    "1": {
      "n": 100,
      "em": 0.2,
      "f1": 0.2784689754689754,
      "containment": 0.2,
      "latency_ms": 2539.307060241699,
      "context_chars": 632.84
    },
    "2": {
      "n": 100,
      "em": 0.19,
      "f1": 0.30798412698412697,
      "containment": 0.22,
      "latency_ms": 2534.3211030960083,
      "context_chars": 1273.76
    },
    "3": {
      "n": 100,
      "em": 0.23,
      "f1": 0.34015079365079365,
      "containment": 0.25,
      "latency_ms": 2507.687735557556,
      "context_chars": 1910.66
    },
    "4": {
      "n": 100,
      "em": 0.25,
      "f1": 0.3424285714285714,
      "containment": 0.26,
      "latency_ms": 2579.3998765945435,
      "context_chars": 2545.85
    },
    "5": {
      "n": 100,
      "em": 0.3,
      "f1": 0.3857619047619047,
      "containment": 0.31,
      "latency_ms": 2586.770980358124,
      "context_chars": 3182.25
    },
    "6": {
      "n": 100,
      "em": 0.31,
      "f1": 0.3996507936507936,
      "containment": 0.33,
      "latency_ms": 2760.586850643158,
      "context_chars": 3820.34
    }
  }
}