{
  "shard_index": 36,
  "shard_count": 37,
  "summary": {
    "0": {
      "n": 10,
      "em": 0.4,
      "f1": 0.5166666666666666,
      "containment": 0.6,
      "latency_ms": 1814.1933679580688,
      "context_chars": 0.0
    },
    "1": {
      "n": 10,
      "em": 0.3,
      "f1": 0.5133333333333333,
      "containment": 0.6,
      "latency_ms": 1948.9897012710571,
      "context_chars": 645.6
    },
    "2": {
      "n": 10,
      "em": 0.3,
      "f1": 0.5066666666666666,
      "containment": 0.6,
      "latency_ms": 2049.023675918579,
      "context_chars": 1306.3
    },
    "3": {
      "n": 10,
      "em": 0.3,
      "f1": 0.5733333333333333,
      "containment": 0.7,
      "latency_ms": 2177.4620294570923,
      "context_chars": 1947.8
    },
    "4": {
      "n": 10,
      "em": 0.3,
      "f1": 0.5533333333333333,
      "containment": 0.7,
      "latency_ms": 2090.928840637207,
      "context_chars": 2583.2
    },
    "5": {
      "n": 10,
      "em": 0.3,
      "f1": 0.5533333333333333,
      "containment": 0.7,
      "latency_ms": 2021.1254358291626,
      "context_chars": 3212.7
    },
    "6": {
      "n": 10,
      "em": 0.3,
      "f1": 0.5799999999999998,
      "containment": 0.7,
      "latency_ms": 2113.8697385787964,
      "context_chars": 3859.8
    }
  }
}