{
  "shard_index": 4,
  "shard_count": 37,
  "summary": {
    "0": {
      "n": 100,
      "em": 0.36,
      "f1": 0.4977857142857141,
      "containment": 0.43,
      "latency_ms": 2297.984232902527,
      "context_chars": 0.0
    },
    "1": {
      "n": 100,
      "em": 0.16,
      "f1": 0.21274358974358976,
      "containment": 0.19,
      "latency_ms": 2267.137107849121,
      "context_chars": 638.46
    },
    "2": {
      "n": 100,
      "em": 0.18,
      "f1": 0.25203968253968256,
      "containment": 0.23,
      "latency_ms": 2298.052968978882,
      "context_chars": 1273.22
    },
    "3": {
      "n": 100,
      "em": 0.27,
      "f1": 0.35599206349206347,
      "containment": 0.33,
      "latency_ms": 2343.641858100891,
      "context_chars": 1917.79
    },
    "4": {
      "n": 100,
      "em": 0.32,
      "f1": 0.39025396825396824,
      "containment": 0.36,
      "latency_ms": 2418.9627528190613,
      "context_chars": 2551.24
    },
    "5": {
      "n": 100,
      "em": 0.32,
      "f1": 0.40481878939773674,
      "containment": 0.37,
      "latency_ms": 2428.3440446853638,
      "context_chars": 3186.47
    },
    "6": {
      "n": 100,
      "em": 0.33,
      "f1": 0.4204378370167843,
      "containment": 0.38,
      "latency_ms": 2479.598491191864,
      "context_chars": 3827.98
    }
  }
}