{
  "shard_index": 24,
  "shard_count": 37,
  "summary": {
    "0": {
      "n": 100,
      "em": 0.29,
      "f1": 0.4372857142857142,
      "containment": 0.42,
      "latency_ms": 2074.288604259491,
      "context_chars": 0.0
    },
    "1": {
      "n": 100,
      "em": 0.23,
      "f1": 0.3032409812409812,
      "containment": 0.3,
      "latency_ms": 2552.8836941719055,
      "context_chars": 638.1
    },
    "2": {
      "n": 100,
      "em": 0.23,
      "f1": 0.30580158730158724,
      "containment": 0.29,
      "latency_ms": 2487.6455330848694,
      "context_chars": 1281.12
    },
    "3": {
      "n": 100,
      "em": 0.25,
      "f1": 0.3302503052503052,
      "containment": 0.31,
      "latency_ms": 2433.53857755661,
      "context_chars": 1923.48
    },
    "4": {
      "n": 100,
      "em": 0.24,
      "f1": 0.32699633699633696,
      "containment": 0.3,
      "latency_ms": 2445.0466442108154,
      "context_chars": 2563.59
    },
    "5": {
      "n": 100,
      "em": 0.26,
      "f1": 0.33661172161172154,
      "containment": 0.33,
      "latency_ms": 2442.2636699676514,
      "context_chars": 3208.28
    },
    "6": {
      "n": 100,
      "em": 0.25,
      "f1": 0.32716727716727706,
      "containment": 0.32,
      "latency_ms": 2459.099655151367,
      "context_chars": 3854.56
    }
  }
}