{
  "shard_index": 20,
  "shard_count": 37,
  "summary": {
    "0": {
      "n": 100,
      "em": 0.34,
      "f1": 0.4698893328893328,
      "containment": 0.42,
      "latency_ms": 2635.393238067627,
      "context_chars": 0.0
    },
    "1": {
      "n": 100,
      "em": 0.22,
      "f1": 0.27604761904761904,
      "containment": 0.2,
      "latency_ms": 2297.2455763816833,
      "context_chars": 635.3
    },
    "2": {
      "n": 100,
      "em": 0.23,
      "f1": 0.3001865079365079,
      "containment": 0.22,
      "latency_ms": 2345.9589767456055,
      "context_chars": 1273.12
    },
    "3": {
      "n": 100,
      "em": 0.27,
      "f1": 0.3436388888888889,
      "containment": 0.3,
      "latency_ms": 2393.385441303253,
      "context_chars": 1906.4
    },
    "4": {
      "n": 100,
      "em": 0.32,
      "f1": 0.38169444444444445,
      "containment": 0.34,
      "latency_ms": 2415.4145789146423,
      "context_chars": 2541.2
    },
    "5": {
      "n": 100,
      "em": 0.32,
      "f1": 0.3910277777777778,
      "containment": 0.33,
      "latency_ms": 2464.1162633895874,
      "context_chars": 3186.67
    },
    "6": {
      "n": 100,
      "em": 0.32,
      "f1": 0.3937546897546897,
      "containment": 0.34,
      "latency_ms": 2573.958308696747,
      "context_chars": 3824.62
    }
  }
}