{
  "shard_index": 30,
  "shard_count": 37,
  "summary": {
    "0": {
      "n": 100,
      "em": 0.4,
      "f1": 0.5422750190985485,
      "containment": 0.49,
      "latency_ms": 2517.0045232772827,
      "context_chars": 0.0
    },
    "1": {
      "n": 100,
      "em": 0.3,
      "f1": 0.339047619047619,
      "containment": 0.31,
      "latency_ms": 2329.5609068870544,
      "context_chars": 634.1
    },
    "2": {
      "n": 100,
      "em": 0.37,
      "f1": 0.41495238095238096,
      "containment": 0.38,
      "latency_ms": 2417.243902683258,
      "context_chars": 1273.77
    },
    "3": {
      "n": 100,
      "em": 0.44,
      "f1": 0.491952380952381,
      "containment": 0.43,
      "latency_ms": 2269.354898929596,
      "context_chars": 1918.69
    },
    "4": {
      "n": 100,
      "em": 0.48,
      "f1": 0.5573333333333332,
      "containment": 0.49,
      "latency_ms": 2387.9002571105957,
      "context_chars": 2561.95
    },
    "5": {
      "n": 100,
      "em": 0.46,
      "f1": 0.5589999999999999,
      "containment": 0.48,
      "latency_ms": 2423.07918548584,
      "context_chars": 3208.95
    },
    "6": {
      "n": 100,
      "em": 0.43,
      "f1": 0.5415238095238094,
      "containment": 0.47,
      "latency_ms": 2441.4951825141907,
      "context_chars": 3848.02
    }
  }
}