{
  "shard_index": 23,
  "shard_count": 37,
  "summary": {
    "0": {
      "n": 100,
      "em": 0.37,
      "f1": 0.5338871683871683,
      "containment": 0.48,
      "latency_ms": 2439.6119928359985,
      "context_chars": 0.0
    },
    "1": {
      "n": 100,
      "em": 0.17,
      "f1": 0.23638095238095239,
      "containment": 0.21,
      "latency_ms": 2573.3745288848877,
      "context_chars": 638.54
    },
    "2": {
      "n": 100,
      "em": 0.25,
      "f1": 0.3443487394957983,
      "containment": 0.29,
      "latency_ms": 2440.655312538147,
      "context_chars": 1282.32
    },
    "3": {
      "n": 100,
      "em": 0.31,
      "f1": 0.40934271284271284,
      "containment": 0.35,
      "latency_ms": 2439.9528884887695,
      "context_chars": 1925.33
    },
    "4": {
      "n": 100,
      "em": 0.31,
      "f1": 0.42711255411255405,
      "containment": 0.37,
      "latency_ms": 2593.6867785453796,
      "context_chars": 2560.38
    },
    "5": {
      "n": 100,
      "em": 0.33,
      "f1": 0.4415569985569985,
      "containment": 0.4,
      "latency_ms": 2721.666235923767,
      "context_chars": 3198.44
    },
    "6": {
      "n": 100,
      "em": 0.33,
      "f1": 0.4718253968253967,
      "containment": 0.42,
      "latency_ms": 2737.0232367515564,
      "context_chars": 3835.33
    }
  }
}