{
  "shard_index": 3,
  "shard_count": 37,
  "summary": {
    "0": {
      "n": 100,
      "em": 0.37,
      "f1": 0.47445238095238085,
      "containment": 0.47,
      "latency_ms": 2248.5869359970093,
      "context_chars": 0.0
    },
    "1": {
      "n": 100,
      "em": 0.26,
      "f1": 0.31660317460317455,
      "containment": 0.3,
      "latency_ms": 2265.936269760132,
      "context_chars": 635.37
    },
    "2": {
      "n": 100,
      "em": 0.26,
      "f1": 0.32888888888888884,
      "containment": 0.31,
      "latency_ms": 2279.8761129379272,
      "context_chars": 1283.54
    },
    "3": {
      "n": 100,
      "em": 0.32,
      "f1": 0.38888888888888884,
      "containment": 0.36,
      "latency_ms": 2421.6067457199097,
      "context_chars": 1920.34
    },
    "4": {
      "n": 100,
      "em": 0.34,
      "f1": 0.41926984126984124,
      "containment": 0.4,
      "latency_ms": 2203.844850063324,
      "context_chars": 2562.14
    },
    "5": {
      "n": 100,
      "em": 0.33,
      "f1": 0.41422222222222227,
      "containment": 0.39,
      "latency_ms": 2421.1110973358154,
      "context_chars": 3195.9
    },
    "6": {
      "n": 100,
      "em": 0.32,
      "f1": 0.4172698412698413,
      "containment": 0.39,
      "latency_ms": 2329.264361858368,
      "context_chars": 3842.68
    }
  }
}