{
  "shard_index": 4,
  "shard_count": 37,
  "summary": {
    "0": {
      "n": 100,
      "em": 0.11,
      "f1": 0.17744028194028194,
      "containment": 0.17,
      "latency_ms": 167.91254997253418,
      "context_chars": 0.0
    },
    "1": {
      "n": 100,
      "em": 0.27,
      "f1": 0.3419087301587302,
      "containment": 0.31,
      "latency_ms": 146.7693066596985,
      "context_chars": 635.64
    },
    "2": {
      "n": 100,
      "em": 0.27,
      "f1": 0.3720337206652995,
      "containment": 0.38,
      "latency_ms": 172.03235626220703,
      "context_chars": 1269.46
    },
    "3": {
      "n": 100,
      "em": 0.27,
      "f1": 0.3502972716997485,
      "containment": 0.34,
      "latency_ms": 185.92594385147095,
      "context_chars": 1910.87
    },
    "4": {
      "n": 100,
      "em": 0.28,
      "f1": 0.36650125313283205,
      "containment": 0.36,
      "latency_ms": 186.0438847541809,
      "context_chars": 2546.67
    },
    "5": {
      "n": 100,
      "em": 0.29,
      "f1": 0.38529562542720425,
      "containment": 0.39,
      "latency_ms": 214.79072093963623,
      "context_chars": 3191.41
    },
    "6": {
      "n": 100,
      "em": 0.29,
      "f1": 0.40502530315688207,
      "containment": 0.43,
      "latency_ms": 221.81304931640625,
      "context_chars": 3830.79
    }
  }
}