{
  "shard_index": 19,
  "shard_count": 37,
  "summary": {
    "0": {
      "n": 100,
      "em": 0.08,
      "f1": 0.15588828640834676,
      "containment": 0.14,
      "latency_ms": 170.26657581329346,
      "context_chars": 0.0
    },
    "1": {
      "n": 100,
      "em": 0.22,
      "f1": 0.31789911722264663,
      "containment": 0.27,
      "latency_ms": 146.86880588531494,
      "context_chars": 631.04
    },
    "2": {
      "n": 100,
      "em": 0.28,
      "f1": 0.38062589044941975,
      "containment": 0.34,
      "latency_ms": 173.09614419937134,
      "context_chars": 1263.52
    },
    "3": {
      "n": 100,
      "em": 0.3,
      "f1": 0.3859103641456582,
      "containment": 0.36,
      "latency_ms": 171.4580249786377,
      "context_chars": 1903.43
    },
    "4": {
      "n": 100,
      "em": 0.31,
      "f1": 0.38734500466853405,
      "containment": 0.35,
      "latency_ms": 191.79447412490845,
      "context_chars": 2540.14
    },
    "5": {
      "n": 100,
      "em": 0.33,
      "f1": 0.4178514753220635,
      "containment": 0.39,
      "latency_ms": 220.0302243232727,
      "context_chars": 3178.32
    },
    "6": {
      "n": 100,
      "em": 0.3,
      "f1": 0.3939473636621974,
      "containment": 0.38,
      "latency_ms": 229.57894325256348,
      "context_chars": 3812.89
    }
  }
}