{
  "shard_index": 36,
  "shard_count": 37,
  "summary": {
    "0": {
      "n": 10,
      "em": 0.2,
      "f1": 0.32666666666666666,
      "containment": 0.3,
      "latency_ms": 149.71697330474854,
      "context_chars": 0.0
    },
    "1": {
      "n": 10,
      "em": 0.3,
      "f1": 0.5433333333333333,
      "containment": 0.6,
      "latency_ms": 119.498610496521,
      "context_chars": 641.2
    },
    "2": {
      "n": 10,
      "em": 0.3,
      "f1": 0.6055555555555555,
      "containment": 0.7,
      "latency_ms": 142.09656715393066,
      "context_chars": 1291.7
    },
    "3": {
      "n": 10,
      "em": 0.3,
      "f1": 0.5888888888888889,
      "containment": 0.7,
      "latency_ms": 193.52669715881348,
      "context_chars": 1935.0
    },
    "4": {
      "n": 10,
      "em": 0.3,
      "f1": 0.5888888888888889,
      "containment": 0.8,
      "latency_ms": 172.91014194488525,
      "context_chars": 2596.9
    },
    "5": {
      "n": 10,
      "em": 0.3,
      "f1": 0.5888888888888889,
      "containment": 0.8,
      "latency_ms": 200.81822872161865,
      "context_chars": 3245.6
    },
    "6": {
      "n": 10,
      "em": 0.3,
      "f1": 0.6472222222222221,
      "containment": 0.9,
      "latency_ms": 252.671480178833,
      "context_chars": 3896.1
    }
  }
}