{
  "shard_index": 16,
  "shard_count": 37,
  "summary": {
    "0": {
      "n": 100,
      "em": 0.14,
      "f1": 0.19527380952380954,
      "containment": 0.18,
      "latency_ms": 153.85771989822388,
      "context_chars": 0.0
    },
    "1": {
      "n": 100,
      "em": 0.25,
      "f1": 0.3424870129870129,
      "containment": 0.29,
      "latency_ms": 145.69605350494385,
      "context_chars": 636.09
    },
    "2": {
      "n": 100,
      "em": 0.26,
      "f1": 0.36098467871997286,
      "containment": 0.33,
      "latency_ms": 155.22777795791626,
      "context_chars": 1275.09
    },
    "3": {
      "n": 100,
      "em": 0.28,
      "f1": 0.3950250827603769,
      "containment": 0.33,
      "latency_ms": 169.10258054733276,
      "context_chars": 1909.49
    },
    "4": {
      "n": 100,
      "em": 0.3,
      "f1": 0.41711238434767844,
      "containment": 0.37,
      "latency_ms": 187.66083478927612,
      "context_chars": 2553.43
    },
    "5": {
      "n": 100,
      "em": 0.28,
      "f1": 0.4042538802487652,
      "containment": 0.37,
      "latency_ms": 196.72449350357056,
      "context_chars": 3198.28
    },
    "6": {
      "n": 100,
      "em": 0.29,
      "f1": 0.4112072275550536,
      "containment": 0.36,
      "latency_ms": 220.19363641738892,
      "context_chars": 3842.28
    }
  }
}