{
  "shard_index": 18,
  "shard_count": 37,
  "summary": {
    "0": {
      "n": 100,
      "em": 0.11,
      "f1": 0.19363852813852817,
      "containment": 0.16,
      "latency_ms": 108.84021997451782,
      "context_chars": 0.0
    },
    "1": {
      "n": 100,
      "em": 0.29,
      "f1": 0.4287408424908425,
      "containment": 0.35,
      "latency_ms": 139.54243421554565,
      "context_chars": 634.04
    },
    "2": {
      "n": 100,
      "em": 0.31,
      "f1": 0.4572871572871573,
      "containment": 0.37,
      "latency_ms": 156.0450315475464,
      "context_chars": 1272.42
    },
    "3": {
      "n": 100,
      "em": 0.35,
      "f1": 0.49116955266955253,
      "containment": 0.41,
      "latency_ms": 176.73171997070312,
      "context_chars": 1923.38
    },
    "4": {
      "n": 100,
      "em": 0.34,
      "f1": 0.4939277167277167,
      "containment": 0.4,
      "latency_ms": 196.6431212425232,
      "context_chars": 2569.77
    },
    "5": {
      "n": 100,
      "em": 0.33,
      "f1": 0.4889734317969612,
      "containment": 0.4,
      "latency_ms": 209.1649889945984,
      "context_chars": 3215.72
    },
    "6": {
      "n": 100,
      "em": 0.32,
      "f1": 0.466501443001443,
      "containment": 0.39,
      "latency_ms": 213.7379503250122,
      "context_chars": 3861.69
    }
  }
}