{
  "shard_index": 24,
  "shard_count": 37,
  "summary": {
    "0": {
      "n": 100,
      "em": 0.08,
      "f1": 0.12755555555555553,
      "containment": 0.12,
      "latency_ms": 107.9615330696106,
      "context_chars": 0.0
    },
    "1": {
      "n": 100,
      "em": 0.26,
      "f1": 0.3382251082251082,
      "containment": 0.32,
      "latency_ms": 135.88186025619507,
      "context_chars": 642.45
    },
    "2": {
      "n": 100,
      "em": 0.3,
      "f1": 0.3831738261738261,
      "containment": 0.41,
      "latency_ms": 151.00980043411255,
      "context_chars": 1292.16
    },
    "3": {
      "n": 100,
      "em": 0.28,
      "f1": 0.3556087708587708,
      "containment": 0.38,
      "latency_ms": 173.04266214370728,
      "context_chars": 1931.68
    },
    "4": {
      "n": 100,
      "em": 0.29,
      "f1": 0.38932999367781973,
      "containment": 0.39,
      "latency_ms": 184.86183404922485,
      "context_chars": 2576.96
    },
    "5": {
      "n": 100,
      "em": 0.28,
      "f1": 0.3824761349761349,
      "containment": 0.4,
      "latency_ms": 191.17711067199707,
      "context_chars": 3221.98
    },
    "6": {
      "n": 100,
      "em": 0.3,
      "f1": 0.3983526751026751,
      "containment": 0.41,
      "latency_ms": 217.2552990913391,
      "context_chars": 3867.52
    }
  }
}