{
  "shard_index": 20,
  "shard_count": 37,
  "summary": {
    "0": {
      "n": 100,
      "em": 0.15,
      "f1": 0.19816666666666666,
      "containment": 0.17,
      "latency_ms": 116.39628648757935,
      "context_chars": 0.0
    },
    "1": {
      "n": 100,
      "em": 0.3,
      "f1": 0.36119182571814157,
      "containment": 0.33,
      "latency_ms": 143.5575008392334,
      "context_chars": 633.46
    },
    "2": {
      "n": 100,
      "em": 0.28,
      "f1": 0.36380727493396164,
      "containment": 0.35,
      "latency_ms": 160.48189878463745,
      "context_chars": 1271.16
    },
    "3": {
      "n": 100,
      "em": 0.3,
      "f1": 0.3783560232870578,
      "containment": 0.37,
      "latency_ms": 172.95540809631348,
      "context_chars": 1912.56
    },
    "4": {
      "n": 100,
      "em": 0.32,
      "f1": 0.39518491552771473,
      "containment": 0.4,
      "latency_ms": 175.07782459259033,
      "context_chars": 2556.09
    },
    "5": {
      "n": 100,
      "em": 0.34,
      "f1": 0.40868572984749457,
      "containment": 0.39,
      "latency_ms": 195.5338430404663,
      "context_chars": 3199.93
    },
    "6": {
      "n": 100,
      "em": 0.34,
      "f1": 0.4178396865992774,
      "containment": 0.41,
      "latency_ms": 221.17313146591187,
      "context_chars": 3841.35
    }
  }
}