{
  "shard_index": 12,
  "shard_count": 37,
  "summary": {
    "0": {
      "n": 100,
      "em": 0.11,
      "f1": 0.162547619047619,
      "containment": 0.15,
      "latency_ms": 151.01792335510254,
      "context_chars": 0.0
    },
    "1": {
      "n": 100,
      "em": 0.27,
      "f1": 0.33233333333333337,
      "containment": 0.28,
      "latency_ms": 130.81255674362183,
      "context_chars": 639.78
    },
    "2": {
      "n": 100,
      "em": 0.31,
      "f1": 0.39653052503052505,
      "containment": 0.35,
      "latency_ms": 150.41223287582397,
      "context_chars": 1279.39
    },
    "3": {
      "n": 100,
      "em": 0.35,
      "f1": 0.4475182595182595,
      "containment": 0.41,
      "latency_ms": 168.7245488166809,
      "context_chars": 1920.17
    },
    "4": {
      "n": 100,
      "em": 0.36,
      "f1": 0.4615353535353535,
      "containment": 0.43,
      "latency_ms": 165.83404779434204,
      "context_chars": 2554.88
    },
    "5": {
      "n": 100,
      "em": 0.36,
      "f1": 0.4599456099456099,
      "containment": 0.45,
      "latency_ms": 192.50810861587524,
      "context_chars": 3190.56
    },
    "6": {
      "n": 100,
      "em": 0.36,
      "f1": 0.4604329004329004,
      "containment": 0.44,
      "latency_ms": 203.38185787200928,
      "context_chars": 3827.8
    }
  }
}