{
  "shard_index": 5,
  "shard_count": 37,
  "summary": {
    "0": {
      "n": 100,
      "em": 0.13,
      "f1": 0.22767460317460317,
      "containment": 0.18,
      "latency_ms": 119.54893589019775,
      "context_chars": 0.0
    },
    "1": {
      "n": 100,
      "em": 0.28,
      "f1": 0.37750000000000006,
      "containment": 0.33,
      "latency_ms": 122.36672639846802,
      "context_chars": 645.07
    },
    "2": {
      "n": 100,
      "em": 0.34,
      "f1": 0.44812698412698415,
      "containment": 0.4,
      "latency_ms": 144.03154373168945,
      "context_chars": 1290.06
    },
    "3": {
      "n": 100,
      "em": 0.35,
      "f1": 0.4534859584859585,
      "containment": 0.4,
      "latency_ms": 160.5123472213745,
      "context_chars": 1939.19
    },
    "4": {
      "n": 100,
      "em": 0.34,
      "f1": 0.44813247863247857,
      "containment": 0.41,
      "latency_ms": 172.22482681274414,
      "context_chars": 2574.81
    },
    "5": {
      "n": 100,
      "em": 0.37,
      "f1": 0.4782991452991453,
      "containment": 0.44,
      "latency_ms": 185.2026081085205,
      "context_chars": 3218.98
    },
    "6": {
      "n": 100,
      "em": 0.36,
      "f1": 0.46874358974358976,
      "containment": 0.43,
      "latency_ms": 201.9220757484436,
      "context_chars": 3859.63
    }
  }
}