{
  "shard_index": 15,
  "shard_count": 37,
  "summary": {
    "0": {
      "n": 100,
      "em": 0.1,
      "f1": 0.18986111111111106,
      "containment": 0.16,
      "latency_ms": 124.07769680023193,
      "context_chars": 0.0
    },
    "1": {
      "n": 100,
      "em": 0.23,
      "f1": 0.32407142857142857,
      "containment": 0.29,
      "latency_ms": 146.32242918014526,
      "context_chars": 636.32
    },
    "2": {
      "n": 100,
      "em": 0.24,
      "f1": 0.3419494569757727,
      "containment": 0.31,
      "latency_ms": 168.21218967437744,
      "context_chars": 1274.27
    },
    "3": {
      "n": 100,
      "em": 0.26,
      "f1": 0.3606944444444444,
      "containment": 0.29,
      "latency_ms": 186.5966272354126,
      "context_chars": 1914.16
    },
    "4": {
      "n": 100,
      "em": 0.27,
      "f1": 0.3836188653043491,
      "containment": 0.33,
      "latency_ms": 200.33937454223633,
      "context_chars": 2554.72
    },
    "5": {
      "n": 100,
      "em": 0.25,
      "f1": 0.3611176682794329,
      "containment": 0.3,
      "latency_ms": 213.83352994918823,
      "context_chars": 3193.92
    },
    "6": {
      "n": 100,
      "em": 0.27,
      "f1": 0.3615508092125739,
      "containment": 0.32,
      "latency_ms": 224.3550205230713,
      "context_chars": 3836.57
    }
  }
}