{
  "shard_index": 9,
  "shard_count": 37,
  "summary": {
    "0": {
      "n": 100,
      "em": 0.17,
      "f1": 0.23600671550671548,
      "containment": 0.19,
      "latency_ms": 136.74819946289062,
      "context_chars": 0.0
    },
    "1": {
      "n": 100,
      "em": 0.26,
      "f1": 0.344469696969697,
      "containment": 0.26,
      "latency_ms": 126.9213080406189,
      "context_chars": 639.19
    },
    "2": {
      "n": 100,
      "em": 0.28,
      "f1": 0.3820757575757577,
      "containment": 0.3,
      "latency_ms": 173.26882600784302,
      "context_chars": 1282.35
    },
    "3": {
      "n": 100,
      "em": 0.34,
      "f1": 0.4193520738520739,
      "containment": 0.36,
      "latency_ms": 174.46215152740479,
      "context_chars": 1931.31
    },
    "4": {
      "n": 100,
      "em": 0.33,
      "f1": 0.4219302364302364,
      "containment": 0.38,
      "latency_ms": 174.98878955841064,
      "context_chars": 2571.65
    },
    "5": {
      "n": 100,
      "em": 0.31,
      "f1": 0.4104790013907661,
      "containment": 0.36,
      "latency_ms": 191.63142681121826,
      "context_chars": 3211.9
    },
    "6": {
      "n": 100,
      "em": 0.32,
      "f1": 0.42623065659830367,
      "containment": 0.37,
      "latency_ms": 206.80733442306519,
      "context_chars": 3851.88
    }
  }
}