{
  "shard_index": 8,
  "shard_count": 37,
  "summary": {
    "0": {
      "n": 100,
      "em": 0.19,
      "f1": 0.24334147334147335,
      "containment": 0.22,
      "latency_ms": 136.59902095794678,
      "context_chars": 0.0
    },
    "1": {
      "n": 100,
      "em": 0.27,
      "f1": 0.33796031746031746,
      "containment": 0.26,
      "latency_ms": 123.01450252532959,
      "context_chars": 637.47
    },
    "2": {
      "n": 100,
      "em": 0.23,
      "f1": 0.3282606837606838,
      "containment": 0.26,
      "latency_ms": 169.7836971282959,
      "context_chars": 1281.48
    },
    "3": {
      "n": 100,
      "em": 0.3,
      "f1": 0.38574258109040716,
      "containment": 0.31,
      "latency_ms": 182.3193073272705,
      "context_chars": 1921.57
    },
    "4": {
      "n": 100,
      "em": 0.29,
      "f1": 0.39393672993672985,
      "containment": 0.32,
      "latency_ms": 185.6217646598816,
      "context_chars": 2563.62
    },
    "5": {
      "n": 100,
      "em": 0.27,
      "f1": 0.37223343323343316,
      "containment": 0.32,
      "latency_ms": 210.48763036727905,
      "context_chars": 3204.13
    },
    "6": {
      "n": 100,
      "em": 0.29,
      "f1": 0.3872072176189823,
      "containment": 0.34,
      "latency_ms": 218.1277585029602,
      "context_chars": 3851.24
    }
  }
}