{
  "shard_index": 31,
  "shard_count": 37,
  "summary": {
    "0": {
      "n": 100,
      "em": 0.12,
      "f1": 0.17459969442322387,
      "containment": 0.14,
      "latency_ms": 149.5748782157898,
      "context_chars": 0.0
    },
    "1": {
      "n": 100,
      "em": 0.22,
      "f1": 0.30642857142857144,
      "containment": 0.25,
      "latency_ms": 149.1322112083435,
      "context_chars": 633.73
    },
    "2": {
      "n": 100,
      "em": 0.28,
      "f1": 0.3881507936507936,
      "containment": 0.33,
      "latency_ms": 146.02884769439697,
      "context_chars": 1273.04
    },
    "3": {
      "n": 100,
      "em": 0.28,
      "f1": 0.3997272172272172,
      "containment": 0.33,
      "latency_ms": 161.75226211547852,
      "context_chars": 1909.96
    },
    "4": {
      "n": 100,
      "em": 0.31,
      "f1": 0.4079328449328449,
      "containment": 0.36,
      "latency_ms": 177.77603387832642,
      "context_chars": 2550.52
    },
    "5": {
      "n": 100,
      "em": 0.31,
      "f1": 0.4109328449328449,
      "containment": 0.34,
      "latency_ms": 189.0620493888855,
      "context_chars": 3189.75
    },
    "6": {
      "n": 100,
      "em": 0.32,
      "f1": 0.4257185592185592,
      "containment": 0.36,
      "latency_ms": 201.1199688911438,
      "context_chars": 3828.45
    }
  }
}