{
  "shard_index": 10,
  "shard_count": 37,
  "summary": {
    "0": {
      "n": 100,
      "em": 0.09,
      "f1": 0.13941666666666663,
      "containment": 0.09,
      "latency_ms": 119.02234077453613,
      "context_chars": 0.0
    },
    "1": {
      "n": 100,
      "em": 0.36,
      "f1": 0.4336876807403123,
      "containment": 0.37,
      "latency_ms": 136.06619834899902,
      "context_chars": 634.1
    },
    "2": {
      "n": 100,
      "em": 0.42,
      "f1": 0.48943650793650784,
      "containment": 0.43,
      "latency_ms": 143.55968713760376,
      "context_chars": 1270.94
    },
    "3": {
      "n": 100,
      "em": 0.42,
      "f1": 0.508073593073593,
      "containment": 0.45,
      "latency_ms": 179.19895887374878,
      "context_chars": 1908.34
    },
    "4": {
      "n": 100,
      "em": 0.43,
      "f1": 0.5172690642690642,
      "containment": 0.45,
      "latency_ms": 177.0933747291565,
      "context_chars": 2551.21
    },
    "5": {
      "n": 100,
      "em": 0.43,
      "f1": 0.5189357309357309,
      "containment": 0.45,
      "latency_ms": 201.57267570495605,
      "context_chars": 3185.09
    },
    "6": {
      "n": 100,
      "em": 0.42,
      "f1": 0.5085762245417418,
      "containment": 0.45,
      "latency_ms": 209.84400510787964,
      "context_chars": 3824.97
    }
  }
}