{
  "shard_index": 28,
  "shard_count": 37,
  "summary": {
    "0": {
      "n": 100,
      "em": 0.11,
      "f1": 0.18170050125313286,
      "containment": 0.15,
      "latency_ms": 159.59168672561646,
      "context_chars": 0.0
    },
    "1": {
      "n": 100,
      "em": 0.26,
      "f1": 0.3448694625185497,
      "containment": 0.3,
      "latency_ms": 154.07095670700073,
      "context_chars": 636.03
    },
    "2": {
      "n": 100,
      "em": 0.23,
      "f1": 0.30880360855360856,
      "containment": 0.25,
      "latency_ms": 169.09115076065063,
      "context_chars": 1277.31
    },
    "3": {
      "n": 100,
      "em": 0.27,
      "f1": 0.35990396825396836,
      "containment": 0.29,
      "latency_ms": 228.9357590675354,
      "context_chars": 1917.54
    },
    "4": {
      "n": 100,
      "em": 0.26,
      "f1": 0.35801507936507937,
      "containment": 0.29,
      "latency_ms": 214.2674160003662,
      "context_chars": 2559.99
    },
    "5": {
      "n": 100,
      "em": 0.26,
      "f1": 0.3539630647130647,
      "containment": 0.29,
      "latency_ms": 230.57172775268555,
      "context_chars": 3198.66
    },
    "6": {
      "n": 100,
      "em": 0.25,
      "f1": 0.3418574964706976,
      "containment": 0.3,
      "latency_ms": 227.7645993232727,
      "context_chars": 3842.73
    }
  }
}