{
  "shard_index": 30,
  "shard_count": 37,
  "summary": {
    "0": {
      "n": 100,
      "em": 0.1,
      "f1": 0.1726031746031746,
      "containment": 0.14,
      "latency_ms": 110.63138961791992,
      "context_chars": 0.0
    },
    "1": {
      "n": 100,
      "em": 0.34,
      "f1": 0.4335714285714285,
      "containment": 0.33,
      "latency_ms": 149.9666142463684,
      "context_chars": 639.58
    },
    "2": {
      "n": 100,
      "em": 0.4,
      "f1": 0.5158095238095236,
      "containment": 0.41,
      "latency_ms": 158.34458112716675,
      "context_chars": 1282.99
    },
    "3": {
      "n": 100,
      "em": 0.43,
      "f1": 0.5612738095238095,
      "containment": 0.47,
      "latency_ms": 160.92021942138672,
      "context_chars": 1926.13
    },
    "4": {
      "n": 100,
      "em": 0.44,
      "f1": 0.5637769423558897,
      "containment": 0.51,
      "latency_ms": 178.32995653152466,
      "context_chars": 2571.71
    },
    "5": {
      "n": 100,
      "em": 0.51,
      "f1": 0.6192804739120529,
      "containment": 0.54,
      "latency_ms": 188.14690828323364,
      "context_chars": 3213.54
    },
    "6": {
      "n": 100,
      "em": 0.47,
      "f1": 0.5731906981906982,
      "containment": 0.51,
      "latency_ms": 209.3516755104065,
      "context_chars": 3858.35
    }
  }
}