{
  "shard_index": 25,
  "shard_count": 37,
  "summary": {
    "0": {
      "n": 100,
      "em": 0.17,
      "f1": 0.23104499700841163,
      "containment": 0.21,
      "latency_ms": 149.310564994812,
      "context_chars": 0.0
    },
    "1": {
      "n": 100,
      "em": 0.32,
      "f1": 0.3802332667332668,
      "containment": 0.38,
      "latency_ms": 140.64157009124756,
      "context_chars": 642.66
    },
    "2": {
      "n": 100,
      "em": 0.38,
      "f1": 0.45192085692085693,
      "containment": 0.44,
      "latency_ms": 152.31530666351318,
      "context_chars": 1284.34
    },
    "3": {
      "n": 100,
      "em": 0.35,
      "f1": 0.4630625196059978,
      "containment": 0.44,
      "latency_ms": 179.43311214447021,
      "context_chars": 1926.48
    },
    "4": {
      "n": 100,
      "em": 0.37,
      "f1": 0.4781774891774892,
      "containment": 0.45,
      "latency_ms": 179.79876279830933,
      "context_chars": 2560.43
    },
    "5": {
      "n": 100,
      "em": 0.35,
      "f1": 0.4509408369408369,
      "containment": 0.45,
      "latency_ms": 207.77366399765015,
      "context_chars": 3210.73
    },
    "6": {
      "n": 100,
      "em": 0.39,
      "f1": 0.49018076368076363,
      "containment": 0.47,
      "latency_ms": 224.05080318450928,
      "context_chars": 3848.14
    }
  }
}