{
  "shard_index": 21,
  "shard_count": 37,
  "summary": {
    "0": {
      "n": 100,
      "em": 0.1,
      "f1": 0.15229072681704262,
      "containment": 0.14,
      "latency_ms": 120.26872396469116,
      "context_chars": 0.0
    },
    "1": {
      "n": 100,
      "em": 0.29,
      "f1": 0.3667893217893218,
      "containment": 0.32,
      "latency_ms": 156.51469707489014,
      "context_chars": 621.91
    },
    "2": {
      "n": 100,
      "em": 0.28,
      "f1": 0.40319158458288895,
      "containment": 0.35,
      "latency_ms": 162.16638565063477,
      "context_chars": 1253.07
    },
    "3": {
      "n": 100,
      "em": 0.3,
      "f1": 0.4115751470751471,
      "containment": 0.37,
      "latency_ms": 177.44666576385498,
      "context_chars": 1888.65
    },
    "4": {
      "n": 100,
      "em": 0.3,
      "f1": 0.4177753357753358,
      "containment": 0.38,
      "latency_ms": 178.01021337509155,
      "context_chars": 2524.67
    },
    "5": {
      "n": 100,
      "em": 0.32,
      "f1": 0.4458864468864469,
      "containment": 0.39,
      "latency_ms": 195.1772952079773,
      "context_chars": 3159.22
    },
    "6": {
      "n": 100,
      "em": 0.34,
      "f1": 0.4665531135531136,
      "containment": 0.42,
      "latency_ms": 221.79821729660034,
      "context_chars": 3795.38
    }
  }
}