{
  "shard_index": 0,
  "shard_count": 37,
  "summary": {
    "0": {
      "n": 100,
      "em": 0.11,
      "f1": 0.1887308802308802,
      "containment": 0.16,
      "latency_ms": 131.5740180015564,
      "context_chars": 0.0
    },
    "1": {
      "n": 100,
      "em": 0.23,
      "f1": 0.3654281045751634,
      "containment": 0.29,
      "latency_ms": 138.35828304290771,
      "context_chars": 633.18
    },
    "2": {
      "n": 100,
      "em": 0.21,
      "f1": 0.3603628087598676,
      "containment": 0.31,
      "latency_ms": 163.82415771484375,
      "context_chars": 1272.57
    },
    "3": {
      "n": 100,
      "em": 0.22,
      "f1": 0.3745575551899082,
      "containment": 0.34,
      "latency_ms": 182.15021133422852,
      "context_chars": 1907.36
    },
    "4": {
      "n": 100,
      "em": 0.22,
      "f1": 0.3825626644597233,
      "containment": 0.35,
      "latency_ms": 192.646963596344,
      "context_chars": 2546.04
    },
    "5": {
      "n": 100,
      "em": 0.22,
      "f1": 0.39065808570514454,
      "containment": 0.35,
      "latency_ms": 227.1400284767151,
      "context_chars": 3183.09
    },
    "6": {
      "n": 100,
      "em": 0.25,
      "f1": 0.4092316028312933,
      "containment": 0.37,
      "latency_ms": 222.61463403701782,
      "context_chars": 3825.03
    }
  }
}