{
  "shard_index": 32,
  "shard_count": 37,
  "summary": {
    "0": {
      "n": 100,
      "em": 0.11,
      "f1": 0.19260737812911727,
      "containment": 0.16,
      "latency_ms": 129.7862982749939,
      "context_chars": 0.0
    },
    "1": {
      "n": 100,
      "em": 0.17,
      "f1": 0.29042612942612944,
      "containment": 0.24,
      "latency_ms": 133.67663383483887,
      "context_chars": 635.64
    },
    "2": {
      "n": 100,
      "em": 0.18,
      "f1": 0.30585801797102113,
      "containment": 0.25,
      "latency_ms": 160.1400375366211,
      "context_chars": 1270.9
    },
    "3": {
      "n": 100,
      "em": 0.26,
      "f1": 0.3952913165266106,
      "containment": 0.34,
      "latency_ms": 152.0257019996643,
      "context_chars": 1910.6
    },
    "4": {
      "n": 100,
      "em": 0.26,
      "f1": 0.389806450208927,
      "containment": 0.34,
      "latency_ms": 186.52350664138794,
      "context_chars": 2548.65
    },
    "5": {
      "n": 100,
      "em": 0.28,
      "f1": 0.4262352500748726,
      "containment": 0.38,
      "latency_ms": 225.33093929290771,
      "context_chars": 3188.1
    },
    "6": {
      "n": 100,
      "em": 0.29,
      "f1": 0.446920212491697,
      "containment": 0.38,
      "latency_ms": 232.5303316116333,
      "context_chars": 3829.5
    }
  }
}