{
  "shard_index": 13,
  "shard_count": 37,
  "summary": {
    "0": {
      "n": 100,
      "em": 0.11,
      "f1": 0.1846007326007326,
      "containment": 0.17,
      "latency_ms": 122.47209787368774,
      "context_chars": 0.0
    },
    "1": {
      "n": 100,
      "em": 0.24,
      "f1": 0.34984512417407143,
      "containment": 0.3,
      "latency_ms": 136.49819135665894,
      "context_chars": 632.35
    },
    "2": {
      "n": 100,
      "em": 0.26,
      "f1": 0.37405075823432815,
      "containment": 0.36,
      "latency_ms": 153.18228244781494,
      "context_chars": 1268.19
    },
    "3": {
      "n": 100,
      "em": 0.26,
      "f1": 0.3760873015873015,
      "containment": 0.34,
      "latency_ms": 180.0725769996643,
      "context_chars": 1908.68
    },
    "4": {
      "n": 100,
      "em": 0.27,
      "f1": 0.38720930594459996,
      "containment": 0.35,
      "latency_ms": 194.98582124710083,
      "context_chars": 2542.62
    },
    "5": {
      "n": 100,
      "em": 0.25,
      "f1": 0.37614163614163615,
      "containment": 0.34,
      "latency_ms": 209.7281551361084,
      "context_chars": 3175.7
    },
    "6": {
      "n": 100,
      "em": 0.25,
      "f1": 0.3878095238095237,
      "containment": 0.34,
      "latency_ms": 210.70675611495972,
      "context_chars": 3818.77
    }
  }
}