{
  "shard_index": 11,
  "shard_count": 37,
  "summary": {
    "0": {
      "n": 100,
      "em": 0.16,
      "f1": 0.21253968253968253,
      "containment": 0.18,
      "latency_ms": 114.59796667098999,
      "context_chars": 0.0
    },
    "1": {
      "n": 100,
      "em": 0.31,
      "f1": 0.3944216110686699,
      "containment": 0.36,
      "latency_ms": 150.53900480270386,
      "context_chars": 633.78
    },
    "2": {
      "n": 100,
      "em": 0.33,
      "f1": 0.4341065383418324,
      "containment": 0.43,
      "latency_ms": 164.99181270599365,
      "context_chars": 1269.35
    },
    "3": {
      "n": 100,
      "em": 0.33,
      "f1": 0.44115230521112864,
      "containment": 0.47,
      "latency_ms": 188.8991355895996,
      "context_chars": 1908.08
    },
    "4": {
      "n": 100,
      "em": 0.34,
      "f1": 0.4384746887099827,
      "containment": 0.44,
      "latency_ms": 181.68057441711426,
      "context_chars": 2540.76
    },
    "5": {
      "n": 100,
      "em": 0.36,
      "f1": 0.47533308762101323,
      "containment": 0.48,
      "latency_ms": 206.90834999084473,
      "context_chars": 3183.66
    },
    "6": {
      "n": 100,
      "em": 0.31,
      "f1": 0.4444379084967319,
      "containment": 0.47,
      "latency_ms": 217.64833450317383,
      "context_chars": 3826.0
    }
  }
}