{
  "shard_index": 7,
  "shard_count": 37,
  "summary": {
    "0": {
      "n": 100,
      "em": 0.13,
      "f1": 0.19721545121545123,
      "containment": 0.18,
      "latency_ms": 171.7907428741455,
      "context_chars": 0.0
    },
    "1": {
      "n": 100,
      "em": 0.21,
      "f1": 0.28985531135531134,
      "containment": 0.24,
      "latency_ms": 125.71306943893433,
      "context_chars": 638.66
    },
    "2": {
      "n": 100,
      "em": 0.25,
      "f1": 0.3337668442668442,
      "containment": 0.25,
      "latency_ms": 174.70126390457153,
      "context_chars": 1280.17
    },
    "3": {
      "n": 100,
      "em": 0.24,
      "f1": 0.33418686542215953,
      "containment": 0.27,
      "latency_ms": 175.52692651748657,
      "context_chars": 1926.2
    },
    "4": {
      "n": 100,
      "em": 0.26,
      "f1": 0.3800911278264219,
      "containment": 0.32,
      "latency_ms": 199.3884825706482,
      "context_chars": 2565.01
    },
    "5": {
      "n": 100,
      "em": 0.26,
      "f1": 0.3835444082624609,
      "containment": 0.34,
      "latency_ms": 214.1804313659668,
      "context_chars": 3205.52
    },
    "6": {
      "n": 100,
      "em": 0.25,
      "f1": 0.37136817300346714,
      "containment": 0.33,
      "latency_ms": 223.01493167877197,
      "context_chars": 3849.49
    }
  }
}