{
  "shard_index": 3,
  "shard_count": 37,
  "summary": {
    "0": {
      "n": 100,
      "em": 0.09,
      "f1": 0.13465151515151513,
      "containment": 0.12,
      "latency_ms": 121.32956027984619,
      "context_chars": 0.0
    },
    "1": {
      "n": 100,
      "em": 0.25,
      "f1": 0.3359285714285714,
      "containment": 0.31,
      "latency_ms": 124.44338798522949,
      "context_chars": 641.73
    },
    "2": {
      "n": 100,
      "em": 0.31,
      "f1": 0.367643137254902,
      "containment": 0.37,
      "latency_ms": 152.0543098449707,
      "context_chars": 1279.19
    },
    "3": {
      "n": 100,
      "em": 0.28,
      "f1": 0.359217032967033,
      "containment": 0.35,
      "latency_ms": 162.73644924163818,
      "context_chars": 1919.85
    },
    "4": {
      "n": 100,
      "em": 0.32,
      "f1": 0.3887577597840755,
      "containment": 0.35,
      "latency_ms": 162.9115915298462,
      "context_chars": 2560.49
    },
    "5": {
      "n": 100,
      "em": 0.3,
      "f1": 0.3754931077694236,
      "containment": 0.35,
      "latency_ms": 188.7462043762207,
      "context_chars": 3201.34
    },
    "6": {
      "n": 100,
      "em": 0.3,
      "f1": 0.38829166666666665,
      "containment": 0.38,
      "latency_ms": 195.2557396888733,
      "context_chars": 3840.87
    }
  }
}