{
  "shard_index": 35,
  "shard_count": 37,
  "summary": {
    "0": {
      "n": 100,
      "em": 0.14,
      "f1": 0.2000476190476191,
      "containment": 0.18,
      "latency_ms": 146.19009017944336,
      "context_chars": 0.0
    },
    "1": {
      "n": 100,
      "em": 0.23,
      "f1": 0.29992900042900045,
      "containment": 0.26,
      "latency_ms": 181.8761420249939,
      "context_chars": 642.59
    },
    "2": {
      "n": 100,
      "em": 0.27,
      "f1": 0.3303347763347763,
      "containment": 0.31,
      "latency_ms": 152.64402866363525,
      "context_chars": 1284.05
    },
    "3": {
      "n": 100,
      "em": 0.26,
      "f1": 0.3447416267942583,
      "containment": 0.33,
      "latency_ms": 177.26653575897217,
      "context_chars": 1928.7
    },
    "4": {
      "n": 100,
      "em": 0.28,
      "f1": 0.37217604617604616,
      "containment": 0.36,
      "latency_ms": 169.31301593780518,
      "context_chars": 2573.64
    },
    "5": {
      "n": 100,
      "em": 0.31,
      "f1": 0.40624603174603174,
      "containment": 0.38,
      "latency_ms": 200.86319208145142,
      "context_chars": 3219.25
    },
    "6": {
      "n": 100,
      "em": 0.28,
      "f1": 0.3742546897546898,
      "containment": 0.36,
      "latency_ms": 214.06296014785767,
      "context_chars": 3864.78
    }
  }
}