{
  "shard_index": 33,
  "shard_count": 37,
  "summary": {
    "0": {
      "n": 100,
      "em": 0.1,
      "f1": 0.15845454545454543,
      "containment": 0.1,
      "latency_ms": 122.2679853439331,
      "context_chars": 0.0
    },
    "1": {
      "n": 100,
      "em": 0.26,
      "f1": 0.3439355742296919,
      "containment": 0.28,
      "latency_ms": 136.90346002578735,
      "context_chars": 638.31
    },
    "2": {
      "n": 100,
      "em": 0.25,
      "f1": 0.35813165266106445,
      "containment": 0.3,
      "latency_ms": 168.35429668426514,
      "context_chars": 1272.34
    },
    "3": {
      "n": 100,
      "em": 0.28,
      "f1": 0.3894733893557424,
      "containment": 0.32,
      "latency_ms": 184.2669415473938,
      "context_chars": 1910.56
    },
    "4": {
      "n": 100,
      "em": 0.29,
      "f1": 0.390798319327731,
      "containment": 0.32,
      "latency_ms": 195.16753435134888,
      "context_chars": 2551.35
    },
    "5": {
      "n": 100,
      "em": 0.28,
      "f1": 0.38273594053005816,
      "containment": 0.33,
      "latency_ms": 200.75947284698486,
      "context_chars": 3195.83
    },
    "6": {
      "n": 100,
      "em": 0.35,
      "f1": 0.44235387488328665,
      "containment": 0.36,
      "latency_ms": 223.93600463867188,
      "context_chars": 3834.86
    }
  }
}