{
  "shard_index": 17,
  "shard_count": 37,
  "summary": {
    "0": {
      "n": 100,
      "em": 0.13,
      "f1": 0.18517969258156175,
      "containment": 0.15,
      "latency_ms": 190.99814414978027,
      "context_chars": 0.0
    },
    "1": {
      "n": 100,
      "em": 0.32,
      "f1": 0.3547085137085137,
      "containment": 0.31,
      "latency_ms": 136.09841585159302,
      "context_chars": 636.48
    },
    "2": {
      "n": 100,
      "em": 0.39,
      "f1": 0.4557289558683862,
      "containment": 0.41,
      "latency_ms": 167.05422639846802,
      "context_chars": 1278.31
    },
    "3": {
      "n": 100,
      "em": 0.38,
      "f1": 0.4566585474769618,
      "containment": 0.39,
      "latency_ms": 194.94025468826294,
      "context_chars": 1922.01
    },
    "4": {
      "n": 100,
      "em": 0.39,
      "f1": 0.45374405127036704,
      "containment": 0.38,
      "latency_ms": 197.19403505325317,
      "context_chars": 2559.9
    },
    "5": {
      "n": 100,
      "em": 0.39,
      "f1": 0.4612967587967588,
      "containment": 0.39,
      "latency_ms": 193.9840054512024,
      "context_chars": 3201.0
    },
    "6": {
      "n": 100,
      "em": 0.38,
      "f1": 0.44778269907941115,
      "containment": 0.37,
      "latency_ms": 202.6618790626526,
      "context_chars": 3841.1
    }
  }
}