{
  "shard_index": 29,
  "shard_count": 37,
  "summary": {
    "0": {
      "n": 100,
      "em": 0.1,
      "f1": 0.1736452203710268,
      "containment": 0.16,
      "latency_ms": 117.74234294891357,
      "context_chars": 0.0
    },
    "1": {
      "n": 100,
      "em": 0.25,
      "f1": 0.3468563658563658,
      "containment": 0.29,
      "latency_ms": 133.67323637008667,
      "context_chars": 642.5
    },
    "2": {
      "n": 100,
      "em": 0.33,
      "f1": 0.458089887236946,
      "containment": 0.39,
      "latency_ms": 156.85904026031494,
      "context_chars": 1285.22
    },
    "3": {
      "n": 100,
      "em": 0.34,
      "f1": 0.47412153859212675,
      "containment": 0.42,
      "latency_ms": 178.55145931243896,
      "context_chars": 1929.45
    },
    "4": {
      "n": 100,
      "em": 0.32,
      "f1": 0.4525706578874841,
      "containment": 0.41,
      "latency_ms": 197.0541214942932,
      "context_chars": 2568.06
    },
    "5": {
      "n": 100,
      "em": 0.31,
      "f1": 0.4432959401709401,
      "containment": 0.38,
      "latency_ms": 210.76724767684937,
      "context_chars": 3205.72
    },
    "6": {
      "n": 100,
      "em": 0.32,
      "f1": 0.44802609890109885,
      "containment": 0.37,
      "latency_ms": 208.6008906364441,
      "context_chars": 3849.87
    }
  }
}