{
  "shard_index": 1,
  "shard_count": 37,
  "summary": {
    "0": {
      "n": 100,
      "em": 0.06,
      "f1": 0.11755555555555557,
      "containment": 0.07,
      "latency_ms": 106.18581295013428,
      "context_chars": 0.0
    },
    "1": {
      "n": 100,
      "em": 0.28,
      "f1": 0.3767249694749695,
      "containment": 0.36,
      "latency_ms": 138.95492792129517,
      "context_chars": 638.27
    },
    "2": {
      "n": 100,
      "em": 0.31,
      "f1": 0.4176256613756613,
      "containment": 0.39,
      "latency_ms": 154.27938222885132,
      "context_chars": 1278.61
    },
    "3": {
      "n": 100,
      "em": 0.33,
      "f1": 0.4485357142857142,
      "containment": 0.43,
      "latency_ms": 158.84819507598877,
      "context_chars": 1920.61
    },
    "4": {
      "n": 100,
      "em": 0.36,
      "f1": 0.468813492063492,
      "containment": 0.44,
      "latency_ms": 187.3444414138794,
      "context_chars": 2559.18
    },
    "5": {
      "n": 100,
      "em": 0.33,
      "f1": 0.46191931216931204,
      "containment": 0.45,
      "latency_ms": 212.6733374595642,
      "context_chars": 3200.48
    },
    "6": {
      "n": 100,
      "em": 0.36,
      "f1": 0.4767900432900432,
      "containment": 0.47,
      "latency_ms": 207.1959686279297,
      "context_chars": 3839.67
    }
  }
}