{
  "shard_index": 34,
  "shard_count": 37,
  "summary": {
    "0": {
      "n": 100,
      "em": 0.16,
      "f1": 0.20686385836385832,
      "containment": 0.19,
      "latency_ms": 116.6071891784668,
      "context_chars": 0.0
    },
    "1": {
      "n": 100,
      "em": 0.25,
      "f1": 0.3305689865689866,
      "containment": 0.27,
      "latency_ms": 129.1018557548523,
      "context_chars": 636.79
    },
    "2": {
      "n": 100,
      "em": 0.32,
      "f1": 0.39242216117216117,
      "containment": 0.32,
      "latency_ms": 152.74874687194824,
      "context_chars": 1279.28
    },
    "3": {
      "n": 100,
      "em": 0.34,
      "f1": 0.430344239094239,
      "containment": 0.37,
      "latency_ms": 164.81539011001587,
      "context_chars": 1922.02
    },
    "4": {
      "n": 100,
      "em": 0.33,
      "f1": 0.43248312798312794,
      "containment": 0.39,
      "latency_ms": 179.61195707321167,
      "context_chars": 2569.54
    },
    "5": {
      "n": 100,
      "em": 0.37,
      "f1": 0.46535897435897433,
      "containment": 0.42,
      "latency_ms": 195.1775312423706,
      "context_chars": 3213.22
    },
    "6": {
      "n": 100,
      "em": 0.38,
      "f1": 0.46646581196581194,
      "containment": 0.44,
      "latency_ms": 205.12296676635742,
      "context_chars": 3854.81
    }
  }
}