{
  "shard_index": 22,
  "shard_count": 37,
  "summary": {
    "0": {
      "n": 100,
      "em": 0.13,
      "f1": 0.15783406593406593,
      "containment": 0.17,
      "latency_ms": 145.13293743133545,
      "context_chars": 0.0
    },
    "1": {
      "n": 100,
      "em": 0.27,
      "f1": 0.3440915750915752,
      "containment": 0.33,
      "latency_ms": 142.70343780517578,
      "context_chars": 636.86
    },
    "2": {
      "n": 100,
      "em": 0.31,
      "f1": 0.4006803196803196,
      "containment": 0.38,
      "latency_ms": 160.46765089035034,
      "context_chars": 1279.89
    },
    "3": {
      "n": 100,
      "em": 0.29,
      "f1": 0.4007661782661782,
      "containment": 0.39,
      "latency_ms": 175.649995803833,
      "context_chars": 1917.56
    },
    "4": {
      "n": 100,
      "em": 0.3,
      "f1": 0.4000537599655246,
      "containment": 0.4,
      "latency_ms": 172.5387692451477,
      "context_chars": 2555.47
    },
    "5": {
      "n": 100,
      "em": 0.29,
      "f1": 0.39908652458652455,
      "containment": 0.4,
      "latency_ms": 193.8966417312622,
      "context_chars": 3193.41
    },
    "6": {
      "n": 100,
      "em": 0.31,
      "f1": 0.42890109890109884,
      "containment": 0.41,
      "latency_ms": 199.6400284767151,
      "context_chars": 3833.95
    }
  }
}