{
  "shard_index": 23,
  "shard_count": 37,
  "summary": {
    "0": {
      "n": 100,
      "em": 0.2,
      "f1": 0.2829285714285714,
      "containment": 0.2,
      "latency_ms": 119.14328098297119,
      "context_chars": 0.0
    },
    "1": {
      "n": 100,
      "em": 0.27,
      "f1": 0.37110389610389616,
      "containment": 0.35,
      "latency_ms": 131.57360315322876,
      "context_chars": 643.97
    },
    "2": {
      "n": 100,
      "em": 0.31,
      "f1": 0.401034299034299,
      "containment": 0.4,
      "latency_ms": 169.98557090759277,
      "context_chars": 1286.59
    },
    "3": {
      "n": 100,
      "em": 0.28,
      "f1": 0.39182251082251085,
      "containment": 0.38,
      "latency_ms": 184.1119408607483,
      "context_chars": 1922.8
    },
    "4": {
      "n": 100,
      "em": 0.29,
      "f1": 0.4165974025974025,
      "containment": 0.39,
      "latency_ms": 193.15414190292358,
      "context_chars": 2562.37
    },
    "5": {
      "n": 100,
      "em": 0.29,
      "f1": 0.4204872598162071,
      "containment": 0.41,
      "latency_ms": 207.18945503234863,
      "context_chars": 3202.06
    },
    "6": {
      "n": 100,
      "em": 0.29,
      "f1": 0.4332207792207792,
      "containment": 0.4,
      "latency_ms": 210.4287552833557,
      "context_chars": 3844.46
    }
  }
}