{
  "shard_index": 6,
  "shard_count": 37,
  "summary": {
    "0": {
      "n": 100,
      "em": 0.1,
      "f1": 0.1678015873015873,
      "containment": 0.11,
      "latency_ms": 117.73411273956299,
      "context_chars": 0.0
    },
    "1": {
      "n": 100,
      "em": 0.23,
      "f1": 0.3375147600937074,
      "containment": 0.31,
      "latency_ms": 142.3685121536255,
      "context_chars": 640.86
    },
    "2": {
      "n": 100,
      "em": 0.22,
      "f1": 0.35258016002731496,
      "containment": 0.35,
      "latency_ms": 167.09024906158447,
      "context_chars": 1284.24
    },
    "3": {
      "n": 100,
      "em": 0.3,
      "f1": 0.41532964988228144,
      "containment": 0.4,
      "latency_ms": 183.36012363433838,
      "context_chars": 1926.49
    },
    "4": {
      "n": 100,
      "em": 0.24,
      "f1": 0.37659849215112373,
      "containment": 0.37,
      "latency_ms": 205.91922521591187,
      "context_chars": 2566.45
    },
    "5": {
      "n": 100,
      "em": 0.28,
      "f1": 0.38182227032227034,
      "containment": 0.38,
      "latency_ms": 206.05989694595337,
      "context_chars": 3208.91
    },
    "6": {
      "n": 100,
      "em": 0.29,
      "f1": 0.38500862445048495,
      "containment": 0.38,
      "latency_ms": 233.59960794448853,
      "context_chars": 3848.88
    }
  }
}