{
  "shard_index": 27,
  "shard_count": 37,
  "summary": {
    "0": {
      "n": 100,
      "em": 0.19,
      "f1": 0.23256421356421353,
      "containment": 0.2,
      "latency_ms": 113.69443655014038,
      "context_chars": 0.0
    },
    "1": {
      "n": 100,
      "em": 0.29,
      "f1": 0.3471666666666666,
      "containment": 0.31,
      "latency_ms": 148.6168622970581,
      "context_chars": 636.02
    },
    "2": {
      "n": 100,
      "em": 0.33,
      "f1": 0.44456637806637817,
      "containment": 0.36,
      "latency_ms": 154.34003114700317,
      "context_chars": 1271.47
    },
    "3": {
      "n": 100,
      "em": 0.35,
      "f1": 0.4570517961570593,
      "containment": 0.41,
      "latency_ms": 165.83151817321777,
      "context_chars": 1903.54
    },
    "4": {
      "n": 100,
      "em": 0.37,
      "f1": 0.4759810890863523,
      "containment": 0.42,
      "latency_ms": 178.78937005996704,
      "context_chars": 2537.41
    },
    "5": {
      "n": 100,
      "em": 0.36,
      "f1": 0.4644129072681704,
      "containment": 0.41,
      "latency_ms": 212.53543376922607,
      "context_chars": 3177.15
    },
    "6": {
      "n": 100,
      "em": 0.32,
      "f1": 0.42856442241968556,
      "containment": 0.37,
      "latency_ms": 235.6203293800354,
      "context_chars": 3814.26
    }
  }
}