{
  "shard_index": 2,
  "shard_count": 37,
  "summary": {
    "0": {
      "n": 100,
      "em": 0.09,
      "f1": 0.15471031746031746,
      "containment": 0.14,
      "latency_ms": 131.1814308166504,
      "context_chars": 0.0
    },
    "1": {
      "n": 100,
      "em": 0.2,
      "f1": 0.3004559884559885,
      "containment": 0.29,
      "latency_ms": 142.40623474121094,
      "context_chars": 631.47
    },
    "2": {
      "n": 100,
      "em": 0.18,
      "f1": 0.29371658986175114,
      "containment": 0.3,
      "latency_ms": 163.24766397476196,
      "context_chars": 1269.24
    },
    "3": {
      "n": 100,
      "em": 0.19,
      "f1": 0.3048160173160174,
      "containment": 0.29,
      "latency_ms": 171.7037034034729,
      "context_chars": 1906.56
    },
    "4": {
      "n": 100,
      "em": 0.21,
      "f1": 0.3263542568542569,
      "containment": 0.31,
      "latency_ms": 183.4239411354065,
      "context_chars": 2540.61
    },
    "5": {
      "n": 100,
      "em": 0.22,
      "f1": 0.3323412698412699,
      "containment": 0.32,
      "latency_ms": 194.87610340118408,
      "context_chars": 3175.54
    },
    "6": {
      "n": 100,
      "em": 0.23,
      "f1": 0.33964285714285714,
      "containment": 0.33,
      "latency_ms": 202.9470920562744,
      "context_chars": 3812.52
    }
  }
}