{
  "shard_index": 14,
  "shard_count": 37,
  "summary": {
    "0": {
      "n": 100,
      "em": 0.14,
      "f1": 0.2036507936507936,
      "containment": 0.15,
      "latency_ms": 114.13561820983887,
      "context_chars": 0.0
    },
    "1": {
      "n": 100,
      "em": 0.3,
      "f1": 0.4078868517103811,
      "containment": 0.32,
      "latency_ms": 148.28834772109985,
      "context_chars": 646.4
    },
    "2": {
      "n": 100,
      "em": 0.28,
      "f1": 0.3857936507936508,
      "containment": 0.32,
      "latency_ms": 162.38851070404053,
      "context_chars": 1293.08
    },
    "3": {
      "n": 100,
      "em": 0.29,
      "f1": 0.426633307868602,
      "containment": 0.37,
      "latency_ms": 156.33617877960205,
      "context_chars": 1939.38
    },
    "4": {
      "n": 100,
      "em": 0.34,
      "f1": 0.45930732133363705,
      "containment": 0.4,
      "latency_ms": 182.12384939193726,
      "context_chars": 2589.43
    },
    "5": {
      "n": 100,
      "em": 0.34,
      "f1": 0.47200277500277493,
      "containment": 0.42,
      "latency_ms": 197.01010704040527,
      "context_chars": 3231.85
    },
    "6": {
      "n": 100,
      "em": 0.36,
      "f1": 0.4818615991851285,
      "containment": 0.43,
      "latency_ms": 199.74632024765015,
      "context_chars": 3870.94
    }
  }
}