{
  "shard_index": 26,
  "shard_count": 37,
  "summary": {
    "0": {
      "n": 100,
      "em": 0.08,
      "f1": 0.14516666666666667,
      "containment": 0.11,
      "latency_ms": 115.56113719940186,
      "context_chars": 0.0
    },
    "1": {
      "n": 100,
      "em": 0.19,
      "f1": 0.3028571428571429,
      "containment": 0.27,
      "latency_ms": 130.08232831954956,
      "context_chars": 642.73
    },
    "2": {
      "n": 100,
      "em": 0.26,
      "f1": 0.3576443001443001,
      "containment": 0.33,
      "latency_ms": 153.84111404418945,
      "context_chars": 1285.71
    },
    "3": {
      "n": 100,
      "em": 0.28,
      "f1": 0.3756907440385701,
      "containment": 0.37,
      "latency_ms": 178.22387218475342,
      "context_chars": 1932.5
    },
    "4": {
      "n": 100,
      "em": 0.26,
      "f1": 0.3741994575472837,
      "containment": 0.35,
      "latency_ms": 182.02414989471436,
      "context_chars": 2575.29
    },
    "5": {
      "n": 100,
      "em": 0.27,
      "f1": 0.3964180167658428,
      "containment": 0.35,
      "latency_ms": 198.09795141220093,
      "context_chars": 3218.47
    },
    "6": {
      "n": 100,
      "em": 0.27,
      "f1": 0.39114854002358923,
      "containment": 0.37,
      "latency_ms": 222.58662939071655,
      "context_chars": 3866.64
    }
  }
}