{
  "dataset": "nq_test",
  "retriever": "BGE",
  "rag_variant": "BGE_PromptB_k0to6",
  "num_examples": 3610,
  "shots": {
    "0": {
      "n": 3610,
      "em": 0.1368421052631579,
      "f1": 0.22235292076425214,
      "containment": 0.18642659279778392,
      "latency_ms": 241.4273803584133,
      "context_chars": 0.0
    },
    "1": {
      "n": 3610,
      "em": 0.2753462603878116,
      "f1": 0.3721571461630579,
      "containment": 0.3349030470914127,
      "latency_ms": 216.23999002567618,
      "context_chars": 638.1210526315789
    },
    "2": {
      "n": 3610,
      "em": 0.3094182825484765,
      "f1": 0.41330072653861627,
      "containment": 0.3828254847645429,
      "latency_ms": 244.72845208281626,
      "context_chars": 1278.0637119113574
    },
    "3": {
      "n": 3610,
      "em": 0.3268698060941828,
      "f1": 0.4368265710589455,
      "containment": 0.40138504155124655,
      "latency_ms": 271.28497339021465,
      "context_chars": 1917.8537396121883
    },
    "4": {
      "n": 3610,
      "em": 0.3318559556786704,
      "f1": 0.44248719677480636,
      "containment": 0.4121883656509695,
      "latency_ms": 287.5153672992358,
      "context_chars": 2559.081163434903
    },
    "5": {
      "n": 3610,
      "em": 0.339612188365651,
      "f1": 0.45360498675205446,
      "containment": 0.425207756232687,
      "latency_ms": 304.5927270957968,
      "context_chars": 3199.8304709141275
    },
    "6": {
      "n": 3610,
      "em": 0.35041551246537395,
      "f1": 0.4662681008853555,
      "containment": 0.4329639889196676,
      "latency_ms": 318.53714141158844,
      "context_chars": 3839.6720221606647
    }
  }
}