{
  "dataset": "nq_test",
  "retriever": "TCTColBERT",
  "rag_variant": "TCTColBERT_Llama70B_PromptB_k0to6",
  "num_examples": 3610,
  "shots": {
    "0": {
      "n": 3610,
      "em": 0.3445983379501385,
      "f1": 0.48511864923379344,
      "containment": 0.4246537396121884,
      "latency_ms": 2416.202205634183,
      "context_chars": 0.0
    },
    "1": {
      "n": 3610,
      "em": 0.20664819944598337,
      "f1": 0.27081012568261975,
      "containment": 0.23047091412742382,
      "latency_ms": 2367.2730393026673,
      "context_chars": 633.5371191135735
    },
    "2": {
      "n": 3610,
      "em": 0.23601108033240997,
      "f1": 0.31270982498210725,
      "containment": 0.27229916897506923,
      "latency_ms": 2422.7796767887316,
      "context_chars": 1270.6905817174516
    },
    "3": {
      "n": 3610,
      "em": 0.27313019390581716,
      "f1": 0.35782416950039897,
      "containment": 0.31357340720221605,
      "latency_ms": 2436.387315351217,
      "context_chars": 1907.2299168975069
    },
    "4": {
      "n": 3610,
      "em": 0.28642659279778393,
      "f1": 0.376646756406483,
      "containment": 0.3332409972299169,
      "latency_ms": 2477.3250261502253,
      "context_chars": 2543.483379501385
    },
    "5": {
      "n": 3610,
      "em": 0.2980609418282548,
      "f1": 0.39279588178804703,
      "containment": 0.34709141274238225,
      "latency_ms": 2504.85643363065,
      "context_chars": 3179.4891966759
    },
    "6": {
      "n": 3610,
      "em": 0.31357340720221605,
      "f1": 0.40929087903836703,
      "containment": 0.36398891966759,
      "latency_ms": 2488.390124669696,
      "context_chars": 3816.850138504155
    }
  }
}