{
  "shard_index": 6,
  "shard_count": 37,
  "summary": {
    "0": {
      "n": 100,
      "em": 0.11,
      "f1": 0.20046003246003244,
      "containment": 0.13,
      "latency_ms": 288.36949825286865,
      "context_chars": 0.0
    },
    "1": {
      "n": 100,
      "em": 0.29,
      "f1": 0.40311218107657737,
      "containment": 0.38,
      "latency_ms": 229.65365409851074,
      "context_chars": 638.1
    },
    "2": {
      "n": 100,
      "em": 0.29,
      "f1": 0.39366510796602333,
      "containment": 0.39,
      "latency_ms": 259.0737462043762,
      "context_chars": 1283.19
    },
    "3": {
      "n": 100,
      "em": 0.31,
      "f1": 0.40234410164587514,
      "containment": 0.39,
      "latency_ms": 269.22865629196167,
      "context_chars": 1917.06
    },
    "4": {
      "n": 100,
      "em": 0.31,
      "f1": 0.4190832372418594,
      "containment": 0.42,
      "latency_ms": 302.3675203323364,
      "context_chars": 2552.28
    },
    "5": {
      "n": 100,
      "em": 0.31,
      "f1": 0.4229445854273442,
      "containment": 0.42,
      "latency_ms": 336.0304570198059,
      "context_chars": 3197.09
    },
    "6": {
      "n": 100,
      "em": 0.34,
      "f1": 0.45871198060251767,
      "containment": 0.46,
      "latency_ms": 320.21228075027466,
      "context_chars": 3839.18
    }
  }
}