{
  "shard_index": 15,
  "shard_count": 37,
  "summary": {
    "0": {
      "n": 100,
      "em": 0.14,
      "f1": 0.243524531024531,
      "containment": 0.18,
      "latency_ms": 204.85846042633057,
      "context_chars": 0.0
    },
    "1": {
      "n": 100,
      "em": 0.24,
      "f1": 0.32368650793650794,
      "containment": 0.32,
      "latency_ms": 241.42929315567017,
      "context_chars": 642.54
    },
    "2": {
      "n": 100,
      "em": 0.29,
      "f1": 0.3989206349206348,
      "containment": 0.37,
      "latency_ms": 246.66868925094604,
      "context_chars": 1283.99
    },
    "3": {
      "n": 100,
      "em": 0.32,
      "f1": 0.4404960317460317,
      "containment": 0.39,
      "latency_ms": 287.0552945137024,
      "context_chars": 1925.36
    },
    "4": {
      "n": 100,
      "em": 0.31,
      "f1": 0.42266739926739916,
      "containment": 0.37,
      "latency_ms": 293.85427713394165,
      "context_chars": 2567.03
    },
    "5": {
      "n": 100,
      "em": 0.33,
      "f1": 0.45603644688644684,
      "containment": 0.41,
      "latency_ms": 340.18332958221436,
      "context_chars": 3207.51
    },
    "6": {
      "n": 100,
      "em": 0.33,
      "f1": 0.4482792022792023,
      "containment": 0.37,
      "latency_ms": 310.140700340271,
      "context_chars": 3844.49
    }
  }
}