{
  "shard_index": 24,
  "shard_count": 37,
  "summary": {
    "0": {
      "n": 100,
      "em": 0.1,
      "f1": 0.15662373737373736,
      "containment": 0.15,
      "latency_ms": 187.0187544822693,
      "context_chars": 0.0
    },
    "1": {
      "n": 100,
      "em": 0.23,
      "f1": 0.3172397602397602,
      "containment": 0.32,
      "latency_ms": 226.223464012146,
      "context_chars": 640.05
    },
    "2": {
      "n": 100,
      "em": 0.25,
      "f1": 0.3223419913419913,
      "containment": 0.32,
      "latency_ms": 239.6396565437317,
      "context_chars": 1279.61
    },
    "3": {
      "n": 100,
      "em": 0.27,
      "f1": 0.36725182671734385,
      "containment": 0.37,
      "latency_ms": 271.75461292266846,
      "context_chars": 1920.76
    },
    "4": {
      "n": 100,
      "em": 0.28,
      "f1": 0.3758753082666126,
      "containment": 0.36,
      "latency_ms": 259.47110652923584,
      "context_chars": 2569.18
    },
    "5": {
      "n": 100,
      "em": 0.27,
      "f1": 0.37462089762089756,
      "containment": 0.37,
      "latency_ms": 284.65407609939575,
      "context_chars": 3211.46
    },
    "6": {
      "n": 100,
      "em": 0.27,
      "f1": 0.37227568566698993,
      "containment": 0.35,
      "latency_ms": 302.2664284706116,
      "context_chars": 3854.03
    }
  }
}