{
  "shard_index": 19,
  "shard_count": 37,
  "summary": {
    "0": {
      "n": 100,
      "em": 0.1,
      "f1": 0.1975669806384092,
      "containment": 0.18,
      "latency_ms": 312.13473558425903,
      "context_chars": 0.0
    },
    "1": {
      "n": 100,
      "em": 0.27,
      "f1": 0.3643940667175961,
      "containment": 0.32,
      "latency_ms": 238.00912380218506,
      "context_chars": 634.99
    },
    "2": {
      "n": 100,
      "em": 0.26,
      "f1": 0.35433661814041556,
      "containment": 0.33,
      "latency_ms": 305.61864614486694,
      "context_chars": 1269.92
    },
    "3": {
      "n": 100,
      "em": 0.27,
      "f1": 0.380101979085645,
      "containment": 0.36,
      "latency_ms": 296.3684821128845,
      "context_chars": 1909.03
    },
    "4": {
      "n": 100,
      "em": 0.26,
      "f1": 0.36841155299666484,
      "containment": 0.36,
      "latency_ms": 391.31202459335327,
      "context_chars": 2546.46
    },
    "5": {
      "n": 100,
      "em": 0.29,
      "f1": 0.3990027780286053,
      "containment": 0.38,
      "latency_ms": 339.1963458061218,
      "context_chars": 3177.99
    },
    "6": {
      "n": 100,
      "em": 0.3,
      "f1": 0.4001978993324223,
      "containment": 0.37,
      "latency_ms": 344.93001222610474,
      "context_chars": 3818.23
    }
  }
}