{
  "shard_index": 36,
  "shard_count": 37,
  "summary": {
    "0": {
      "n": 10,
      "em": 0.2,
      "f1": 0.36666666666666664,
      "containment": 0.4,
      "latency_ms": 111.28487586975098,
      "context_chars": 0.0
    },
    "1": {
      "n": 10,
      "em": 0.3,
      "f1": 0.4866666666666667,
      "containment": 0.7,
      "latency_ms": 110.53056716918945,
      "context_chars": 648.1
    },
    "2": {
      "n": 10,
      "em": 0.3,
      "f1": 0.43666666666666665,
      "containment": 0.6,
      "latency_ms": 133.07607173919678,
      "context_chars": 1278.1
    },
    "3": {
      "n": 10,
      "em": 0.4,
      "f1": 0.5888888888888889,
      "containment": 0.8,
      "latency_ms": 150.516676902771,
      "context_chars": 1919.2
    },
    "4": {
      "n": 10,
      "em": 0.4,
      "f1": 0.6031746031746033,
      "containment": 0.9,
      "latency_ms": 184.95135307312012,
      "context_chars": 2571.6
    },
    "5": {
      "n": 10,
      "em": 0.4,
      "f1": 0.5888888888888889,
      "containment": 0.8,
      "latency_ms": 157.6939821243286,
      "context_chars": 3218.6
    },
    "6": {
      "n": 10,
      "em": 0.4,
      "f1": 0.5888888888888889,
      "containment": 0.8,
      "latency_ms": 176.95176601409912,
      "context_chars": 3861.0
    }
  }
}