{
  "shard_index": 4,
  "shard_count": 37,
  "summary": {
    "0": {
      "n": 100,
      "em": 0.13,
      "f1": 0.21329764026822853,
      "containment": 0.2,
      "latency_ms": 307.04078912734985,
      "context_chars": 0.0
    },
    "1": {
      "n": 100,
      "em": 0.19,
      "f1": 0.2860046897546898,
      "containment": 0.29,
      "latency_ms": 237.39192962646484,
      "context_chars": 642.15
    },
    "2": {
      "n": 100,
      "em": 0.19,
      "f1": 0.31706168831168835,
      "containment": 0.3,
      "latency_ms": 254.39984560012817,
      "context_chars": 1275.79
    },
    "3": {
      "n": 100,
      "em": 0.27,
      "f1": 0.3727817460317459,
      "containment": 0.37,
      "latency_ms": 252.3024344444275,
      "context_chars": 1907.6
    },
    "4": {
      "n": 100,
      "em": 0.27,
      "f1": 0.39644360902255626,
      "containment": 0.4,
      "latency_ms": 273.8217782974243,
      "context_chars": 2544.73
    },
    "5": {
      "n": 100,
      "em": 0.32,
      "f1": 0.42580075187969924,
      "containment": 0.43,
      "latency_ms": 310.982768535614,
      "context_chars": 3189.03
    },
    "6": {
      "n": 100,
      "em": 0.31,
      "f1": 0.42574519632414365,
      "containment": 0.42,
      "latency_ms": 330.91400384902954,
      "context_chars": 3832.54
    }
  }
}