{
  "shard_index": 20,
  "shard_count": 37,
  "summary": {
    "0": {
      "n": 100,
      "em": 0.14,
      "f1": 0.20308915906788247,
      "containment": 0.18,
      "latency_ms": 231.61628246307373,
      "context_chars": 0.0
    },
    "1": {
      "n": 100,
      "em": 0.34,
      "f1": 0.41567599067599076,
      "containment": 0.36,
      "latency_ms": 202.64774560928345,
      "context_chars": 637.39
    },
    "2": {
      "n": 100,
      "em": 0.38,
      "f1": 0.4547442361560009,
      "containment": 0.4,
      "latency_ms": 234.02379274368286,
      "context_chars": 1273.82
    },
    "3": {
      "n": 100,
      "em": 0.42,
      "f1": 0.5010201465201466,
      "containment": 0.46,
      "latency_ms": 265.1366972923279,
      "context_chars": 1914.68
    },
    "4": {
      "n": 100,
      "em": 0.42,
      "f1": 0.49492857142857155,
      "containment": 0.45,
      "latency_ms": 278.94212007522583,
      "context_chars": 2560.12
    },
    "5": {
      "n": 100,
      "em": 0.39,
      "f1": 0.4880677655677656,
      "containment": 0.46,
      "latency_ms": 307.59634017944336,
      "context_chars": 3195.56
    },
    "6": {
      "n": 100,
      "em": 0.4,
      "f1": 0.503496336996337,
      "containment": 0.46,
      "latency_ms": 295.9364128112793,
      "context_chars": 3838.84
    }
  }
}