{
  "shard_index": 26,
  "shard_count": 37,
  "summary": {
    "0": {
      "n": 100,
      "em": 0.11,
      "f1": 0.17383333333333334,
      "containment": 0.13,
      "latency_ms": 262.21046924591064,
      "context_chars": 0.0
    },
    "1": {
      "n": 100,
      "em": 0.24,
      "f1": 0.3520036075036075,
      "containment": 0.34,
      "latency_ms": 209.9562692642212,
      "context_chars": 644.06
    },
    "2": {
      "n": 100,
      "em": 0.3,
      "f1": 0.4192457653457653,
      "containment": 0.41,
      "latency_ms": 247.69107818603516,
      "context_chars": 1288.23
    },
    "3": {
      "n": 100,
      "em": 0.32,
      "f1": 0.4459910089910089,
      "containment": 0.42,
      "latency_ms": 246.3342571258545,
      "context_chars": 1935.28
    },
    "4": {
      "n": 100,
      "em": 0.36,
      "f1": 0.49777045177045165,
      "containment": 0.49,
      "latency_ms": 284.79652643203735,
      "context_chars": 2578.07
    },
    "5": {
      "n": 100,
      "em": 0.34,
      "f1": 0.4904675324675325,
      "containment": 0.46,
      "latency_ms": 283.62151622772217,
      "context_chars": 3226.44
    },
    "6": {
      "n": 100,
      "em": 0.35,
      "f1": 0.5020792096792096,
      "containment": 0.48,
      "latency_ms": 334.30832862854004,
      "context_chars": 3867.21
    }
  }
}