{
  "shard_index": 7,
  "shard_count": 37,
  "summary": {
    "0": {
      "n": 100,
      "em": 0.14,
      "f1": 0.24143766233766237,
      "containment": 0.21,
      "latency_ms": 252.65331029891968,
      "context_chars": 0.0
    },
    "1": {
      "n": 100,
      "em": 0.26,
      "f1": 0.3623423243423243,
      "containment": 0.31,
      "latency_ms": 212.6116919517517,
      "context_chars": 641.97
    },
    "2": {
      "n": 100,
      "em": 0.27,
      "f1": 0.3867531357531357,
      "containment": 0.31,
      "latency_ms": 248.7323498725891,
      "context_chars": 1278.72
    },
    "3": {
      "n": 100,
      "em": 0.29,
      "f1": 0.4074094598212244,
      "containment": 0.35,
      "latency_ms": 287.75447368621826,
      "context_chars": 1915.55
    },
    "4": {
      "n": 100,
      "em": 0.3,
      "f1": 0.41018212343212335,
      "containment": 0.36,
      "latency_ms": 316.10323190689087,
      "context_chars": 2551.5
    },
    "5": {
      "n": 100,
      "em": 0.27,
      "f1": 0.40215362415362416,
      "containment": 0.35,
      "latency_ms": 317.3666834831238,
      "context_chars": 3198.21
    },
    "6": {
      "n": 100,
      "em": 0.29,
      "f1": 0.4174584537084536,
      "containment": 0.37,
      "latency_ms": 354.7043800354004,
      "context_chars": 3838.73
    }
  }
}