{
  "shard_index": 16,
  "shard_count": 37,
  "summary": {
    "0": {
      "n": 100,
      "em": 0.15,
      "f1": 0.22785714285714284,
      "containment": 0.21,
      "latency_ms": 338.19884300231934,
      "context_chars": 0.0
    },
    "1": {
      "n": 100,
      "em": 0.28,
      "f1": 0.3543743086978381,
      "containment": 0.35,
      "latency_ms": 214.79284286499023,
      "context_chars": 635.77
    },
    "2": {
      "n": 100,
      "em": 0.28,
      "f1": 0.37233965707495115,
      "containment": 0.35,
      "latency_ms": 252.1341633796692,
      "context_chars": 1274.29
    },
    "3": {
      "n": 100,
      "em": 0.34,
      "f1": 0.42044890077243013,
      "containment": 0.4,
      "latency_ms": 267.98624992370605,
      "context_chars": 1913.09
    },
    "4": {
      "n": 100,
      "em": 0.3,
      "f1": 0.39624093879976224,
      "containment": 0.4,
      "latency_ms": 272.13345289230347,
      "context_chars": 2552.05
    },
    "5": {
      "n": 100,
      "em": 0.31,
      "f1": 0.4134006124594359,
      "containment": 0.41,
      "latency_ms": 279.48254108428955,
      "context_chars": 3191.96
    },
    "6": {
      "n": 100,
      "em": 0.33,
      "f1": 0.4364438502673796,
      "containment": 0.44,
      "latency_ms": 315.7593870162964,
      "context_chars": 3830.52
    }
  }
}