{
  "shard_index": 23,
  "shard_count": 37,
  "summary": {
    "0": {
      "n": 100,
      "em": 0.21,
      "f1": 0.32224025974025977,
      "containment": 0.24,
      "latency_ms": 168.93494844436646,
      "context_chars": 0.0
    },
    "1": {
      "n": 100,
      "em": 0.28,
      "f1": 0.3675100585688822,
      "containment": 0.38,
      "latency_ms": 230.48480987548828,
      "context_chars": 643.64
    },
    "2": {
      "n": 100,
      "em": 0.31,
      "f1": 0.4237784930329688,
      "containment": 0.45,
      "latency_ms": 247.50478267669678,
      "context_chars": 1289.82
    },
    "3": {
      "n": 100,
      "em": 0.34,
      "f1": 0.46498132586367874,
      "containment": 0.47,
      "latency_ms": 276.21628046035767,
      "context_chars": 1928.14
    },
    "4": {
      "n": 100,
      "em": 0.36,
      "f1": 0.4553293679145072,
      "containment": 0.45,
      "latency_ms": 247.77151823043823,
      "context_chars": 2570.98
    },
    "5": {
      "n": 100,
      "em": 0.35,
      "f1": 0.4639155419743654,
      "containment": 0.46,
      "latency_ms": 304.8475193977356,
      "context_chars": 3216.96
    },
    "6": {
      "n": 100,
      "em": 0.4,
      "f1": 0.508466768525592,
      "containment": 0.5,
      "latency_ms": 298.7880063056946,
      "context_chars": 3863.02
    }
  }
}