{
  "shard_index": 14,
  "shard_count": 37,
  "summary": {
    "0": {
      "n": 100,
      "em": 0.16,
      "f1": 0.2673968253968254,
      "containment": 0.18,
      "latency_ms": 180.9163999557495,
      "context_chars": 0.0
    },
    "1": {
      "n": 100,
      "em": 0.24,
      "f1": 0.33672780039197947,
      "containment": 0.28,
      "latency_ms": 223.71429920196533,
      "context_chars": 638.3
    },
    "2": {
      "n": 100,
      "em": 0.33,
      "f1": 0.4400054945054945,
      "containment": 0.37,
      "latency_ms": 260.4686903953552,
      "context_chars": 1277.53
    },
    "3": {
      "n": 100,
      "em": 0.34,
      "f1": 0.4516776556776556,
      "containment": 0.38,
      "latency_ms": 258.31363439559937,
      "context_chars": 1926.03
    },
    "4": {
      "n": 100,
      "em": 0.38,
      "f1": 0.4705040515040514,
      "containment": 0.41,
      "latency_ms": 270.7528567314148,
      "context_chars": 2570.57
    },
    "5": {
      "n": 100,
      "em": 0.37,
      "f1": 0.4782142857142857,
      "containment": 0.43,
      "latency_ms": 287.21545934677124,
      "context_chars": 3210.47
    },
    "6": {
      "n": 100,
      "em": 0.42,
      "f1": 0.516547619047619,
      "containment": 0.47,
      "latency_ms": 308.29286098480225,
      "context_chars": 3850.3
    }
  }
}