{
  "shard_index": 3,
  "shard_count": 37,
  "summary": {
    "0": {
      "n": 100,
      "em": 0.1,
      "f1": 0.1655808546292417,
      "containment": 0.14,
      "latency_ms": 319.26849126815796,
      "context_chars": 0.0
    },
    "1": {
      "n": 100,
      "em": 0.24,
      "f1": 0.31331746031746033,
      "containment": 0.31,
      "latency_ms": 203.71273756027222,
      "context_chars": 636.31
    },
    "2": {
      "n": 100,
      "em": 0.27,
      "f1": 0.3552007936507936,
      "containment": 0.34,
      "latency_ms": 235.37232637405396,
      "context_chars": 1275.37
    },
    "3": {
      "n": 100,
      "em": 0.27,
      "f1": 0.387344298245614,
      "containment": 0.38,
      "latency_ms": 257.2131013870239,
      "context_chars": 1922.32
    },
    "4": {
      "n": 100,
      "em": 0.31,
      "f1": 0.41986956521739116,
      "containment": 0.42,
      "latency_ms": 292.6492476463318,
      "context_chars": 2559.89
    },
    "5": {
      "n": 100,
      "em": 0.32,
      "f1": 0.4466414594177751,
      "containment": 0.44,
      "latency_ms": 282.6104998588562,
      "context_chars": 3205.08
    },
    "6": {
      "n": 100,
      "em": 0.32,
      "f1": 0.4547609057609057,
      "containment": 0.44,
      "latency_ms": 334.28847551345825,
      "context_chars": 3838.52
    }
  }
}