{
  "shard_index": 29,
  "shard_count": 37,
  "summary": {
    "0": {
      "n": 100,
      "em": 0.12,
      "f1": 0.22883712486344063,
      "containment": 0.22,
      "latency_ms": 225.36061763763428,
      "context_chars": 0.0
    },
    "1": {
      "n": 100,
      "em": 0.24,
      "f1": 0.36108225108225106,
      "containment": 0.3,
      "latency_ms": 197.94113874435425,
      "context_chars": 640.13
    },
    "2": {
      "n": 100,
      "em": 0.29,
      "f1": 0.42548793363499227,
      "containment": 0.39,
      "latency_ms": 255.32094478607178,
      "context_chars": 1291.65
    },
    "3": {
      "n": 100,
      "em": 0.31,
      "f1": 0.46892516307222176,
      "containment": 0.42,
      "latency_ms": 257.2542333602905,
      "context_chars": 1936.31
    },
    "4": {
      "n": 100,
      "em": 0.32,
      "f1": 0.48010698125403983,
      "containment": 0.44,
      "latency_ms": 293.4426951408386,
      "context_chars": 2583.33
    },
    "5": {
      "n": 100,
      "em": 0.32,
      "f1": 0.48589316239316216,
      "containment": 0.43,
      "latency_ms": 309.34354066848755,
      "context_chars": 3222.06
    },
    "6": {
      "n": 100,
      "em": 0.32,
      "f1": 0.48459240106298906,
      "containment": 0.45,
      "latency_ms": 319.3797039985657,
      "context_chars": 3870.87
    }
  }
}