{
  "shard_index": 31,
  "shard_count": 37,
  "summary": {
    "0": {
      "n": 100,
      "em": 0.14,
      "f1": 0.21446622064803883,
      "containment": 0.19,
      "latency_ms": 321.13752841949463,
      "context_chars": 0.0
    },
    "1": {
      "n": 100,
      "em": 0.27,
      "f1": 0.35352509124862075,
      "containment": 0.31,
      "latency_ms": 240.6319499015808,
      "context_chars": 639.11
    },
    "2": {
      "n": 100,
      "em": 0.32,
      "f1": 0.4361839826839827,
      "containment": 0.36,
      "latency_ms": 222.03522443771362,
      "context_chars": 1278.09
    },
    "3": {
      "n": 100,
      "em": 0.34,
      "f1": 0.4452145909645909,
      "containment": 0.39,
      "latency_ms": 273.3532166481018,
      "context_chars": 1915.45
    },
    "4": {
      "n": 100,
      "em": 0.32,
      "f1": 0.43897691197691197,
      "containment": 0.39,
      "latency_ms": 270.87915658950806,
      "context_chars": 2555.94
    },
    "5": {
      "n": 100,
      "em": 0.33,
      "f1": 0.4463658008658009,
      "containment": 0.4,
      "latency_ms": 265.60298919677734,
      "context_chars": 3197.82
    },
    "6": {
      "n": 100,
      "em": 0.32,
      "f1": 0.43171928071928073,
      "containment": 0.37,
      "latency_ms": 301.18518352508545,
      "context_chars": 3832.38
    }
  }
}