{
  "shard_index": 0,
  "shard_count": 37,
  "summary": {
    "0": {
      "n": 100,
      "em": 0.12,
      "f1": 0.2286990231990232,
      "containment": 0.19,
      "latency_ms": 210.6958770751953,
      "context_chars": 0.0
    },
    "1": {
      "n": 100,
      "em": 0.2,
      "f1": 0.34251145586439713,
      "containment": 0.28,
      "latency_ms": 231.02149724960327,
      "context_chars": 636.5
    },
    "2": {
      "n": 100,
      "em": 0.22,
      "f1": 0.3779687245122028,
      "containment": 0.34,
      "latency_ms": 253.37531566619873,
      "context_chars": 1274.88
    },
    "3": {
      "n": 100,
      "em": 0.22,
      "f1": 0.3695971861217857,
      "containment": 0.32,
      "latency_ms": 295.7577133178711,
      "context_chars": 1921.09
    },
    "4": {
      "n": 100,
      "em": 0.21,
      "f1": 0.35525375060248415,
      "containment": 0.32,
      "latency_ms": 317.9651689529419,
      "context_chars": 2560.62
    },
    "5": {
      "n": 100,
      "em": 0.25,
      "f1": 0.41736153664017445,
      "containment": 0.38,
      "latency_ms": 320.7202982902527,
      "context_chars": 3200.54
    },
    "6": {
      "n": 100,
      "em": 0.27,
      "f1": 0.42831594136857304,
      "containment": 0.37,
      "latency_ms": 335.1878762245178,
      "context_chars": 3834.69
    }
  }
}