{
  "shard_index": 18,
  "shard_count": 37,
  "summary": {
    "0": {
      "n": 100,
      "em": 0.11,
      "f1": 0.20475685425685428,
      "containment": 0.18,
      "latency_ms": 196.47832870483398,
      "context_chars": 0.0
    },
    "1": {
      "n": 100,
      "em": 0.33,
      "f1": 0.44297056277056285,
      "containment": 0.4,
      "latency_ms": 220.26231288909912,
      "context_chars": 636.01
    },
    "2": {
      "n": 100,
      "em": 0.37,
      "f1": 0.4895352007469653,
      "containment": 0.44,
      "latency_ms": 240.4580783843994,
      "context_chars": 1275.35
    },
    "3": {
      "n": 100,
      "em": 0.37,
      "f1": 0.509298902629937,
      "containment": 0.46,
      "latency_ms": 277.89633989334106,
      "context_chars": 1921.26
    },
    "4": {
      "n": 100,
      "em": 0.38,
      "f1": 0.5231993015773949,
      "containment": 0.46,
      "latency_ms": 302.5110077857971,
      "context_chars": 2565.93
    },
    "5": {
      "n": 100,
      "em": 0.41,
      "f1": 0.5474541717541718,
      "containment": 0.5,
      "latency_ms": 316.15278005599976,
      "context_chars": 3203.75
    },
    "6": {
      "n": 100,
      "em": 0.4,
      "f1": 0.552506227106227,
      "containment": 0.48,
      "latency_ms": 330.2770709991455,
      "context_chars": 3844.64
    }
  }
}