{
  "shard_index": 28,
  "shard_count": 37,
  "summary": {
    "0": {
      "n": 100,
      "em": 0.11,
      "f1": 0.2214170410302485,
      "containment": 0.17,
      "latency_ms": 299.65489864349365,
      "context_chars": 0.0
    },
    "1": {
      "n": 100,
      "em": 0.3,
      "f1": 0.39765375038904444,
      "containment": 0.34,
      "latency_ms": 271.5747928619385,
      "context_chars": 637.08
    },
    "2": {
      "n": 100,
      "em": 0.29,
      "f1": 0.4003512831012831,
      "containment": 0.36,
      "latency_ms": 293.0222702026367,
      "context_chars": 1277.92
    },
    "3": {
      "n": 100,
      "em": 0.29,
      "f1": 0.40680449140231756,
      "containment": 0.32,
      "latency_ms": 344.70667600631714,
      "context_chars": 1923.36
    },
    "4": {
      "n": 100,
      "em": 0.3,
      "f1": 0.4054128514244614,
      "containment": 0.31,
      "latency_ms": 355.8249092102051,
      "context_chars": 2561.17
    },
    "5": {
      "n": 100,
      "em": 0.3,
      "f1": 0.41546766795296214,
      "containment": 0.35,
      "latency_ms": 332.16925859451294,
      "context_chars": 3204.9
    },
    "6": {
      "n": 100,
      "em": 0.33,
      "f1": 0.4516431760197746,
      "containment": 0.38,
      "latency_ms": 377.30803966522217,
      "context_chars": 3842.96
    }
  }
}