{
  "shard_index": 30,
  "shard_count": 37,
  "summary": {
    "0": {
      "n": 100,
      "em": 0.13,
      "f1": 0.20928571428571427,
      "containment": 0.16,
      "latency_ms": 196.01968050003052,
      "context_chars": 0.0
    },
    "1": {
      "n": 100,
      "em": 0.37,
      "f1": 0.44457287157287156,
      "containment": 0.39,
      "latency_ms": 205.7846474647522,
      "context_chars": 642.56
    },
    "2": {
      "n": 100,
      "em": 0.4,
      "f1": 0.5000649350649349,
      "containment": 0.44,
      "latency_ms": 239.32607412338257,
      "context_chars": 1292.16
    },
    "3": {
      "n": 100,
      "em": 0.43,
      "f1": 0.5399841269841267,
      "containment": 0.46,
      "latency_ms": 269.34040546417236,
      "context_chars": 1935.56
    },
    "4": {
      "n": 100,
      "em": 0.44,
      "f1": 0.5382967032967031,
      "containment": 0.45,
      "latency_ms": 261.30958557128906,
      "context_chars": 2577.37
    },
    "5": {
      "n": 100,
      "em": 0.43,
      "f1": 0.531200244200244,
      "containment": 0.47,
      "latency_ms": 271.9563341140747,
      "context_chars": 3224.31
    },
    "6": {
      "n": 100,
      "em": 0.44,
      "f1": 0.5478522588522587,
      "containment": 0.49,
      "latency_ms": 282.5770354270935,
      "context_chars": 3862.87
    }
  }
}