{
  "shard_index": 35,
  "shard_count": 37,
  "summary": {
    "0": {
      "n": 100,
      "em": 0.16,
      "f1": 0.22044754007391817,
      "containment": 0.2,
      "latency_ms": 192.60360479354858,
      "context_chars": 0.0
    },
    "1": {
      "n": 100,
      "em": 0.29,
      "f1": 0.35653463203463204,
      "containment": 0.28,
      "latency_ms": 122.5526762008667,
      "context_chars": 639.35
    },
    "2": {
      "n": 100,
      "em": 0.26,
      "f1": 0.35261075036075035,
      "containment": 0.3,
      "latency_ms": 150.9836721420288,
      "context_chars": 1284.42
    },
    "3": {
      "n": 100,
      "em": 0.3,
      "f1": 0.3966419968919967,
      "containment": 0.33,
      "latency_ms": 173.8593316078186,
      "context_chars": 1926.25
    },
    "4": {
      "n": 100,
      "em": 0.29,
      "f1": 0.3905061213296506,
      "containment": 0.33,
      "latency_ms": 181.11957550048828,
      "context_chars": 2568.32
    },
    "5": {
      "n": 100,
      "em": 0.31,
      "f1": 0.3904865134865134,
      "containment": 0.33,
      "latency_ms": 198.5832667350769,
      "context_chars": 3217.86
    },
    "6": {
      "n": 100,
      "em": 0.33,
      "f1": 0.42538478188478185,
      "containment": 0.36,
      "latency_ms": 204.6687936782837,
      "context_chars": 3858.15
    }
  }
}