{
  "shard_index": 21,
  "shard_count": 37,
  "summary": {
    "0": {
      "n": 100,
      "em": 0.12,
      "f1": 0.19600419151326598,
      "containment": 0.18,
      "latency_ms": 229.50809478759766,
      "context_chars": 0.0
    },
    "1": {
      "n": 100,
      "em": 0.25,
      "f1": 0.3366892551892552,
      "containment": 0.32,
      "latency_ms": 213.7540054321289,
      "context_chars": 626.33
    },
    "2": {
      "n": 100,
      "em": 0.33,
      "f1": 0.4174295149295149,
      "containment": 0.4,
      "latency_ms": 266.1046504974365,
      "context_chars": 1261.53
    },
    "3": {
      "n": 100,
      "em": 0.33,
      "f1": 0.4375540570540571,
      "containment": 0.42,
      "latency_ms": 325.02267599105835,
      "context_chars": 1893.51
    },
    "4": {
      "n": 100,
      "em": 0.34,
      "f1": 0.4554691974691974,
      "containment": 0.44,
      "latency_ms": 320.185387134552,
      "context_chars": 2531.38
    },
    "5": {
      "n": 100,
      "em": 0.34,
      "f1": 0.4491709401709402,
      "containment": 0.45,
      "latency_ms": 351.31179094314575,
      "context_chars": 3165.84
    },
    "6": {
      "n": 100,
      "em": 0.36,
      "f1": 0.47526930379561966,
      "containment": 0.49,
      "latency_ms": 322.65740394592285,
      "context_chars": 3799.44
    }
  }
}