{
  "shard_index": 17,
  "shard_count": 37,
  "summary": {
    "0": {
      "n": 100,
      "em": 0.14,
      "f1": 0.23316639299397918,
      "containment": 0.19,
      "latency_ms": 298.8185381889343,
      "context_chars": 0.0
    },
    "1": {
      "n": 100,
      "em": 0.33,
      "f1": 0.39388596491228073,
      "containment": 0.32,
      "latency_ms": 245.09344816207886,
      "context_chars": 640.84
    },
    "2": {
      "n": 100,
      "em": 0.39,
      "f1": 0.48753391053391043,
      "containment": 0.44,
      "latency_ms": 253.69616031646729,
      "context_chars": 1281.21
    },
    "3": {
      "n": 100,
      "em": 0.39,
      "f1": 0.5102833441068735,
      "containment": 0.47,
      "latency_ms": 306.6090774536133,
      "context_chars": 1919.06
    },
    "4": {
      "n": 100,
      "em": 0.42,
      "f1": 0.5384011544011542,
      "containment": 0.51,
      "latency_ms": 340.6479835510254,
      "context_chars": 2560.63
    },
    "5": {
      "n": 100,
      "em": 0.41,
      "f1": 0.5273349366428006,
      "containment": 0.49,
      "latency_ms": 364.8977780342102,
      "context_chars": 3198.99
    },
    "6": {
      "n": 100,
      "em": 0.41,
      "f1": 0.5233003663003664,
      "containment": 0.49,
      "latency_ms": 374.79464769363403,
      "context_chars": 3845.04
    }
  }
}