{
  "shard_index": 1,
  "shard_count": 37,
  "summary": {
    "0": {
      "n": 100,
      "em": 0.1,
      "f1": 0.17917216117216117,
      "containment": 0.12,
      "latency_ms": 278.3246445655823,
      "context_chars": 0.0
    },
    "1": {
      "n": 100,
      "em": 0.31,
      "f1": 0.42232359307359313,
      "containment": 0.4,
      "latency_ms": 228.6672854423523,
      "context_chars": 637.49
    },
    "2": {
      "n": 100,
      "em": 0.32,
      "f1": 0.44537121212121206,
      "containment": 0.42,
      "latency_ms": 278.6173176765442,
      "context_chars": 1277.15
    },
    "3": {
      "n": 100,
      "em": 0.35,
      "f1": 0.4895297564754086,
      "containment": 0.45,
      "latency_ms": 303.9158034324646,
      "context_chars": 1917.6
    },
    "4": {
      "n": 100,
      "em": 0.32,
      "f1": 0.4527860195360195,
      "containment": 0.42,
      "latency_ms": 325.1651453971863,
      "context_chars": 2562.78
    },
    "5": {
      "n": 100,
      "em": 0.35,
      "f1": 0.47104792429792425,
      "containment": 0.45,
      "latency_ms": 318.21993112564087,
      "context_chars": 3206.85
    },
    "6": {
      "n": 100,
      "em": 0.34,
      "f1": 0.47966913641913633,
      "containment": 0.47,
      "latency_ms": 329.1548681259155,
      "context_chars": 3845.85
    }
  }
}