{
  "shard_index": 11,
  "shard_count": 37,
  "summary": {
    "0": {
      "n": 100,
      "em": 0.22,
      "f1": 0.3047936507936508,
      "containment": 0.26,
      "latency_ms": 251.6815447807312,
      "context_chars": 0.0
    },
    "1": {
      "n": 100,
      "em": 0.3,
      "f1": 0.3889752992105933,
      "containment": 0.38,
      "latency_ms": 221.7001223564148,
      "context_chars": 639.81
    },
    "2": {
      "n": 100,
      "em": 0.35,
      "f1": 0.43800560224089624,
      "containment": 0.44,
      "latency_ms": 251.6564416885376,
      "context_chars": 1276.2
    },
    "3": {
      "n": 100,
      "em": 0.34,
      "f1": 0.4329658586511526,
      "containment": 0.43,
      "latency_ms": 283.8721752166748,
      "context_chars": 1917.02
    },
    "4": {
      "n": 100,
      "em": 0.38,
      "f1": 0.4608947753014248,
      "containment": 0.48,
      "latency_ms": 322.235209941864,
      "context_chars": 2558.69
    },
    "5": {
      "n": 100,
      "em": 0.42,
      "f1": 0.4975885194657572,
      "containment": 0.49,
      "latency_ms": 314.42742347717285,
      "context_chars": 3199.66
    },
    "6": {
      "n": 100,
      "em": 0.43,
      "f1": 0.5184800101858925,
      "containment": 0.5,
      "latency_ms": 362.003915309906,
      "context_chars": 3836.53
    }
  }
}