{
  "shard_index": 12,
  "shard_count": 37,
  "summary": {
    "0": {
      "n": 100,
      "em": 0.11,
      "f1": 0.18163940648723254,
      "containment": 0.17,
      "latency_ms": 188.01621437072754,
      "context_chars": 0.0
    },
    "1": {
      "n": 100,
      "em": 0.29,
      "f1": 0.4110656565656565,
      "containment": 0.4,
      "latency_ms": 211.39934062957764,
      "context_chars": 634.58
    },
    "2": {
      "n": 100,
      "em": 0.32,
      "f1": 0.4241450216450216,
      "containment": 0.42,
      "latency_ms": 229.63903903961182,
      "context_chars": 1272.03
    },
    "3": {
      "n": 100,
      "em": 0.33,
      "f1": 0.43918348318348316,
      "containment": 0.41,
      "latency_ms": 255.9103775024414,
      "context_chars": 1911.17
    },
    "4": {
      "n": 100,
      "em": 0.36,
      "f1": 0.48164502164502154,
      "containment": 0.46,
      "latency_ms": 253.3622431755066,
      "context_chars": 2552.47
    },
    "5": {
      "n": 100,
      "em": 0.38,
      "f1": 0.4947561327561326,
      "containment": 0.47,
      "latency_ms": 306.3576936721802,
      "context_chars": 3195.63
    },
    "6": {
      "n": 100,
      "em": 0.39,
      "f1": 0.49747041847041834,
      "containment": 0.47,
      "latency_ms": 287.8673315048218,
      "context_chars": 3832.86
    }
  }
}