{
  "shard_index": 5,
  "shard_count": 37,
  "summary": {
    "0": {
      "n": 100,
      "em": 0.13,
      "f1": 0.23132142857142857,
      "containment": 0.18,
      "latency_ms": 212.8037142753601,
      "context_chars": 0.0
    },
    "1": {
      "n": 100,
      "em": 0.31,
      "f1": 0.4224285714285715,
      "containment": 0.4,
      "latency_ms": 207.81386137008667,
      "context_chars": 639.89
    },
    "2": {
      "n": 100,
      "em": 0.36,
      "f1": 0.4735439560439561,
      "containment": 0.5,
      "latency_ms": 256.546266078949,
      "context_chars": 1279.33
    },
    "3": {
      "n": 100,
      "em": 0.38,
      "f1": 0.4890134310134309,
      "containment": 0.47,
      "latency_ms": 251.20194911956787,
      "context_chars": 1923.15
    },
    "4": {
      "n": 100,
      "em": 0.41,
      "f1": 0.5269181929181929,
      "containment": 0.51,
      "latency_ms": 278.14159393310547,
      "context_chars": 2570.36
    },
    "5": {
      "n": 100,
      "em": 0.4,
      "f1": 0.5023412698412698,
      "containment": 0.48,
      "latency_ms": 259.064519405365,
      "context_chars": 3213.63
    },
    "6": {
      "n": 100,
      "em": 0.4,
      "f1": 0.5164487179487178,
      "containment": 0.49,
      "latency_ms": 310.2151346206665,
      "context_chars": 3858.4
    }
  }
}