{
  "shard_index": 10,
  "shard_count": 37,
  "summary": {
    "0": {
      "n": 100,
      "em": 0.11,
      "f1": 0.2285529805443598,
      "containment": 0.16,
      "latency_ms": 232.07337141036987,
      "context_chars": 0.0
    },
    "1": {
      "n": 100,
      "em": 0.37,
      "f1": 0.4478671679197994,
      "containment": 0.4,
      "latency_ms": 214.67868566513062,
      "context_chars": 635.87
    },
    "2": {
      "n": 100,
      "em": 0.42,
      "f1": 0.4912541090345968,
      "containment": 0.47,
      "latency_ms": 241.93565607070923,
      "context_chars": 1279.04
    },
    "3": {
      "n": 100,
      "em": 0.43,
      "f1": 0.4896795777322093,
      "containment": 0.46,
      "latency_ms": 259.9720883369446,
      "context_chars": 1920.13
    },
    "4": {
      "n": 100,
      "em": 0.43,
      "f1": 0.49931381037263395,
      "containment": 0.48,
      "latency_ms": 267.6727294921875,
      "context_chars": 2559.9
    },
    "5": {
      "n": 100,
      "em": 0.42,
      "f1": 0.4984949494949495,
      "containment": 0.46,
      "latency_ms": 283.97902727127075,
      "context_chars": 3200.47
    },
    "6": {
      "n": 100,
      "em": 0.42,
      "f1": 0.5045656565656566,
      "containment": 0.46,
      "latency_ms": 295.5257272720337,
      "context_chars": 3838.57
    }
  }
}