{
  "shard_index": 32,
  "shard_count": 37,
  "summary": {
    "0": {
      "n": 100,
      "em": 0.13,
      "f1": 0.22812601166948987,
      "containment": 0.2,
      "latency_ms": 197.25773572921753,
      "context_chars": 0.0
    },
    "1": {
      "n": 100,
      "em": 0.18,
      "f1": 0.32079993535875895,
      "containment": 0.3,
      "latency_ms": 266.63302183151245,
      "context_chars": 633.78
    },
    "2": {
      "n": 100,
      "em": 0.26,
      "f1": 0.4016467388820329,
      "containment": 0.35,
      "latency_ms": 252.76309251785278,
      "context_chars": 1270.57
    },
    "3": {
      "n": 100,
      "em": 0.3,
      "f1": 0.43978093801623197,
      "containment": 0.39,
      "latency_ms": 295.86930751800537,
      "context_chars": 1902.92
    },
    "4": {
      "n": 100,
      "em": 0.27,
      "f1": 0.41798728722258116,
      "containment": 0.36,
      "latency_ms": 274.4271469116211,
      "context_chars": 2542.99
    },
    "5": {
      "n": 100,
      "em": 0.3,
      "f1": 0.4642049470445695,
      "containment": 0.42,
      "latency_ms": 348.8623833656311,
      "context_chars": 3177.55
    },
    "6": {
      "n": 100,
      "em": 0.3,
      "f1": 0.4561100419496644,
      "containment": 0.39,
      "latency_ms": 355.60750007629395,
      "context_chars": 3814.19
    }
  }
}