{
  "shard_index": 13,
  "shard_count": 37,
  "summary": {
    "0": {
      "n": 100,
      "em": 0.14,
      "f1": 0.23986118293471237,
      "containment": 0.23,
      "latency_ms": 405.03079414367676,
      "context_chars": 0.0
    },
    "1": {
      "n": 100,
      "em": 0.26,
      "f1": 0.3800912698412698,
      "containment": 0.35,
      "latency_ms": 210.6410837173462,
      "context_chars": 638.13
    },
    "2": {
      "n": 100,
      "em": 0.26,
      "f1": 0.35948962148962144,
      "containment": 0.37,
      "latency_ms": 236.90675258636475,
      "context_chars": 1274.84
    },
    "3": {
      "n": 100,
      "em": 0.25,
      "f1": 0.3828229548229548,
      "containment": 0.41,
      "latency_ms": 291.0467767715454,
      "context_chars": 1916.15
    },
    "4": {
      "n": 100,
      "em": 0.23,
      "f1": 0.35220611577964517,
      "containment": 0.37,
      "latency_ms": 311.17189168930054,
      "context_chars": 2554.73
    },
    "5": {
      "n": 100,
      "em": 0.25,
      "f1": 0.368058143547274,
      "containment": 0.4,
      "latency_ms": 326.53602361679077,
      "context_chars": 3193.42
    },
    "6": {
      "n": 100,
      "em": 0.24,
      "f1": 0.3695484298982752,
      "containment": 0.38,
      "latency_ms": 335.7896161079407,
      "context_chars": 3834.74
    }
  }
}