{
  "shard_index": 27,
  "shard_count": 37,
  "summary": {
    "0": {
      "n": 100,
      "em": 0.2,
      "f1": 0.25983333333333336,
      "containment": 0.22,
      "latency_ms": 195.7926869392395,
      "context_chars": 0.0
    },
    "1": {
      "n": 100,
      "em": 0.31,
      "f1": 0.40498412698412684,
      "containment": 0.35,
      "latency_ms": 212.6017665863037,
      "context_chars": 637.83
    },
    "2": {
      "n": 100,
      "em": 0.37,
      "f1": 0.4639838383838384,
      "containment": 0.41,
      "latency_ms": 219.23662662506104,
      "context_chars": 1277.01
    },
    "3": {
      "n": 100,
      "em": 0.4,
      "f1": 0.4963491817779742,
      "containment": 0.44,
      "latency_ms": 245.61451196670532,
      "context_chars": 1911.12
    },
    "4": {
      "n": 100,
      "em": 0.41,
      "f1": 0.5055051778287072,
      "containment": 0.46,
      "latency_ms": 255.9072756767273,
      "context_chars": 2546.69
    },
    "5": {
      "n": 100,
      "em": 0.39,
      "f1": 0.4964116713352007,
      "containment": 0.44,
      "latency_ms": 309.2720890045166,
      "context_chars": 3181.51
    },
    "6": {
      "n": 100,
      "em": 0.39,
      "f1": 0.5064676691729324,
      "containment": 0.45,
      "latency_ms": 336.5484285354614,
      "context_chars": 3813.73
    }
  }
}