{
  "shard_index": 22,
  "shard_count": 37,
  "summary": {
    "0": {
      "n": 100,
      "em": 0.15,
      "f1": 0.21611580086580087,
      "containment": 0.23,
      "latency_ms": 199.7566843032837,
      "context_chars": 0.0
    },
    "1": {
      "n": 100,
      "em": 0.26,
      "f1": 0.3646153846153847,
      "containment": 0.3,
      "latency_ms": 208.5267186164856,
      "context_chars": 635.07
    },
    "2": {
      "n": 100,
      "em": 0.29,
      "f1": 0.37531277324825707,
      "containment": 0.38,
      "latency_ms": 251.09742164611816,
      "context_chars": 1277.84
    },
    "3": {
      "n": 100,
      "em": 0.32,
      "f1": 0.4130995115995115,
      "containment": 0.38,
      "latency_ms": 301.2012243270874,
      "context_chars": 1918.31
    },
    "4": {
      "n": 100,
      "em": 0.34,
      "f1": 0.4420097680097679,
      "containment": 0.44,
      "latency_ms": 291.6254210472107,
      "context_chars": 2559.65
    },
    "5": {
      "n": 100,
      "em": 0.37,
      "f1": 0.47681013431013425,
      "containment": 0.46,
      "latency_ms": 302.09898471832275,
      "context_chars": 3199.31
    },
    "6": {
      "n": 100,
      "em": 0.38,
      "f1": 0.4735624605279776,
      "containment": 0.46,
      "latency_ms": 337.67131090164185,
      "context_chars": 3833.72
    }
  }
}