{
  "shard_index": 25,
  "shard_count": 37,
  "summary": {
    "0": {
      "n": 100,
      "em": 0.19,
      "f1": 0.265478354978355,
      "containment": 0.22,
      "latency_ms": 294.59142446517944,
      "context_chars": 0.0
    },
    "1": {
      "n": 100,
      "em": 0.37,
      "f1": 0.44721595071595066,
      "containment": 0.42,
      "latency_ms": 196.61473035812378,
      "context_chars": 639.04
    },
    "2": {
      "n": 100,
      "em": 0.39,
      "f1": 0.45728768318921775,
      "containment": 0.45,
      "latency_ms": 256.17530822753906,
      "context_chars": 1279.79
    },
    "3": {
      "n": 100,
      "em": 0.4,
      "f1": 0.4773044733044733,
      "containment": 0.48,
      "latency_ms": 282.0466947555542,
      "context_chars": 1913.3
    },
    "4": {
      "n": 100,
      "em": 0.39,
      "f1": 0.46086601307189545,
      "containment": 0.49,
      "latency_ms": 310.3645992279053,
      "context_chars": 2556.34
    },
    "5": {
      "n": 100,
      "em": 0.4,
      "f1": 0.4764027814290972,
      "containment": 0.5,
      "latency_ms": 311.1082458496094,
      "context_chars": 3191.28
    },
    "6": {
      "n": 100,
      "em": 0.42,
      "f1": 0.5027914307914307,
      "containment": 0.53,
      "latency_ms": 320.0962805747986,
      "context_chars": 3829.07
    }
  }
}