{
  "shard_index": 9,
  "shard_count": 37,
  "summary": {
    "0": {
      "n": 100,
      "em": 0.16,
      "f1": 0.2675966810966811,
      "containment": 0.18,
      "latency_ms": 246.10612154006958,
      "context_chars": 0.0
    },
    "1": {
      "n": 100,
      "em": 0.31,
      "f1": 0.4006178266178266,
      "containment": 0.34,
      "latency_ms": 213.3808708190918,
      "context_chars": 641.64
    },
    "2": {
      "n": 100,
      "em": 0.37,
      "f1": 0.43527128427128425,
      "containment": 0.37,
      "latency_ms": 239.0173101425171,
      "context_chars": 1281.0
    },
    "3": {
      "n": 100,
      "em": 0.33,
      "f1": 0.4351984126984126,
      "containment": 0.4,
      "latency_ms": 279.512403011322,
      "context_chars": 1922.45
    },
    "4": {
      "n": 100,
      "em": 0.33,
      "f1": 0.4178909592822636,
      "containment": 0.38,
      "latency_ms": 293.9604949951172,
      "context_chars": 2565.74
    },
    "5": {
      "n": 100,
      "em": 0.32,
      "f1": 0.42570105820105814,
      "containment": 0.39,
      "latency_ms": 339.2344331741333,
      "context_chars": 3205.15
    },
    "6": {
      "n": 100,
      "em": 0.39,
      "f1": 0.48254761904761906,
      "containment": 0.43,
      "latency_ms": 342.389235496521,
      "context_chars": 3851.97
    }
  }
}