{
  "shard_index": 8,
  "shard_count": 37,
  "summary": {
    "0": {
      "n": 100,
      "em": 0.19,
      "f1": 0.25864835164835165,
      "containment": 0.22,
      "latency_ms": 201.23215198516846,
      "context_chars": 0.0
    },
    "1": {
      "n": 100,
      "em": 0.21,
      "f1": 0.3111495726495726,
      "containment": 0.24,
      "latency_ms": 224.1995406150818,
      "context_chars": 635.85
    },
    "2": {
      "n": 100,
      "em": 0.27,
      "f1": 0.3666178266178266,
      "containment": 0.31,
      "latency_ms": 264.8939275741577,
      "context_chars": 1276.8
    },
    "3": {
      "n": 100,
      "em": 0.26,
      "f1": 0.35030570540570544,
      "containment": 0.31,
      "latency_ms": 283.7239146232605,
      "context_chars": 1912.99
    },
    "4": {
      "n": 100,
      "em": 0.26,
      "f1": 0.3561919006919007,
      "containment": 0.29,
      "latency_ms": 299.99043464660645,
      "context_chars": 2557.47
    },
    "5": {
      "n": 100,
      "em": 0.27,
      "f1": 0.3654236874236874,
      "containment": 0.32,
      "latency_ms": 338.29801082611084,
      "context_chars": 3197.27
    },
    "6": {
      "n": 100,
      "em": 0.27,
      "f1": 0.3779171939171938,
      "containment": 0.32,
      "latency_ms": 314.97103214263916,
      "context_chars": 3837.98
    }
  }
}