{
  "shard_index": 2,
  "shard_count": 37,
  "summary": {
    "0": {
      "n": 100,
      "em": 0.09,
      "f1": 0.16976190476190475,
      "containment": 0.16,
      "latency_ms": 225.88896989822388,
      "context_chars": 0.0
    },
    "1": {
      "n": 100,
      "em": 0.22,
      "f1": 0.32799494949494956,
      "containment": 0.3,
      "latency_ms": 210.80650568008423,
      "context_chars": 631.26
    },
    "2": {
      "n": 100,
      "em": 0.21,
      "f1": 0.33990476190476193,
      "containment": 0.33,
      "latency_ms": 226.43906354904175,
      "context_chars": 1265.58
    },
    "3": {
      "n": 100,
      "em": 0.25,
      "f1": 0.35300888000888003,
      "containment": 0.31,
      "latency_ms": 260.2444052696228,
      "context_chars": 1896.38
    },
    "4": {
      "n": 100,
      "em": 0.25,
      "f1": 0.37727583527583525,
      "containment": 0.35,
      "latency_ms": 264.17927265167236,
      "context_chars": 2537.81
    },
    "5": {
      "n": 100,
      "em": 0.27,
      "f1": 0.3790165945165945,
      "containment": 0.36,
      "latency_ms": 294.2082452774048,
      "context_chars": 3174.03
    },
    "6": {
      "n": 100,
      "em": 0.29,
      "f1": 0.40857575757575754,
      "containment": 0.4,
      "latency_ms": 323.22810649871826,
      "context_chars": 3809.38
    }
  }
}