{
  "shard_index": 33,
  "shard_count": 37,
  "summary": {
    "0": {
      "n": 100,
      "em": 0.14,
      "f1": 0.2075921985815603,
      "containment": 0.16,
      "latency_ms": 223.2358455657959,
      "context_chars": 0.0
    },
    "1": {
      "n": 100,
      "em": 0.24,
      "f1": 0.3363800186741362,
      "containment": 0.23,
      "latency_ms": 198.1631302833557,
      "context_chars": 636.0
    },
    "2": {
      "n": 100,
      "em": 0.35,
      "f1": 0.4578697478991597,
      "containment": 0.37,
      "latency_ms": 232.27230787277222,
      "context_chars": 1275.0
    },
    "3": {
      "n": 100,
      "em": 0.32,
      "f1": 0.4255392156862745,
      "containment": 0.32,
      "latency_ms": 229.39383745193481,
      "context_chars": 1913.4
    },
    "4": {
      "n": 100,
      "em": 0.34,
      "f1": 0.45631017703524096,
      "containment": 0.36,
      "latency_ms": 276.21256589889526,
      "context_chars": 2549.7
    },
    "5": {
      "n": 100,
      "em": 0.35,
      "f1": 0.4622380952380952,
      "containment": 0.37,
      "latency_ms": 293.7065887451172,
      "context_chars": 3188.17
    },
    "6": {
      "n": 100,
      "em": 0.33,
      "f1": 0.44497256833767984,
      "containment": 0.34,
      "latency_ms": 294.3007826805115,
      "context_chars": 3832.13
    }
  }
}