{
  "shard_index": 34,
  "shard_count": 37,
  "summary": {
    "0": {
      "n": 100,
      "em": 0.12,
      "f1": 0.18179206349206345,
      "containment": 0.17,
      "latency_ms": 129.10988807678223,
      "context_chars": 0.0
    },
    "1": {
      "n": 100,
      "em": 0.29,
      "f1": 0.37388239538239537,
      "containment": 0.31,
      "latency_ms": 150.13958930969238,
      "context_chars": 641.94
    },
    "2": {
      "n": 100,
      "em": 0.31,
      "f1": 0.42122553263729734,
      "containment": 0.36,
      "latency_ms": 178.5428237915039,
      "context_chars": 1280.62
    },
    "3": {
      "n": 100,
      "em": 0.36,
      "f1": 0.4706166056166055,
      "containment": 0.42,
      "latency_ms": 195.34655809402466,
      "context_chars": 1919.76
    },
    "4": {
      "n": 100,
      "em": 0.34,
      "f1": 0.4527401390879651,
      "containment": 0.4,
      "latency_ms": 208.53246927261353,
      "context_chars": 2562.8
    },
    "5": {
      "n": 100,
      "em": 0.36,
      "f1": 0.46575396825396814,
      "containment": 0.44,
      "latency_ms": 230.12887716293335,
      "context_chars": 3204.26
    },
    "6": {
      "n": 100,
      "em": 0.38,
      "f1": 0.469215596963423,
      "containment": 0.45,
      "latency_ms": 237.54932641983032,
      "context_chars": 3850.29
    }
  }
}