{
  "shard_index": 5,
  "shard_count": 37,
  "summary": {
    "0": {
      "n": 100,
      "em": 0.35,
      "f1": 0.49533333333333324,
      "containment": 0.42,
      "latency_ms": 1869.2292404174805,
      "context_chars": 0.0
    },
    "1": {
      "n": 100,
      "em": 0.31,
      "f1": 0.4054621848739495,
      "containment": 0.36,
      "latency_ms": 2285.603127479553,
      "context_chars": 646.31
    },
    "2": {
      "n": 100,
      "em": 0.35,
      "f1": 0.45866666666666667,
      "containment": 0.4,
      "latency_ms": 2122.474353313446,
      "context_chars": 1289.33
    },
    "3": {
      "n": 100,
      "em": 0.37,
      "f1": 0.49381818181818177,
      "containment": 0.44,
      "latency_ms": 2199.629123210907,
      "context_chars": 1934.15
    },
    "4": {
      "n": 100,
      "em": 0.37,
      "f1": 0.4893809523809523,
      "containment": 0.44,
      "latency_ms": 2251.3187670707703,
      "context_chars": 2575.64
    },
    "5": {
      "n": 100,
      "em": 0.37,
      "f1": 0.4917619047619047,
      "containment": 0.44,
      "latency_ms": 2265.9308528900146,
      "context_chars": 3217.37
    },
    "6": {
      "n": 100,
      "em": 0.36,
      "f1": 0.48009523809523796,
      "containment": 0.44,
      "latency_ms": 2355.9628200531006,
      "context_chars": 3861.26
    }
  }
}