{
  "shard_index": 3,
  "shard_count": 37,
  "summary": {
    "0": {
      "n": 100,
      "em": 0.38,
      "f1": 0.4834047619047617,
      "containment": 0.48,
      "latency_ms": 2143.049418926239,
      "context_chars": 0.0
    },
    "1": {
      "n": 100,
      "em": 0.28,
      "f1": 0.35298412698412696,
      "containment": 0.33,
      "latency_ms": 2237.7254796028137,
      "context_chars": 641.81
    },
    "2": {
      "n": 100,
      "em": 0.31,
      "f1": 0.3830555555555556,
      "containment": 0.38,
      "latency_ms": 2362.0410561561584,
      "context_chars": 1281.75
    },
    "3": {
      "n": 100,
      "em": 0.33,
      "f1": 0.41338888888888886,
      "containment": 0.41,
      "latency_ms": 2365.3833174705505,
      "context_chars": 1921.0
    },
    "4": {
      "n": 100,
      "em": 0.35,
      "f1": 0.43281746031746027,
      "containment": 0.42,
      "latency_ms": 2355.643529891968,
      "context_chars": 2559.13
    },
    "5": {
      "n": 100,
      "em": 0.33,
      "f1": 0.4349841269841269,
      "containment": 0.42,
      "latency_ms": 2402.597494125366,
      "context_chars": 3196.74
    },
    "6": {
      "n": 100,
      "em": 0.36,
      "f1": 0.46631746031746024,
      "containment": 0.45,
      "latency_ms": 2394.225354194641,
      "context_chars": 3848.07
    }
  }
}