{
  "shard_index": 13,
  "shard_count": 37,
  "summary": {
    "0": {
      "n": 100,
      "em": 0.31,
      "f1": 0.45242857142857135,
      "containment": 0.36,
      "latency_ms": 2209.830927848816,
      "context_chars": 0.0
    },
    "1": {
      "n": 100,
      "em": 0.34,
      "f1": 0.43723376623376614,
      "containment": 0.34,
      "latency_ms": 2409.3914914131165,
      "context_chars": 630.87
    },
    "2": {
      "n": 100,
      "em": 0.35,
      "f1": 0.4389235209235208,
      "containment": 0.4,
      "latency_ms": 2504.5445442199707,
      "context_chars": 1272.38
    },
    "3": {
      "n": 100,
      "em": 0.34,
      "f1": 0.4609393939393938,
      "containment": 0.4,
      "latency_ms": 2551.375696659088,
      "context_chars": 1909.22
    },
    "4": {
      "n": 100,
      "em": 0.3,
      "f1": 0.466080808080808,
      "containment": 0.39,
      "latency_ms": 2493.818266391754,
      "context_chars": 2537.94
    },
    "5": {
      "n": 100,
      "em": 0.31,
      "f1": 0.47977922077922064,
      "containment": 0.4,
      "latency_ms": 2604.1297578811646,
      "context_chars": 3172.36
    },
    "6": {
      "n": 100,
      "em": 0.33,
      "f1": 0.4846378066378065,
      "containment": 0.42,
      "latency_ms": 2718.3500385284424,
      "context_chars": 3808.98
    }
  }
}