{
  "shard_index": 26,
  "shard_count": 37,
  "summary": {
    "0": {
      "n": 100,
      "em": 0.34,
      "f1": 0.4583744588744588,
      "containment": 0.4,
      "latency_ms": 2267.7267050743103,
      "context_chars": 0.0
    },
    "1": {
      "n": 100,
      "em": 0.26,
      "f1": 0.3462784992784993,
      "containment": 0.3,
      "latency_ms": 2413.3243012428284,
      "context_chars": 641.19
    },
    "2": {
      "n": 100,
      "em": 0.31,
      "f1": 0.42803174603174604,
      "containment": 0.37,
      "latency_ms": 2448.4444880485535,
      "context_chars": 1284.87
    },
    "3": {
      "n": 100,
      "em": 0.35,
      "f1": 0.4626954887218046,
      "containment": 0.41,
      "latency_ms": 2358.334903717041,
      "context_chars": 1931.53
    },
    "4": {
      "n": 100,
      "em": 0.36,
      "f1": 0.4711626984126985,
      "containment": 0.43,
      "latency_ms": 2545.523865222931,
      "context_chars": 2580.2
    },
    "5": {
      "n": 100,
      "em": 0.37,
      "f1": 0.49254108756740345,
      "containment": 0.43,
      "latency_ms": 2712.1771097183228,
      "context_chars": 3219.92
    },
    "6": {
      "n": 100,
      "em": 0.36,
      "f1": 0.4907103174603174,
      "containment": 0.43,
      "latency_ms": 2756.189970970154,
      "context_chars": 3865.88
    }
  }
}