{
  "shard_index": 10,
  "shard_count": 37,
  "summary": {
    "0": {
      "n": 100,
      "em": 0.38,
      "f1": 0.4854963369963369,
      "containment": 0.36,
      "latency_ms": 2218.084852695465,
      "context_chars": 0.0
    },
    "1": {
      "n": 100,
      "em": 0.39,
      "f1": 0.44964006169269327,
      "containment": 0.4,
      "latency_ms": 2526.3765692710876,
      "context_chars": 632.59
    },
    "2": {
      "n": 100,
      "em": 0.47,
      "f1": 0.536695238095238,
      "containment": 0.44,
      "latency_ms": 2552.678301334381,
      "context_chars": 1269.88
    },
    "3": {
      "n": 100,
      "em": 0.48,
      "f1": 0.5423142857142856,
      "containment": 0.46,
      "latency_ms": 2571.252474784851,
      "context_chars": 1911.18
    },
    "4": {
      "n": 100,
      "em": 0.44,
      "f1": 0.5499571428571426,
      "containment": 0.46,
      "latency_ms": 2787.947437763214,
      "context_chars": 2548.94
    },
    "5": {
      "n": 100,
      "em": 0.43,
      "f1": 0.5241238095238094,
      "containment": 0.46,
      "latency_ms": 2620.440421104431,
      "context_chars": 3187.56
    },
    "6": {
      "n": 100,
      "em": 0.42,
      "f1": 0.5160999999999999,
      "containment": 0.45,
      "latency_ms": 2669.3675088882446,
      "context_chars": 3826.56
    }
  }
}