{
  "shard_index": 0,
  "shard_count": 37,
  "summary": {
    "0": {
      "n": 100,
      "em": 0.29,
      "f1": 0.46684920634920624,
      "containment": 0.39,
      "latency_ms": 2370.7642459869385,
      "context_chars": 0.0
    },
    "1": {
      "n": 100,
      "em": 0.24,
      "f1": 0.37400000000000005,
      "containment": 0.29,
      "latency_ms": 2148.95094871521,
      "context_chars": 637.31
    },
    "2": {
      "n": 100,
      "em": 0.25,
      "f1": 0.4076006493506493,
      "containment": 0.34,
      "latency_ms": 2375.9452891349792,
      "context_chars": 1278.47
    },
    "3": {
      "n": 100,
      "em": 0.26,
      "f1": 0.42446645021645013,
      "containment": 0.35,
      "latency_ms": 2308.0518555641174,
      "context_chars": 1911.93
    },
    "4": {
      "n": 100,
      "em": 0.28,
      "f1": 0.45658225108225103,
      "containment": 0.38,
      "latency_ms": 2418.165407180786,
      "context_chars": 2548.82
    },
    "5": {
      "n": 100,
      "em": 0.31,
      "f1": 0.4672402597402598,
      "containment": 0.4,
      "latency_ms": 2452.7202105522156,
      "context_chars": 3192.44
    },
    "6": {
      "n": 100,
      "em": 0.27,
      "f1": 0.44305730234677587,
      "containment": 0.37,
      "latency_ms": 2609.0156030654907,
      "context_chars": 3832.51
    }
  }
}