{
  "shard_index": 23,
  "shard_count": 37,
  "summary": {
    "0": {
      "n": 100,
      "em": 0.42,
      "f1": 0.5193547008547008,
      "containment": 0.47,
      "latency_ms": 2305.8127570152283,
      "context_chars": 0.0
    },
    "1": {
      "n": 100,
      "em": 0.26,
      "f1": 0.3707857142857144,
      "containment": 0.34,
      "latency_ms": 2365.4181122779846,
      "context_chars": 641.21
    },
    "2": {
      "n": 100,
      "em": 0.27,
      "f1": 0.3962231983702572,
      "containment": 0.37,
      "latency_ms": 2614.0701723098755,
      "context_chars": 1290.29
    },
    "3": {
      "n": 100,
      "em": 0.35,
      "f1": 0.46412049062049054,
      "containment": 0.42,
      "latency_ms": 2539.020826816559,
      "context_chars": 1926.81
    },
    "4": {
      "n": 100,
      "em": 0.34,
      "f1": 0.45324481074481066,
      "containment": 0.4,
      "latency_ms": 2664.1149067878723,
      "context_chars": 2567.82
    },
    "5": {
      "n": 100,
      "em": 0.33,
      "f1": 0.45935858585858574,
      "containment": 0.43,
      "latency_ms": 2831.4106345176697,
      "context_chars": 3203.62
    },
    "6": {
      "n": 100,
      "em": 0.36,
      "f1": 0.48570634920634903,
      "containment": 0.46,
      "latency_ms": 2799.6037077903748,
      "context_chars": 3846.19
    }
  }
}