{
  "shard_index": 18,
  "shard_count": 37,
  "summary": {
    "0": {
      "n": 100,
      "em": 0.35,
      "f1": 0.51089898989899,
      "containment": 0.41,
      "latency_ms": 2061.229283809662,
      "context_chars": 0.0
    },
    "1": {
      "n": 100,
      "em": 0.28,
      "f1": 0.4166904761904762,
      "containment": 0.34,
      "latency_ms": 2314.4832730293274,
      "context_chars": 635.63
    },
    "2": {
      "n": 100,
      "em": 0.33,
      "f1": 0.4715714285714286,
      "containment": 0.37,
      "latency_ms": 2403.1800866127014,
      "context_chars": 1274.56
    },
    "3": {
      "n": 100,
      "em": 0.36,
      "f1": 0.4926688311688311,
      "containment": 0.41,
      "latency_ms": 2447.9455304145813,
      "context_chars": 1915.65
    },
    "4": {
      "n": 100,
      "em": 0.36,
      "f1": 0.505064935064935,
      "containment": 0.43,
      "latency_ms": 2430.6557178497314,
      "context_chars": 2563.27
    },
    "5": {
      "n": 100,
      "em": 0.36,
      "f1": 0.5086190476190475,
      "containment": 0.46,
      "latency_ms": 2440.8126521110535,
      "context_chars": 3208.4
    },
    "6": {
      "n": 100,
      "em": 0.37,
      "f1": 0.5277594627594626,
      "containment": 0.46,
      "latency_ms": 2502.365560531616,
      "context_chars": 3852.58
    }
  }
}