{
  "shard_index": 35,
  "shard_count": 37,
  "summary": {
    "0": {
      "n": 100,
      "em": 0.3,
      "f1": 0.3901190476190476,
      "containment": 0.36,
      "latency_ms": 2184.063675403595,
      "context_chars": 0.0
    },
    "1": {
      "n": 100,
      "em": 0.25,
      "f1": 0.3252619047619048,
      "containment": 0.3,
      "latency_ms": 2467.57643699646,
      "context_chars": 644.37
    },
    "2": {
      "n": 100,
      "em": 0.31,
      "f1": 0.39307142857142857,
      "containment": 0.37,
      "latency_ms": 2475.382091999054,
      "context_chars": 1285.62
    },
    "3": {
      "n": 100,
      "em": 0.34,
      "f1": 0.4234285714285713,
      "containment": 0.4,
      "latency_ms": 2523.6667251586914,
      "context_chars": 1930.44
    },
    "4": {
      "n": 100,
      "em": 0.34,
      "f1": 0.43699278499278493,
      "containment": 0.4,
      "latency_ms": 2643.002016544342,
      "context_chars": 2577.18
    },
    "5": {
      "n": 100,
      "em": 0.34,
      "f1": 0.4327150072150072,
      "containment": 0.42,
      "latency_ms": 2882.329535484314,
      "context_chars": 3226.78
    },
    "6": {
      "n": 100,
      "em": 0.32,
      "f1": 0.42743722943722945,
      "containment": 0.4,
      "latency_ms": 2760.54340839386,
      "context_chars": 3869.37
    }
  }
}