{
  "shard_index": 9,
  "shard_count": 37,
  "summary": {
    "0": {
      "n": 100,
      "em": 0.36,
      "f1": 0.49846581196581186,
      "containment": 0.39,
      "latency_ms": 2192.490954399109,
      "context_chars": 0.0
    },
    "1": {
      "n": 100,
      "em": 0.3,
      "f1": 0.42086652236652244,
      "containment": 0.35,
      "latency_ms": 2391.5336108207703,
      "context_chars": 637.19
    },
    "2": {
      "n": 100,
      "em": 0.36,
      "f1": 0.46253318903318896,
      "containment": 0.37,
      "latency_ms": 2497.7093291282654,
      "context_chars": 1284.57
    },
    "3": {
      "n": 100,
      "em": 0.37,
      "f1": 0.4870569985569986,
      "containment": 0.38,
      "latency_ms": 2538.5169339179993,
      "context_chars": 1927.06
    },
    "4": {
      "n": 100,
      "em": 0.41,
      "f1": 0.5298189033189034,
      "containment": 0.44,
      "latency_ms": 2635.9264492988586,
      "context_chars": 2572.93
    },
    "5": {
      "n": 100,
      "em": 0.41,
      "f1": 0.5326125541125541,
      "containment": 0.43,
      "latency_ms": 2504.250292778015,
      "context_chars": 3213.59
    },
    "6": {
      "n": 100,
      "em": 0.43,
      "f1": 0.5533268398268398,
      "containment": 0.45,
      "latency_ms": 2537.260479927063,
      "context_chars": 3858.66
    }
  }
}