{
  "shard_index": 30,
  "shard_count": 37,
  "summary": {
    "0": {
      "n": 100,
      "em": 0.41,
      "f1": 0.5401536796536797,
      "containment": 0.45,
      "latency_ms": 2286.029682159424,
      "context_chars": 0.0
    },
    "1": {
      "n": 100,
      "em": 0.43,
      "f1": 0.5218571428571428,
      "containment": 0.43,
      "latency_ms": 2400.887176990509,
      "context_chars": 637.73
    },
    "2": {
      "n": 100,
      "em": 0.47,
      "f1": 0.5723650793650793,
      "containment": 0.48,
      "latency_ms": 2401.7006492614746,
      "context_chars": 1281.51
    },
    "3": {
      "n": 100,
      "em": 0.47,
      "f1": 0.5842857142857142,
      "containment": 0.49,
      "latency_ms": 2523.6936497688293,
      "context_chars": 1926.71
    },
    "4": {
      "n": 100,
      "em": 0.45,
      "f1": 0.5734285714285714,
      "containment": 0.49,
      "latency_ms": 2529.769387245178,
      "context_chars": 2571.26
    },
    "5": {
      "n": 100,
      "em": 0.46,
      "f1": 0.5956666666666665,
      "containment": 0.51,
      "latency_ms": 2471.200385093689,
      "context_chars": 3218.98
    },
    "6": {
      "n": 100,
      "em": 0.47,
      "f1": 0.5912619047619047,
      "containment": 0.51,
      "latency_ms": 2520.526773929596,
      "context_chars": 3858.5
    }
  }
}