{
  "shard_index": 14,
  "shard_count": 37,
  "summary": {
    "0": {
      "n": 100,
      "em": 0.38,
      "f1": 0.4928809523809523,
      "containment": 0.4,
      "latency_ms": 1999.7429037094116,
      "context_chars": 0.0
    },
    "1": {
      "n": 100,
      "em": 0.28,
      "f1": 0.38768253968253963,
      "containment": 0.33,
      "latency_ms": 2482.7363443374634,
      "context_chars": 645.56
    },
    "2": {
      "n": 100,
      "em": 0.31,
      "f1": 0.4337857142857143,
      "containment": 0.36,
      "latency_ms": 2503.1286811828613,
      "context_chars": 1292.53
    },
    "3": {
      "n": 100,
      "em": 0.35,
      "f1": 0.4706746031746032,
      "containment": 0.41,
      "latency_ms": 2486.788465976715,
      "context_chars": 1941.66
    },
    "4": {
      "n": 100,
      "em": 0.4,
      "f1": 0.5134206349206348,
      "containment": 0.44,
      "latency_ms": 2427.174382209778,
      "context_chars": 2583.73
    },
    "5": {
      "n": 100,
      "em": 0.37,
      "f1": 0.49603174603174593,
      "containment": 0.42,
      "latency_ms": 2492.189748287201,
      "context_chars": 3231.62
    },
    "6": {
      "n": 100,
      "em": 0.37,
      "f1": 0.5030555555555555,
      "containment": 0.43,
      "latency_ms": 2394.973793029785,
      "context_chars": 3871.96
    }
  }
}