{
  "shard_index": 16,
  "shard_count": 37,
  "summary": {
    "0": {
      "n": 100,
      "em": 0.36,
      "f1": 0.4661182121971595,
      "containment": 0.4,
      "latency_ms": 2201.173355579376,
      "context_chars": 0.0
    },
    "1": {
      "n": 100,
      "em": 0.24,
      "f1": 0.35620007770007767,
      "containment": 0.31,
      "latency_ms": 2679.5330381393433,
      "context_chars": 637.24
    },
    "2": {
      "n": 100,
      "em": 0.25,
      "f1": 0.3748111888111887,
      "containment": 0.32,
      "latency_ms": 2634.4028210639954,
      "context_chars": 1275.68
    },
    "3": {
      "n": 100,
      "em": 0.32,
      "f1": 0.43379409479409475,
      "containment": 0.36,
      "latency_ms": 2604.5407247543335,
      "context_chars": 1910.6
    },
    "4": {
      "n": 100,
      "em": 0.33,
      "f1": 0.4354803693038987,
      "containment": 0.37,
      "latency_ms": 2666.154851913452,
      "context_chars": 2550.62
    },
    "5": {
      "n": 100,
      "em": 0.35,
      "f1": 0.4489500777000777,
      "containment": 0.38,
      "latency_ms": 2754.900152683258,
      "context_chars": 3194.43
    },
    "6": {
      "n": 100,
      "em": 0.39,
      "f1": 0.4802649194649194,
      "containment": 0.42,
      "latency_ms": 2646.0209822654724,
      "context_chars": 3834.0
    }
  }
}