{
  "shard_index": 7,
  "shard_count": 37,
  "summary": {
    "0": {
      "n": 100,
      "em": 0.32,
      "f1": 0.4588398268398268,
      "containment": 0.39,
      "latency_ms": 2037.8398704528809,
      "context_chars": 0.0
    },
    "1": {
      "n": 100,
      "em": 0.25,
      "f1": 0.34817460317460314,
      "containment": 0.29,
      "latency_ms": 2599.420051574707,
      "context_chars": 639.8
    },
    "2": {
      "n": 100,
      "em": 0.25,
      "f1": 0.37273015873015874,
      "containment": 0.32,
      "latency_ms": 2491.8206119537354,
      "context_chars": 1278.64
    },
    "3": {
      "n": 100,
      "em": 0.31,
      "f1": 0.42623199023199015,
      "containment": 0.41,
      "latency_ms": 2655.3787875175476,
      "context_chars": 1923.67
    },
    "4": {
      "n": 100,
      "em": 0.31,
      "f1": 0.42781135531135517,
      "containment": 0.41,
      "latency_ms": 2673.6560225486755,
      "context_chars": 2563.69
    },
    "5": {
      "n": 100,
      "em": 0.3,
      "f1": 0.4202735401853047,
      "containment": 0.4,
      "latency_ms": 2685.7299065589905,
      "context_chars": 3206.75
    },
    "6": {
      "n": 100,
      "em": 0.31,
      "f1": 0.43359706959706945,
      "containment": 0.42,
      "latency_ms": 2770.905292034149,
      "context_chars": 3844.31
    }
  }
}