{
  "shard_index": 20,
  "shard_count": 37,
  "summary": {
    "0": {
      "n": 100,
      "em": 0.35,
      "f1": 0.4337991452991453,
      "containment": 0.38,
      "latency_ms": 2257.2864151000977,
      "context_chars": 0.0
    },
    "1": {
      "n": 100,
      "em": 0.31,
      "f1": 0.3927936507936508,
      "containment": 0.31,
      "latency_ms": 2362.7786779403687,
      "context_chars": 635.54
    },
    "2": {
      "n": 100,
      "em": 0.31,
      "f1": 0.4018719918074757,
      "containment": 0.35,
      "latency_ms": 2520.278079509735,
      "context_chars": 1274.65
    },
    "3": {
      "n": 100,
      "em": 0.4,
      "f1": 0.47854256854256855,
      "containment": 0.4,
      "latency_ms": 2320.629711151123,
      "context_chars": 1912.8
    },
    "4": {
      "n": 100,
      "em": 0.39,
      "f1": 0.4726947496947497,
      "containment": 0.39,
      "latency_ms": 2411.028368473053,
      "context_chars": 2554.08
    },
    "5": {
      "n": 100,
      "em": 0.39,
      "f1": 0.4779090354090354,
      "containment": 0.39,
      "latency_ms": 2422.654173374176,
      "context_chars": 3193.88
    },
    "6": {
      "n": 100,
      "em": 0.43,
      "f1": 0.5276428571428571,
      "containment": 0.44,
      "latency_ms": 2298.301749229431,
      "context_chars": 3839.14
    }
  }
}