{
  "shard_index": 6,
  "shard_count": 37,
  "summary": {
    "0": {
      "n": 100,
      "em": 0.34,
      "f1": 0.4776269841269841,
      "containment": 0.4,
      "latency_ms": 2170.5438089370728,
      "context_chars": 0.0
    },
    "1": {
      "n": 100,
      "em": 0.29,
      "f1": 0.37152380952380953,
      "containment": 0.34,
      "latency_ms": 2464.4592094421387,
      "context_chars": 638.93
    },
    "2": {
      "n": 100,
      "em": 0.29,
      "f1": 0.4264531024531025,
      "containment": 0.41,
      "latency_ms": 2566.7511463165283,
      "context_chars": 1283.05
    },
    "3": {
      "n": 100,
      "em": 0.34,
      "f1": 0.47230158730158733,
      "containment": 0.46,
      "latency_ms": 2515.383026599884,
      "context_chars": 1927.52
    },
    "4": {
      "n": 100,
      "em": 0.35,
      "f1": 0.47997691197691195,
      "containment": 0.46,
      "latency_ms": 2570.975172519684,
      "context_chars": 2565.63
    },
    "5": {
      "n": 100,
      "em": 0.37,
      "f1": 0.5041733821733821,
      "containment": 0.48,
      "latency_ms": 2714.2697763442993,
      "context_chars": 3206.05
    },
    "6": {
      "n": 100,
      "em": 0.39,
      "f1": 0.5099848484848485,
      "containment": 0.46,
      "latency_ms": 2709.345200061798,
      "context_chars": 3857.81
    }
  }
}