{
  "shard_index": 25,
  "shard_count": 37,
  "summary": {
    "0": {
      "n": 100,
      "em": 0.37,
      "f1": 0.4879523809523809,
      "containment": 0.42,
      "latency_ms": 2231.9434905052185,
      "context_chars": 0.0
    },
    "1": {
      "n": 100,
      "em": 0.37,
      "f1": 0.46358946608946616,
      "containment": 0.43,
      "latency_ms": 2369.8367643356323,
      "context_chars": 638.8
    },
    "2": {
      "n": 100,
      "em": 0.38,
      "f1": 0.4778275613275613,
      "containment": 0.43,
      "latency_ms": 2474.8505210876465,
      "context_chars": 1282.22
    },
    "3": {
      "n": 100,
      "em": 0.38,
      "f1": 0.4781847041847042,
      "containment": 0.45,
      "latency_ms": 2378.069224357605,
      "context_chars": 1918.27
    },
    "4": {
      "n": 100,
      "em": 0.37,
      "f1": 0.4820735930735931,
      "containment": 0.45,
      "latency_ms": 2642.5312209129333,
      "context_chars": 2560.07
    },
    "5": {
      "n": 100,
      "em": 0.38,
      "f1": 0.49262914862914864,
      "containment": 0.48,
      "latency_ms": 2727.508339881897,
      "context_chars": 3199.63
    },
    "6": {
      "n": 100,
      "em": 0.37,
      "f1": 0.47627200577200574,
      "containment": 0.45,
      "latency_ms": 2748.7431478500366,
      "context_chars": 3844.08
    }
  }
}