{
  "shard_index": 36,
  "shard_count": 37,
  "summary": {
    "0": {
      "n": 10,
      "em": 0.5,
      "f1": 0.55,
      "containment": 0.6,
      "latency_ms": 1847.208333015442,
      "context_chars": 0.0
    },
    "1": {
      "n": 10,
      "em": 0.3,
      "f1": 0.4066666666666666,
      "containment": 0.4,
      "latency_ms": 2126.895499229431,
      "context_chars": 635.6
    },
    "2": {
      "n": 10,
      "em": 0.3,
      "f1": 0.45666666666666667,
      "containment": 0.4,
      "latency_ms": 2209.4016313552856,
      "context_chars": 1284.9
    },
    "3": {
      "n": 10,
      "em": 0.3,
      "f1": 0.5333333333333332,
      "containment": 0.6,
      "latency_ms": 2398.0459213256836,
      "context_chars": 1932.9
    },
    "4": {
      "n": 10,
      "em": 0.3,
      "f1": 0.4833333333333332,
      "containment": 0.6,
      "latency_ms": 2033.1772804260254,
      "context_chars": 2580.4
    },
    "5": {
      "n": 10,
      "em": 0.3,
      "f1": 0.5333333333333332,
      "containment": 0.6,
      "latency_ms": 2344.9928283691406,
      "context_chars": 3252.5
    },
    "6": {
      "n": 10,
      "em": 0.3,
      "f1": 0.5583333333333332,
      "containment": 0.7,
      "latency_ms": 3125.4117727279663,
      "context_chars": 3903.6
    }
  }
}