{
  "shard_index": 19,
  "shard_count": 37,
  "summary": {
    "0": {
      "n": 100,
      "em": 0.3,
      "f1": 0.3997187812187811,
      "containment": 0.35,
      "latency_ms": 2433.614819049835,
      "context_chars": 0.0
    },
    "1": {
      "n": 100,
      "em": 0.32,
      "f1": 0.4027002801120448,
      "containment": 0.35,
      "latency_ms": 2441.7200016975403,
      "context_chars": 632.36
    },
    "2": {
      "n": 100,
      "em": 0.35,
      "f1": 0.4194719887955181,
      "containment": 0.37,
      "latency_ms": 2422.517502307892,
      "context_chars": 1267.45
    },
    "3": {
      "n": 100,
      "em": 0.36,
      "f1": 0.4529126984126983,
      "containment": 0.39,
      "latency_ms": 2479.146111011505,
      "context_chars": 1903.58
    },
    "4": {
      "n": 100,
      "em": 0.37,
      "f1": 0.4922142857142856,
      "containment": 0.43,
      "latency_ms": 2671.3366508483887,
      "context_chars": 2545.86
    },
    "5": {
      "n": 100,
      "em": 0.39,
      "f1": 0.4925271199388845,
      "containment": 0.43,
      "latency_ms": 2584.369716644287,
      "context_chars": 3179.27
    },
    "6": {
      "n": 100,
      "em": 0.39,
      "f1": 0.4995476190476189,
      "containment": 0.44,
      "latency_ms": 2652.9189467430115,
      "context_chars": 3809.6
    }
  }
}