{
  "shard_index": 31,
  "shard_count": 37,
  "summary": {
    "0": {
      "n": 100,
      "em": 0.32,
      "f1": 0.4118671679197995,
      "containment": 0.35,
      "latency_ms": 2381.1709570884705,
      "context_chars": 0.0
    },
    "1": {
      "n": 100,
      "em": 0.23,
      "f1": 0.33605555555555555,
      "containment": 0.27,
      "latency_ms": 2626.1435174942017,
      "context_chars": 640.67
    },
    "2": {
      "n": 100,
      "em": 0.34,
      "f1": 0.45487728937728933,
      "containment": 0.37,
      "latency_ms": 2466.533889770508,
      "context_chars": 1280.41
    },
    "3": {
      "n": 100,
      "em": 0.38,
      "f1": 0.4757619047619048,
      "containment": 0.4,
      "latency_ms": 2664.9778246879578,
      "context_chars": 1918.06
    },
    "4": {
      "n": 100,
      "em": 0.36,
      "f1": 0.462095238095238,
      "containment": 0.4,
      "latency_ms": 2533.7616062164307,
      "context_chars": 2553.16
    },
    "5": {
      "n": 100,
      "em": 0.39,
      "f1": 0.4958095238095238,
      "containment": 0.43,
      "latency_ms": 2592.4471187591553,
      "context_chars": 3195.49
    },
    "6": {
      "n": 100,
      "em": 0.39,
      "f1": 0.49753968253968245,
      "containment": 0.44,
      "latency_ms": 2514.2767906188965,
      "context_chars": 3833.82
    }
  }
}