{
  "shard_index": 15,
  "shard_count": 37,
  "summary": {
    "0": {
      "n": 100,
      "em": 0.28,
      "f1": 0.4090569985569985,
      "containment": 0.32,
      "latency_ms": 2199.809799194336,
      "context_chars": 0.0
    },
    "1": {
      "n": 100,
      "em": 0.23,
      "f1": 0.33152910052910056,
      "containment": 0.27,
      "latency_ms": 2566.5033054351807,
      "context_chars": 635.67
    },
    "2": {
      "n": 100,
      "em": 0.25,
      "f1": 0.3532533931446975,
      "containment": 0.31,
      "latency_ms": 2675.512511730194,
      "context_chars": 1274.76
    },
    "3": {
      "n": 100,
      "em": 0.3,
      "f1": 0.4160311709224753,
      "containment": 0.37,
      "latency_ms": 2708.379325866699,
      "context_chars": 1914.39
    },
    "4": {
      "n": 100,
      "em": 0.35,
      "f1": 0.44991164021164015,
      "containment": 0.41,
      "latency_ms": 2769.1148829460144,
      "context_chars": 2552.34
    },
    "5": {
      "n": 100,
      "em": 0.3,
      "f1": 0.429625925925926,
      "containment": 0.38,
      "latency_ms": 2830.71893453598,
      "context_chars": 3195.99
    },
    "6": {
      "n": 100,
      "em": 0.35,
      "f1": 0.4670386243386243,
      "containment": 0.41,
      "latency_ms": 2739.6039032936096,
      "context_chars": 3843.93
    }
  }
}