{
  "shard_index": 1,
  "shard_count": 37,
  "summary": {
    "0": {
      "n": 100,
      "em": 0.34,
      "f1": 0.451,
      "containment": 0.37,
      "latency_ms": 1936.1875891685486,
      "context_chars": 0.0
    },
    "1": {
      "n": 100,
      "em": 0.32,
      "f1": 0.4427261904761904,
      "containment": 0.4,
      "latency_ms": 2378.0921936035156,
      "context_chars": 636.76
    },
    "2": {
      "n": 100,
      "em": 0.36,
      "f1": 0.4879007936507936,
      "containment": 0.46,
      "latency_ms": 2404.8311829566956,
      "context_chars": 1280.83
    },
    "3": {
      "n": 100,
      "em": 0.42,
      "f1": 0.5306388888888888,
      "containment": 0.48,
      "latency_ms": 2445.4880356788635,
      "context_chars": 1919.58
    },
    "4": {
      "n": 100,
      "em": 0.4,
      "f1": 0.5370979853479853,
      "containment": 0.47,
      "latency_ms": 2595.870530605316,
      "context_chars": 2560.65
    },
    "5": {
      "n": 100,
      "em": 0.45,
      "f1": 0.5717738095238094,
      "containment": 0.5,
      "latency_ms": 2422.8065705299377,
      "context_chars": 3204.02
    },
    "6": {
      "n": 100,
      "em": 0.44,
      "f1": 0.5689166666666665,
      "containment": 0.51,
      "latency_ms": 2419.4802021980286,
      "context_chars": 3842.92
    }
  }
}