{
  "shard_index": 29,
  "shard_count": 37,
  "summary": {
    "0": {
      "n": 100,
      "em": 0.3,
      "f1": 0.4540159357550662,
      "containment": 0.35,
      "latency_ms": 2119.9115777015686,
      "context_chars": 0.0
    },
    "1": {
      "n": 100,
      "em": 0.35,
      "f1": 0.4399487179487178,
      "containment": 0.39,
      "latency_ms": 2337.158167362213,
      "context_chars": 643.19
    },
    "2": {
      "n": 100,
      "em": 0.37,
      "f1": 0.495155067155067,
      "containment": 0.45,
      "latency_ms": 2310.702226161957,
      "context_chars": 1288.98
    },
    "3": {
      "n": 100,
      "em": 0.39,
      "f1": 0.5088217338217337,
      "containment": 0.46,
      "latency_ms": 2301.265287399292,
      "context_chars": 1932.88
    },
    "4": {
      "n": 100,
      "em": 0.4,
      "f1": 0.5569050671550669,
      "containment": 0.5,
      "latency_ms": 2468.4150528907776,
      "context_chars": 2573.29
    },
    "5": {
      "n": 100,
      "em": 0.42,
      "f1": 0.5636550671550669,
      "containment": 0.5,
      "latency_ms": 2426.9709300994873,
      "context_chars": 3216.37
    },
    "6": {
      "n": 100,
      "em": 0.4,
      "f1": 0.5471550671550669,
      "containment": 0.47,
      "latency_ms": 2414.383430480957,
      "context_chars": 3855.8
    }
  }
}