{
  "shard_index": 27,
  "shard_count": 37,
  "summary": {
    "0": {
      "n": 100,
      "em": 0.36,
      "f1": 0.4699285714285714,
      "containment": 0.38,
      "latency_ms": 2202.93977022171,
      "context_chars": 0.0
    },
    "1": {
      "n": 100,
      "em": 0.33,
      "f1": 0.4325873015873016,
      "containment": 0.33,
      "latency_ms": 2380.1203107833862,
      "context_chars": 636.24
    },
    "2": {
      "n": 100,
      "em": 0.39,
      "f1": 0.5119365079365079,
      "containment": 0.43,
      "latency_ms": 2597.053520679474,
      "context_chars": 1273.88
    },
    "3": {
      "n": 100,
      "em": 0.39,
      "f1": 0.5113968253968253,
      "containment": 0.43,
      "latency_ms": 2620.9362411499023,
      "context_chars": 1910.6
    },
    "4": {
      "n": 100,
      "em": 0.41,
      "f1": 0.5305079365079365,
      "containment": 0.45,
      "latency_ms": 2750.1566076278687,
      "context_chars": 2546.11
    },
    "5": {
      "n": 100,
      "em": 0.42,
      "f1": 0.5328888888888889,
      "containment": 0.46,
      "latency_ms": 2546.402006149292,
      "context_chars": 3182.66
    },
    "6": {
      "n": 100,
      "em": 0.4,
      "f1": 0.5151111111111111,
      "containment": 0.45,
      "latency_ms": 2663.769109249115,
      "context_chars": 3819.31
    }
  }
}