{
  "shard_index": 17,
  "shard_count": 37,
  "summary": {
    "0": {
      "n": 100,
      "em": 0.38,
      "f1": 0.48608608058608044,
      "containment": 0.4,
      "latency_ms": 1959.7426080703735,
      "context_chars": 0.0
    },
    "1": {
      "n": 100,
      "em": 0.33,
      "f1": 0.3740894660894661,
      "containment": 0.34,
      "latency_ms": 2517.4812364578247,
      "context_chars": 640.49
    },
    "2": {
      "n": 100,
      "em": 0.4,
      "f1": 0.4519942279942279,
      "containment": 0.41,
      "latency_ms": 2690.80171585083,
      "context_chars": 1281.09
    },
    "3": {
      "n": 100,
      "em": 0.4,
      "f1": 0.4863441558441558,
      "containment": 0.41,
      "latency_ms": 2575.3713512420654,
      "context_chars": 1920.56
    },
    "4": {
      "n": 100,
      "em": 0.42,
      "f1": 0.49357142857142855,
      "containment": 0.4,
      "latency_ms": 2605.2786922454834,
      "context_chars": 2562.73
    },
    "5": {
      "n": 100,
      "em": 0.42,
      "f1": 0.49385930735930733,
      "containment": 0.42,
      "latency_ms": 2508.7824749946594,
      "context_chars": 3203.27
    },
    "6": {
      "n": 100,
      "em": 0.42,
      "f1": 0.5076038961038961,
      "containment": 0.45,
      "latency_ms": 2710.1926374435425,
      "context_chars": 3852.07
    }
  }
}