{
  "shard_index": 11,
  "shard_count": 37,
  "summary": {
    "0": {
      "n": 100,
      "em": 0.39,
      "f1": 0.5044134199134199,
      "containment": 0.46,
      "latency_ms": 2025.3929734230042,
      "context_chars": 0.0
    },
    "1": {
      "n": 100,
      "em": 0.37,
      "f1": 0.4477554112554112,
      "containment": 0.44,
      "latency_ms": 2270.439705848694,
      "context_chars": 634.21
    },
    "2": {
      "n": 100,
      "em": 0.41,
      "f1": 0.4976904761904762,
      "containment": 0.49,
      "latency_ms": 2335.1438760757446,
      "context_chars": 1267.6
    },
    "3": {
      "n": 100,
      "em": 0.42,
      "f1": 0.5099285714285715,
      "containment": 0.5,
      "latency_ms": 2402.173776626587,
      "context_chars": 1904.04
    },
    "4": {
      "n": 100,
      "em": 0.43,
      "f1": 0.5389999999999999,
      "containment": 0.52,
      "latency_ms": 2511.2235808372498,
      "context_chars": 2543.04
    },
    "5": {
      "n": 100,
      "em": 0.45,
      "f1": 0.5529372294372294,
      "containment": 0.54,
      "latency_ms": 2454.4934701919556,
      "context_chars": 3180.28
    },
    "6": {
      "n": 100,
      "em": 0.43,
      "f1": 0.5327765567765568,
      "containment": 0.51,
      "latency_ms": 2466.882152557373,
      "context_chars": 3824.03
    }
  }
}