{
  "shard_index": 12,
  "shard_count": 37,
  "summary": {
    "0": {
      "n": 100,
      "em": 0.44,
      "f1": 0.5742142857142856,
      "containment": 0.53,
      "latency_ms": 2131.295111179352,
      "context_chars": 0.0
    },
    "1": {
      "n": 100,
      "em": 0.37,
      "f1": 0.45520634920634917,
      "containment": 0.39,
      "latency_ms": 2377.6520204544067,
      "context_chars": 638.42
    },
    "2": {
      "n": 100,
      "em": 0.37,
      "f1": 0.4737301587301587,
      "containment": 0.42,
      "latency_ms": 2505.9042525291443,
      "context_chars": 1279.22
    },
    "3": {
      "n": 100,
      "em": 0.42,
      "f1": 0.5399761904761904,
      "containment": 0.5,
      "latency_ms": 2421.538529396057,
      "context_chars": 1918.17
    },
    "4": {
      "n": 100,
      "em": 0.42,
      "f1": 0.547595238095238,
      "containment": 0.51,
      "latency_ms": 2324.7983479499817,
      "context_chars": 2560.79
    },
    "5": {
      "n": 100,
      "em": 0.45,
      "f1": 0.5692619047619045,
      "containment": 0.54,
      "latency_ms": 2441.5041851997375,
      "context_chars": 3196.23
    },
    "6": {
      "n": 100,
      "em": 0.44,
      "f1": 0.5515952380952379,
      "containment": 0.52,
      "latency_ms": 2534.2012572288513,
      "context_chars": 3834.77
    }
  }
}