{
  "shard_index": 32,
  "shard_count": 37,
  "summary": {
    "0": {
      "n": 100,
      "em": 0.29,
      "f1": 0.44152380952380943,
      "containment": 0.38,
      "latency_ms": 2280.2357840538025,
      "context_chars": 0.0
    },
    "1": {
      "n": 100,
      "em": 0.23,
      "f1": 0.3506386554621849,
      "containment": 0.28,
      "latency_ms": 2473.7033200263977,
      "context_chars": 631.58
    },
    "2": {
      "n": 100,
      "em": 0.26,
      "f1": 0.41419985569985557,
      "containment": 0.33,
      "latency_ms": 2693.488268852234,
      "context_chars": 1270.87
    },
    "3": {
      "n": 100,
      "em": 0.29,
      "f1": 0.43259290382819787,
      "containment": 0.35,
      "latency_ms": 2582.3813486099243,
      "context_chars": 1909.83
    },
    "4": {
      "n": 100,
      "em": 0.31,
      "f1": 0.4323548085901026,
      "containment": 0.35,
      "latency_ms": 2655.5315685272217,
      "context_chars": 2545.46
    },
    "5": {
      "n": 100,
      "em": 0.33,
      "f1": 0.4613548085901025,
      "containment": 0.38,
      "latency_ms": 2514.598705768585,
      "context_chars": 3186.17
    },
    "6": {
      "n": 100,
      "em": 0.35,
      "f1": 0.47468814192343595,
      "containment": 0.39,
      "latency_ms": 2599.6812200546265,
      "context_chars": 3824.19
    }
  }
}