{
  "shard_index": 8,
  "shard_count": 37,
  "summary": {
    "0": {
      "n": 100,
      "em": 0.33,
      "f1": 0.4496904761904761,
      "containment": 0.4,
      "latency_ms": 2183.3601593971252,
      "context_chars": 0.0
    },
    "1": {
      "n": 100,
      "em": 0.24,
      "f1": 0.31838311688311693,
      "containment": 0.28,
      "latency_ms": 2528.286073207855,
      "context_chars": 634.01
    },
    "2": {
      "n": 100,
      "em": 0.27,
      "f1": 0.3777950937950938,
      "containment": 0.34,
      "latency_ms": 2805.2492713928223,
      "context_chars": 1273.88
    },
    "3": {
      "n": 100,
      "em": 0.27,
      "f1": 0.34875685425685427,
      "containment": 0.32,
      "latency_ms": 2840.129716396332,
      "context_chars": 1921.66
    },
    "4": {
      "n": 100,
      "em": 0.3,
      "f1": 0.39743867243867237,
      "containment": 0.36,
      "latency_ms": 2820.663297176361,
      "context_chars": 2561.43
    },
    "5": {
      "n": 100,
      "em": 0.31,
      "f1": 0.4052633477633477,
      "containment": 0.36,
      "latency_ms": 2725.379853248596,
      "context_chars": 3205.72
    },
    "6": {
      "n": 100,
      "em": 0.3,
      "f1": 0.3902092352092352,
      "containment": 0.35,
      "latency_ms": 2776.329436302185,
      "context_chars": 3846.99
    }
  }
}