{
  "shard_index": 21,
  "shard_count": 37,
  "summary": {
    "0": {
      "n": 100,
      "em": 0.39,
      "f1": 0.4685649350649351,
      "containment": 0.42,
      "latency_ms": 2216.6548323631287,
      "context_chars": 0.0
    },
    "1": {
      "n": 100,
      "em": 0.33,
      "f1": 0.4133174603174603,
      "containment": 0.35,
      "latency_ms": 2222.883496284485,
      "context_chars": 623.36
    },
    "2": {
      "n": 100,
      "em": 0.36,
      "f1": 0.4525079365079364,
      "containment": 0.39,
      "latency_ms": 2392.0297241210938,
      "context_chars": 1255.35
    },
    "3": {
      "n": 100,
      "em": 0.38,
      "f1": 0.49614285714285705,
      "containment": 0.44,
      "latency_ms": 2434.2700481414795,
      "context_chars": 1887.79
    },
    "4": {
      "n": 100,
      "em": 0.34,
      "f1": 0.4861190476190476,
      "containment": 0.45,
      "latency_ms": 2689.6755361557007,
      "context_chars": 2524.72
    },
    "5": {
      "n": 100,
      "em": 0.39,
      "f1": 0.5409523809523809,
      "containment": 0.5,
      "latency_ms": 2582.0462226867676,
      "context_chars": 3156.59
    },
    "6": {
      "n": 100,
      "em": 0.38,
      "f1": 0.5239285714285714,
      "containment": 0.49,
      "latency_ms": 2767.0049953460693,
      "context_chars": 3790.99
    }
  }
}