{
  "shard_index": 28,
  "shard_count": 37,
  "summary": {
    "0": {
      "n": 100,
      "em": 0.33,
      "f1": 0.4741370851370852,
      "containment": 0.4,
      "latency_ms": 2450.1498198509216,
      "context_chars": 0.0
    },
    "1": {
      "n": 100,
      "em": 0.28,
      "f1": 0.36648484848484847,
      "containment": 0.3,
      "latency_ms": 2576.057629585266,
      "context_chars": 639.57
    },
    "2": {
      "n": 100,
      "em": 0.3,
      "f1": 0.41143073593073604,
      "containment": 0.36,
      "latency_ms": 2684.666905403137,
      "context_chars": 1283.2
    },
    "3": {
      "n": 100,
      "em": 0.33,
      "f1": 0.449510101010101,
      "containment": 0.39,
      "latency_ms": 2747.5584387779236,
      "context_chars": 1921.89
    },
    "4": {
      "n": 100,
      "em": 0.34,
      "f1": 0.4641969696969697,
      "containment": 0.4,
      "latency_ms": 2912.3330187797546,
      "context_chars": 2564.41
    },
    "5": {
      "n": 100,
      "em": 0.32,
      "f1": 0.44657792207792213,
      "containment": 0.38,
      "latency_ms": 2797.3444151878357,
      "context_chars": 3199.29
    },
    "6": {
      "n": 100,
      "em": 0.3,
      "f1": 0.424008658008658,
      "containment": 0.36,
      "latency_ms": 2855.9830570220947,
      "context_chars": 3840.59
    }
  }
}