{
  "shard_index": 2,
  "shard_count": 37,
  "summary": {
    "0": {
      "n": 100,
      "em": 0.38,
      "f1": 0.5207912087912087,
      "containment": 0.48,
      "latency_ms": 2211.131181716919,
      "context_chars": 0.0
    },
    "1": {
      "n": 100,
      "em": 0.27,
      "f1": 0.3622380952380952,
      "containment": 0.31,
      "latency_ms": 2393.9443850517273,
      "context_chars": 633.55
    },
    "2": {
      "n": 100,
      "em": 0.28,
      "f1": 0.38960317460317456,
      "containment": 0.34,
      "latency_ms": 2531.1770343780518,
      "context_chars": 1270.7
    },
    "3": {
      "n": 100,
      "em": 0.3,
      "f1": 0.40343650793650787,
      "containment": 0.37,
      "latency_ms": 2457.536222934723,
      "context_chars": 1899.83
    },
    "4": {
      "n": 100,
      "em": 0.28,
      "f1": 0.4111666666666666,
      "containment": 0.39,
      "latency_ms": 2575.0598001480103,
      "context_chars": 2536.0
    },
    "5": {
      "n": 100,
      "em": 0.3,
      "f1": 0.4127698412698412,
      "containment": 0.39,
      "latency_ms": 2528.023421764374,
      "context_chars": 3175.1
    },
    "6": {
      "n": 100,
      "em": 0.33,
      "f1": 0.45276984126984116,
      "containment": 0.46,
      "latency_ms": 2603.8708925247192,
      "context_chars": 3812.28
    }
  }
}