{
  "shard_index": 34,
  "shard_count": 37,
  "summary": {
    "0": {
      "n": 100,
      "em": 0.3,
      "f1": 0.41334920634920636,
      "containment": 0.33,
      "latency_ms": 2115.1064372062683,
      "context_chars": 0.0
    },
    "1": {
      "n": 100,
      "em": 0.29,
      "f1": 0.3754856532356532,
      "containment": 0.3,
      "latency_ms": 2392.4344396591187,
      "context_chars": 638.49
    },
    "2": {
      "n": 100,
      "em": 0.34,
      "f1": 0.43745787545787546,
      "containment": 0.36,
      "latency_ms": 2407.4494433403015,
      "context_chars": 1275.82
    },
    "3": {
      "n": 100,
      "em": 0.39,
      "f1": 0.4927118437118437,
      "containment": 0.42,
      "latency_ms": 2444.9523854255676,
      "context_chars": 1921.75
    },
    "4": {
      "n": 100,
      "em": 0.38,
      "f1": 0.47482295482295483,
      "containment": 0.42,
      "latency_ms": 2538.0941939353943,
      "context_chars": 2566.13
    },
    "5": {
      "n": 100,
      "em": 0.43,
      "f1": 0.5051788115266376,
      "containment": 0.45,
      "latency_ms": 2685.271761417389,
      "context_chars": 3213.0
    },
    "6": {
      "n": 100,
      "em": 0.44,
      "f1": 0.5063213675213675,
      "containment": 0.44,
      "latency_ms": 2599.0207934379578,
      "context_chars": 3863.6
    }
  }
}