{
  "shard_index": 22,
  "shard_count": 37,
  "summary": {
    "0": {
      "n": 100,
      "em": 0.33,
      "f1": 0.4552857142857143,
      "containment": 0.41,
      "latency_ms": 2357.2003531455994,
      "context_chars": 0.0
    },
    "1": {
      "n": 100,
      "em": 0.31,
      "f1": 0.37147252747252746,
      "containment": 0.38,
      "latency_ms": 2511.336920261383,
      "context_chars": 638.11
    },
    "2": {
      "n": 100,
      "em": 0.32,
      "f1": 0.41717094017094003,
      "containment": 0.43,
      "latency_ms": 2664.381935596466,
      "context_chars": 1279.11
    },
    "3": {
      "n": 100,
      "em": 0.37,
      "f1": 0.4696630036630037,
      "containment": 0.46,
      "latency_ms": 2675.8729791641235,
      "context_chars": 1916.6
    },
    "4": {
      "n": 100,
      "em": 0.38,
      "f1": 0.4807279387279388,
      "containment": 0.48,
      "latency_ms": 2814.45383310318,
      "context_chars": 2556.1
    },
    "5": {
      "n": 100,
      "em": 0.4,
      "f1": 0.49328205128205127,
      "containment": 0.48,
      "latency_ms": 2642.0714592933655,
      "context_chars": 3195.24
    },
    "6": {
      "n": 100,
      "em": 0.4,
      "f1": 0.5032454212454212,
      "containment": 0.49,
      "latency_ms": 2940.1810455322266,
      "context_chars": 3836.91
    }
  }
}