{
  "shard_index": 33,
  "shard_count": 37,
  "summary": {
    "0": {
      "n": 100,
      "em": 0.39,
      "f1": 0.49869047619047613,
      "containment": 0.4,
      "latency_ms": 2231.777250766754,
      "context_chars": 0.0
    },
    "1": {
      "n": 100,
      "em": 0.27,
      "f1": 0.3669796918767507,
      "containment": 0.29,
      "latency_ms": 2433.616716861725,
      "context_chars": 640.58
    },
    "2": {
      "n": 100,
      "em": 0.31,
      "f1": 0.4213606442577031,
      "containment": 0.32,
      "latency_ms": 2450.616319179535,
      "context_chars": 1274.43
    },
    "3": {
      "n": 100,
      "em": 0.32,
      "f1": 0.45278921568627445,
      "containment": 0.38,
      "latency_ms": 2549.642062187195,
      "context_chars": 1911.18
    },
    "4": {
      "n": 100,
      "em": 0.36,
      "f1": 0.48227731092436976,
      "containment": 0.39,
      "latency_ms": 2656.8989491462708,
      "context_chars": 2553.76
    },
    "5": {
      "n": 100,
      "em": 0.36,
      "f1": 0.47774159663865545,
      "containment": 0.39,
      "latency_ms": 2489.707500934601,
      "context_chars": 3189.38
    },
    "6": {
      "n": 100,
      "em": 0.39,
      "f1": 0.49661064425770307,
      "containment": 0.4,
      "latency_ms": 2438.499720096588,
      "context_chars": 3827.26
    }
  }
}