{
  "shard_index": 4,
  "shard_count": 37,
  "summary": {
    "0": {
      "n": 100,
      "em": 0.39,
      "f1": 0.4978721804511277,
      "containment": 0.45,
      "latency_ms": 2308.8332748413086,
      "context_chars": 0.0
    },
    "1": {
      "n": 100,
      "em": 0.28,
      "f1": 0.356015873015873,
      "containment": 0.33,
      "latency_ms": 2254.336898326874,
      "context_chars": 633.22
    },
    "2": {
      "n": 100,
      "em": 0.31,
      "f1": 0.4013015873015872,
      "containment": 0.38,
      "latency_ms": 2454.5856142044067,
      "context_chars": 1272.83
    },
    "3": {
      "n": 100,
      "em": 0.36,
      "f1": 0.4586349206349205,
      "containment": 0.43,
      "latency_ms": 2402.360098361969,
      "context_chars": 1908.08
    },
    "4": {
      "n": 100,
      "em": 0.39,
      "f1": 0.4823166248955721,
      "containment": 0.47,
      "latency_ms": 2601.2759375572205,
      "context_chars": 2541.82
    },
    "5": {
      "n": 100,
      "em": 0.41,
      "f1": 0.49564995822890545,
      "containment": 0.48,
      "latency_ms": 2618.606357574463,
      "context_chars": 3180.95
    },
    "6": {
      "n": 100,
      "em": 0.37,
      "f1": 0.4899832915622388,
      "containment": 0.47,
      "latency_ms": 2617.6831936836243,
      "context_chars": 3824.11
    }
  }
}