{
  "shard_index": 24,
  "shard_count": 37,
  "summary": {
    "0": {
      "n": 100,
      "em": 0.21,
      "f1": 0.36628571428571427,
      "containment": 0.34,
      "latency_ms": 2051.3215708732605,
      "context_chars": 0.0
    },
    "1": {
      "n": 100,
      "em": 0.27,
      "f1": 0.3839812409812409,
      "containment": 0.36,
      "latency_ms": 2411.7987608909607,
      "context_chars": 637.6
    },
    "2": {
      "n": 100,
      "em": 0.34,
      "f1": 0.4427127872127872,
      "containment": 0.43,
      "latency_ms": 2400.750102996826,
      "context_chars": 1285.42
    },
    "3": {
      "n": 100,
      "em": 0.32,
      "f1": 0.4258281718281718,
      "containment": 0.42,
      "latency_ms": 2614.135956764221,
      "context_chars": 1935.57
    },
    "4": {
      "n": 100,
      "em": 0.32,
      "f1": 0.4314032634032634,
      "containment": 0.41,
      "latency_ms": 2553.6621379852295,
      "context_chars": 2578.84
    },
    "5": {
      "n": 100,
      "em": 0.34,
      "f1": 0.4475742035742035,
      "containment": 0.45,
      "latency_ms": 2659.4306087493896,
      "context_chars": 3221.53
    },
    "6": {
      "n": 100,
      "em": 0.32,
      "f1": 0.42590753690753685,
      "containment": 0.43,
      "latency_ms": 2547.0390391349792,
      "context_chars": 3867.09
    }
  }
}