{
  "shard_index": 13,
  "shard_count": 37,
  "summary": {
    "0": {
      "n": 100,
      "em": 0.31,
      "f1": 0.45242857142857135,
      "containment": 0.36,
      "latency_ms": 521.8382048606873,
      "context_chars": 0.0
    },
    "1": {
      "n": 100,
      "em": 0.21,
      "f1": 0.2931681096681097,
      "containment": 0.24,
      "latency_ms": 721.1945867538452,
      "context_chars": 633.72
    },
    "2": {
      "n": 100,
      "em": 0.24,
      "f1": 0.3036324786324786,
      "containment": 0.25,
      "latency_ms": 753.9177060127258,
      "context_chars": 1260.9
    },
    "3": {
      "n": 100,
      "em": 0.32,
      "f1": 0.40402930402930404,
      "containment": 0.34,
      "latency_ms": 743.0606555938721,
      "context_chars": 1892.21
    },
    "4": {
      "n": 100,
      "em": 0.3,
      "f1": 0.39710866910866904,
      "containment": 0.36,
      "latency_ms": 805.5538082122803,
      "context_chars": 2522.12
    },
    "5": {
      "n": 100,
      "em": 0.33,
      "f1": 0.43815628815628815,
      "containment": 0.37,
      "latency_ms": 787.4341297149658,
      "context_chars": 3156.63
    },
    "6": {
      "n": 100,
      "em": 0.35,
      "f1": 0.45936408036408033,
      "containment": 0.42,
      "latency_ms": 771.530704498291,
      "context_chars": 3788.09
    }
  }
}