{
  "shard_index": 20,
  "shard_count": 37,
  "summary": {
    "0": {
      "n": 100,
      "em": 0.35,
      "f1": 0.4387991452991453,
      "containment": 0.39,
      "latency_ms": 553.0769038200378,
      "context_chars": 0.0
    },
    "1": {
      "n": 100,
      "em": 0.26,
      "f1": 0.32819047619047625,
      "containment": 0.25,
      "latency_ms": 693.3481240272522,
      "context_chars": 633.69
    },
    "2": {
      "n": 100,
      "em": 0.25,
      "f1": 0.3283293650793651,
      "containment": 0.24,
      "latency_ms": 730.3821134567261,
      "context_chars": 1265.88
    },
    "3": {
      "n": 100,
      "em": 0.32,
      "f1": 0.3864642857142857,
      "containment": 0.31,
      "latency_ms": 745.6809282302856,
      "context_chars": 1905.74
    },
    "4": {
      "n": 100,
      "em": 0.32,
      "f1": 0.3834722222222222,
      "containment": 0.31,
      "latency_ms": 760.8758425712585,
      "context_chars": 2543.28
    },
    "5": {
      "n": 100,
      "em": 0.34,
      "f1": 0.4035357142857143,
      "containment": 0.33,
      "latency_ms": 769.7093152999878,
      "context_chars": 3172.34
    },
    "6": {
      "n": 100,
      "em": 0.34,
      "f1": 0.40833333333333327,
      "containment": 0.33,
      "latency_ms": 796.6154885292053,
      "context_chars": 3814.43
    }
  }
}