{
  "shard_index": 33,
  "shard_count": 37,
  "summary": {
    "0": {
      "n": 100,
      "em": 0.39,
      "f1": 0.49869047619047613,
      "containment": 0.4,
      "latency_ms": 564.8020482063293,
      "context_chars": 0.0
    },
    "1": {
      "n": 100,
      "em": 0.2,
      "f1": 0.24512254901960784,
      "containment": 0.23,
      "latency_ms": 743.8216733932495,
      "context_chars": 628.02
    },
    "2": {
      "n": 100,
      "em": 0.26,
      "f1": 0.31936064425770305,
      "containment": 0.25,
      "latency_ms": 758.8712882995605,
      "context_chars": 1261.83
    },
    "3": {
      "n": 100,
      "em": 0.29,
      "f1": 0.3630273109243698,
      "containment": 0.27,
      "latency_ms": 759.9633002281189,
      "context_chars": 1898.51
    },
    "4": {
      "n": 100,
      "em": 0.3,
      "f1": 0.3846939775910365,
      "containment": 0.31,
      "latency_ms": 766.4949154853821,
      "context_chars": 2533.01
    },
    "5": {
      "n": 100,
      "em": 0.3,
      "f1": 0.3923606442577032,
      "containment": 0.32,
      "latency_ms": 761.7280077934265,
      "context_chars": 3171.73
    },
    "6": {
      "n": 100,
      "em": 0.32,
      "f1": 0.4083606442577032,
      "containment": 0.33,
      "latency_ms": 760.9794092178345,
      "context_chars": 3807.79
    }
  }
}