{
  "shard_index": 14,
  "shard_count": 37,
  "summary": {
    "0": {
      "n": 100,
      "em": 0.37,
      "f1": 0.4908809523809523,
      "containment": 0.4,
      "latency_ms": 474.0015459060669,
      "context_chars": 0.0
    },
    "1": {
      "n": 100,
      "em": 0.18,
      "f1": 0.2590622710622711,
      "containment": 0.21,
      "latency_ms": 761.5763592720032,
      "context_chars": 636.45
    },
    "2": {
      "n": 100,
      "em": 0.22,
      "f1": 0.28854761904761905,
      "containment": 0.26,
      "latency_ms": 728.4411072731018,
      "context_chars": 1273.98
    },
    "3": {
      "n": 100,
      "em": 0.25,
      "f1": 0.3361904761904762,
      "containment": 0.28,
      "latency_ms": 770.4523229598999,
      "context_chars": 1915.55
    },
    "4": {
      "n": 100,
      "em": 0.29,
      "f1": 0.39021988795518203,
      "containment": 0.34,
      "latency_ms": 760.3405070304871,
      "context_chars": 2548.88
    },
    "5": {
      "n": 100,
      "em": 0.32,
      "f1": 0.42107142857142854,
      "containment": 0.35,
      "latency_ms": 754.663736820221,
      "context_chars": 3189.87
    },
    "6": {
      "n": 100,
      "em": 0.33,
      "f1": 0.42651587301587296,
      "containment": 0.36,
      "latency_ms": 735.3079152107239,
      "context_chars": 3821.16
    }
  }
}