{
  "shard_index": 16,
  "shard_count": 37,
  "summary": {
    "0": {
      "n": 100,
      "em": 0.37,
      "f1": 0.4763441558441558,
      "containment": 0.41,
      "latency_ms": 554.0094375610352,
      "context_chars": 0.0
    },
    "1": {
      "n": 100,
      "em": 0.18,
      "f1": 0.2311298701298701,
      "containment": 0.19,
      "latency_ms": 790.171172618866,
      "context_chars": 626.5
    },
    "2": {
      "n": 100,
      "em": 0.23,
      "f1": 0.3034828113063407,
      "containment": 0.26,
      "latency_ms": 790.8860111236572,
      "context_chars": 1259.61
    },
    "3": {
      "n": 100,
      "em": 0.27,
      "f1": 0.35653043035395965,
      "containment": 0.3,
      "latency_ms": 753.4729075431824,
      "context_chars": 1895.21
    },
    "4": {
      "n": 100,
      "em": 0.26,
      "f1": 0.35167328749681687,
      "containment": 0.28,
      "latency_ms": 768.9847826957703,
      "context_chars": 2532.2
    },
    "5": {
      "n": 100,
      "em": 0.29,
      "f1": 0.387784398607928,
      "containment": 0.32,
      "latency_ms": 771.6376423835754,
      "context_chars": 3169.53
    },
    "6": {
      "n": 100,
      "em": 0.32,
      "f1": 0.4257685255920549,
      "containment": 0.37,
      "latency_ms": 797.614049911499,
      "context_chars": 3805.52
    }
  }
}