{
  "shard_index": 32,
  "shard_count": 37,
  "summary": {
    "0": {
      "n": 100,
      "em": 0.29,
      "f1": 0.4403809523809523,
      "containment": 0.38,
      "latency_ms": 584.415123462677,
      "context_chars": 0.0
    },
    "1": {
      "n": 100,
      "em": 0.2,
      "f1": 0.26166666666666666,
      "containment": 0.2,
      "latency_ms": 711.6356015205383,
      "context_chars": 629.56
    },
    "2": {
      "n": 100,
      "em": 0.23,
      "f1": 0.3112474747474748,
      "containment": 0.24,
      "latency_ms": 750.1641774177551,
      "context_chars": 1258.44
    },
    "3": {
      "n": 100,
      "em": 0.28,
      "f1": 0.3897474747474747,
      "containment": 0.31,
      "latency_ms": 764.4767808914185,
      "context_chars": 1886.74
    },
    "4": {
      "n": 100,
      "em": 0.25,
      "f1": 0.37141414141414136,
      "containment": 0.27,
      "latency_ms": 758.3713531494141,
      "context_chars": 2516.72
    },
    "5": {
      "n": 100,
      "em": 0.27,
      "f1": 0.38774747474747473,
      "containment": 0.28,
      "latency_ms": 798.8123321533203,
      "context_chars": 3151.7
    },
    "6": {
      "n": 100,
      "em": 0.28,
      "f1": 0.4029579020013802,
      "containment": 0.3,
      "latency_ms": 780.5754661560059,
      "context_chars": 3791.35
    }
  }
}