{
  "shard_index": 5,
  "shard_count": 37,
  "summary": {
    "0": {
      "n": 100,
      "em": 0.35,
      "f1": 0.49533333333333324,
      "containment": 0.42,
      "latency_ms": 345.94164848327637,
      "context_chars": 0.0
    },
    "1": {
      "n": 100,
      "em": 0.19,
      "f1": 0.2712380952380953,
      "containment": 0.24,
      "latency_ms": 543.8819909095764,
      "context_chars": 634.51
    },
    "2": {
      "n": 100,
      "em": 0.21,
      "f1": 0.2916190476190477,
      "containment": 0.25,
      "latency_ms": 536.1667728424072,
      "context_chars": 1280.06
    },
    "3": {
      "n": 100,
      "em": 0.27,
      "f1": 0.3440000000000001,
      "containment": 0.31,
      "latency_ms": 540.7443070411682,
      "context_chars": 1919.76
    },
    "4": {
      "n": 100,
      "em": 0.29,
      "f1": 0.3699523809523809,
      "containment": 0.34,
      "latency_ms": 544.1744160652161,
      "context_chars": 2555.01
    },
    "5": {
      "n": 100,
      "em": 0.33,
      "f1": 0.40721428571428575,
      "containment": 0.38,
      "latency_ms": 545.3706979751587,
      "context_chars": 3193.35
    },
    "6": {
      "n": 100,
      "em": 0.32,
      "f1": 0.41026190476190466,
      "containment": 0.38,
      "latency_ms": 556.3861870765686,
      "context_chars": 3837.37
    }
  }
}