{
  "shard_index": 27,
  "shard_count": 37,
  "summary": {
    "0": {
      "n": 100,
      "em": 0.36,
      "f1": 0.47159523809523807,
      "containment": 0.38,
      "latency_ms": 522.2287940979004,
      "context_chars": 0.0
    },
    "1": {
      "n": 100,
      "em": 0.23,
      "f1": 0.2927936507936508,
      "containment": 0.24,
      "latency_ms": 752.5963425636292,
      "context_chars": 624.56
    },
    "2": {
      "n": 100,
      "em": 0.26,
      "f1": 0.332936507936508,
      "containment": 0.26,
      "latency_ms": 778.9356780052185,
      "context_chars": 1256.45
    },
    "3": {
      "n": 100,
      "em": 0.32,
      "f1": 0.40044444444444444,
      "containment": 0.33,
      "latency_ms": 790.252537727356,
      "context_chars": 1884.39
    },
    "4": {
      "n": 100,
      "em": 0.31,
      "f1": 0.3962222222222222,
      "containment": 0.32,
      "latency_ms": 749.6237850189209,
      "context_chars": 2520.69
    },
    "5": {
      "n": 100,
      "em": 0.33,
      "f1": 0.4162222222222222,
      "containment": 0.33,
      "latency_ms": 754.9372577667236,
      "context_chars": 3148.56
    },
    "6": {
      "n": 100,
      "em": 0.38,
      "f1": 0.46922222222222215,
      "containment": 0.4,
      "latency_ms": 792.8061962127686,
      "context_chars": 3775.45
    }
  }
}