{
  "shard_index": 2,
  "shard_count": 37,
  "summary": {
    "0": {
      "n": 100,
      "em": 0.38,
      "f1": 0.5182912087912086,
      "containment": 0.48,
      "latency_ms": 363.5150361061096,
      "context_chars": 0.0
    },
    "1": {
      "n": 100,
      "em": 0.18,
      "f1": 0.24888095238095242,
      "containment": 0.21,
      "latency_ms": 551.902666091919,
      "context_chars": 630.57
    },
    "2": {
      "n": 100,
      "em": 0.21,
      "f1": 0.29182967032967033,
      "containment": 0.24,
      "latency_ms": 565.8363366127014,
      "context_chars": 1261.57
    },
    "3": {
      "n": 100,
      "em": 0.26,
      "f1": 0.35254761904761905,
      "containment": 0.31,
      "latency_ms": 570.4832649230957,
      "context_chars": 1881.3
    },
    "4": {
      "n": 100,
      "em": 0.26,
      "f1": 0.38489105339105334,
      "containment": 0.38,
      "latency_ms": 606.306676864624,
      "context_chars": 2513.41
    },
    "5": {
      "n": 100,
      "em": 0.27,
      "f1": 0.37641486291486287,
      "containment": 0.37,
      "latency_ms": 584.2424249649048,
      "context_chars": 3147.47
    },
    "6": {
      "n": 100,
      "em": 0.25,
      "f1": 0.35974819624819626,
      "containment": 0.36,
      "latency_ms": 586.5806293487549,
      "context_chars": 3773.05
    }
  }
}