{
  "shard_index": 25,
  "shard_count": 37,
  "summary": {
    "0": {
      "n": 100,
      "em": 0.37,
      "f1": 0.48767965367965366,
      "containment": 0.42,
      "latency_ms": 568.9421606063843,
      "context_chars": 0.0
    },
    "1": {
      "n": 100,
      "em": 0.31,
      "f1": 0.3752481962481963,
      "containment": 0.36,
      "latency_ms": 746.342978477478,
      "context_chars": 638.38
    },
    "2": {
      "n": 100,
      "em": 0.34,
      "f1": 0.39447041847041847,
      "containment": 0.4,
      "latency_ms": 721.3407611846924,
      "context_chars": 1279.4
    },
    "3": {
      "n": 100,
      "em": 0.37,
      "f1": 0.44113708513708516,
      "containment": 0.45,
      "latency_ms": 776.0425472259521,
      "context_chars": 1923.19
    },
    "4": {
      "n": 100,
      "em": 0.38,
      "f1": 0.44669264069264075,
      "containment": 0.46,
      "latency_ms": 746.1192655563354,
      "context_chars": 2554.09
    },
    "5": {
      "n": 100,
      "em": 0.37,
      "f1": 0.4502524697524698,
      "containment": 0.47,
      "latency_ms": 814.1557693481445,
      "context_chars": 3194.17
    },
    "6": {
      "n": 100,
      "em": 0.38,
      "f1": 0.45908946608946616,
      "containment": 0.48,
      "latency_ms": 801.546323299408,
      "context_chars": 3835.07
    }
  }
}