{
  "shard_index": 1,
  "shard_count": 37,
  "summary": {
    "0": {
      "n": 100,
      "em": 0.35,
      "f1": 0.45300000000000007,
      "containment": 0.38,
      "latency_ms": 343.4154510498047,
      "context_chars": 0.0
    },
    "1": {
      "n": 100,
      "em": 0.22,
      "f1": 0.31559126984126984,
      "containment": 0.28,
      "latency_ms": 598.3385872840881,
      "context_chars": 631.28
    },
    "2": {
      "n": 100,
      "em": 0.22,
      "f1": 0.3211013708513708,
      "containment": 0.3,
      "latency_ms": 608.5941815376282,
      "context_chars": 1267.17
    },
    "3": {
      "n": 100,
      "em": 0.27,
      "f1": 0.3817045454545454,
      "containment": 0.35,
      "latency_ms": 616.025607585907,
      "context_chars": 1897.97
    },
    "4": {
      "n": 100,
      "em": 0.27,
      "f1": 0.40268073593073594,
      "containment": 0.37,
      "latency_ms": 594.2807674407959,
      "context_chars": 2531.62
    },
    "5": {
      "n": 100,
      "em": 0.28,
      "f1": 0.41724206349206355,
      "containment": 0.4,
      "latency_ms": 614.0291619300842,
      "context_chars": 3164.11
    },
    "6": {
      "n": 100,
      "em": 0.31,
      "f1": 0.44367063492063485,
      "containment": 0.42,
      "latency_ms": 607.725875377655,
      "context_chars": 3800.19
    }
  }
}