{
  "shard_index": 31,
  "shard_count": 37,
  "summary": {
    "0": {
      "n": 100,
      "em": 0.33,
      "f1": 0.42186716791979945,
      "containment": 0.36,
      "latency_ms": 565.639009475708,
      "context_chars": 0.0
    },
    "1": {
      "n": 100,
      "em": 0.24,
      "f1": 0.3227619047619047,
      "containment": 0.24,
      "latency_ms": 744.7077894210815,
      "context_chars": 632.73
    },
    "2": {
      "n": 100,
      "em": 0.24,
      "f1": 0.36380230880230874,
      "containment": 0.27,
      "latency_ms": 754.5496487617493,
      "context_chars": 1273.56
    },
    "3": {
      "n": 100,
      "em": 0.28,
      "f1": 0.3882871572871573,
      "containment": 0.3,
      "latency_ms": 757.8253746032715,
      "context_chars": 1914.08
    },
    "4": {
      "n": 100,
      "em": 0.27,
      "f1": 0.372531746031746,
      "containment": 0.29,
      "latency_ms": 782.9473829269409,
      "context_chars": 2551.78
    },
    "5": {
      "n": 100,
      "em": 0.28,
      "f1": 0.3797871572871573,
      "containment": 0.3,
      "latency_ms": 808.6804509162903,
      "context_chars": 3182.72
    },
    "6": {
      "n": 100,
      "em": 0.29,
      "f1": 0.3901507936507936,
      "containment": 0.31,
      "latency_ms": 807.5360345840454,
      "context_chars": 3818.84
    }
  }
}