{
  "shard_index": 21,
  "shard_count": 37,
  "summary": {
    "0": {
      "n": 100,
      "em": 0.39,
      "f1": 0.46892857142857136,
      "containment": 0.42,
      "latency_ms": 518.4481596946716,
      "context_chars": 0.0
    },
    "1": {
      "n": 100,
      "em": 0.2,
      "f1": 0.21755555555555553,
      "containment": 0.18,
      "latency_ms": 708.8624787330627,
      "context_chars": 626.93
    },
    "2": {
      "n": 100,
      "em": 0.31,
      "f1": 0.3483174603174603,
      "containment": 0.3,
      "latency_ms": 690.0862526893616,
      "context_chars": 1252.79
    },
    "3": {
      "n": 100,
      "em": 0.3,
      "f1": 0.34831746031746036,
      "containment": 0.31,
      "latency_ms": 724.2461013793945,
      "context_chars": 1882.77
    },
    "4": {
      "n": 100,
      "em": 0.33,
      "f1": 0.373079365079365,
      "containment": 0.33,
      "latency_ms": 720.1221585273743,
      "context_chars": 2515.33
    },
    "5": {
      "n": 100,
      "em": 0.34,
      "f1": 0.40204761904761904,
      "containment": 0.36,
      "latency_ms": 735.4831457138062,
      "context_chars": 3138.03
    },
    "6": {
      "n": 100,
      "em": 0.35,
      "f1": 0.4024126984126984,
      "containment": 0.35,
      "latency_ms": 715.4741859436035,
      "context_chars": 3769.43
    }
  }
}