{
  "shard_index": 26,
  "shard_count": 37,
  "summary": {
    "0": {
      "n": 100,
      "em": 0.34,
      "f1": 0.4583744588744588,
      "containment": 0.4,
      "latency_ms": 543.4248089790344,
      "context_chars": 0.0
    },
    "1": {
      "n": 100,
      "em": 0.19,
      "f1": 0.2597229437229437,
      "containment": 0.22,
      "latency_ms": 731.1358499526978,
      "context_chars": 637.61
    },
    "2": {
      "n": 100,
      "em": 0.23,
      "f1": 0.314984126984127,
      "containment": 0.26,
      "latency_ms": 753.7384366989136,
      "context_chars": 1277.11
    },
    "3": {
      "n": 100,
      "em": 0.26,
      "f1": 0.34084126984126983,
      "containment": 0.31,
      "latency_ms": 727.4511241912842,
      "context_chars": 1916.43
    },
    "4": {
      "n": 100,
      "em": 0.3,
      "f1": 0.39533333333333326,
      "containment": 0.36,
      "latency_ms": 777.4535369873047,
      "context_chars": 2556.83
    },
    "5": {
      "n": 100,
      "em": 0.3,
      "f1": 0.4003859649122807,
      "containment": 0.36,
      "latency_ms": 769.0116190910339,
      "context_chars": 3193.67
    },
    "6": {
      "n": 100,
      "em": 0.33,
      "f1": 0.41754978354978356,
      "containment": 0.37,
      "latency_ms": 774.6716380119324,
      "context_chars": 3834.97
    }
  }
}