{
  "shard_index": 4,
  "shard_count": 37,
  "summary": {
    "0": {
      "n": 100,
      "em": 0.39,
      "f1": 0.4978721804511277,
      "containment": 0.45,
      "latency_ms": 423.0410075187683,
      "context_chars": 0.0
    },
    "1": {
      "n": 100,
      "em": 0.14,
      "f1": 0.17207692307692304,
      "containment": 0.15,
      "latency_ms": 663.9652037620544,
      "context_chars": 636.73
    },
    "2": {
      "n": 100,
      "em": 0.17,
      "f1": 0.23983882783882787,
      "containment": 0.22,
      "latency_ms": 613.2594656944275,
      "context_chars": 1274.39
    },
    "3": {
      "n": 100,
      "em": 0.24,
      "f1": 0.3146587301587302,
      "containment": 0.29,
      "latency_ms": 581.3353085517883,
      "context_chars": 1912.45
    },
    "4": {
      "n": 100,
      "em": 0.32,
      "f1": 0.3869118629908104,
      "containment": 0.37,
      "latency_ms": 599.841673374176,
      "context_chars": 2545.55
    },
    "5": {
      "n": 100,
      "em": 0.32,
      "f1": 0.3832531328320802,
      "containment": 0.36,
      "latency_ms": 621.333065032959,
      "context_chars": 3177.58
    },
    "6": {
      "n": 100,
      "em": 0.31,
      "f1": 0.40581878939773675,
      "containment": 0.39,
      "latency_ms": 627.5936675071716,
      "context_chars": 3809.52
    }
  }
}