{
  "shard_index": 17,
  "shard_count": 37,
  "summary": {
    "0": {
      "n": 100,
      "em": 0.38,
      "f1": 0.4863058608058607,
      "containment": 0.4,
      "latency_ms": 523.0222654342651,
      "context_chars": 0.0
    },
    "1": {
      "n": 100,
      "em": 0.21,
      "f1": 0.2568809523809524,
      "containment": 0.23,
      "latency_ms": 762.3645114898682,
      "context_chars": 634.95
    },
    "2": {
      "n": 100,
      "em": 0.25,
      "f1": 0.3187936507936508,
      "containment": 0.3,
      "latency_ms": 749.0870141983032,
      "context_chars": 1277.33
    },
    "3": {
      "n": 100,
      "em": 0.25,
      "f1": 0.3154920634920635,
      "containment": 0.3,
      "latency_ms": 753.0496549606323,
      "context_chars": 1915.88
    },
    "4": {
      "n": 100,
      "em": 0.3,
      "f1": 0.3798888888888889,
      "containment": 0.35,
      "latency_ms": 773.0816125869751,
      "context_chars": 2548.45
    },
    "5": {
      "n": 100,
      "em": 0.31,
      "f1": 0.39344444444444443,
      "containment": 0.34,
      "latency_ms": 832.5639009475708,
      "context_chars": 3189.33
    },
    "6": {
      "n": 100,
      "em": 0.32,
      "f1": 0.41647041847041844,
      "containment": 0.36,
      "latency_ms": 787.1746039390564,
      "context_chars": 3833.51
    }
  }
}