{
  "shard_index": 0,
  "shard_count": 37,
  "summary": {
    "0": {
      "n": 100,
      "em": 0.29,
      "f1": 0.4661825396825396,
      "containment": 0.39,
      "latency_ms": 405.3308129310608,
      "context_chars": 0.0
    },
    "1": {
      "n": 100,
      "em": 0.22,
      "f1": 0.3089545454545454,
      "containment": 0.24,
      "latency_ms": 554.7517132759094,
      "context_chars": 631.86
    },
    "2": {
      "n": 100,
      "em": 0.19,
      "f1": 0.30499999999999994,
      "containment": 0.26,
      "latency_ms": 579.0661597251892,
      "context_chars": 1266.72
    },
    "3": {
      "n": 100,
      "em": 0.2,
      "f1": 0.3376212121212121,
      "containment": 0.26,
      "latency_ms": 569.4159531593323,
      "context_chars": 1900.26
    },
    "4": {
      "n": 100,
      "em": 0.2,
      "f1": 0.33149999999999996,
      "containment": 0.28,
      "latency_ms": 575.3389668464661,
      "context_chars": 2530.29
    },
    "5": {
      "n": 100,
      "em": 0.2,
      "f1": 0.35471645021645026,
      "containment": 0.31,
      "latency_ms": 592.2756123542786,
      "context_chars": 3164.47
    },
    "6": {
      "n": 100,
      "em": 0.24,
      "f1": 0.3857640692640693,
      "containment": 0.3,
      "latency_ms": 595.087103843689,
      "context_chars": 3800.46
    }
  }
}