{
  "shard_index": 24,
  "shard_count": 37,
  "summary": {
    "0": {
      "n": 100,
      "em": 0.2,
      "f1": 0.35628571428571426,
      "containment": 0.33,
      "latency_ms": 473.53246450424194,
      "context_chars": 0.0
    },
    "1": {
      "n": 100,
      "em": 0.19,
      "f1": 0.252050505050505,
      "containment": 0.23,
      "latency_ms": 714.3305540084839,
      "context_chars": 634.3
    },
    "2": {
      "n": 100,
      "em": 0.22,
      "f1": 0.28530586080586073,
      "containment": 0.28,
      "latency_ms": 698.2997488975525,
      "context_chars": 1276.6
    },
    "3": {
      "n": 100,
      "em": 0.23,
      "f1": 0.30229792429792424,
      "containment": 0.29,
      "latency_ms": 715.912024974823,
      "context_chars": 1914.73
    },
    "4": {
      "n": 100,
      "em": 0.22,
      "f1": 0.2979645909645909,
      "containment": 0.28,
      "latency_ms": 697.9306316375732,
      "context_chars": 2556.9
    },
    "5": {
      "n": 100,
      "em": 0.22,
      "f1": 0.2818534798534798,
      "containment": 0.28,
      "latency_ms": 735.5115437507629,
      "context_chars": 3198.57
    },
    "6": {
      "n": 100,
      "em": 0.22,
      "f1": 0.2798021978021977,
      "containment": 0.29,
      "latency_ms": 733.746440410614,
      "context_chars": 3842.98
    }
  }
}