{
  "shard_index": 9,
  "shard_count": 37,
  "summary": {
    "0": {
      "n": 100,
      "em": 0.36,
      "f1": 0.5034658119658119,
      "containment": 0.39,
      "latency_ms": 330.55736541748047,
      "context_chars": 0.0
    },
    "1": {
      "n": 100,
      "em": 0.2,
      "f1": 0.2823809523809524,
      "containment": 0.23,
      "latency_ms": 530.3620052337646,
      "context_chars": 637.13
    },
    "2": {
      "n": 100,
      "em": 0.23,
      "f1": 0.3182142857142857,
      "containment": 0.27,
      "latency_ms": 550.3024315834045,
      "context_chars": 1276.56
    },
    "3": {
      "n": 100,
      "em": 0.26,
      "f1": 0.36793650793650784,
      "containment": 0.3,
      "latency_ms": 556.6245675086975,
      "context_chars": 1915.03
    },
    "4": {
      "n": 100,
      "em": 0.3,
      "f1": 0.38704761904761903,
      "containment": 0.31,
      "latency_ms": 555.4132199287415,
      "context_chars": 2547.96
    },
    "5": {
      "n": 100,
      "em": 0.32,
      "f1": 0.41521428571428565,
      "containment": 0.33,
      "latency_ms": 544.7231245040894,
      "context_chars": 3180.16
    },
    "6": {
      "n": 100,
      "em": 0.34,
      "f1": 0.4408809523809524,
      "containment": 0.35,
      "latency_ms": 548.4438824653625,
      "context_chars": 3819.25
    }
  }
}