{
  "shard_index": 28,
  "shard_count": 37,
  "summary": {
    "0": {
      "n": 100,
      "em": 0.34,
      "f1": 0.4756572316572317,
      "containment": 0.41,
      "latency_ms": 634.9271011352539,
      "context_chars": 0.0
    },
    "1": {
      "n": 100,
      "em": 0.21,
      "f1": 0.2747705627705628,
      "containment": 0.21,
      "latency_ms": 759.6933245658875,
      "context_chars": 632.64
    },
    "2": {
      "n": 100,
      "em": 0.26,
      "f1": 0.34580417621594095,
      "containment": 0.28,
      "latency_ms": 807.7427554130554,
      "context_chars": 1271.86
    },
    "3": {
      "n": 100,
      "em": 0.28,
      "f1": 0.4076277056277056,
      "containment": 0.36,
      "latency_ms": 836.921215057373,
      "context_chars": 1904.26
    },
    "4": {
      "n": 100,
      "em": 0.27,
      "f1": 0.3962070707070707,
      "containment": 0.35,
      "latency_ms": 840.9938192367554,
      "context_chars": 2541.0
    },
    "5": {
      "n": 100,
      "em": 0.31,
      "f1": 0.42883039183039173,
      "containment": 0.37,
      "latency_ms": 880.5382609367371,
      "context_chars": 3175.53
    },
    "6": {
      "n": 100,
      "em": 0.31,
      "f1": 0.4232546897546897,
      "containment": 0.37,
      "latency_ms": 818.5362792015076,
      "context_chars": 3814.26
    }
  }
}