{
  "shard_index": 35,
  "shard_count": 37,
  "summary": {
    "0": {
      "n": 100,
      "em": 0.31,
      "f1": 0.39345238095238094,
      "containment": 0.36,
      "latency_ms": 555.1423954963684,
      "context_chars": 0.0
    },
    "1": {
      "n": 100,
      "em": 0.18,
      "f1": 0.229,
      "containment": 0.2,
      "latency_ms": 720.3007054328918,
      "context_chars": 640.1
    },
    "2": {
      "n": 100,
      "em": 0.19,
      "f1": 0.2563116883116883,
      "containment": 0.23,
      "latency_ms": 772.0060849189758,
      "context_chars": 1277.49
    },
    "3": {
      "n": 100,
      "em": 0.29,
      "f1": 0.3674848484848484,
      "containment": 0.33,
      "latency_ms": 772.1912026405334,
      "context_chars": 1917.41
    },
    "4": {
      "n": 100,
      "em": 0.27,
      "f1": 0.3522727272727273,
      "containment": 0.31,
      "latency_ms": 792.3481345176697,
      "context_chars": 2563.81
    },
    "5": {
      "n": 100,
      "em": 0.28,
      "f1": 0.3664372294372294,
      "containment": 0.33,
      "latency_ms": 807.4756765365601,
      "context_chars": 3200.5
    },
    "6": {
      "n": 100,
      "em": 0.28,
      "f1": 0.37154834054834057,
      "containment": 0.32,
      "latency_ms": 797.1946334838867,
      "context_chars": 3843.17
    }
  }
}