{
  "shard_index": 22,
  "shard_count": 37,
  "summary": {
    "0": {
      "n": 100,
      "em": 0.33,
      "f1": 0.4486190476190476,
      "containment": 0.41,
      "latency_ms": 589.1359543800354,
      "context_chars": 0.0
    },
    "1": {
      "n": 100,
      "em": 0.21,
      "f1": 0.27713919413919413,
      "containment": 0.25,
      "latency_ms": 749.9046611785889,
      "context_chars": 636.05
    },
    "2": {
      "n": 100,
      "em": 0.25,
      "f1": 0.3194725274725274,
      "containment": 0.32,
      "latency_ms": 750.7099390029907,
      "context_chars": 1281.05
    },
    "3": {
      "n": 100,
      "em": 0.27,
      "f1": 0.36045954045954043,
      "containment": 0.34,
      "latency_ms": 782.1999764442444,
      "context_chars": 1916.82
    },
    "4": {
      "n": 100,
      "em": 0.31,
      "f1": 0.40065001665001654,
      "containment": 0.37,
      "latency_ms": 790.8151316642761,
      "context_chars": 2555.91
    },
    "5": {
      "n": 100,
      "em": 0.33,
      "f1": 0.41798334998334985,
      "containment": 0.38,
      "latency_ms": 795.0434970855713,
      "context_chars": 3191.41
    },
    "6": {
      "n": 100,
      "em": 0.33,
      "f1": 0.41798334998334985,
      "containment": 0.39,
      "latency_ms": 790.5989336967468,
      "context_chars": 3829.3
    }
  }
}