{
  "shard_index": 15,
  "shard_count": 37,
  "summary": {
    "0": {
      "n": 100,
      "em": 0.29,
      "f1": 0.40834271284271284,
      "containment": 0.32,
      "latency_ms": 533.2763028144836,
      "context_chars": 0.0
    },
    "1": {
      "n": 100,
      "em": 0.13,
      "f1": 0.22101587301587305,
      "containment": 0.18,
      "latency_ms": 740.3419303894043,
      "context_chars": 636.66
    },
    "2": {
      "n": 100,
      "em": 0.14,
      "f1": 0.24098619737750177,
      "containment": 0.23,
      "latency_ms": 765.708327293396,
      "context_chars": 1270.41
    },
    "3": {
      "n": 100,
      "em": 0.18,
      "f1": 0.29181159420289865,
      "containment": 0.26,
      "latency_ms": 779.2335939407349,
      "context_chars": 1912.41
    },
    "4": {
      "n": 100,
      "em": 0.19,
      "f1": 0.3028592132505177,
      "containment": 0.28,
      "latency_ms": 776.6483402252197,
      "context_chars": 2550.85
    },
    "5": {
      "n": 100,
      "em": 0.2,
      "f1": 0.32030365769496205,
      "containment": 0.3,
      "latency_ms": 805.2896404266357,
      "context_chars": 3187.19
    },
    "6": {
      "n": 100,
      "em": 0.21,
      "f1": 0.3345179434092478,
      "containment": 0.32,
      "latency_ms": 812.6957488059998,
      "context_chars": 3826.88
    }
  }
}