{
  "shard_index": 11,
  "shard_count": 37,
  "summary": {
    "0": {
      "n": 100,
      "em": 0.4,
      "f1": 0.5116038961038961,
      "containment": 0.46,
      "latency_ms": 363.51377725601196,
      "context_chars": 0.0
    },
    "1": {
      "n": 100,
      "em": 0.23,
      "f1": 0.2577380952380952,
      "containment": 0.23,
      "latency_ms": 542.84747838974,
      "context_chars": 628.3
    },
    "2": {
      "n": 100,
      "em": 0.27,
      "f1": 0.3235,
      "containment": 0.32,
      "latency_ms": 583.3263850212097,
      "context_chars": 1259.31
    },
    "3": {
      "n": 100,
      "em": 0.3,
      "f1": 0.3614603174603175,
      "containment": 0.34,
      "latency_ms": 620.9816384315491,
      "context_chars": 1894.37
    },
    "4": {
      "n": 100,
      "em": 0.35,
      "f1": 0.41421428571428565,
      "containment": 0.39,
      "latency_ms": 609.6175527572632,
      "context_chars": 2525.18
    },
    "5": {
      "n": 100,
      "em": 0.36,
      "f1": 0.43065079365079356,
      "containment": 0.41,
      "latency_ms": 585.4683613777161,
      "context_chars": 3156.96
    },
    "6": {
      "n": 100,
      "em": 0.39,
      "f1": 0.46909523809523807,
      "containment": 0.45,
      "latency_ms": 613.5018682479858,
      "context_chars": 3789.91
    }
  }
}