{
  "shard_index": 12,
  "shard_count": 37,
  "summary": {
    "0": {
      "n": 100,
      "em": 0.44,
      "f1": 0.5742142857142856,
      "containment": 0.53,
      "latency_ms": 316.81690216064453,
      "context_chars": 0.0
    },
    "1": {
      "n": 100,
      "em": 0.27,
      "f1": 0.34154761904761904,
      "containment": 0.3,
      "latency_ms": 511.0173511505127,
      "context_chars": 631.35
    },
    "2": {
      "n": 100,
      "em": 0.28,
      "f1": 0.35695238095238097,
      "containment": 0.31,
      "latency_ms": 517.5561690330505,
      "context_chars": 1264.45
    },
    "3": {
      "n": 100,
      "em": 0.29,
      "f1": 0.3611587301587301,
      "containment": 0.33,
      "latency_ms": 516.1915159225464,
      "context_chars": 1898.62
    },
    "4": {
      "n": 100,
      "em": 0.34,
      "f1": 0.40282539682539675,
      "containment": 0.37,
      "latency_ms": 522.9416108131409,
      "context_chars": 2531.78
    },
    "5": {
      "n": 100,
      "em": 0.36,
      "f1": 0.43301587301587297,
      "containment": 0.4,
      "latency_ms": 529.4032526016235,
      "context_chars": 3171.76
    },
    "6": {
      "n": 100,
      "em": 0.37,
      "f1": 0.45463492063492056,
      "containment": 0.42,
      "latency_ms": 527.6312971115112,
      "context_chars": 3802.32
    }
  }
}