{
  "shard_index": 10,
  "shard_count": 37,
  "summary": {
    "0": {
      "n": 100,
      "em": 0.38,
      "f1": 0.4833534798534798,
      "containment": 0.36,
      "latency_ms": 345.0328826904297,
      "context_chars": 0.0
    },
    "1": {
      "n": 100,
      "em": 0.22,
      "f1": 0.2828174603174603,
      "containment": 0.19,
      "latency_ms": 555.0214743614197,
      "context_chars": 631.36
    },
    "2": {
      "n": 100,
      "em": 0.29,
      "f1": 0.3533174603174603,
      "containment": 0.25,
      "latency_ms": 577.5888133049011,
      "context_chars": 1265.56
    },
    "3": {
      "n": 100,
      "em": 0.31,
      "f1": 0.3778857142857143,
      "containment": 0.28,
      "latency_ms": 585.6737637519836,
      "context_chars": 1905.0
    },
    "4": {
      "n": 100,
      "em": 0.33,
      "f1": 0.39307619047619047,
      "containment": 0.3,
      "latency_ms": 589.8914051055908,
      "context_chars": 2547.91
    },
    "5": {
      "n": 100,
      "em": 0.34,
      "f1": 0.40231428571428574,
      "containment": 0.3,
      "latency_ms": 590.719141960144,
      "context_chars": 3183.88
    },
    "6": {
      "n": 100,
      "em": 0.34,
      "f1": 0.4103142857142857,
      "containment": 0.31,
      "latency_ms": 590.2130603790283,
      "context_chars": 3823.29
    }
  }
}