{
  "shard_index": 34,
  "shard_count": 37,
  "summary": {
    "0": {
      "n": 100,
      "em": 0.3,
      "f1": 0.41334920634920636,
      "containment": 0.33,
      "latency_ms": 547.5053977966309,
      "context_chars": 0.0
    },
    "1": {
      "n": 100,
      "em": 0.2,
      "f1": 0.2578344988344988,
      "containment": 0.22,
      "latency_ms": 743.988311290741,
      "context_chars": 635.06
    },
    "2": {
      "n": 100,
      "em": 0.24,
      "f1": 0.3094178321678322,
      "containment": 0.26,
      "latency_ms": 775.7284688949585,
      "context_chars": 1273.51
    },
    "3": {
      "n": 100,
      "em": 0.28,
      "f1": 0.3506122766122766,
      "containment": 0.29,
      "latency_ms": 808.8592839241028,
      "context_chars": 1912.62
    },
    "4": {
      "n": 100,
      "em": 0.27,
      "f1": 0.35256682206682216,
      "containment": 0.3,
      "latency_ms": 777.7682042121887,
      "context_chars": 2552.39
    },
    "5": {
      "n": 100,
      "em": 0.27,
      "f1": 0.35100116550116556,
      "containment": 0.31,
      "latency_ms": 819.6785855293274,
      "context_chars": 3190.79
    },
    "6": {
      "n": 100,
      "em": 0.29,
      "f1": 0.3671122766122766,
      "containment": 0.31,
      "latency_ms": 810.1427960395813,
      "context_chars": 3832.86
    }
  }
}