{
  "shard_index": 7,
  "shard_count": 37,
  "summary": {
    "0": {
      "n": 100,
      "em": 0.32,
      "f1": 0.4550064935064934,
      "containment": 0.39,
      "latency_ms": 353.2270908355713,
      "context_chars": 0.0
    },
    "1": {
      "n": 100,
      "em": 0.14,
      "f1": 0.22528138528138528,
      "containment": 0.22,
      "latency_ms": 551.2113189697266,
      "context_chars": 634.26
    },
    "2": {
      "n": 100,
      "em": 0.18,
      "f1": 0.2648766233766234,
      "containment": 0.24,
      "latency_ms": 545.9632921218872,
      "context_chars": 1275.28
    },
    "3": {
      "n": 100,
      "em": 0.2,
      "f1": 0.2985194805194805,
      "containment": 0.27,
      "latency_ms": 548.4268593788147,
      "context_chars": 1913.14
    },
    "4": {
      "n": 100,
      "em": 0.23,
      "f1": 0.3476861471861472,
      "containment": 0.33,
      "latency_ms": 570.1379919052124,
      "context_chars": 2549.11
    },
    "5": {
      "n": 100,
      "em": 0.22,
      "f1": 0.3510194805194805,
      "containment": 0.33,
      "latency_ms": 576.8485593795776,
      "context_chars": 3184.93
    },
    "6": {
      "n": 100,
      "em": 0.25,
      "f1": 0.36618614718614717,
      "containment": 0.33,
      "latency_ms": 584.5772814750671,
      "context_chars": 3821.91
    }
  }
}