{
  "shard_index": 29,
  "shard_count": 37,
  "summary": {
    "0": {
      "n": 100,
      "em": 0.3,
      "f1": 0.4542381579772885,
      "containment": 0.35,
      "latency_ms": 558.0963468551636,
      "context_chars": 0.0
    },
    "1": {
      "n": 100,
      "em": 0.18,
      "f1": 0.23604761904761903,
      "containment": 0.23,
      "latency_ms": 746.7741870880127,
      "context_chars": 641.65
    },
    "2": {
      "n": 100,
      "em": 0.19,
      "f1": 0.25787301587301587,
      "containment": 0.24,
      "latency_ms": 745.6113982200623,
      "context_chars": 1282.29
    },
    "3": {
      "n": 100,
      "em": 0.2,
      "f1": 0.29298412698412696,
      "containment": 0.27,
      "latency_ms": 751.4214134216309,
      "context_chars": 1928.3
    },
    "4": {
      "n": 100,
      "em": 0.24,
      "f1": 0.3355396825396826,
      "containment": 0.29,
      "latency_ms": 746.2770819664001,
      "context_chars": 2568.37
    },
    "5": {
      "n": 100,
      "em": 0.24,
      "f1": 0.3440873015873016,
      "containment": 0.29,
      "latency_ms": 750.5012893676758,
      "context_chars": 3209.28
    },
    "6": {
      "n": 100,
      "em": 0.26,
      "f1": 0.3618730158730159,
      "containment": 0.31,
      "latency_ms": 781.0677194595337,
      "context_chars": 3849.65
    }
  }
}