{
  "shard_index": 6,
  "shard_count": 37,
  "summary": {
    "0": {
      "n": 100,
      "em": 0.34,
      "f1": 0.4776269841269841,
      "containment": 0.4,
      "latency_ms": 336.10188722610474,
      "context_chars": 0.0
    },
    "1": {
      "n": 100,
      "em": 0.2,
      "f1": 0.26352380952380955,
      "containment": 0.23,
      "latency_ms": 552.7852010726929,
      "context_chars": 634.69
    },
    "2": {
      "n": 100,
      "em": 0.26,
      "f1": 0.3373571428571428,
      "containment": 0.3,
      "latency_ms": 552.7345085144043,
      "context_chars": 1275.31
    },
    "3": {
      "n": 100,
      "em": 0.29,
      "f1": 0.36535064935064937,
      "containment": 0.33,
      "latency_ms": 552.6088333129883,
      "context_chars": 1917.23
    },
    "4": {
      "n": 100,
      "em": 0.29,
      "f1": 0.37288095238095237,
      "containment": 0.33,
      "latency_ms": 545.2749538421631,
      "context_chars": 2562.77
    },
    "5": {
      "n": 100,
      "em": 0.29,
      "f1": 0.3778506493506494,
      "containment": 0.33,
      "latency_ms": 552.4181294441223,
      "context_chars": 3204.93
    },
    "6": {
      "n": 100,
      "em": 0.28,
      "f1": 0.38553196803196804,
      "containment": 0.35,
      "latency_ms": 564.1835021972656,
      "context_chars": 3849.9
    }
  }
}