{
  "shard_index": 19,
  "shard_count": 37,
  "summary": {
    "0": {
      "n": 100,
      "em": 0.3,
      "f1": 0.3997187812187811,
      "containment": 0.35,
      "latency_ms": 635.0385022163391,
      "context_chars": 0.0
    },
    "1": {
      "n": 100,
      "em": 0.16,
      "f1": 0.21419047619047618,
      "containment": 0.17,
      "latency_ms": 741.0332250595093,
      "context_chars": 630.03
    },
    "2": {
      "n": 100,
      "em": 0.18,
      "f1": 0.23202497502497504,
      "containment": 0.23,
      "latency_ms": 740.6846070289612,
      "context_chars": 1264.43
    },
    "3": {
      "n": 100,
      "em": 0.27,
      "f1": 0.33066783216783224,
      "containment": 0.31,
      "latency_ms": 781.8600559234619,
      "context_chars": 1895.46
    },
    "4": {
      "n": 100,
      "em": 0.27,
      "f1": 0.34293406593406595,
      "containment": 0.32,
      "latency_ms": 772.5380086898804,
      "context_chars": 2520.01
    },
    "5": {
      "n": 100,
      "em": 0.25,
      "f1": 0.33043406593406593,
      "containment": 0.31,
      "latency_ms": 786.5940403938293,
      "context_chars": 3152.79
    },
    "6": {
      "n": 100,
      "em": 0.26,
      "f1": 0.334524975024975,
      "containment": 0.33,
      "latency_ms": 782.4039578437805,
      "context_chars": 3785.07
    }
  }
}