{
  "shard_index": 8,
  "shard_count": 37,
  "summary": {
    "0": {
      "n": 100,
      "em": 0.32,
      "f1": 0.4396904761904761,
      "containment": 0.39,
      "latency_ms": 351.78513526916504,
      "context_chars": 0.0
    },
    "1": {
      "n": 100,
      "em": 0.16,
      "f1": 0.2150860805860806,
      "containment": 0.18,
      "latency_ms": 552.3344707489014,
      "context_chars": 632.6
    },
    "2": {
      "n": 100,
      "em": 0.2,
      "f1": 0.26713514263514265,
      "containment": 0.22,
      "latency_ms": 538.1349086761475,
      "context_chars": 1272.62
    },
    "3": {
      "n": 100,
      "em": 0.2,
      "f1": 0.2796269841269841,
      "containment": 0.24,
      "latency_ms": 561.9118094444275,
      "context_chars": 1904.66
    },
    "4": {
      "n": 100,
      "em": 0.23,
      "f1": 0.30319264069264074,
      "containment": 0.26,
      "latency_ms": 562.1643924713135,
      "context_chars": 2543.37
    },
    "5": {
      "n": 100,
      "em": 0.24,
      "f1": 0.320414862914863,
      "containment": 0.28,
      "latency_ms": 570.0697469711304,
      "context_chars": 3187.02
    },
    "6": {
      "n": 100,
      "em": 0.26,
      "f1": 0.347430735930736,
      "containment": 0.3,
      "latency_ms": 571.5792465209961,
      "context_chars": 3826.52
    }
  }
}