{
  "shard_index": 30,
  "shard_count": 37,
  "summary": {
    "0": {
      "n": 100,
      "em": 0.41,
      "f1": 0.5401536796536797,
      "containment": 0.45,
      "latency_ms": 555.2277755737305,
      "context_chars": 0.0
    },
    "1": {
      "n": 100,
      "em": 0.34,
      "f1": 0.3970476190476189,
      "containment": 0.34,
      "latency_ms": 701.1536622047424,
      "context_chars": 632.26
    },
    "2": {
      "n": 100,
      "em": 0.35,
      "f1": 0.4029999999999999,
      "containment": 0.36,
      "latency_ms": 722.037787437439,
      "context_chars": 1267.88
    },
    "3": {
      "n": 100,
      "em": 0.41,
      "f1": 0.47961904761904756,
      "containment": 0.42,
      "latency_ms": 698.7022662162781,
      "context_chars": 1906.38
    },
    "4": {
      "n": 100,
      "em": 0.41,
      "f1": 0.4919523809523809,
      "containment": 0.44,
      "latency_ms": 730.2740335464478,
      "context_chars": 2550.56
    },
    "5": {
      "n": 100,
      "em": 0.4,
      "f1": 0.4876666666666666,
      "containment": 0.43,
      "latency_ms": 694.367949962616,
      "context_chars": 3193.1
    },
    "6": {
      "n": 100,
      "em": 0.42,
      "f1": 0.5059523809523808,
      "containment": 0.45,
      "latency_ms": 708.1958675384521,
      "context_chars": 3831.29
    }
  }
}