{
  "shard_index": 3,
  "shard_count": 37,
  "summary": {
    "0": {
      "n": 100,
      "em": 0.38,
      "f1": 0.4835952380952379,
      "containment": 0.48,
      "latency_ms": 348.7786102294922,
      "context_chars": 0.0
    },
    "1": {
      "n": 100,
      "em": 0.24,
      "f1": 0.2874603174603174,
      "containment": 0.28,
      "latency_ms": 540.8363771438599,
      "context_chars": 634.86
    },
    "2": {
      "n": 100,
      "em": 0.28,
      "f1": 0.33772222222222226,
      "containment": 0.32,
      "latency_ms": 538.3167839050293,
      "context_chars": 1278.44
    },
    "3": {
      "n": 100,
      "em": 0.3,
      "f1": 0.3627222222222223,
      "containment": 0.34,
      "latency_ms": 540.589451789856,
      "context_chars": 1915.47
    },
    "4": {
      "n": 100,
      "em": 0.33,
      "f1": 0.4008174603174603,
      "containment": 0.37,
      "latency_ms": 547.2829699516296,
      "context_chars": 2552.87
    },
    "5": {
      "n": 100,
      "em": 0.32,
      "f1": 0.40815079365079365,
      "containment": 0.38,
      "latency_ms": 557.2105503082275,
      "context_chars": 3185.61
    },
    "6": {
      "n": 100,
      "em": 0.35,
      "f1": 0.45100793650793636,
      "containment": 0.42,
      "latency_ms": 559.4813632965088,
      "context_chars": 3822.01
    }
  }
}