{
  "shard_index": 23,
  "shard_count": 37,
  "summary": {
    "0": {
      "n": 100,
      "em": 0.42,
      "f1": 0.5193547008547008,
      "containment": 0.47,
      "latency_ms": 587.7082443237305,
      "context_chars": 0.0
    },
    "1": {
      "n": 100,
      "em": 0.18,
      "f1": 0.2542857142857143,
      "containment": 0.22,
      "latency_ms": 757.4400520324707,
      "context_chars": 638.54
    },
    "2": {
      "n": 100,
      "em": 0.21,
      "f1": 0.3092058823529412,
      "containment": 0.26,
      "latency_ms": 775.0847768783569,
      "context_chars": 1284.26
    },
    "3": {
      "n": 100,
      "em": 0.26,
      "f1": 0.35634271284271285,
      "containment": 0.32,
      "latency_ms": 813.2279849052429,
      "context_chars": 1925.99
    },
    "4": {
      "n": 100,
      "em": 0.27,
      "f1": 0.37350937950937957,
      "containment": 0.32,
      "latency_ms": 814.8672795295715,
      "context_chars": 2562.98
    },
    "5": {
      "n": 100,
      "em": 0.28,
      "f1": 0.3901428571428571,
      "containment": 0.34,
      "latency_ms": 843.3243274688721,
      "context_chars": 3201.39
    },
    "6": {
      "n": 100,
      "em": 0.31,
      "f1": 0.4063982683982685,
      "containment": 0.38,
      "latency_ms": 838.7957072257996,
      "context_chars": 3843.59
    }
  }
}