{
  "shard_index": 36,
  "shard_count": 37,
  "summary": {
    "0": {
      "n": 10,
      "em": 0.5,
      "f1": 0.55,
      "containment": 0.6,
      "latency_ms": 590.3393507003784,
      "context_chars": 0.0
    },
    "1": {
      "n": 10,
      "em": 0.2,
      "f1": 0.3466666666666666,
      "containment": 0.4,
      "latency_ms": 763.9420509338379,
      "context_chars": 645.0
    },
    "2": {
      "n": 10,
      "em": 0.2,
      "f1": 0.35,
      "containment": 0.5,
      "latency_ms": 887.9621505737305,
      "context_chars": 1313.9
    },
    "3": {
      "n": 10,
      "em": 0.2,
      "f1": 0.41666666666666663,
      "containment": 0.6,
      "latency_ms": 897.3009347915649,
      "context_chars": 1946.4
    },
    "4": {
      "n": 10,
      "em": 0.2,
      "f1": 0.39,
      "containment": 0.6,
      "latency_ms": 887.9037618637085,
      "context_chars": 2576.8
    },
    "5": {
      "n": 10,
      "em": 0.2,
      "f1": 0.39,
      "containment": 0.6,
      "latency_ms": 1006.1863899230957,
      "context_chars": 3204.8
    },
    "6": {
      "n": 10,
      "em": 0.2,
      "f1": 0.4666666666666666,
      "containment": 0.7,
      "latency_ms": 1015.6684398651123,
      "context_chars": 3828.5
    }
  }
}