{
  "shard_index": 18,
  "shard_count": 37,
  "summary": {
    "0": {
      "n": 100,
      "em": 0.35,
      "f1": 0.5113751803751804,
      "containment": 0.41,
      "latency_ms": 576.402862071991,
      "context_chars": 0.0
    },
    "1": {
      "n": 100,
      "em": 0.23,
      "f1": 0.3181825396825397,
      "containment": 0.27,
      "latency_ms": 750.8616542816162,
      "context_chars": 636.3
    },
    "2": {
      "n": 100,
      "em": 0.24,
      "f1": 0.35298412698412696,
      "containment": 0.31,
      "latency_ms": 747.641007900238,
      "context_chars": 1276.04
    },
    "3": {
      "n": 100,
      "em": 0.27,
      "f1": 0.3853434343434343,
      "containment": 0.33,
      "latency_ms": 786.2304902076721,
      "context_chars": 1916.02
    },
    "4": {
      "n": 100,
      "em": 0.28,
      "f1": 0.4017965367965368,
      "containment": 0.36,
      "latency_ms": 788.251371383667,
      "context_chars": 2559.08
    },
    "5": {
      "n": 100,
      "em": 0.33,
      "f1": 0.454987012987013,
      "containment": 0.42,
      "latency_ms": 784.5387101173401,
      "context_chars": 3198.02
    },
    "6": {
      "n": 100,
      "em": 0.35,
      "f1": 0.4837965367965368,
      "containment": 0.43,
      "latency_ms": 804.2529201507568,
      "context_chars": 3835.08
    }
  }
}