{
  "shard_index": 17,
  "shard_count": 37,
  "summary": {
    "0": {
      "n": 100,
      "em": 0.39,
      "f1": 0.5000860805860805,
      "containment": 0.42,
      "latency_ms": 526.4478325843811,
      "context_chars": 0.0
    },
    "1": {
      "n": 100,
      "em": 0.31,
      "f1": 0.38882267732267733,
      "containment": 0.32,
      "latency_ms": 852.6038408279419,
      "context_chars": 640.84
    },
    "2": {
      "n": 100,
      "em": 0.38,
      "f1": 0.49050216450216455,
      "containment": 0.44,
      "latency_ms": 841.0898160934448,
      "context_chars": 1281.21
    },
    "3": {
      "n": 100,
      "em": 0.4,
      "f1": 0.5118801549327864,
      "containment": 0.45,
      "latency_ms": 918.5437870025635,
      "context_chars": 1919.06
    },
    "4": {
      "n": 100,
      "em": 0.43,
      "f1": 0.5352092352092351,
      "containment": 0.48,
      "latency_ms": 995.4190874099731,
      "context_chars": 2560.63
    },
    "5": {
      "n": 100,
      "em": 0.44,
      "f1": 0.5572546897546896,
      "containment": 0.49,
      "latency_ms": 935.7485628128052,
      "context_chars": 3198.99
    },
    "6": {
      "n": 100,
      "em": 0.43,
      "f1": 0.5545901875901874,
      "containment": 0.49,
      "latency_ms": 914.3084335327148,
      "context_chars": 3845.04
    }
  }
}