{
  "shard_index": 5,
  "shard_count": 37,
  "summary": {
    "0": {
      "n": 100,
      "em": 0.35,
      "f1": 0.49533333333333324,
      "containment": 0.42,
      "latency_ms": 535.8954739570618,
      "context_chars": 0.0
    },
    "1": {
      "n": 100,
      "em": 0.32,
      "f1": 0.436047619047619,
      "containment": 0.44,
      "latency_ms": 770.7924246788025,
      "context_chars": 639.89
    },
    "2": {
      "n": 100,
      "em": 0.39,
      "f1": 0.5123205128205127,
      "containment": 0.51,
      "latency_ms": 769.8594403266907,
      "context_chars": 1279.33
    },
    "3": {
      "n": 100,
      "em": 0.43,
      "f1": 0.5569871794871794,
      "containment": 0.5,
      "latency_ms": 786.6021251678467,
      "context_chars": 1923.15
    },
    "4": {
      "n": 100,
      "em": 0.47,
      "f1": 0.5896117216117214,
      "containment": 0.56,
      "latency_ms": 788.650393486023,
      "context_chars": 2570.36
    },
    "5": {
      "n": 100,
      "em": 0.46,
      "f1": 0.5798681318681317,
      "containment": 0.54,
      "latency_ms": 779.5629549026489,
      "context_chars": 3213.63
    },
    "6": {
      "n": 100,
      "em": 0.48,
      "f1": 0.5841538461538459,
      "containment": 0.53,
      "latency_ms": 805.9966826438904,
      "context_chars": 3858.4
    }
  }
}