{
  "shard_index": 18,
  "shard_count": 37,
  "summary": {
    "0": {
      "n": 100,
      "em": 0.32,
      "f1": 0.49156565656565654,
      "containment": 0.39,
      "latency_ms": 558.064272403717,
      "context_chars": 0.0
    },
    "1": {
      "n": 100,
      "em": 0.31,
      "f1": 0.4411601731601732,
      "containment": 0.37,
      "latency_ms": 767.0093774795532,
      "context_chars": 636.01
    },
    "2": {
      "n": 100,
      "em": 0.39,
      "f1": 0.5129523809523809,
      "containment": 0.46,
      "latency_ms": 793.2142019271851,
      "context_chars": 1275.35
    },
    "3": {
      "n": 100,
      "em": 0.42,
      "f1": 0.5437539682539682,
      "containment": 0.49,
      "latency_ms": 808.5289549827576,
      "context_chars": 1921.26
    },
    "4": {
      "n": 100,
      "em": 0.39,
      "f1": 0.5449023199023199,
      "containment": 0.47,
      "latency_ms": 845.3956079483032,
      "context_chars": 2565.93
    },
    "5": {
      "n": 100,
      "em": 0.4,
      "f1": 0.5438571428571428,
      "containment": 0.47,
      "latency_ms": 761.8912363052368,
      "context_chars": 3203.75
    },
    "6": {
      "n": 100,
      "em": 0.44,
      "f1": 0.5676904761904762,
      "containment": 0.49,
      "latency_ms": 789.9275779724121,
      "context_chars": 3844.64
    }
  }
}