{
  "shard_index": 32,
  "shard_count": 37,
  "summary": {
    "0": {
      "n": 100,
      "em": 0.29,
      "f1": 0.4403809523809523,
      "containment": 0.38,
      "latency_ms": 384.5215845108032,
      "context_chars": 0.0
    },
    "1": {
      "n": 100,
      "em": 0.25,
      "f1": 0.3755663356251591,
      "containment": 0.33,
      "latency_ms": 561.7533278465271,
      "context_chars": 633.78
    },
    "2": {
      "n": 100,
      "em": 0.29,
      "f1": 0.423839657074951,
      "containment": 0.41,
      "latency_ms": 608.3449220657349,
      "context_chars": 1270.57
    },
    "3": {
      "n": 100,
      "em": 0.34,
      "f1": 0.4634500466853407,
      "containment": 0.44,
      "latency_ms": 610.5442714691162,
      "context_chars": 1902.92
    },
    "4": {
      "n": 100,
      "em": 0.37,
      "f1": 0.5135452847805787,
      "containment": 0.45,
      "latency_ms": 596.6325664520264,
      "context_chars": 2542.99
    },
    "5": {
      "n": 100,
      "em": 0.37,
      "f1": 0.5264444444444443,
      "containment": 0.45,
      "latency_ms": 624.6382284164429,
      "context_chars": 3177.55
    },
    "6": {
      "n": 100,
      "em": 0.33,
      "f1": 0.4866825396825395,
      "containment": 0.42,
      "latency_ms": 628.2903170585632,
      "context_chars": 3814.19
    }
  }
}