{
  "shard_index": 28,
  "shard_count": 37,
  "summary": {
    "0": {
      "n": 100,
      "em": 0.33,
      "f1": 0.4703275613275614,
      "containment": 0.4,
      "latency_ms": 397.1378803253174,
      "context_chars": 0.0
    },
    "1": {
      "n": 100,
      "em": 0.29,
      "f1": 0.409468253968254,
      "containment": 0.35,
      "latency_ms": 601.0770416259766,
      "context_chars": 637.08
    },
    "2": {
      "n": 100,
      "em": 0.33,
      "f1": 0.4403347763347763,
      "containment": 0.38,
      "latency_ms": 589.2041850090027,
      "context_chars": 1277.92
    },
    "3": {
      "n": 100,
      "em": 0.3,
      "f1": 0.4488910533910534,
      "containment": 0.34,
      "latency_ms": 617.1959757804871,
      "context_chars": 1923.36
    },
    "4": {
      "n": 100,
      "em": 0.32,
      "f1": 0.4717640692640693,
      "containment": 0.36,
      "latency_ms": 605.0954556465149,
      "context_chars": 2561.17
    },
    "5": {
      "n": 100,
      "em": 0.35,
      "f1": 0.49431962481962477,
      "containment": 0.39,
      "latency_ms": 628.1272482872009,
      "context_chars": 3204.9
    },
    "6": {
      "n": 100,
      "em": 0.36,
      "f1": 0.5240974025974026,
      "containment": 0.4,
      "latency_ms": 631.9601964950562,
      "context_chars": 3842.96
    }
  }
}