{
  "shard_index": 23,
  "shard_count": 37,
  "summary": {
    "0": {
      "n": 100,
      "em": 0.42,
      "f1": 0.5193547008547008,
      "containment": 0.47,
      "latency_ms": 378.70927572250366,
      "context_chars": 0.0
    },
    "1": {
      "n": 100,
      "em": 0.35,
      "f1": 0.40927922077922085,
      "containment": 0.41,
      "latency_ms": 817.0418214797974,
      "context_chars": 643.64
    },
    "2": {
      "n": 100,
      "em": 0.4,
      "f1": 0.4835346320346321,
      "containment": 0.49,
      "latency_ms": 569.3241119384766,
      "context_chars": 1289.82
    },
    "3": {
      "n": 100,
      "em": 0.38,
      "f1": 0.48952686202686196,
      "containment": 0.47,
      "latency_ms": 569.8294162750244,
      "context_chars": 1928.14
    },
    "4": {
      "n": 100,
      "em": 0.4,
      "f1": 0.5079285714285714,
      "containment": 0.49,
      "latency_ms": 576.6761803627014,
      "context_chars": 2570.98
    },
    "5": {
      "n": 100,
      "em": 0.38,
      "f1": 0.4976135893092413,
      "containment": 0.49,
      "latency_ms": 609.2831110954285,
      "context_chars": 3216.96
    },
    "6": {
      "n": 100,
      "em": 0.42,
      "f1": 0.5230133053221288,
      "containment": 0.52,
      "latency_ms": 599.3691730499268,
      "context_chars": 3863.02
    }
  }
}