{
  "shard_index": 13,
  "shard_count": 37,
  "summary": {
    "0": {
      "n": 100,
      "em": 0.31,
      "f1": 0.44742857142857134,
      "containment": 0.35,
      "latency_ms": 529.5930671691895,
      "context_chars": 0.0
    },
    "1": {
      "n": 100,
      "em": 0.37,
      "f1": 0.45801875901875894,
      "containment": 0.42,
      "latency_ms": 741.4265012741089,
      "context_chars": 638.13
    },
    "2": {
      "n": 100,
      "em": 0.34,
      "f1": 0.4533520923520923,
      "containment": 0.43,
      "latency_ms": 764.5341944694519,
      "context_chars": 1274.84
    },
    "3": {
      "n": 100,
      "em": 0.34,
      "f1": 0.4681601731601731,
      "containment": 0.46,
      "latency_ms": 767.9078269004822,
      "context_chars": 1916.15
    },
    "4": {
      "n": 100,
      "em": 0.29,
      "f1": 0.42550937950937934,
      "containment": 0.43,
      "latency_ms": 792.8443455696106,
      "context_chars": 2554.73
    },
    "5": {
      "n": 100,
      "em": 0.3,
      "f1": 0.43938239538239526,
      "containment": 0.44,
      "latency_ms": 823.3617401123047,
      "context_chars": 3193.42
    },
    "6": {
      "n": 100,
      "em": 0.31,
      "f1": 0.4352236652236652,
      "containment": 0.42,
      "latency_ms": 835.5673718452454,
      "context_chars": 3834.74
    }
  }
}