{
  "shard_index": 7,
  "shard_count": 37,
  "summary": {
    "0": {
      "n": 100,
      "em": 0.31,
      "f1": 0.45300649350649347,
      "containment": 0.39,
      "latency_ms": 564.7845101356506,
      "context_chars": 0.0
    },
    "1": {
      "n": 100,
      "em": 0.28,
      "f1": 0.38602669552669555,
      "containment": 0.31,
      "latency_ms": 777.1639919281006,
      "context_chars": 641.97
    },
    "2": {
      "n": 100,
      "em": 0.28,
      "f1": 0.4039877344877344,
      "containment": 0.35,
      "latency_ms": 811.8040537834167,
      "context_chars": 1278.72
    },
    "3": {
      "n": 100,
      "em": 0.27,
      "f1": 0.404281808230084,
      "containment": 0.34,
      "latency_ms": 840.7494711875916,
      "context_chars": 1915.55
    },
    "4": {
      "n": 100,
      "em": 0.3,
      "f1": 0.43933506493506486,
      "containment": 0.39,
      "latency_ms": 821.3143968582153,
      "context_chars": 2551.5
    },
    "5": {
      "n": 100,
      "em": 0.27,
      "f1": 0.42528499278499277,
      "containment": 0.37,
      "latency_ms": 835.5561327934265,
      "context_chars": 3198.21
    },
    "6": {
      "n": 100,
      "em": 0.28,
      "f1": 0.42615728715728707,
      "containment": 0.36,
      "latency_ms": 844.0302920341492,
      "context_chars": 3838.73
    }
  }
}