{
  "shard_index": 16,
  "shard_count": 37,
  "summary": {
    "0": {
      "n": 100,
      "em": 0.37,
      "f1": 0.46967748917748914,
      "containment": 0.4,
      "latency_ms": 574.3581247329712,
      "context_chars": 0.0
    },
    "1": {
      "n": 100,
      "em": 0.33,
      "f1": 0.3884469582704877,
      "containment": 0.34,
      "latency_ms": 775.7553029060364,
      "context_chars": 635.77
    },
    "2": {
      "n": 100,
      "em": 0.32,
      "f1": 0.41163887746240674,
      "containment": 0.35,
      "latency_ms": 833.1547546386719,
      "context_chars": 1274.29
    },
    "3": {
      "n": 100,
      "em": 0.34,
      "f1": 0.44773902176255104,
      "containment": 0.41,
      "latency_ms": 852.5095057487488,
      "context_chars": 1913.09
    },
    "4": {
      "n": 100,
      "em": 0.33,
      "f1": 0.43691215973568903,
      "containment": 0.41,
      "latency_ms": 854.468846321106,
      "context_chars": 2552.05
    },
    "5": {
      "n": 100,
      "em": 0.39,
      "f1": 0.4922865043453277,
      "containment": 0.45,
      "latency_ms": 851.7566776275635,
      "context_chars": 3191.96
    },
    "6": {
      "n": 100,
      "em": 0.39,
      "f1": 0.5108205846441138,
      "containment": 0.47,
      "latency_ms": 824.9978065490723,
      "context_chars": 3830.52
    }
  }
}