{
  "shard_index": 15,
  "shard_count": 37,
  "summary": {
    "0": {
      "n": 100,
      "em": 0.3,
      "f1": 0.4183427128427128,
      "containment": 0.33,
      "latency_ms": 518.8726043701172,
      "context_chars": 0.0
    },
    "1": {
      "n": 100,
      "em": 0.21,
      "f1": 0.31259126984126984,
      "containment": 0.28,
      "latency_ms": 767.3120164871216,
      "context_chars": 642.54
    },
    "2": {
      "n": 100,
      "em": 0.29,
      "f1": 0.3939259259259259,
      "containment": 0.35,
      "latency_ms": 775.0096559524536,
      "context_chars": 1283.99
    },
    "3": {
      "n": 100,
      "em": 0.32,
      "f1": 0.418862433862434,
      "containment": 0.37,
      "latency_ms": 811.0002136230469,
      "context_chars": 1925.36
    },
    "4": {
      "n": 100,
      "em": 0.34,
      "f1": 0.4487765752765753,
      "containment": 0.41,
      "latency_ms": 797.5862002372742,
      "context_chars": 2567.03
    },
    "5": {
      "n": 100,
      "em": 0.33,
      "f1": 0.44096912186042614,
      "containment": 0.39,
      "latency_ms": 828.718466758728,
      "context_chars": 3207.51
    },
    "6": {
      "n": 100,
      "em": 0.36,
      "f1": 0.47174531233661665,
      "containment": 0.42,
      "latency_ms": 825.7391381263733,
      "context_chars": 3844.49
    }
  }
}