{
  "shard_index": 36,
  "shard_count": 37,
  "summary": {
    "0": {
      "n": 10,
      "em": 0.5,
      "f1": 0.55,
      "containment": 0.6,
      "latency_ms": 324.26483631134033,
      "context_chars": 0.0
    },
    "1": {
      "n": 10,
      "em": 0.3,
      "f1": 0.41666666666666663,
      "containment": 0.5,
      "latency_ms": 556.1377763748169,
      "context_chars": 648.1
    },
    "2": {
      "n": 10,
      "em": 0.4,
      "f1": 0.4833333333333334,
      "containment": 0.6,
      "latency_ms": 602.4822950363159,
      "context_chars": 1278.1
    },
    "3": {
      "n": 10,
      "em": 0.4,
      "f1": 0.5166666666666666,
      "containment": 0.6,
      "latency_ms": 529.9063444137573,
      "context_chars": 1919.2
    },
    "4": {
      "n": 10,
      "em": 0.4,
      "f1": 0.5166666666666666,
      "containment": 0.6,
      "latency_ms": 560.0719451904297,
      "context_chars": 2571.6
    },
    "5": {
      "n": 10,
      "em": 0.5,
      "f1": 0.6666666666666666,
      "containment": 0.8,
      "latency_ms": 551.9783735275269,
      "context_chars": 3218.6
    },
    "6": {
      "n": 10,
      "em": 0.5,
      "f1": 0.6666666666666666,
      "containment": 0.8,
      "latency_ms": 562.763261795044,
      "context_chars": 3861.0
    }
  }
}