{
  "shard_index": 9,
  "shard_count": 37,
  "summary": {
    "0": {
      "n": 100,
      "em": 0.36,
      "f1": 0.5017991452991452,
      "containment": 0.39,
      "latency_ms": 517.1462798118591,
      "context_chars": 0.0
    },
    "1": {
      "n": 100,
      "em": 0.35,
      "f1": 0.4460252525252525,
      "containment": 0.38,
      "latency_ms": 767.0366334915161,
      "context_chars": 641.64
    },
    "2": {
      "n": 100,
      "em": 0.37,
      "f1": 0.4539545454545454,
      "containment": 0.37,
      "latency_ms": 709.4383144378662,
      "context_chars": 1281.0
    },
    "3": {
      "n": 100,
      "em": 0.4,
      "f1": 0.4979227994227993,
      "containment": 0.41,
      "latency_ms": 765.4124760627747,
      "context_chars": 1922.45
    },
    "4": {
      "n": 100,
      "em": 0.43,
      "f1": 0.5321363636363635,
      "containment": 0.44,
      "latency_ms": 777.2766399383545,
      "context_chars": 2565.74
    },
    "5": {
      "n": 100,
      "em": 0.43,
      "f1": 0.5394696969696969,
      "containment": 0.44,
      "latency_ms": 750.6495261192322,
      "context_chars": 3205.15
    },
    "6": {
      "n": 100,
      "em": 0.43,
      "f1": 0.5472474747474747,
      "containment": 0.46,
      "latency_ms": 751.9187450408936,
      "context_chars": 3851.97
    }
  }
}