{
  "shard_index": 1,
  "shard_count": 37,
  "summary": {
    "0": {
      "n": 100,
      "em": 0.34,
      "f1": 0.451,
      "containment": 0.37,
      "latency_ms": 492.0781874656677,
      "context_chars": 0.0
    },
    "1": {
      "n": 100,
      "em": 0.3,
      "f1": 0.4210912698412698,
      "containment": 0.39,
      "latency_ms": 776.4745020866394,
      "context_chars": 637.49
    },
    "2": {
      "n": 100,
      "em": 0.38,
      "f1": 0.5014880952380952,
      "containment": 0.45,
      "latency_ms": 762.847490310669,
      "context_chars": 1277.15
    },
    "3": {
      "n": 100,
      "em": 0.39,
      "f1": 0.5293015873015873,
      "containment": 0.46,
      "latency_ms": 763.1036067008972,
      "context_chars": 1917.6
    },
    "4": {
      "n": 100,
      "em": 0.42,
      "f1": 0.5506468253968253,
      "containment": 0.5,
      "latency_ms": 807.2704124450684,
      "context_chars": 2562.78
    },
    "5": {
      "n": 100,
      "em": 0.4,
      "f1": 0.5361706349206348,
      "containment": 0.49,
      "latency_ms": 798.9952111244202,
      "context_chars": 3206.85
    },
    "6": {
      "n": 100,
      "em": 0.38,
      "f1": 0.5093243145743145,
      "containment": 0.47,
      "latency_ms": 801.5241384506226,
      "context_chars": 3845.85
    }
  }
}