{
  "shard_index": 6,
  "shard_count": 37,
  "summary": {
    "0": {
      "n": 100,
      "em": 0.34,
      "f1": 0.4776269841269841,
      "containment": 0.4,
      "latency_ms": 511.45095109939575,
      "context_chars": 0.0
    },
    "1": {
      "n": 100,
      "em": 0.33,
      "f1": 0.41429509379509377,
      "containment": 0.41,
      "latency_ms": 776.3338780403137,
      "context_chars": 638.1
    },
    "2": {
      "n": 100,
      "em": 0.35,
      "f1": 0.44934267486899065,
      "containment": 0.43,
      "latency_ms": 780.7102727890015,
      "context_chars": 1283.19
    },
    "3": {
      "n": 100,
      "em": 0.35,
      "f1": 0.46364502164502164,
      "containment": 0.46,
      "latency_ms": 807.5887060165405,
      "context_chars": 1917.06
    },
    "4": {
      "n": 100,
      "em": 0.41,
      "f1": 0.5194989898989898,
      "containment": 0.5,
      "latency_ms": 838.7437129020691,
      "context_chars": 2552.28
    },
    "5": {
      "n": 100,
      "em": 0.41,
      "f1": 0.5232958152958153,
      "containment": 0.49,
      "latency_ms": 790.134003162384,
      "context_chars": 3197.09
    },
    "6": {
      "n": 100,
      "em": 0.39,
      "f1": 0.5254912864912865,
      "containment": 0.49,
      "latency_ms": 833.5892963409424,
      "context_chars": 3839.18
    }
  }
}