{
  "shard_index": 35,
  "shard_count": 37,
  "summary": {
    "0": {
      "n": 100,
      "em": 0.31,
      "f1": 0.3922619047619048,
      "containment": 0.36,
      "latency_ms": 353.531174659729,
      "context_chars": 0.0
    },
    "1": {
      "n": 100,
      "em": 0.27,
      "f1": 0.3379307359307359,
      "containment": 0.27,
      "latency_ms": 565.1501512527466,
      "context_chars": 639.35
    },
    "2": {
      "n": 100,
      "em": 0.3,
      "f1": 0.3915021645021644,
      "containment": 0.33,
      "latency_ms": 625.9052467346191,
      "context_chars": 1284.42
    },
    "3": {
      "n": 100,
      "em": 0.32,
      "f1": 0.41392279942279936,
      "containment": 0.36,
      "latency_ms": 612.1938943862915,
      "context_chars": 1926.25
    },
    "4": {
      "n": 100,
      "em": 0.32,
      "f1": 0.42194444444444434,
      "containment": 0.38,
      "latency_ms": 630.2222871780396,
      "context_chars": 2568.32
    },
    "5": {
      "n": 100,
      "em": 0.35,
      "f1": 0.4316623376623376,
      "containment": 0.39,
      "latency_ms": 628.7389063835144,
      "context_chars": 3217.86
    },
    "6": {
      "n": 100,
      "em": 0.35,
      "f1": 0.45039632589632583,
      "containment": 0.41,
      "latency_ms": 630.2818489074707,
      "context_chars": 3858.15
    }
  }
}