{
  "shard_index": 31,
  "shard_count": 37,
  "summary": {
    "0": {
      "n": 100,
      "em": 0.31,
      "f1": 0.4018671679197995,
      "containment": 0.34,
      "latency_ms": 382.1466827392578,
      "context_chars": 0.0
    },
    "1": {
      "n": 100,
      "em": 0.3,
      "f1": 0.38928174603174603,
      "containment": 0.36,
      "latency_ms": 615.4220032691956,
      "context_chars": 639.11
    },
    "2": {
      "n": 100,
      "em": 0.34,
      "f1": 0.4616102756892229,
      "containment": 0.37,
      "latency_ms": 598.9347124099731,
      "context_chars": 1278.09
    },
    "3": {
      "n": 100,
      "em": 0.36,
      "f1": 0.4896658312447785,
      "containment": 0.42,
      "latency_ms": 584.0295314788818,
      "context_chars": 1915.45
    },
    "4": {
      "n": 100,
      "em": 0.37,
      "f1": 0.48196741854636577,
      "containment": 0.42,
      "latency_ms": 607.31853723526,
      "context_chars": 2555.94
    },
    "5": {
      "n": 100,
      "em": 0.37,
      "f1": 0.49017460317460304,
      "containment": 0.44,
      "latency_ms": 597.4534702301025,
      "context_chars": 3197.82
    },
    "6": {
      "n": 100,
      "em": 0.4,
      "f1": 0.5199761904761904,
      "containment": 0.47,
      "latency_ms": 597.4610900878906,
      "context_chars": 3832.38
    }
  }
}