{
  "shard_index": 26,
  "shard_count": 37,
  "summary": {
    "0": {
      "n": 100,
      "em": 0.34,
      "f1": 0.4650411255411255,
      "containment": 0.39,
      "latency_ms": 324.68369245529175,
      "context_chars": 0.0
    },
    "1": {
      "n": 100,
      "em": 0.28,
      "f1": 0.3611601731601731,
      "containment": 0.35,
      "latency_ms": 527.0370316505432,
      "context_chars": 644.06
    },
    "2": {
      "n": 100,
      "em": 0.36,
      "f1": 0.4602142857142858,
      "containment": 0.43,
      "latency_ms": 539.7641086578369,
      "context_chars": 1288.23
    },
    "3": {
      "n": 100,
      "em": 0.38,
      "f1": 0.5016125541125541,
      "containment": 0.47,
      "latency_ms": 537.7217793464661,
      "context_chars": 1935.28
    },
    "4": {
      "n": 100,
      "em": 0.42,
      "f1": 0.5461428571428572,
      "containment": 0.51,
      "latency_ms": 541.630175113678,
      "context_chars": 2578.07
    },
    "5": {
      "n": 100,
      "em": 0.43,
      "f1": 0.5564761904761905,
      "containment": 0.52,
      "latency_ms": 557.9132509231567,
      "context_chars": 3226.44
    },
    "6": {
      "n": 100,
      "em": 0.44,
      "f1": 0.5858571428571429,
      "containment": 0.56,
      "latency_ms": 571.5864443778992,
      "context_chars": 3867.21
    }
  }
}