{
  "shard_index": 22,
  "shard_count": 37,
  "summary": {
    "0": {
      "n": 100,
      "em": 0.33,
      "f1": 0.44528571428571434,
      "containment": 0.39,
      "latency_ms": 501.7530584335327,
      "context_chars": 0.0
    },
    "1": {
      "n": 100,
      "em": 0.25,
      "f1": 0.3467545787545787,
      "containment": 0.31,
      "latency_ms": 690.8851218223572,
      "context_chars": 635.07
    },
    "2": {
      "n": 100,
      "em": 0.37,
      "f1": 0.48692857142857143,
      "containment": 0.45,
      "latency_ms": 742.7016043663025,
      "context_chars": 1277.84
    },
    "3": {
      "n": 100,
      "em": 0.44,
      "f1": 0.5304285714285712,
      "containment": 0.5,
      "latency_ms": 686.6212725639343,
      "context_chars": 1918.31
    },
    "4": {
      "n": 100,
      "em": 0.44,
      "f1": 0.5359523809523808,
      "containment": 0.52,
      "latency_ms": 725.5686259269714,
      "context_chars": 2559.65
    },
    "5": {
      "n": 100,
      "em": 0.43,
      "f1": 0.5344523809523809,
      "containment": 0.51,
      "latency_ms": 706.9439792633057,
      "context_chars": 3199.31
    },
    "6": {
      "n": 100,
      "em": 0.43,
      "f1": 0.5416269841269841,
      "containment": 0.51,
      "latency_ms": 752.2149443626404,
      "context_chars": 3833.72
    }
  }
}