{
  "shard_index": 3,
  "shard_count": 37,
  "summary": {
    "0": {
      "n": 100,
      "em": 0.38,
      "f1": 0.4834047619047617,
      "containment": 0.48,
      "latency_ms": 537.1826529502869,
      "context_chars": 0.0
    },
    "1": {
      "n": 100,
      "em": 0.29,
      "f1": 0.36229365079365083,
      "containment": 0.34,
      "latency_ms": 716.722104549408,
      "context_chars": 636.31
    },
    "2": {
      "n": 100,
      "em": 0.34,
      "f1": 0.41093650793650793,
      "containment": 0.41,
      "latency_ms": 734.9331736564636,
      "context_chars": 1275.37
    },
    "3": {
      "n": 100,
      "em": 0.31,
      "f1": 0.4037936507936507,
      "containment": 0.4,
      "latency_ms": 715.561785697937,
      "context_chars": 1922.32
    },
    "4": {
      "n": 100,
      "em": 0.34,
      "f1": 0.4538468720821662,
      "containment": 0.44,
      "latency_ms": 744.7283983230591,
      "context_chars": 2559.89
    },
    "5": {
      "n": 100,
      "em": 0.36,
      "f1": 0.4788023088023087,
      "containment": 0.49,
      "latency_ms": 791.6279101371765,
      "context_chars": 3205.08
    },
    "6": {
      "n": 100,
      "em": 0.37,
      "f1": 0.4904841269841269,
      "containment": 0.49,
      "latency_ms": 748.9210438728333,
      "context_chars": 3838.52
    }
  }
}