{
  "shard_index": 27,
  "shard_count": 37,
  "summary": {
    "0": {
      "n": 100,
      "em": 0.36,
      "f1": 0.4699285714285714,
      "containment": 0.38,
      "latency_ms": 329.0688920021057,
      "context_chars": 0.0
    },
    "1": {
      "n": 100,
      "em": 0.34,
      "f1": 0.412015873015873,
      "containment": 0.37,
      "latency_ms": 543.7491607666016,
      "context_chars": 637.83
    },
    "2": {
      "n": 100,
      "em": 0.37,
      "f1": 0.4721825396825397,
      "containment": 0.37,
      "latency_ms": 552.0592474937439,
      "context_chars": 1277.01
    },
    "3": {
      "n": 100,
      "em": 0.44,
      "f1": 0.541015873015873,
      "containment": 0.45,
      "latency_ms": 567.0474696159363,
      "context_chars": 1911.12
    },
    "4": {
      "n": 100,
      "em": 0.44,
      "f1": 0.5302356532356531,
      "containment": 0.44,
      "latency_ms": 575.584237575531,
      "context_chars": 2546.69
    },
    "5": {
      "n": 100,
      "em": 0.43,
      "f1": 0.5191587301587302,
      "containment": 0.43,
      "latency_ms": 578.2133316993713,
      "context_chars": 3181.51
    },
    "6": {
      "n": 100,
      "em": 0.43,
      "f1": 0.5218253968253967,
      "containment": 0.44,
      "latency_ms": 576.4828300476074,
      "context_chars": 3813.73
    }
  }
}