{
  "shard_index": 10,
  "shard_count": 37,
  "summary": {
    "0": {
      "n": 100,
      "em": 0.38,
      "f1": 0.4854963369963369,
      "containment": 0.36,
      "latency_ms": 523.4587502479553,
      "context_chars": 0.0
    },
    "1": {
      "n": 100,
      "em": 0.39,
      "f1": 0.4607560568086883,
      "containment": 0.42,
      "latency_ms": 816.7656922340393,
      "context_chars": 635.87
    },
    "2": {
      "n": 100,
      "em": 0.44,
      "f1": 0.49786716791979946,
      "containment": 0.46,
      "latency_ms": 765.8362054824829,
      "context_chars": 1279.04
    },
    "3": {
      "n": 100,
      "em": 0.44,
      "f1": 0.5074862155388471,
      "containment": 0.48,
      "latency_ms": 789.2577123641968,
      "context_chars": 1920.13
    },
    "4": {
      "n": 100,
      "em": 0.44,
      "f1": 0.5298671679197995,
      "containment": 0.48,
      "latency_ms": 805.4574394226074,
      "context_chars": 2559.9
    },
    "5": {
      "n": 100,
      "em": 0.45,
      "f1": 0.5493195488721804,
      "containment": 0.5,
      "latency_ms": 795.2557444572449,
      "context_chars": 3200.47
    },
    "6": {
      "n": 100,
      "em": 0.48,
      "f1": 0.5654730158730158,
      "containment": 0.51,
      "latency_ms": 804.8552680015564,
      "context_chars": 3838.57
    }
  }
}