{
  "shard_index": 33,
  "shard_count": 37,
  "summary": {
    "0": {
      "n": 100,
      "em": 0.39,
      "f1": 0.49869047619047613,
      "containment": 0.4,
      "latency_ms": 364.03345108032227,
      "context_chars": 0.0
    },
    "1": {
      "n": 100,
      "em": 0.25,
      "f1": 0.34216868709206166,
      "containment": 0.25,
      "latency_ms": 608.4334349632263,
      "context_chars": 636.0
    },
    "2": {
      "n": 100,
      "em": 0.34,
      "f1": 0.4481463585434174,
      "containment": 0.36,
      "latency_ms": 575.3319907188416,
      "context_chars": 1275.0
    },
    "3": {
      "n": 100,
      "em": 0.37,
      "f1": 0.4913606442577031,
      "containment": 0.38,
      "latency_ms": 571.6845202445984,
      "context_chars": 1913.4
    },
    "4": {
      "n": 100,
      "em": 0.39,
      "f1": 0.501860644257703,
      "containment": 0.38,
      "latency_ms": 585.4126191139221,
      "context_chars": 2549.7
    },
    "5": {
      "n": 100,
      "em": 0.37,
      "f1": 0.4854717553688142,
      "containment": 0.36,
      "latency_ms": 604.8350143432617,
      "context_chars": 3188.17
    },
    "6": {
      "n": 100,
      "em": 0.4,
      "f1": 0.5022773109243697,
      "containment": 0.38,
      "latency_ms": 591.7227816581726,
      "context_chars": 3832.13
    }
  }
}