{
  "shard_index": 21,
  "shard_count": 37,
  "summary": {
    "0": {
      "n": 100,
      "em": 0.39,
      "f1": 0.46892857142857136,
      "containment": 0.42,
      "latency_ms": 530.178587436676,
      "context_chars": 0.0
    },
    "1": {
      "n": 100,
      "em": 0.28,
      "f1": 0.37079365079365073,
      "containment": 0.32,
      "latency_ms": 744.4617700576782,
      "context_chars": 626.33
    },
    "2": {
      "n": 100,
      "em": 0.36,
      "f1": 0.4518196248196248,
      "containment": 0.4,
      "latency_ms": 754.2303800582886,
      "context_chars": 1261.53
    },
    "3": {
      "n": 100,
      "em": 0.4,
      "f1": 0.48485930735930727,
      "containment": 0.44,
      "latency_ms": 794.0970540046692,
      "context_chars": 1893.51
    },
    "4": {
      "n": 100,
      "em": 0.4,
      "f1": 0.48177994227994225,
      "containment": 0.45,
      "latency_ms": 783.3694100379944,
      "context_chars": 2531.38
    },
    "5": {
      "n": 100,
      "em": 0.41,
      "f1": 0.5000497835497836,
      "containment": 0.45,
      "latency_ms": 757.9113864898682,
      "context_chars": 3165.84
    },
    "6": {
      "n": 100,
      "em": 0.45,
      "f1": 0.5396688311688311,
      "containment": 0.49,
      "latency_ms": 753.1377506256104,
      "context_chars": 3799.44
    }
  }
}