{
  "shard_index": 11,
  "shard_count": 37,
  "summary": {
    "0": {
      "n": 100,
      "em": 0.4,
      "f1": 0.5027467532467533,
      "containment": 0.45,
      "latency_ms": 551.9257044792175,
      "context_chars": 0.0
    },
    "1": {
      "n": 100,
      "em": 0.4,
      "f1": 0.4647077922077921,
      "containment": 0.44,
      "latency_ms": 779.666690826416,
      "context_chars": 639.81
    },
    "2": {
      "n": 100,
      "em": 0.41,
      "f1": 0.4917460317460317,
      "containment": 0.47,
      "latency_ms": 774.6068644523621,
      "context_chars": 1276.2
    },
    "3": {
      "n": 100,
      "em": 0.51,
      "f1": 0.5804807987711214,
      "containment": 0.56,
      "latency_ms": 829.1503190994263,
      "context_chars": 1917.02
    },
    "4": {
      "n": 100,
      "em": 0.48,
      "f1": 0.5803626373626373,
      "containment": 0.58,
      "latency_ms": 850.0512766838074,
      "context_chars": 2558.69
    },
    "5": {
      "n": 100,
      "em": 0.5,
      "f1": 0.5883809523809522,
      "containment": 0.56,
      "latency_ms": 818.2605791091919,
      "context_chars": 3199.66
    },
    "6": {
      "n": 100,
      "em": 0.47,
      "f1": 0.5798744588744588,
      "containment": 0.56,
      "latency_ms": 826.2332463264465,
      "context_chars": 3836.53
    }
  }
}