{
  "shard_index": 12,
  "shard_count": 37,
  "summary": {
    "0": {
      "n": 100,
      "em": 0.44,
      "f1": 0.5755476190476189,
      "containment": 0.53,
      "latency_ms": 505.98060846328735,
      "context_chars": 0.0
    },
    "1": {
      "n": 100,
      "em": 0.34,
      "f1": 0.47732417582417574,
      "containment": 0.44,
      "latency_ms": 769.215452671051,
      "context_chars": 634.58
    },
    "2": {
      "n": 100,
      "em": 0.37,
      "f1": 0.5047460317460317,
      "containment": 0.48,
      "latency_ms": 768.8142347335815,
      "context_chars": 1272.03
    },
    "3": {
      "n": 100,
      "em": 0.36,
      "f1": 0.4934920634920634,
      "containment": 0.49,
      "latency_ms": 746.3847470283508,
      "context_chars": 1911.17
    },
    "4": {
      "n": 100,
      "em": 0.4,
      "f1": 0.5324920634920633,
      "containment": 0.52,
      "latency_ms": 735.7914543151855,
      "context_chars": 2552.47
    },
    "5": {
      "n": 100,
      "em": 0.38,
      "f1": 0.5278253968253966,
      "containment": 0.52,
      "latency_ms": 742.648720741272,
      "context_chars": 3195.63
    },
    "6": {
      "n": 100,
      "em": 0.41,
      "f1": 0.5454920634920633,
      "containment": 0.53,
      "latency_ms": 743.5597372055054,
      "context_chars": 3832.86
    }
  }
}