{
  "shard_index": 0,
  "shard_count": 37,
  "summary": {
    "0": {
      "n": 100,
      "em": 0.29,
      "f1": 0.46684920634920624,
      "containment": 0.39,
      "latency_ms": 591.845371723175,
      "context_chars": 0.0
    },
    "1": {
      "n": 100,
      "em": 0.22,
      "f1": 0.35984920634920636,
      "containment": 0.29,
      "latency_ms": 818.7641525268555,
      "context_chars": 636.5
    },
    "2": {
      "n": 100,
      "em": 0.25,
      "f1": 0.4026666666666667,
      "containment": 0.33,
      "latency_ms": 825.7792782783508,
      "context_chars": 1274.88
    },
    "3": {
      "n": 100,
      "em": 0.28,
      "f1": 0.44766666666666666,
      "containment": 0.36,
      "latency_ms": 832.1187901496887,
      "context_chars": 1921.09
    },
    "4": {
      "n": 100,
      "em": 0.3,
      "f1": 0.47652380952380946,
      "containment": 0.4,
      "latency_ms": 809.8559761047363,
      "context_chars": 2560.62
    },
    "5": {
      "n": 100,
      "em": 0.31,
      "f1": 0.4916031746031745,
      "containment": 0.42,
      "latency_ms": 786.078987121582,
      "context_chars": 3200.54
    },
    "6": {
      "n": 100,
      "em": 0.27,
      "f1": 0.46495382395382395,
      "containment": 0.39,
      "latency_ms": 787.4046325683594,
      "context_chars": 3834.69
    }
  }
}