{
  "shard_index": 30,
  "shard_count": 37,
  "summary": {
    "0": {
      "n": 100,
      "em": 0.41,
      "f1": 0.5428203463203464,
      "containment": 0.46,
      "latency_ms": 354.74271297454834,
      "context_chars": 0.0
    },
    "1": {
      "n": 100,
      "em": 0.39,
      "f1": 0.44562049062049064,
      "containment": 0.41,
      "latency_ms": 575.6815576553345,
      "context_chars": 642.56
    },
    "2": {
      "n": 100,
      "em": 0.41,
      "f1": 0.5027936507936507,
      "containment": 0.46,
      "latency_ms": 613.2675194740295,
      "context_chars": 1292.16
    },
    "3": {
      "n": 100,
      "em": 0.46,
      "f1": 0.5712753357753355,
      "containment": 0.5,
      "latency_ms": 580.9261703491211,
      "context_chars": 1935.56
    },
    "4": {
      "n": 100,
      "em": 0.5,
      "f1": 0.5959761904761902,
      "containment": 0.53,
      "latency_ms": 573.9972305297852,
      "context_chars": 2577.37
    },
    "5": {
      "n": 100,
      "em": 0.47,
      "f1": 0.5755793650793649,
      "containment": 0.5,
      "latency_ms": 576.7153191566467,
      "context_chars": 3224.31
    },
    "6": {
      "n": 100,
      "em": 0.46,
      "f1": 0.5795793650793649,
      "containment": 0.5,
      "latency_ms": 592.4442172050476,
      "context_chars": 3862.87
    }
  }
}