{
  "shard_index": 29,
  "shard_count": 37,
  "summary": {
    "0": {
      "n": 100,
      "em": 0.3,
      "f1": 0.4542381579772885,
      "containment": 0.35,
      "latency_ms": 356.31996870040894,
      "context_chars": 0.0
    },
    "1": {
      "n": 100,
      "em": 0.28,
      "f1": 0.4198095238095237,
      "containment": 0.37,
      "latency_ms": 564.1040372848511,
      "context_chars": 640.13
    },
    "2": {
      "n": 100,
      "em": 0.36,
      "f1": 0.501234432234432,
      "containment": 0.44,
      "latency_ms": 568.6834692955017,
      "context_chars": 1291.65
    },
    "3": {
      "n": 100,
      "em": 0.38,
      "f1": 0.5154973721930243,
      "containment": 0.44,
      "latency_ms": 581.214542388916,
      "context_chars": 1936.31
    },
    "4": {
      "n": 100,
      "em": 0.37,
      "f1": 0.533202686202686,
      "containment": 0.45,
      "latency_ms": 579.981575012207,
      "context_chars": 2583.33
    },
    "5": {
      "n": 100,
      "em": 0.4,
      "f1": 0.5520915750915748,
      "containment": 0.48,
      "latency_ms": 581.6618180274963,
      "context_chars": 3222.06
    },
    "6": {
      "n": 100,
      "em": 0.38,
      "f1": 0.5268614163614163,
      "containment": 0.46,
      "latency_ms": 585.8958506584167,
      "context_chars": 3870.87
    }
  }
}