{
  "shard_index": 20,
  "shard_count": 37,
  "summary": {
    "0": {
      "n": 100,
      "em": 0.34,
      "f1": 0.4237991452991453,
      "containment": 0.37,
      "latency_ms": 547.8967666625977,
      "context_chars": 0.0
    },
    "1": {
      "n": 100,
      "em": 0.38,
      "f1": 0.46359373959373956,
      "containment": 0.41,
      "latency_ms": 721.4827561378479,
      "context_chars": 637.39
    },
    "2": {
      "n": 100,
      "em": 0.4,
      "f1": 0.4907720057720057,
      "containment": 0.42,
      "latency_ms": 747.4781775474548,
      "context_chars": 1273.82
    },
    "3": {
      "n": 100,
      "em": 0.42,
      "f1": 0.5061904761904761,
      "containment": 0.44,
      "latency_ms": 785.3829598426819,
      "context_chars": 1914.68
    },
    "4": {
      "n": 100,
      "em": 0.47,
      "f1": 0.5578888888888889,
      "containment": 0.47,
      "latency_ms": 756.4756321907043,
      "context_chars": 2560.12
    },
    "5": {
      "n": 100,
      "em": 0.45,
      "f1": 0.5524126984126984,
      "containment": 0.47,
      "latency_ms": 754.3976449966431,
      "context_chars": 3195.56
    },
    "6": {
      "n": 100,
      "em": 0.47,
      "f1": 0.5630793650793651,
      "containment": 0.48,
      "latency_ms": 772.5123047828674,
      "context_chars": 3838.84
    }
  }
}