{
  "shard_index": 4,
  "shard_count": 37,
  "summary": {
    "0": {
      "n": 100,
      "em": 0.4,
      "f1": 0.5078721804511277,
      "containment": 0.46,
      "latency_ms": 567.2841382026672,
      "context_chars": 0.0
    },
    "1": {
      "n": 100,
      "em": 0.21,
      "f1": 0.3121587301587302,
      "containment": 0.28,
      "latency_ms": 777.566385269165,
      "context_chars": 642.15
    },
    "2": {
      "n": 100,
      "em": 0.23,
      "f1": 0.34163492063492074,
      "containment": 0.33,
      "latency_ms": 787.3743772506714,
      "context_chars": 1275.79
    },
    "3": {
      "n": 100,
      "em": 0.32,
      "f1": 0.4462857142857142,
      "containment": 0.43,
      "latency_ms": 790.9282326698303,
      "context_chars": 1907.6
    },
    "4": {
      "n": 100,
      "em": 0.33,
      "f1": 0.43388805346700077,
      "containment": 0.45,
      "latency_ms": 855.1489591598511,
      "context_chars": 2544.73
    },
    "5": {
      "n": 100,
      "em": 0.38,
      "f1": 0.48455472013366746,
      "containment": 0.49,
      "latency_ms": 847.987232208252,
      "context_chars": 3189.03
    },
    "6": {
      "n": 100,
      "em": 0.37,
      "f1": 0.4723007518796992,
      "containment": 0.49,
      "latency_ms": 872.5224304199219,
      "context_chars": 3832.54
    }
  }
}