{
  "shard_index": 14,
  "shard_count": 37,
  "summary": {
    "0": {
      "n": 100,
      "em": 0.38,
      "f1": 0.4928809523809523,
      "containment": 0.4,
      "latency_ms": 468.8388514518738,
      "context_chars": 0.0
    },
    "1": {
      "n": 100,
      "em": 0.25,
      "f1": 0.3591984126984127,
      "containment": 0.29,
      "latency_ms": 757.6046133041382,
      "context_chars": 638.3
    },
    "2": {
      "n": 100,
      "em": 0.36,
      "f1": 0.4504047619047619,
      "containment": 0.39,
      "latency_ms": 762.450954914093,
      "context_chars": 1277.53
    },
    "3": {
      "n": 100,
      "em": 0.37,
      "f1": 0.4807849062702003,
      "containment": 0.42,
      "latency_ms": 760.3258275985718,
      "context_chars": 1926.03
    },
    "4": {
      "n": 100,
      "em": 0.4,
      "f1": 0.510201572936867,
      "containment": 0.45,
      "latency_ms": 752.5484037399292,
      "context_chars": 2570.57
    },
    "5": {
      "n": 100,
      "em": 0.4,
      "f1": 0.5062015729368671,
      "containment": 0.44,
      "latency_ms": 769.4903612136841,
      "context_chars": 3210.47
    },
    "6": {
      "n": 100,
      "em": 0.41,
      "f1": 0.519201572936867,
      "containment": 0.45,
      "latency_ms": 784.4579339027405,
      "context_chars": 3850.3
    }
  }
}