{
  "shard_index": 34,
  "shard_count": 37,
  "summary": {
    "0": {
      "n": 100,
      "em": 0.3,
      "f1": 0.41334920634920636,
      "containment": 0.33,
      "latency_ms": 338.899507522583,
      "context_chars": 0.0
    },
    "1": {
      "n": 100,
      "em": 0.26,
      "f1": 0.3624855699855701,
      "containment": 0.3,
      "latency_ms": 583.0186939239502,
      "context_chars": 641.94
    },
    "2": {
      "n": 100,
      "em": 0.33,
      "f1": 0.43234054834054836,
      "containment": 0.37,
      "latency_ms": 608.1888127326965,
      "context_chars": 1280.62
    },
    "3": {
      "n": 100,
      "em": 0.43,
      "f1": 0.536949494949495,
      "containment": 0.47,
      "latency_ms": 586.0846018791199,
      "context_chars": 1919.76
    },
    "4": {
      "n": 100,
      "em": 0.41,
      "f1": 0.5199494949494949,
      "containment": 0.46,
      "latency_ms": 598.8975524902344,
      "context_chars": 2562.8
    },
    "5": {
      "n": 100,
      "em": 0.4,
      "f1": 0.5136161616161616,
      "containment": 0.48,
      "latency_ms": 606.9949316978455,
      "context_chars": 3204.26
    },
    "6": {
      "n": 100,
      "em": 0.42,
      "f1": 0.5202471972471971,
      "containment": 0.48,
      "latency_ms": 590.5618476867676,
      "context_chars": 3850.29
    }
  }
}