{
  "shard_index": 2,
  "shard_count": 37,
  "summary": {
    "0": {
      "n": 100,
      "em": 0.39,
      "f1": 0.5216245421245419,
      "containment": 0.48,
      "latency_ms": 527.8940629959106,
      "context_chars": 0.0
    },
    "1": {
      "n": 100,
      "em": 0.26,
      "f1": 0.3479285714285714,
      "containment": 0.3,
      "latency_ms": 725.5704164505005,
      "context_chars": 631.26
    },
    "2": {
      "n": 100,
      "em": 0.27,
      "f1": 0.3618174603174603,
      "containment": 0.33,
      "latency_ms": 784.9699544906616,
      "context_chars": 1265.58
    },
    "3": {
      "n": 100,
      "em": 0.3,
      "f1": 0.41181746031746025,
      "containment": 0.37,
      "latency_ms": 760.7391977310181,
      "context_chars": 1896.38
    },
    "4": {
      "n": 100,
      "em": 0.3,
      "f1": 0.4159603174603174,
      "containment": 0.38,
      "latency_ms": 821.3279438018799,
      "context_chars": 2537.81
    },
    "5": {
      "n": 100,
      "em": 0.35,
      "f1": 0.4652936507936507,
      "containment": 0.43,
      "latency_ms": 784.3979382514954,
      "context_chars": 3174.03
    },
    "6": {
      "n": 100,
      "em": 0.35,
      "f1": 0.47634920634920624,
      "containment": 0.45,
      "latency_ms": 842.6023197174072,
      "context_chars": 3809.38
    }
  }
}