{
  "shard_index": 25,
  "shard_count": 37,
  "summary": {
    "0": {
      "n": 100,
      "em": 0.37,
      "f1": 0.4879523809523809,
      "containment": 0.42,
      "latency_ms": 323.43170166015625,
      "context_chars": 0.0
    },
    "1": {
      "n": 100,
      "em": 0.39,
      "f1": 0.45891774891774895,
      "containment": 0.43,
      "latency_ms": 538.9159202575684,
      "context_chars": 639.04
    },
    "2": {
      "n": 100,
      "em": 0.41,
      "f1": 0.48108441558441556,
      "containment": 0.45,
      "latency_ms": 548.6028981208801,
      "context_chars": 1279.79
    },
    "3": {
      "n": 100,
      "em": 0.38,
      "f1": 0.4608939393939394,
      "containment": 0.43,
      "latency_ms": 564.5930910110474,
      "context_chars": 1913.3
    },
    "4": {
      "n": 100,
      "em": 0.39,
      "f1": 0.46422727272727277,
      "containment": 0.44,
      "latency_ms": 584.9992609024048,
      "context_chars": 2556.34
    },
    "5": {
      "n": 100,
      "em": 0.43,
      "f1": 0.507525974025974,
      "containment": 0.48,
      "latency_ms": 581.0045766830444,
      "context_chars": 3191.28
    },
    "6": {
      "n": 100,
      "em": 0.44,
      "f1": 0.5164595404595405,
      "containment": 0.49,
      "latency_ms": 592.4161887168884,
      "context_chars": 3829.07
    }
  }
}