{
  "shard_index": 8,
  "shard_count": 37,
  "summary": {
    "0": {
      "n": 100,
      "em": 0.32,
      "f1": 0.4396904761904761,
      "containment": 0.39,
      "latency_ms": 781.2586307525635,
      "context_chars": 0.0
    },
    "1": {
      "n": 100,
      "em": 0.23,
      "f1": 0.3286111111111111,
      "containment": 0.23,
      "latency_ms": 753.5252213478088,
      "context_chars": 635.85
    },
    "2": {
      "n": 100,
      "em": 0.27,
      "f1": 0.3884206349206349,
      "containment": 0.3,
      "latency_ms": 776.2047672271729,
      "context_chars": 1276.8
    },
    "3": {
      "n": 100,
      "em": 0.31,
      "f1": 0.4104444444444444,
      "containment": 0.32,
      "latency_ms": 772.9079103469849,
      "context_chars": 1912.99
    },
    "4": {
      "n": 100,
      "em": 0.29,
      "f1": 0.40761111111111104,
      "containment": 0.32,
      "latency_ms": 797.629964351654,
      "context_chars": 2557.47
    },
    "5": {
      "n": 100,
      "em": 0.31,
      "f1": 0.417611111111111,
      "containment": 0.35,
      "latency_ms": 785.1680278778076,
      "context_chars": 3197.27
    },
    "6": {
      "n": 100,
      "em": 0.33,
      "f1": 0.42818771751124685,
      "containment": 0.36,
      "latency_ms": 817.0815992355347,
      "context_chars": 3837.98
    }
  }
}