{
  "shard_index": 19,
  "shard_count": 37,
  "summary": {
    "0": {
      "n": 100,
      "em": 0.3,
      "f1": 0.3997187812187811,
      "containment": 0.35,
      "latency_ms": 638.1538033485413,
      "context_chars": 0.0
    },
    "1": {
      "n": 100,
      "em": 0.32,
      "f1": 0.3893809523809524,
      "containment": 0.33,
      "latency_ms": 791.0009431838989,
      "context_chars": 634.99
    },
    "2": {
      "n": 100,
      "em": 0.31,
      "f1": 0.3985505226480835,
      "containment": 0.37,
      "latency_ms": 992.0792531967163,
      "context_chars": 1269.92
    },
    "3": {
      "n": 100,
      "em": 0.35,
      "f1": 0.4527857142857141,
      "containment": 0.41,
      "latency_ms": 825.9372735023499,
      "context_chars": 1909.03
    },
    "4": {
      "n": 100,
      "em": 0.36,
      "f1": 0.4442619047619046,
      "containment": 0.41,
      "latency_ms": 813.5986471176147,
      "context_chars": 2546.46
    },
    "5": {
      "n": 100,
      "em": 0.37,
      "f1": 0.46574310776942335,
      "containment": 0.41,
      "latency_ms": 807.6087522506714,
      "context_chars": 3177.99
    },
    "6": {
      "n": 100,
      "em": 0.37,
      "f1": 0.4704505494505493,
      "containment": 0.41,
      "latency_ms": 823.6690258979797,
      "context_chars": 3818.23
    }
  }
}