{
  "shard_index": 24,
  "shard_count": 37,
  "summary": {
    "0": {
      "n": 100,
      "em": 0.21,
      "f1": 0.36628571428571427,
      "containment": 0.34,
      "latency_ms": 293.49390745162964,
      "context_chars": 0.0
    },
    "1": {
      "n": 100,
      "em": 0.24,
      "f1": 0.3292409812409812,
      "containment": 0.32,
      "latency_ms": 554.9288439750671,
      "context_chars": 640.05
    },
    "2": {
      "n": 100,
      "em": 0.25,
      "f1": 0.35305772005772,
      "containment": 0.32,
      "latency_ms": 537.8970503807068,
      "context_chars": 1279.61
    },
    "3": {
      "n": 100,
      "em": 0.28,
      "f1": 0.36944871794871786,
      "containment": 0.35,
      "latency_ms": 557.8059124946594,
      "context_chars": 1920.76
    },
    "4": {
      "n": 100,
      "em": 0.28,
      "f1": 0.3749963369963369,
      "containment": 0.34,
      "latency_ms": 552.5407195091248,
      "context_chars": 2569.18
    },
    "5": {
      "n": 100,
      "em": 0.28,
      "f1": 0.3824236874236873,
      "containment": 0.35,
      "latency_ms": 552.0005750656128,
      "context_chars": 3211.46
    },
    "6": {
      "n": 100,
      "em": 0.31,
      "f1": 0.39752808302808296,
      "containment": 0.36,
      "latency_ms": 540.3836417198181,
      "context_chars": 3854.03
    }
  }
}