{
  "shard_index": 1,
  "shard_count": 37,
  "summary": {
    "0": {
      "n": 100,
      "em": 0.34,
      "f1": 0.4461666666666666,
      "containment": 0.38,
      "latency_ms": 797.6012396812439,
      "context_chars": 0.0
    },
    "1": {
      "n": 100,
      "em": 0.23,
      "f1": 0.32724999999999993,
      "containment": 0.29,
      "latency_ms": 1110.3204202651978,
      "context_chars": 630.88
    },
    "2": {
      "n": 100,
      "em": 0.26,
      "f1": 0.3561468253968254,
      "containment": 0.31,
      "latency_ms": 1149.428858757019,
      "context_chars": 1265.94
    },
    "3": {
      "n": 100,
      "em": 0.36,
      "f1": 0.4516468253968254,
      "containment": 0.4,
      "latency_ms": 1176.5075421333313,
      "context_chars": 1904.5
    },
    "4": {
      "n": 100,
      "em": 0.37,
      "f1": 0.45764682539682533,
      "containment": 0.41,
      "latency_ms": 1154.774603843689,
      "context_chars": 2541.34
    },
    "5": {
      "n": 100,
      "em": 0.39,
      "f1": 0.4848690476190476,
      "containment": 0.45,
      "latency_ms": 1210.3969144821167,
      "context_chars": 3174.9
    },
    "6": {
      "n": 100,
      "em": 0.39,
      "f1": 0.4948690476190476,
      "containment": 0.45,
      "latency_ms": 1238.5640144348145,
      "context_chars": 3813.25
    }
  }
}