{
  "shard_index": 3,
  "shard_count": 37,
  "summary": {
    "0": {
      "n": 100,
      "em": 0.38,
      "f1": 0.4834047619047617,
      "containment": 0.48,
      "latency_ms": 931.6559267044067,
      "context_chars": 0.0
    },
    "1": {
      "n": 100,
      "em": 0.26,
      "f1": 0.31660317460317455,
      "containment": 0.3,
      "latency_ms": 1080.9124302864075,
      "context_chars": 635.37
    },
    "2": {
      "n": 100,
      "em": 0.26,
      "f1": 0.32888888888888884,
      "containment": 0.31,
      "latency_ms": 1063.5632014274597,
      "context_chars": 1283.54
    },
    "3": {
      "n": 100,
      "em": 0.32,
      "f1": 0.38888888888888884,
      "containment": 0.36,
      "latency_ms": 1089.4613409042358,
      "context_chars": 1920.34
    },
    "4": {
      "n": 100,
      "em": 0.35,
      "f1": 0.42926984126984125,
      "containment": 0.41,
      "latency_ms": 1108.850598335266,
      "context_chars": 2562.14
    },
    "5": {
      "n": 100,
      "em": 0.33,
      "f1": 0.41422222222222227,
      "containment": 0.39,
      "latency_ms": 1085.6046080589294,
      "context_chars": 3195.9
    },
    "6": {
      "n": 100,
      "em": 0.32,
      "f1": 0.4172698412698413,
      "containment": 0.39,
      "latency_ms": 1135.9147596359253,
      "context_chars": 3842.68
    }
  }
}