{
  "shard_index": 25,
  "shard_count": 37,
  "summary": {
    "0": {
      "n": 100,
      "em": 0.37,
      "f1": 0.49061904761904757,
      "containment": 0.43,
      "latency_ms": 898.737006187439,
      "context_chars": 0.0
    },
    "1": {
      "n": 100,
      "em": 0.35,
      "f1": 0.3935815295815296,
      "containment": 0.4,
      "latency_ms": 1120.8677768707275,
      "context_chars": 639.27
    },
    "2": {
      "n": 100,
      "em": 0.36,
      "f1": 0.39980375180375183,
      "containment": 0.41,
      "latency_ms": 1081.5836358070374,
      "context_chars": 1284.12
    },
    "3": {
      "n": 100,
      "em": 0.37,
      "f1": 0.4189704184704185,
      "containment": 0.43,
      "latency_ms": 1058.7131023406982,
      "context_chars": 1927.19
    },
    "4": {
      "n": 100,
      "em": 0.39,
      "f1": 0.4614884004884005,
      "containment": 0.46,
      "latency_ms": 1142.116310596466,
      "context_chars": 2560.49
    },
    "5": {
      "n": 100,
      "em": 0.39,
      "f1": 0.44808580308580304,
      "containment": 0.46,
      "latency_ms": 1219.3584561347961,
      "context_chars": 3203.68
    },
    "6": {
      "n": 100,
      "em": 0.37,
      "f1": 0.4287662337662337,
      "containment": 0.44,
      "latency_ms": 1228.7547636032104,
      "context_chars": 3848.52
    }
  }
}