{
  "shard_index": 29,
  "shard_count": 37,
  "summary": {
    "0": {
      "n": 100,
      "em": 0.31,
      "f1": 0.4590159357550662,
      "containment": 0.36,
      "latency_ms": 900.2823758125305,
      "context_chars": 0.0
    },
    "1": {
      "n": 100,
      "em": 0.21,
      "f1": 0.26742857142857146,
      "containment": 0.24,
      "latency_ms": 1053.3517980575562,
      "context_chars": 639.77
    },
    "2": {
      "n": 100,
      "em": 0.25,
      "f1": 0.33865079365079365,
      "containment": 0.27,
      "latency_ms": 1130.0962591171265,
      "context_chars": 1279.44
    },
    "3": {
      "n": 100,
      "em": 0.28,
      "f1": 0.39042857142857135,
      "containment": 0.31,
      "latency_ms": 1153.8142371177673,
      "context_chars": 1920.72
    },
    "4": {
      "n": 100,
      "em": 0.29,
      "f1": 0.4168730158730158,
      "containment": 0.32,
      "latency_ms": 1183.2128167152405,
      "context_chars": 2561.97
    },
    "5": {
      "n": 100,
      "em": 0.28,
      "f1": 0.43817604617604616,
      "containment": 0.32,
      "latency_ms": 1167.32488155365,
      "context_chars": 3202.15
    },
    "6": {
      "n": 100,
      "em": 0.3,
      "f1": 0.4403665223665223,
      "containment": 0.34,
      "latency_ms": 1176.8405389785767,
      "context_chars": 3843.43
    }
  }
}