{
  "shard_index": 30,
  "shard_count": 37,
  "summary": {
    "0": {
      "n": 100,
      "em": 0.41,
      "f1": 0.5380757575757577,
      "containment": 0.45,
      "latency_ms": 968.9955186843872,
      "context_chars": 0.0
    },
    "1": {
      "n": 100,
      "em": 0.31,
      "f1": 0.349047619047619,
      "containment": 0.32,
      "latency_ms": 1058.499252796173,
      "context_chars": 634.1
    },
    "2": {
      "n": 100,
      "em": 0.38,
      "f1": 0.4249523809523809,
      "containment": 0.39,
      "latency_ms": 1041.5210223197937,
      "context_chars": 1273.77
    },
    "3": {
      "n": 100,
      "em": 0.44,
      "f1": 0.491952380952381,
      "containment": 0.43,
      "latency_ms": 1043.7642359733582,
      "context_chars": 1918.69
    },
    "4": {
      "n": 100,
      "em": 0.48,
      "f1": 0.5573333333333332,
      "containment": 0.49,
      "latency_ms": 1117.9073596000671,
      "context_chars": 2561.95
    },
    "5": {
      "n": 100,
      "em": 0.46,
      "f1": 0.5589999999999999,
      "containment": 0.48,
      "latency_ms": 1085.1931858062744,
      "context_chars": 3208.95
    },
    "6": {
      "n": 100,
      "em": 0.43,
      "f1": 0.5431904761904761,
      "containment": 0.47,
      "latency_ms": 1117.4396467208862,
      "context_chars": 3848.02
    }
  }
}