{
  "shard_index": 26,
  "shard_count": 37,
  "summary": {
    "0": {
      "n": 100,
      "em": 0.34,
      "f1": 0.4583744588744588,
      "containment": 0.4,
      "latency_ms": 915.7462477684021,
      "context_chars": 0.0
    },
    "1": {
      "n": 100,
      "em": 0.18,
      "f1": 0.24138961038961035,
      "containment": 0.2,
      "latency_ms": 1082.5130200386047,
      "context_chars": 637.46
    },
    "2": {
      "n": 100,
      "em": 0.2,
      "f1": 0.2873650793650794,
      "containment": 0.25,
      "latency_ms": 1129.2713904380798,
      "context_chars": 1276.91
    },
    "3": {
      "n": 100,
      "em": 0.26,
      "f1": 0.3431746031746032,
      "containment": 0.3,
      "latency_ms": 1118.3026361465454,
      "context_chars": 1918.81
    },
    "4": {
      "n": 100,
      "em": 0.28,
      "f1": 0.3926666666666666,
      "containment": 0.34,
      "latency_ms": 1143.662190437317,
      "context_chars": 2562.9
    },
    "5": {
      "n": 100,
      "em": 0.3,
      "f1": 0.40088596491228073,
      "containment": 0.36,
      "latency_ms": 1157.276599407196,
      "context_chars": 3204.22
    },
    "6": {
      "n": 100,
      "em": 0.32,
      "f1": 0.4519307359307359,
      "containment": 0.39,
      "latency_ms": 1158.2638573646545,
      "context_chars": 3845.41
    }
  }
}