{
  "shard_index": 2,
  "shard_count": 37,
  "summary": {
    "0": {
      "n": 100,
      "em": 0.38,
      "f1": 0.5207912087912087,
      "containment": 0.48,
      "latency_ms": 869.838457107544,
      "context_chars": 0.0
    },
    "1": {
      "n": 100,
      "em": 0.17,
      "f1": 0.22821428571428573,
      "containment": 0.2,
      "latency_ms": 1017.2092008590698,
      "context_chars": 629.29
    },
    "2": {
      "n": 100,
      "em": 0.21,
      "f1": 0.280496336996337,
      "containment": 0.27,
      "latency_ms": 1100.6221175193787,
      "context_chars": 1262.86
    },
    "3": {
      "n": 100,
      "em": 0.25,
      "f1": 0.3248809523809524,
      "containment": 0.3,
      "latency_ms": 1159.7768306732178,
      "context_chars": 1897.61
    },
    "4": {
      "n": 100,
      "em": 0.24,
      "f1": 0.33622438672438676,
      "containment": 0.33,
      "latency_ms": 1168.9164447784424,
      "context_chars": 2526.08
    },
    "5": {
      "n": 100,
      "em": 0.24,
      "f1": 0.33144660894660893,
      "containment": 0.32,
      "latency_ms": 1181.9705557823181,
      "context_chars": 3158.06
    },
    "6": {
      "n": 100,
      "em": 0.29,
      "f1": 0.3856688311688312,
      "containment": 0.38,
      "latency_ms": 1230.0949144363403,
      "context_chars": 3793.45
    }
  }
}