{
  "shard_index": 23,
  "shard_count": 37,
  "summary": {
    "0": {
      "n": 100,
      "em": 0.43,
      "f1": 0.5263547008547009,
      "containment": 0.48,
      "latency_ms": 930.5402660369873,
      "context_chars": 0.0
    },
    "1": {
      "n": 100,
      "em": 0.18,
      "f1": 0.24601731601731605,
      "containment": 0.22,
      "latency_ms": 1117.6277804374695,
      "context_chars": 638.54
    },
    "2": {
      "n": 100,
      "em": 0.25,
      "f1": 0.3443487394957983,
      "containment": 0.29,
      "latency_ms": 1139.874906539917,
      "context_chars": 1282.32
    },
    "3": {
      "n": 100,
      "em": 0.32,
      "f1": 0.41934271284271285,
      "containment": 0.35,
      "latency_ms": 1138.5162091255188,
      "context_chars": 1925.33
    },
    "4": {
      "n": 100,
      "em": 0.31,
      "f1": 0.42711255411255405,
      "containment": 0.37,
      "latency_ms": 1185.383448600769,
      "context_chars": 2560.38
    },
    "5": {
      "n": 100,
      "em": 0.33,
      "f1": 0.4415569985569985,
      "containment": 0.4,
      "latency_ms": 1214.4738674163818,
      "context_chars": 3198.44
    },
    "6": {
      "n": 100,
      "em": 0.33,
      "f1": 0.4718253968253967,
      "containment": 0.42,
      "latency_ms": 1221.9484758377075,
      "context_chars": 3835.33
    }
  }
}