{
  "shard_index": 12,
  "shard_count": 37,
  "summary": {
    "0": {
      "n": 100,
      "em": 0.45,
      "f1": 0.5713571428571428,
      "containment": 0.53,
      "latency_ms": 871.2953162193298,
      "context_chars": 0.0
    },
    "1": {
      "n": 100,
      "em": 0.27,
      "f1": 0.3501587301587301,
      "containment": 0.3,
      "latency_ms": 1092.4396991729736,
      "context_chars": 630.0
    },
    "2": {
      "n": 100,
      "em": 0.27,
      "f1": 0.3593333333333334,
      "containment": 0.31,
      "latency_ms": 1117.03617811203,
      "context_chars": 1267.48
    },
    "3": {
      "n": 100,
      "em": 0.27,
      "f1": 0.3598095238095238,
      "containment": 0.32,
      "latency_ms": 1154.8350501060486,
      "context_chars": 1906.57
    },
    "4": {
      "n": 100,
      "em": 0.29,
      "f1": 0.38064285714285717,
      "containment": 0.35,
      "latency_ms": 1089.0779519081116,
      "context_chars": 2542.24
    },
    "5": {
      "n": 100,
      "em": 0.32,
      "f1": 0.4106428571428571,
      "containment": 0.38,
      "latency_ms": 1097.8541421890259,
      "context_chars": 3182.91
    },
    "6": {
      "n": 100,
      "em": 0.37,
      "f1": 0.47114285714285714,
      "containment": 0.41,
      "latency_ms": 1014.6824264526367,
      "context_chars": 3821.51
    }
  }
}