{
  "shard_index": 13,
  "shard_count": 37,
  "summary": {
    "0": {
      "n": 100,
      "em": 0.31,
      "f1": 0.45242857142857135,
      "containment": 0.36,
      "latency_ms": 942.3858332633972,
      "context_chars": 0.0
    },
    "1": {
      "n": 100,
      "em": 0.23,
      "f1": 0.31144588744588747,
      "containment": 0.23,
      "latency_ms": 1093.634111881256,
      "context_chars": 632.73
    },
    "2": {
      "n": 100,
      "em": 0.27,
      "f1": 0.34412454212454213,
      "containment": 0.29,
      "latency_ms": 1166.64883852005,
      "context_chars": 1262.34
    },
    "3": {
      "n": 100,
      "em": 0.29,
      "f1": 0.3724751914751915,
      "containment": 0.3,
      "latency_ms": 1179.3796730041504,
      "context_chars": 1900.3
    },
    "4": {
      "n": 100,
      "em": 0.28,
      "f1": 0.38517216117216113,
      "containment": 0.31,
      "latency_ms": 1232.361466884613,
      "context_chars": 2531.08
    },
    "5": {
      "n": 100,
      "em": 0.3,
      "f1": 0.40992757242757244,
      "containment": 0.33,
      "latency_ms": 1251.2792038917542,
      "context_chars": 3168.23
    },
    "6": {
      "n": 100,
      "em": 0.31,
      "f1": 0.42706493506493504,
      "containment": 0.36,
      "latency_ms": 1200.9484696388245,
      "context_chars": 3805.95
    }
  }
}