{
  "shard_index": 7,
  "shard_count": 37,
  "summary": {
    "0": {
      "n": 100,
      "em": 0.32,
      "f1": 0.45462987012987005,
      "containment": 0.39,
      "latency_ms": 1181.5671467781067,
      "context_chars": 0.0
    },
    "1": {
      "n": 100,
      "em": 0.17,
      "f1": 0.24904761904761905,
      "containment": 0.21,
      "latency_ms": 1141.6243958473206,
      "context_chars": 635.27
    },
    "2": {
      "n": 100,
      "em": 0.18,
      "f1": 0.26640692640692637,
      "containment": 0.24,
      "latency_ms": 1115.812759399414,
      "context_chars": 1275.5
    },
    "3": {
      "n": 100,
      "em": 0.19,
      "f1": 0.3122857142857142,
      "containment": 0.29,
      "latency_ms": 1088.5541224479675,
      "context_chars": 1915.75
    },
    "4": {
      "n": 100,
      "em": 0.2,
      "f1": 0.342452380952381,
      "containment": 0.31,
      "latency_ms": 1184.174735546112,
      "context_chars": 2563.29
    },
    "5": {
      "n": 100,
      "em": 0.22,
      "f1": 0.37549999999999994,
      "containment": 0.33,
      "latency_ms": 1193.9031529426575,
      "context_chars": 3203.37
    },
    "6": {
      "n": 100,
      "em": 0.24,
      "f1": 0.3763946886446886,
      "containment": 0.34,
      "latency_ms": 1247.7984309196472,
      "context_chars": 3848.76
    }
  }
}