{
  "shard_index": 4,
  "shard_count": 37,
  "summary": {
    "0": {
      "n": 100,
      "em": 0.39,
      "f1": 0.4978721804511277,
      "containment": 0.45,
      "latency_ms": 922.2948908805847,
      "context_chars": 0.0
    },
    "1": {
      "n": 100,
      "em": 0.16,
      "f1": 0.21274358974358976,
      "containment": 0.19,
      "latency_ms": 1071.066746711731,
      "context_chars": 638.46
    },
    "2": {
      "n": 100,
      "em": 0.18,
      "f1": 0.24453968253968256,
      "containment": 0.22,
      "latency_ms": 1140.7585835456848,
      "context_chars": 1273.22
    },
    "3": {
      "n": 100,
      "em": 0.27,
      "f1": 0.35599206349206347,
      "containment": 0.33,
      "latency_ms": 1138.7847137451172,
      "context_chars": 1917.79
    },
    "4": {
      "n": 100,
      "em": 0.33,
      "f1": 0.4016975772765246,
      "containment": 0.37,
      "latency_ms": 1194.5863103866577,
      "context_chars": 2551.24
    },
    "5": {
      "n": 100,
      "em": 0.32,
      "f1": 0.4043743449532923,
      "containment": 0.37,
      "latency_ms": 1194.2559218406677,
      "context_chars": 3186.47
    },
    "6": {
      "n": 100,
      "em": 0.33,
      "f1": 0.4126600592390065,
      "containment": 0.38,
      "latency_ms": 1149.357476234436,
      "context_chars": 3827.98
    }
  }
}