{
  "shard_index": 34,
  "shard_count": 37,
  "summary": {
    "0": {
      "n": 100,
      "em": 0.3,
      "f1": 0.41334920634920636,
      "containment": 0.33,
      "latency_ms": 938.1177949905396,
      "context_chars": 0.0
    },
    "1": {
      "n": 100,
      "em": 0.24,
      "f1": 0.2956007326007326,
      "containment": 0.25,
      "latency_ms": 1095.1344060897827,
      "context_chars": 635.28
    },
    "2": {
      "n": 100,
      "em": 0.31,
      "f1": 0.3725491452991453,
      "containment": 0.32,
      "latency_ms": 1200.0357246398926,
      "context_chars": 1278.16
    },
    "3": {
      "n": 100,
      "em": 0.34,
      "f1": 0.39941025641025646,
      "containment": 0.35,
      "latency_ms": 1162.2633051872253,
      "context_chars": 1917.95
    },
    "4": {
      "n": 100,
      "em": 0.37,
      "f1": 0.4325769230769231,
      "containment": 0.37,
      "latency_ms": 1203.7574553489685,
      "context_chars": 2557.82
    },
    "5": {
      "n": 100,
      "em": 0.38,
      "f1": 0.4559102564102564,
      "containment": 0.4,
      "latency_ms": 1245.8848428726196,
      "context_chars": 3199.59
    },
    "6": {
      "n": 100,
      "em": 0.4,
      "f1": 0.4587673992673993,
      "containment": 0.39,
      "latency_ms": 1231.1302757263184,
      "context_chars": 3841.12
    }
  }
}