{
  "shard_index": 17,
  "shard_count": 37,
  "summary": {
    "0": {
      "n": 100,
      "em": 0.37,
      "f1": 0.4818003663003661,
      "containment": 0.4,
      "latency_ms": 889.1518926620483,
      "context_chars": 0.0
    },
    "1": {
      "n": 100,
      "em": 0.26,
      "f1": 0.2963571428571429,
      "containment": 0.27,
      "latency_ms": 1119.0743255615234,
      "context_chars": 635.26
    },
    "2": {
      "n": 100,
      "em": 0.26,
      "f1": 0.3155714285714286,
      "containment": 0.29,
      "latency_ms": 1100.9063982963562,
      "context_chars": 1276.62
    },
    "3": {
      "n": 100,
      "em": 0.32,
      "f1": 0.37133333333333335,
      "containment": 0.33,
      "latency_ms": 1148.0308890342712,
      "context_chars": 1914.36
    },
    "4": {
      "n": 100,
      "em": 0.33,
      "f1": 0.38688888888888884,
      "containment": 0.35,
      "latency_ms": 1139.5681142807007,
      "context_chars": 2557.02
    },
    "5": {
      "n": 100,
      "em": 0.35,
      "f1": 0.4088571428571428,
      "containment": 0.36,
      "latency_ms": 1153.8497114181519,
      "context_chars": 3191.55
    },
    "6": {
      "n": 100,
      "em": 0.35,
      "f1": 0.42808946608946596,
      "containment": 0.36,
      "latency_ms": 1190.5303049087524,
      "context_chars": 3832.29
    }
  }
}