{
  "shard_index": 18,
  "shard_count": 37,
  "summary": {
    "0": {
      "n": 100,
      "em": 0.34,
      "f1": 0.49823232323232325,
      "containment": 0.4,
      "latency_ms": 914.0662813186646,
      "context_chars": 0.0
    },
    "1": {
      "n": 100,
      "em": 0.24,
      "f1": 0.31911904761904764,
      "containment": 0.28,
      "latency_ms": 1061.4759016036987,
      "context_chars": 635.14
    },
    "2": {
      "n": 100,
      "em": 0.24,
      "f1": 0.3526904761904761,
      "containment": 0.31,
      "latency_ms": 1140.749979019165,
      "context_chars": 1278.63
    },
    "3": {
      "n": 100,
      "em": 0.27,
      "f1": 0.4079285714285714,
      "containment": 0.34,
      "latency_ms": 1173.8021183013916,
      "context_chars": 1923.01
    },
    "4": {
      "n": 100,
      "em": 0.31,
      "f1": 0.44342857142857134,
      "containment": 0.38,
      "latency_ms": 1139.5097160339355,
      "context_chars": 2564.43
    },
    "5": {
      "n": 100,
      "em": 0.34,
      "f1": 0.4767142857142857,
      "containment": 0.4,
      "latency_ms": 1158.2498335838318,
      "context_chars": 3208.98
    },
    "6": {
      "n": 100,
      "em": 0.35,
      "f1": 0.4701904761904761,
      "containment": 0.4,
      "latency_ms": 1107.3894834518433,
      "context_chars": 3846.32
    }
  }
}