{
  "shard_index": 11,
  "shard_count": 37,
  "summary": {
    "0": {
      "n": 100,
      "em": 0.4,
      "f1": 0.5116428571428572,
      "containment": 0.46,
      "latency_ms": 894.7127819061279,
      "context_chars": 0.0
    },
    "1": {
      "n": 100,
      "em": 0.26,
      "f1": 0.2880714285714286,
      "containment": 0.26,
      "latency_ms": 999.7978329658508,
      "context_chars": 626.96
    },
    "2": {
      "n": 100,
      "em": 0.3,
      "f1": 0.36807142857142855,
      "containment": 0.35,
      "latency_ms": 1127.2612810134888,
      "context_chars": 1259.91
    },
    "3": {
      "n": 100,
      "em": 0.29,
      "f1": 0.3741269841269841,
      "containment": 0.34,
      "latency_ms": 1159.7006845474243,
      "context_chars": 1889.23
    },
    "4": {
      "n": 100,
      "em": 0.36,
      "f1": 0.44123809523809515,
      "containment": 0.41,
      "latency_ms": 1078.0482864379883,
      "context_chars": 2521.09
    },
    "5": {
      "n": 100,
      "em": 0.36,
      "f1": 0.451095238095238,
      "containment": 0.41,
      "latency_ms": 1119.2637157440186,
      "context_chars": 3156.4
    },
    "6": {
      "n": 100,
      "em": 0.36,
      "f1": 0.44942857142857134,
      "containment": 0.42,
      "latency_ms": 1165.518069267273,
      "context_chars": 3798.85
    }
  }
}