{
  "shard_index": 28,
  "shard_count": 37,
  "summary": {
    "0": {
      "n": 100,
      "em": 0.33,
      "f1": 0.4656572316572317,
      "containment": 0.39,
      "latency_ms": 1058.3815217018127,
      "context_chars": 0.0
    },
    "1": {
      "n": 100,
      "em": 0.19,
      "f1": 0.2681038961038961,
      "containment": 0.22,
      "latency_ms": 1097.9877352714539,
      "context_chars": 632.07
    },
    "2": {
      "n": 100,
      "em": 0.27,
      "f1": 0.3367717086834734,
      "containment": 0.26,
      "latency_ms": 1159.1353130340576,
      "context_chars": 1268.91
    },
    "3": {
      "n": 100,
      "em": 0.28,
      "f1": 0.36408008658008656,
      "containment": 0.31,
      "latency_ms": 1220.0585889816284,
      "context_chars": 1907.2
    },
    "4": {
      "n": 100,
      "em": 0.28,
      "f1": 0.37227056277056275,
      "containment": 0.33,
      "latency_ms": 1206.732382774353,
      "context_chars": 2543.87
    },
    "5": {
      "n": 100,
      "em": 0.29,
      "f1": 0.3889372294372294,
      "containment": 0.35,
      "latency_ms": 1421.7802548408508,
      "context_chars": 3189.75
    },
    "6": {
      "n": 100,
      "em": 0.29,
      "f1": 0.3870800865800866,
      "containment": 0.36,
      "latency_ms": 1204.6294927597046,
      "context_chars": 3833.1
    }
  }
}