{
  "shard_index": 24,
  "shard_count": 37,
  "summary": {
    "0": {
      "n": 100,
      "em": 0.21,
      "f1": 0.36628571428571427,
      "containment": 0.34,
      "latency_ms": 812.0576310157776,
      "context_chars": 0.0
    },
    "1": {
      "n": 100,
      "em": 0.23,
      "f1": 0.3032409812409812,
      "containment": 0.3,
      "latency_ms": 1106.995096206665,
      "context_chars": 638.1
    },
    "2": {
      "n": 100,
      "em": 0.23,
      "f1": 0.30580158730158724,
      "containment": 0.29,
      "latency_ms": 1066.5564060211182,
      "context_chars": 1281.12
    },
    "3": {
      "n": 100,
      "em": 0.25,
      "f1": 0.3302503052503052,
      "containment": 0.31,
      "latency_ms": 1094.9792385101318,
      "context_chars": 1923.48
    },
    "4": {
      "n": 100,
      "em": 0.24,
      "f1": 0.32699633699633696,
      "containment": 0.3,
      "latency_ms": 1085.6949496269226,
      "context_chars": 2563.59
    },
    "5": {
      "n": 100,
      "em": 0.25,
      "f1": 0.3332783882783882,
      "containment": 0.32,
      "latency_ms": 1083.1794452667236,
      "context_chars": 3208.28
    },
    "6": {
      "n": 100,
      "em": 0.25,
      "f1": 0.32716727716727706,
      "containment": 0.32,
      "latency_ms": 1112.5839447975159,
      "context_chars": 3854.56
    }
  }
}