{
  "shard_index": 8,
  "shard_count": 37,
  "summary": {
    "0": {
      "n": 100,
      "em": 0.32,
      "f1": 0.4396904761904761,
      "containment": 0.39,
      "latency_ms": 1218.3230352401733,
      "context_chars": 0.0
    },
    "1": {
      "n": 100,
      "em": 0.17,
      "f1": 0.2457698412698413,
      "containment": 0.21,
      "latency_ms": 1079.459547996521,
      "context_chars": 633.13
    },
    "2": {
      "n": 100,
      "em": 0.21,
      "f1": 0.27946031746031746,
      "containment": 0.24,
      "latency_ms": 1096.5784859657288,
      "context_chars": 1272.03
    },
    "3": {
      "n": 100,
      "em": 0.21,
      "f1": 0.2838888888888889,
      "containment": 0.25,
      "latency_ms": 1149.6387577056885,
      "context_chars": 1904.37
    },
    "4": {
      "n": 100,
      "em": 0.25,
      "f1": 0.33191486291486294,
      "containment": 0.27,
      "latency_ms": 1133.3632636070251,
      "context_chars": 2554.01
    },
    "5": {
      "n": 100,
      "em": 0.27,
      "f1": 0.3738806748806749,
      "containment": 0.3,
      "latency_ms": 1146.1504197120667,
      "context_chars": 3194.73
    },
    "6": {
      "n": 100,
      "em": 0.3,
      "f1": 0.39818226218226216,
      "containment": 0.35,
      "latency_ms": 1106.2962913513184,
      "context_chars": 3835.62
    }
  }
}