{
  "shard_index": 6,
  "shard_count": 37,
  "summary": {
    "0": {
      "n": 100,
      "em": 0.35,
      "f1": 0.4809603174603174,
      "containment": 0.4,
      "latency_ms": 912.145562171936,
      "context_chars": 0.0
    },
    "1": {
      "n": 100,
      "em": 0.2,
      "f1": 0.2701825396825397,
      "containment": 0.24,
      "latency_ms": 1135.2135848999023,
      "context_chars": 636.48
    },
    "2": {
      "n": 100,
      "em": 0.28,
      "f1": 0.3594682539682539,
      "containment": 0.34,
      "latency_ms": 1112.19224691391,
      "context_chars": 1280.13
    },
    "3": {
      "n": 100,
      "em": 0.28,
      "f1": 0.35287301587301584,
      "containment": 0.32,
      "latency_ms": 1099.9463772773743,
      "context_chars": 1924.59
    },
    "4": {
      "n": 100,
      "em": 0.3,
      "f1": 0.38649206349206344,
      "containment": 0.37,
      "latency_ms": 1335.2716660499573,
      "context_chars": 2567.86
    },
    "5": {
      "n": 100,
      "em": 0.29,
      "f1": 0.37832539682539684,
      "containment": 0.35,
      "latency_ms": 1202.6831531524658,
      "context_chars": 3210.02
    },
    "6": {
      "n": 100,
      "em": 0.28,
      "f1": 0.40441941391941394,
      "containment": 0.38,
      "latency_ms": 1196.9655299186707,
      "context_chars": 3854.18
    }
  }
}