{
  "shard_index": 5,
  "shard_count": 37,
  "summary": {
    "0": {
      "n": 100,
      "em": 0.35,
      "f1": 0.49533333333333324,
      "containment": 0.42,
      "latency_ms": 846.1786460876465,
      "context_chars": 0.0
    },
    "1": {
      "n": 100,
      "em": 0.18,
      "f1": 0.262,
      "containment": 0.21,
      "latency_ms": 1068.4027123451233,
      "context_chars": 640.6
    },
    "2": {
      "n": 100,
      "em": 0.22,
      "f1": 0.3098333333333334,
      "containment": 0.26,
      "latency_ms": 1055.6098771095276,
      "context_chars": 1286.01
    },
    "3": {
      "n": 100,
      "em": 0.27,
      "f1": 0.3653333333333334,
      "containment": 0.31,
      "latency_ms": 1080.5054688453674,
      "context_chars": 1925.54
    },
    "4": {
      "n": 100,
      "em": 0.3,
      "f1": 0.40666666666666673,
      "containment": 0.36,
      "latency_ms": 1124.1233849525452,
      "context_chars": 2568.7
    },
    "5": {
      "n": 100,
      "em": 0.34,
      "f1": 0.43366666666666664,
      "containment": 0.38,
      "latency_ms": 1145.3151416778564,
      "context_chars": 3211.21
    },
    "6": {
      "n": 100,
      "em": 0.36,
      "f1": 0.45000000000000007,
      "containment": 0.39,
      "latency_ms": 1116.083116531372,
      "context_chars": 3855.15
    }
  }
}