{
  "shard_index": 35,
  "shard_count": 37,
  "summary": {
    "0": {
      "n": 100,
      "em": 0.31,
      "f1": 0.39345238095238094,
      "containment": 0.36,
      "latency_ms": 947.4861264228821,
      "context_chars": 0.0
    },
    "1": {
      "n": 100,
      "em": 0.2,
      "f1": 0.247,
      "containment": 0.21,
      "latency_ms": 1089.1119599342346,
      "context_chars": 644.09
    },
    "2": {
      "n": 100,
      "em": 0.23,
      "f1": 0.2995238095238095,
      "containment": 0.26,
      "latency_ms": 1138.4487462043762,
      "context_chars": 1286.64
    },
    "3": {
      "n": 100,
      "em": 0.3,
      "f1": 0.3591515151515152,
      "containment": 0.32,
      "latency_ms": 1152.3550343513489,
      "context_chars": 1928.82
    },
    "4": {
      "n": 100,
      "em": 0.3,
      "f1": 0.35302331002331,
      "containment": 0.33,
      "latency_ms": 1144.286036491394,
      "context_chars": 2569.14
    },
    "5": {
      "n": 100,
      "em": 0.27,
      "f1": 0.32902331002331003,
      "containment": 0.33,
      "latency_ms": 1166.1725330352783,
      "context_chars": 3211.3
    },
    "6": {
      "n": 100,
      "em": 0.3,
      "f1": 0.35802331002331,
      "containment": 0.34,
      "latency_ms": 1118.532841205597,
      "context_chars": 3850.57
    }
  }
}