{
  "shard_index": 0,
  "shard_count": 37,
  "summary": {
    "0": {
      "n": 100,
      "em": 0.29,
      "f1": 0.46684920634920624,
      "containment": 0.39,
      "latency_ms": 933.250105381012,
      "context_chars": 0.0
    },
    "1": {
      "n": 100,
      "em": 0.18,
      "f1": 0.2973593073593074,
      "containment": 0.2,
      "latency_ms": 1017.2867608070374,
      "context_chars": 632.38
    },
    "2": {
      "n": 100,
      "em": 0.2,
      "f1": 0.3140555555555555,
      "containment": 0.24,
      "latency_ms": 1082.8321957588196,
      "context_chars": 1266.77
    },
    "3": {
      "n": 100,
      "em": 0.24,
      "f1": 0.39611999111999113,
      "containment": 0.31,
      "latency_ms": 1095.3909230232239,
      "context_chars": 1900.75
    },
    "4": {
      "n": 100,
      "em": 0.24,
      "f1": 0.39281746031746034,
      "containment": 0.32,
      "latency_ms": 1126.3060975074768,
      "context_chars": 2535.47
    },
    "5": {
      "n": 100,
      "em": 0.23,
      "f1": 0.3897878787878788,
      "containment": 0.32,
      "latency_ms": 1185.346884727478,
      "context_chars": 3174.53
    },
    "6": {
      "n": 100,
      "em": 0.27,
      "f1": 0.4263116883116883,
      "containment": 0.34,
      "latency_ms": 1149.5712447166443,
      "context_chars": 3811.12
    }
  }
}