{
  "shard_index": 33,
  "shard_count": 37,
  "summary": {
    "0": {
      "n": 100,
      "em": 0.39,
      "f1": 0.4956904761904762,
      "containment": 0.4,
      "latency_ms": 964.90065574646,
      "context_chars": 0.0
    },
    "1": {
      "n": 100,
      "em": 0.19,
      "f1": 0.2404796918767507,
      "containment": 0.21,
      "latency_ms": 1129.8982644081116,
      "context_chars": 630.94
    },
    "2": {
      "n": 100,
      "em": 0.28,
      "f1": 0.3550273109243698,
      "containment": 0.27,
      "latency_ms": 1133.611090183258,
      "context_chars": 1266.93
    },
    "3": {
      "n": 100,
      "em": 0.29,
      "f1": 0.3692773109243698,
      "containment": 0.26,
      "latency_ms": 1145.8907914161682,
      "context_chars": 1902.06
    },
    "4": {
      "n": 100,
      "em": 0.29,
      "f1": 0.38236064425770316,
      "containment": 0.3,
      "latency_ms": 1167.6764297485352,
      "context_chars": 2538.89
    },
    "5": {
      "n": 100,
      "em": 0.3,
      "f1": 0.4000273109243698,
      "containment": 0.32,
      "latency_ms": 1120.6695532798767,
      "context_chars": 3178.95
    },
    "6": {
      "n": 100,
      "em": 0.31,
      "f1": 0.4046106442577031,
      "containment": 0.31,
      "latency_ms": 1118.3243608474731,
      "context_chars": 3810.61
    }
  }
}