{
  "shard_index": 19,
  "shard_count": 37,
  "summary": {
    "0": {
      "n": 100,
      "em": 0.3,
      "f1": 0.3997187812187811,
      "containment": 0.35,
      "latency_ms": 1025.0742387771606,
      "context_chars": 0.0
    },
    "1": {
      "n": 100,
      "em": 0.22,
      "f1": 0.25353361344537817,
      "containment": 0.2,
      "latency_ms": 1118.2538080215454,
      "context_chars": 627.83
    },
    "2": {
      "n": 100,
      "em": 0.26,
      "f1": 0.3142955182072829,
      "containment": 0.26,
      "latency_ms": 1119.195339679718,
      "context_chars": 1263.9
    },
    "3": {
      "n": 100,
      "em": 0.31,
      "f1": 0.37436694677871146,
      "containment": 0.32,
      "latency_ms": 1159.7301745414734,
      "context_chars": 1896.6
    },
    "4": {
      "n": 100,
      "em": 0.32,
      "f1": 0.3954523809523809,
      "containment": 0.34,
      "latency_ms": 1073.232946395874,
      "context_chars": 2526.39
    },
    "5": {
      "n": 100,
      "em": 0.32,
      "f1": 0.41241889483065947,
      "containment": 0.35,
      "latency_ms": 1203.817799091339,
      "context_chars": 3164.54
    },
    "6": {
      "n": 100,
      "em": 0.31,
      "f1": 0.40072841864018327,
      "containment": 0.35,
      "latency_ms": 1196.164562702179,
      "context_chars": 3798.82
    }
  }
}