{
  "shard_index": 21,
  "shard_count": 37,
  "summary": {
    "0": {
      "n": 100,
      "em": 0.39,
      "f1": 0.46892857142857136,
      "containment": 0.42,
      "latency_ms": 851.6216731071472,
      "context_chars": 0.0
    },
    "1": {
      "n": 100,
      "em": 0.24,
      "f1": 0.28119191919191916,
      "containment": 0.23,
      "latency_ms": 1019.2230176925659,
      "context_chars": 627.63
    },
    "2": {
      "n": 100,
      "em": 0.34,
      "f1": 0.3879684759684759,
      "containment": 0.34,
      "latency_ms": 1089.0640950202942,
      "context_chars": 1257.2
    },
    "3": {
      "n": 100,
      "em": 0.32,
      "f1": 0.4017130647130647,
      "containment": 0.36,
      "latency_ms": 1114.2296695709229,
      "context_chars": 1888.8
    },
    "4": {
      "n": 100,
      "em": 0.35,
      "f1": 0.43027655677655674,
      "containment": 0.38,
      "latency_ms": 1114.3922877311707,
      "context_chars": 2522.38
    },
    "5": {
      "n": 100,
      "em": 0.34,
      "f1": 0.4316904761904761,
      "containment": 0.39,
      "latency_ms": 1122.3327827453613,
      "context_chars": 3151.97
    },
    "6": {
      "n": 100,
      "em": 0.36,
      "f1": 0.44060989010989005,
      "containment": 0.39,
      "latency_ms": 1076.0564851760864,
      "context_chars": 3785.89
    }
  }
}