{
  "shard_index": 31,
  "shard_count": 37,
  "summary": {
    "0": {
      "n": 100,
      "em": 0.32,
      "f1": 0.4118671679197995,
      "containment": 0.35,
      "latency_ms": 975.7258200645447,
      "context_chars": 0.0
    },
    "1": {
      "n": 100,
      "em": 0.2,
      "f1": 0.2784689754689754,
      "containment": 0.2,
      "latency_ms": 1143.8879251480103,
      "context_chars": 632.84
    },
    "2": {
      "n": 100,
      "em": 0.19,
      "f1": 0.3076507936507937,
      "containment": 0.23,
      "latency_ms": 1108.5710096359253,
      "context_chars": 1273.76
    },
    "3": {
      "n": 100,
      "em": 0.22,
      "f1": 0.3280079365079365,
      "containment": 0.24,
      "latency_ms": 1102.3154497146606,
      "context_chars": 1910.66
    },
    "4": {
      "n": 100,
      "em": 0.25,
      "f1": 0.3424285714285714,
      "containment": 0.26,
      "latency_ms": 1133.702630996704,
      "context_chars": 2545.85
    },
    "5": {
      "n": 100,
      "em": 0.3,
      "f1": 0.3857619047619047,
      "containment": 0.31,
      "latency_ms": 1160.7383561134338,
      "context_chars": 3182.25
    },
    "6": {
      "n": 100,
      "em": 0.29,
      "f1": 0.3913174603174603,
      "containment": 0.32,
      "latency_ms": 1228.4549570083618,
      "context_chars": 3820.34
    }
  }
}