{
  "shard_index": 16,
  "shard_count": 37,
  "summary": {
    "0": {
      "n": 100,
      "em": 0.37,
      "f1": 0.46967748917748914,
      "containment": 0.4,
      "latency_ms": 917.2724628448486,
      "context_chars": 0.0
    },
    "1": {
      "n": 100,
      "em": 0.2,
      "f1": 0.26438383838383833,
      "containment": 0.23,
      "latency_ms": 1101.320869922638,
      "context_chars": 631.24
    },
    "2": {
      "n": 100,
      "em": 0.26,
      "f1": 0.3466868686868686,
      "containment": 0.3,
      "latency_ms": 1167.1131801605225,
      "context_chars": 1271.46
    },
    "3": {
      "n": 100,
      "em": 0.29,
      "f1": 0.38028860028860023,
      "containment": 0.32,
      "latency_ms": 1130.0482439994812,
      "context_chars": 1908.33
    },
    "4": {
      "n": 100,
      "em": 0.3,
      "f1": 0.39138844667876926,
      "containment": 0.35,
      "latency_ms": 1197.2263765335083,
      "context_chars": 2545.67
    },
    "5": {
      "n": 100,
      "em": 0.32,
      "f1": 0.41424558953591206,
      "containment": 0.36,
      "latency_ms": 1162.0305585861206,
      "context_chars": 3184.72
    },
    "6": {
      "n": 100,
      "em": 0.32,
      "f1": 0.4085313038216264,
      "containment": 0.37,
      "latency_ms": 1214.5537209510803,
      "context_chars": 3827.18
    }
  }
}