{
  "shard_index": 22,
  "shard_count": 37,
  "summary": {
    "0": {
      "n": 100,
      "em": 0.33,
      "f1": 0.4486190476190476,
      "containment": 0.41,
      "latency_ms": 957.0524883270264,
      "context_chars": 0.0
    },
    "1": {
      "n": 100,
      "em": 0.21,
      "f1": 0.26452380952380955,
      "containment": 0.25,
      "latency_ms": 1113.4474968910217,
      "context_chars": 635.55
    },
    "2": {
      "n": 100,
      "em": 0.29,
      "f1": 0.34647252747252744,
      "containment": 0.35,
      "latency_ms": 1144.8324513435364,
      "context_chars": 1275.02
    },
    "3": {
      "n": 100,
      "em": 0.31,
      "f1": 0.3924119214119214,
      "containment": 0.38,
      "latency_ms": 1141.553738117218,
      "context_chars": 1912.49
    },
    "4": {
      "n": 100,
      "em": 0.31,
      "f1": 0.39265001665001664,
      "containment": 0.38,
      "latency_ms": 1140.1877403259277,
      "context_chars": 2554.38
    },
    "5": {
      "n": 100,
      "em": 0.34,
      "f1": 0.4142690642690642,
      "containment": 0.38,
      "latency_ms": 1191.3640522956848,
      "context_chars": 3190.56
    },
    "6": {
      "n": 100,
      "em": 0.33,
      "f1": 0.40884049284049273,
      "containment": 0.39,
      "latency_ms": 1130.1236963272095,
      "context_chars": 3823.78
    }
  }
}