{
  "shard_index": 27,
  "shard_count": 37,
  "summary": {
    "0": {
      "n": 100,
      "em": 0.36,
      "f1": 0.47159523809523807,
      "containment": 0.38,
      "latency_ms": 915.5673170089722,
      "context_chars": 0.0
    },
    "1": {
      "n": 100,
      "em": 0.19,
      "f1": 0.23222222222222222,
      "containment": 0.19,
      "latency_ms": 1114.124698638916,
      "context_chars": 629.34
    },
    "2": {
      "n": 100,
      "em": 0.23,
      "f1": 0.3031746031746032,
      "containment": 0.24,
      "latency_ms": 1131.6256666183472,
      "context_chars": 1258.43
    },
    "3": {
      "n": 100,
      "em": 0.28,
      "f1": 0.35334920634920636,
      "containment": 0.29,
      "latency_ms": 1126.1990976333618,
      "context_chars": 1888.91
    },
    "4": {
      "n": 100,
      "em": 0.27,
      "f1": 0.3477936507936509,
      "containment": 0.28,
      "latency_ms": 1130.2923202514648,
      "context_chars": 2525.4
    },
    "5": {
      "n": 100,
      "em": 0.27,
      "f1": 0.37179365079365084,
      "containment": 0.29,
      "latency_ms": 1111.9355130195618,
      "context_chars": 3156.08
    },
    "6": {
      "n": 100,
      "em": 0.32,
      "f1": 0.4081111111111111,
      "containment": 0.34,
      "latency_ms": 1135.9009766578674,
      "context_chars": 3790.48
    }
  }
}