{
  "shard_index": 9,
  "shard_count": 37,
  "summary": {
    "0": {
      "n": 100,
      "em": 0.36,
      "f1": 0.5034658119658119,
      "containment": 0.39,
      "latency_ms": 930.5819463729858,
      "context_chars": 0.0
    },
    "1": {
      "n": 100,
      "em": 0.2,
      "f1": 0.2815476190476191,
      "containment": 0.21,
      "latency_ms": 1126.021809577942,
      "context_chars": 637.34
    },
    "2": {
      "n": 100,
      "em": 0.22,
      "f1": 0.3166587301587302,
      "containment": 0.25,
      "latency_ms": 1176.093237400055,
      "context_chars": 1278.04
    },
    "3": {
      "n": 100,
      "em": 0.3,
      "f1": 0.41150000000000003,
      "containment": 0.33,
      "latency_ms": 1091.1556553840637,
      "context_chars": 1916.06
    },
    "4": {
      "n": 100,
      "em": 0.34,
      "f1": 0.433484126984127,
      "containment": 0.35,
      "latency_ms": 1089.3282222747803,
      "context_chars": 2557.68
    },
    "5": {
      "n": 100,
      "em": 0.36,
      "f1": 0.45592857142857135,
      "containment": 0.37,
      "latency_ms": 1104.293429851532,
      "context_chars": 3199.33
    },
    "6": {
      "n": 100,
      "em": 0.38,
      "f1": 0.46741269841269834,
      "containment": 0.39,
      "latency_ms": 1137.5516247749329,
      "context_chars": 3841.64
    }
  }
}