{
  "shard_index": 32,
  "shard_count": 37,
  "summary": {
    "0": {
      "n": 100,
      "em": 0.29,
      "f1": 0.4403809523809523,
      "containment": 0.38,
      "latency_ms": 922.8928017616272,
      "context_chars": 0.0
    },
    "1": {
      "n": 100,
      "em": 0.18,
      "f1": 0.2516666666666667,
      "containment": 0.18,
      "latency_ms": 1035.0977396965027,
      "context_chars": 633.81
    },
    "2": {
      "n": 100,
      "em": 0.21,
      "f1": 0.31958080808080813,
      "containment": 0.25,
      "latency_ms": 1095.5090713500977,
      "context_chars": 1262.14
    },
    "3": {
      "n": 100,
      "em": 0.23,
      "f1": 0.3470808080808081,
      "containment": 0.27,
      "latency_ms": 1093.8375997543335,
      "context_chars": 1895.25
    },
    "4": {
      "n": 100,
      "em": 0.23,
      "f1": 0.3424141414141414,
      "containment": 0.27,
      "latency_ms": 1132.2815895080566,
      "context_chars": 2530.31
    },
    "5": {
      "n": 100,
      "em": 0.24,
      "f1": 0.3580808080808081,
      "containment": 0.29,
      "latency_ms": 1133.8338255882263,
      "context_chars": 3165.54
    },
    "6": {
      "n": 100,
      "em": 0.26,
      "f1": 0.3886522366522366,
      "containment": 0.32,
      "latency_ms": 1172.5953459739685,
      "context_chars": 3799.18
    }
  }
}