{
  "shard_index": 14,
  "shard_count": 37,
  "summary": {
    "0": {
      "n": 100,
      "em": 0.37,
      "f1": 0.4908809523809523,
      "containment": 0.4,
      "latency_ms": 837.5381398200989,
      "context_chars": 0.0
    },
    "1": {
      "n": 100,
      "em": 0.19,
      "f1": 0.26426068376068373,
      "containment": 0.22,
      "latency_ms": 1157.597918510437,
      "context_chars": 642.4
    },
    "2": {
      "n": 100,
      "em": 0.23,
      "f1": 0.327984126984127,
      "containment": 0.28,
      "latency_ms": 1124.1161799430847,
      "context_chars": 1282.32
    },
    "3": {
      "n": 100,
      "em": 0.29,
      "f1": 0.38496031746031745,
      "containment": 0.31,
      "latency_ms": 1162.0180749893188,
      "context_chars": 1923.71
    },
    "4": {
      "n": 100,
      "em": 0.33,
      "f1": 0.42646031746031743,
      "containment": 0.36,
      "latency_ms": 1146.5753316879272,
      "context_chars": 2557.97
    },
    "5": {
      "n": 100,
      "em": 0.35,
      "f1": 0.44009523809523804,
      "containment": 0.36,
      "latency_ms": 1128.8143372535706,
      "context_chars": 3198.0
    },
    "6": {
      "n": 100,
      "em": 0.37,
      "f1": 0.47576190476190466,
      "containment": 0.38,
      "latency_ms": 1174.0996360778809,
      "context_chars": 3838.77
    }
  }
}