{
  "shard_index": 20,
  "shard_count": 37,
  "summary": {
    "0": {
      "n": 100,
      "em": 0.34,
      "f1": 0.4237991452991453,
      "containment": 0.37,
      "latency_ms": 931.7690944671631,
      "context_chars": 0.0
    },
    "1": {
      "n": 100,
      "em": 0.22,
      "f1": 0.27604761904761904,
      "containment": 0.2,
      "latency_ms": 1030.2822852134705,
      "context_chars": 635.3
    },
    "2": {
      "n": 100,
      "em": 0.23,
      "f1": 0.3041865079365079,
      "containment": 0.22,
      "latency_ms": 1078.0912351608276,
      "context_chars": 1273.12
    },
    "3": {
      "n": 100,
      "em": 0.28,
      "f1": 0.3536388888888889,
      "containment": 0.31,
      "latency_ms": 1143.356692790985,
      "context_chars": 1906.4
    },
    "4": {
      "n": 100,
      "em": 0.32,
      "f1": 0.38169444444444445,
      "containment": 0.34,
      "latency_ms": 1157.5721168518066,
      "context_chars": 2541.2
    },
    "5": {
      "n": 100,
      "em": 0.31,
      "f1": 0.38977777777777783,
      "containment": 0.33,
      "latency_ms": 1144.5797634124756,
      "context_chars": 3186.67
    },
    "6": {
      "n": 100,
      "em": 0.32,
      "f1": 0.3937546897546897,
      "containment": 0.34,
      "latency_ms": 1111.6607737541199,
      "context_chars": 3824.62
    }
  }
}