{
  "shard_index": 36,
  "shard_count": 37,
  "summary": {
    "0": {
      "n": 10,
      "em": 0.5,
      "f1": 0.55,
      "containment": 0.6,
      "latency_ms": 845.8194255828857,
      "context_chars": 0.0
    },
    "1": {
      "n": 10,
      "em": 0.3,
      "f1": 0.5133333333333333,
      "containment": 0.6,
      "latency_ms": 1342.5464153289795,
      "context_chars": 645.6
    },
    "2": {
      "n": 10,
      "em": 0.3,
      "f1": 0.5066666666666666,
      "containment": 0.6,
      "latency_ms": 1332.3598384857178,
      "context_chars": 1306.3
    },
    "3": {
      "n": 10,
      "em": 0.3,
      "f1": 0.5733333333333333,
      "containment": 0.7,
      "latency_ms": 1181.404995918274,
      "context_chars": 1947.8
    },
    "4": {
      "n": 10,
      "em": 0.3,
      "f1": 0.5533333333333333,
      "containment": 0.7,
      "latency_ms": 1343.1802034378052,
      "context_chars": 2583.2
    },
    "5": {
      "n": 10,
      "em": 0.3,
      "f1": 0.5533333333333333,
      "containment": 0.7,
      "latency_ms": 1234.123158454895,
      "context_chars": 3212.7
    },
    "6": {
      "n": 10,
      "em": 0.3,
      "f1": 0.5799999999999998,
      "containment": 0.7,
      "latency_ms": 1136.5180730819702,
      "context_chars": 3859.8
    }
  }
}