{
  "shard_index": 10,
  "shard_count": 37,
  "summary": {
    "0": {
      "n": 100,
      "em": 0.37,
      "f1": 0.47549633699633687,
      "containment": 0.35,
      "latency_ms": 913.3786344528198,
      "context_chars": 0.0
    },
    "1": {
      "n": 100,
      "em": 0.24,
      "f1": 0.2889285714285714,
      "containment": 0.22,
      "latency_ms": 1134.1922211647034,
      "context_chars": 625.16
    },
    "2": {
      "n": 100,
      "em": 0.28,
      "f1": 0.33855555555555555,
      "containment": 0.25,
      "latency_ms": 1260.632882118225,
      "context_chars": 1261.5
    },
    "3": {
      "n": 100,
      "em": 0.29,
      "f1": 0.3521714285714285,
      "containment": 0.26,
      "latency_ms": 1179.421329498291,
      "context_chars": 1896.95
    },
    "4": {
      "n": 100,
      "em": 0.34,
      "f1": 0.4133142857142857,
      "containment": 0.31,
      "latency_ms": 1224.836184978485,
      "context_chars": 2536.24
    },
    "5": {
      "n": 100,
      "em": 0.35,
      "f1": 0.41881428571428564,
      "containment": 0.32,
      "latency_ms": 1263.2508492469788,
      "context_chars": 3174.38
    },
    "6": {
      "n": 100,
      "em": 0.36,
      "f1": 0.42464761904761894,
      "containment": 0.34,
      "latency_ms": 1240.5908036231995,
      "context_chars": 3814.51
    }
  }
}