{
  "shard_index": 15,
  "shard_count": 37,
  "summary": {
    "0": {
      "n": 100,
      "em": 0.29,
      "f1": 0.41234271284271284,
      "containment": 0.32,
      "latency_ms": 893.0273079872131,
      "context_chars": 0.0
    },
    "1": {
      "n": 100,
      "em": 0.16,
      "f1": 0.25726984126984126,
      "containment": 0.22,
      "latency_ms": 1187.3039603233337,
      "context_chars": 639.94
    },
    "2": {
      "n": 100,
      "em": 0.22,
      "f1": 0.30286714975845414,
      "containment": 0.27,
      "latency_ms": 1190.2433109283447,
      "context_chars": 1271.69
    },
    "3": {
      "n": 100,
      "em": 0.24,
      "f1": 0.33652587991718436,
      "containment": 0.31,
      "latency_ms": 1247.312319278717,
      "context_chars": 1915.05
    },
    "4": {
      "n": 100,
      "em": 0.28,
      "f1": 0.37740418679549115,
      "containment": 0.34,
      "latency_ms": 1192.0332765579224,
      "context_chars": 2547.59
    },
    "5": {
      "n": 100,
      "em": 0.25,
      "f1": 0.36392270531400966,
      "containment": 0.33,
      "latency_ms": 1219.4219851493835,
      "context_chars": 3190.99
    },
    "6": {
      "n": 100,
      "em": 0.26,
      "f1": 0.37258937198067626,
      "containment": 0.35,
      "latency_ms": 1247.811348438263,
      "context_chars": 3835.24
    }
  }
}