{
  "dataset": "nq_test",
  "retriever": "SPLADE",
  "rag_variant": "SPLADE_k0to6",
  "num_examples": 3610,
  "shots": {
    "0": {
      "n": 3610,
      "em": 0.12105263157894737,
      "f1": 0.18533592692660855,
      "containment": 0.15650969529085873,
      "latency_ms": 107.68568145931593,
      "context_chars": 0.0
    },
    "1": {
      "n": 3610,
      "em": 0.25235457063711914,
      "f1": 0.3399422819777847,
      "containment": 0.2994459833795014,
      "latency_ms": 114.5306243790814,
      "context_chars": 637.790027700831
    },
    "2": {
      "n": 3610,
      "em": 0.28781163434903045,
      "f1": 0.3845478435545082,
      "containment": 0.3526315789473684,
      "latency_ms": 131.88763549783553,
      "context_chars": 1278.7573407202217
    },
    "3": {
      "n": 3610,
      "em": 0.31191135734072023,
      "f1": 0.4147030658810201,
      "containment": 0.385595567867036,
      "latency_ms": 148.26355515424564,
      "context_chars": 1919.5894736842106
    },
    "4": {
      "n": 3610,
      "em": 0.3174515235457064,
      "f1": 0.4264985931309558,
      "containment": 0.3961218836565097,
      "latency_ms": 158.74189273802529,
      "context_chars": 2562.112188365651
    },
    "5": {
      "n": 3610,
      "em": 0.3318559556786704,
      "f1": 0.44327181336193155,
      "containment": 0.4105263157894737,
      "latency_ms": 175.44000611080688,
      "context_chars": 3203.37811634349
    },
    "6": {
      "n": 3610,
      "em": 0.33739612188365653,
      "f1": 0.4518214584449255,
      "containment": 0.4218836565096953,
      "latency_ms": 185.56336762172035,
      "context_chars": 3844.554293628809
    }
  }
}