{
  "shard_index": 23,
  "shard_count": 37,
  "summary": {
    "0": {
      "n": 100,
      "em": 0.2,
      "f1": 0.28226190476190477,
      "containment": 0.2,
      "latency_ms": 118.65699052810669,
      "context_chars": 0.0
    },
    "1": {
      "n": 100,
      "em": 0.28,
      "f1": 0.37443722943722946,
      "containment": 0.35,
      "latency_ms": 136.338951587677,
      "context_chars": 643.41
    },
    "2": {
      "n": 100,
      "em": 0.3,
      "f1": 0.40150183150183155,
      "containment": 0.4,
      "latency_ms": 156.3899564743042,
      "context_chars": 1286.69
    },
    "3": {
      "n": 100,
      "em": 0.3,
      "f1": 0.4092993848257006,
      "containment": 0.39,
      "latency_ms": 189.91901636123657,
      "context_chars": 1923.98
    },
    "4": {
      "n": 100,
      "em": 0.32,
      "f1": 0.43397835497835496,
      "containment": 0.4,
      "latency_ms": 190.56701183319092,
      "context_chars": 2562.71
    },
    "5": {
      "n": 100,
      "em": 0.3,
      "f1": 0.426689640768588,
      "containment": 0.4,
      "latency_ms": 218.02727222442627,
      "context_chars": 3201.08
    },
    "6": {
      "n": 100,
      "em": 0.29,
      "f1": 0.4245382395382395,
      "containment": 0.41,
      "latency_ms": 206.57610416412354,
      "context_chars": 3846.7
    }
  }
}