{
  "shard_index": 1,
  "shard_count": 37,
  "summary": {
    "0": {
      "n": 100,
      "em": 0.06,
      "f1": 0.11729914529914529,
      "containment": 0.07,
      "latency_ms": 115.24281978607178,
      "context_chars": 0.0
    },
    "1": {
      "n": 100,
      "em": 0.29,
      "f1": 0.3771865079365079,
      "containment": 0.36,
      "latency_ms": 132.70434856414795,
      "context_chars": 637.46
    },
    "2": {
      "n": 100,
      "em": 0.29,
      "f1": 0.39151639061421667,
      "containment": 0.36,
      "latency_ms": 156.1737608909607,
      "context_chars": 1279.79
    },
    "3": {
      "n": 100,
      "em": 0.33,
      "f1": 0.4498780193236714,
      "containment": 0.42,
      "latency_ms": 172.83994436264038,
      "context_chars": 1921.09
    },
    "4": {
      "n": 100,
      "em": 0.34,
      "f1": 0.4484801587301587,
      "containment": 0.43,
      "latency_ms": 174.39459323883057,
      "context_chars": 2562.41
    },
    "5": {
      "n": 100,
      "em": 0.32,
      "f1": 0.4506510989010988,
      "containment": 0.45,
      "latency_ms": 203.22975397109985,
      "context_chars": 3201.5
    },
    "6": {
      "n": 100,
      "em": 0.38,
      "f1": 0.5025725108225108,
      "containment": 0.48,
      "latency_ms": 204.06763315200806,
      "context_chars": 3841.62
    }
  }
}