{
  "shard_index": 2,
  "shard_count": 37,
  "summary": {
    "0": {
      "n": 100,
      "em": 0.09,
      "f1": 0.15637698412698411,
      "containment": 0.14,
      "latency_ms": 128.98747444152832,
      "context_chars": 0.0
    },
    "1": {
      "n": 100,
      "em": 0.2,
      "f1": 0.3054559884559885,
      "containment": 0.29,
      "latency_ms": 138.96655082702637,
      "context_chars": 632.63
    },
    "2": {
      "n": 100,
      "em": 0.21,
      "f1": 0.31985547875064,
      "containment": 0.32,
      "latency_ms": 147.15028762817383,
      "context_chars": 1269.58
    },
    "3": {
      "n": 100,
      "em": 0.22,
      "f1": 0.3378015873015873,
      "containment": 0.33,
      "latency_ms": 168.46028804779053,
      "context_chars": 1906.18
    },
    "4": {
      "n": 100,
      "em": 0.22,
      "f1": 0.3425656185919344,
      "containment": 0.33,
      "latency_ms": 168.79636526107788,
      "context_chars": 2539.97
    },
    "5": {
      "n": 100,
      "em": 0.27,
      "f1": 0.3806161236424394,
      "containment": 0.37,
      "latency_ms": 186.16710662841797,
      "context_chars": 3174.06
    },
    "6": {
      "n": 100,
      "em": 0.29,
      "f1": 0.3893462823725981,
      "containment": 0.36,
      "latency_ms": 202.57899045944214,
      "context_chars": 3810.93
    }
  }
}