{
  "shard_index": 6,
  "shard_count": 37,
  "summary": {
    "0": {
      "n": 100,
      "em": 0.09,
      "f1": 0.15744444444444447,
      "containment": 0.1,
      "latency_ms": 112.86051273345947,
      "context_chars": 0.0
    },
    "1": {
      "n": 100,
      "em": 0.25,
      "f1": 0.3575147600937074,
      "containment": 0.33,
      "latency_ms": 145.0709629058838,
      "context_chars": 640.57
    },
    "2": {
      "n": 100,
      "em": 0.23,
      "f1": 0.3614283199809516,
      "containment": 0.36,
      "latency_ms": 156.92333221435547,
      "context_chars": 1285.1
    },
    "3": {
      "n": 100,
      "em": 0.29,
      "f1": 0.41139500935940565,
      "containment": 0.4,
      "latency_ms": 186.60845041275024,
      "context_chars": 1925.17
    },
    "4": {
      "n": 100,
      "em": 0.27,
      "f1": 0.41489849215112373,
      "containment": 0.41,
      "latency_ms": 202.87567615509033,
      "context_chars": 2566.78
    },
    "5": {
      "n": 100,
      "em": 0.28,
      "f1": 0.4018207586064729,
      "containment": 0.39,
      "latency_ms": 221.76822900772095,
      "context_chars": 3208.27
    },
    "6": {
      "n": 100,
      "em": 0.29,
      "f1": 0.4155403704822309,
      "containment": 0.4,
      "latency_ms": 230.3223729133606,
      "context_chars": 3845.43
    }
  }
}