{
  "shard_index": 36,
  "shard_count": 37,
  "summary": {
    "0": {
      "n": 10,
      "em": 0.2,
      "f1": 0.32666666666666666,
      "containment": 0.3,
      "latency_ms": 133.67633819580078,
      "context_chars": 0.0
    },
    "1": {
      "n": 10,
      "em": 0.3,
      "f1": 0.5433333333333333,
      "containment": 0.6,
      "latency_ms": 161.25588417053223,
      "context_chars": 643.7
    },
    "2": {
      "n": 10,
      "em": 0.3,
      "f1": 0.5166666666666666,
      "containment": 0.5,
      "latency_ms": 155.80477714538574,
      "context_chars": 1291.7
    },
    "3": {
      "n": 10,
      "em": 0.2,
      "f1": 0.48888888888888893,
      "containment": 0.6,
      "latency_ms": 179.1264772415161,
      "context_chars": 1936.1
    },
    "4": {
      "n": 10,
      "em": 0.2,
      "f1": 0.5055555555555555,
      "containment": 0.7,
      "latency_ms": 189.86351490020752,
      "context_chars": 2592.0
    },
    "5": {
      "n": 10,
      "em": 0.2,
      "f1": 0.5055555555555555,
      "containment": 0.7,
      "latency_ms": 212.20219135284424,
      "context_chars": 3256.9
    },
    "6": {
      "n": 10,
      "em": 0.3,
      "f1": 0.5805555555555555,
      "containment": 0.8,
      "latency_ms": 228.20744514465332,
      "context_chars": 3906.7
    }
  }
}