{
  "shard_index": 26,
  "shard_count": 37,
  "summary": {
    "0": {
      "n": 100,
      "em": 0.08,
      "f1": 0.14383333333333334,
      "containment": 0.11,
      "latency_ms": 112.66816854476929,
      "context_chars": 0.0
    },
    "1": {
      "n": 100,
      "em": 0.2,
      "f1": 0.3077380952380953,
      "containment": 0.27,
      "latency_ms": 125.00365734100342,
      "context_chars": 643.01
    },
    "2": {
      "n": 100,
      "em": 0.29,
      "f1": 0.3833496614496614,
      "containment": 0.36,
      "latency_ms": 161.28212690353394,
      "context_chars": 1286.31
    },
    "3": {
      "n": 100,
      "em": 0.27,
      "f1": 0.38052113294790635,
      "containment": 0.37,
      "latency_ms": 181.2812066078186,
      "context_chars": 1934.24
    },
    "4": {
      "n": 100,
      "em": 0.26,
      "f1": 0.3897403707403707,
      "containment": 0.37,
      "latency_ms": 196.54765129089355,
      "context_chars": 2577.68
    },
    "5": {
      "n": 100,
      "em": 0.27,
      "f1": 0.3824869822830842,
      "containment": 0.35,
      "latency_ms": 197.28318691253662,
      "context_chars": 3221.72
    },
    "6": {
      "n": 100,
      "em": 0.24,
      "f1": 0.3647100092889567,
      "containment": 0.35,
      "latency_ms": 217.6532793045044,
      "context_chars": 3863.53
    }
  }
}