{
  "shard_index": 30,
  "shard_count": 37,
  "summary": {
    "0": {
      "n": 100,
      "em": 0.1,
      "f1": 0.16565580618212195,
      "containment": 0.14,
      "latency_ms": 112.79260158538818,
      "context_chars": 0.0
    },
    "1": {
      "n": 100,
      "em": 0.37,
      "f1": 0.4702857142857142,
      "containment": 0.37,
      "latency_ms": 160.4891872406006,
      "context_chars": 639.8
    },
    "2": {
      "n": 100,
      "em": 0.42,
      "f1": 0.5308095238095236,
      "containment": 0.43,
      "latency_ms": 159.17405366897583,
      "context_chars": 1283.39
    },
    "3": {
      "n": 100,
      "em": 0.45,
      "f1": 0.5700039682539682,
      "containment": 0.48,
      "latency_ms": 169.6415877342224,
      "context_chars": 1925.69
    },
    "4": {
      "n": 100,
      "em": 0.45,
      "f1": 0.5717134502923976,
      "containment": 0.52,
      "latency_ms": 176.06735944747925,
      "context_chars": 2568.9
    },
    "5": {
      "n": 100,
      "em": 0.49,
      "f1": 0.5978663324979113,
      "containment": 0.52,
      "latency_ms": 198.89571905136108,
      "context_chars": 3210.49
    },
    "6": {
      "n": 100,
      "em": 0.49,
      "f1": 0.6051737010369086,
      "containment": 0.54,
      "latency_ms": 223.6290168762207,
      "context_chars": 3854.41
    }
  }
}