{
  "shard_index": 14,
  "shard_count": 37,
  "summary": {
    "0": {
      "n": 100,
      "em": 0.14,
      "f1": 0.2036507936507936,
      "containment": 0.15,
      "latency_ms": 101.72285556793213,
      "context_chars": 0.0
    },
    "1": {
      "n": 100,
      "em": 0.29,
      "f1": 0.39703717850776676,
      "containment": 0.32,
      "latency_ms": 135.08529663085938,
      "context_chars": 647.0
    },
    "2": {
      "n": 100,
      "em": 0.28,
      "f1": 0.38657142857142857,
      "containment": 0.33,
      "latency_ms": 145.46431303024292,
      "context_chars": 1293.35
    },
    "3": {
      "n": 100,
      "em": 0.3,
      "f1": 0.4309568372803667,
      "containment": 0.38,
      "latency_ms": 156.51901483535767,
      "context_chars": 1939.19
    },
    "4": {
      "n": 100,
      "em": 0.32,
      "f1": 0.4424092182327476,
      "containment": 0.39,
      "latency_ms": 179.3323516845703,
      "context_chars": 2588.86
    },
    "5": {
      "n": 100,
      "em": 0.35,
      "f1": 0.475931160342925,
      "containment": 0.43,
      "latency_ms": 192.5520658493042,
      "context_chars": 3231.28
    },
    "6": {
      "n": 100,
      "em": 0.35,
      "f1": 0.47644283167812573,
      "containment": 0.42,
      "latency_ms": 198.78703355789185,
      "context_chars": 3871.39
    }
  }
}