{
  "shard_index": 24,
  "shard_count": 37,
  "summary": {
    "0": {
      "n": 100,
      "em": 0.08,
      "f1": 0.12355555555555554,
      "containment": 0.12,
      "latency_ms": 109.34839248657227,
      "context_chars": 0.0
    },
    "1": {
      "n": 100,
      "em": 0.27,
      "f1": 0.35489177489177487,
      "containment": 0.34,
      "latency_ms": 124.88285303115845,
      "context_chars": 643.68
    },
    "2": {
      "n": 100,
      "em": 0.29,
      "f1": 0.37855313651865374,
      "containment": 0.4,
      "latency_ms": 160.10772228240967,
      "context_chars": 1290.84
    },
    "3": {
      "n": 100,
      "em": 0.28,
      "f1": 0.36059395604395605,
      "containment": 0.38,
      "latency_ms": 165.86126327514648,
      "context_chars": 1933.85
    },
    "4": {
      "n": 100,
      "em": 0.31,
      "f1": 0.4044970584970584,
      "containment": 0.4,
      "latency_ms": 173.67347478866577,
      "context_chars": 2577.96
    },
    "5": {
      "n": 100,
      "em": 0.28,
      "f1": 0.3881017593517593,
      "containment": 0.41,
      "latency_ms": 216.41964673995972,
      "context_chars": 3221.39
    },
    "6": {
      "n": 100,
      "em": 0.31,
      "f1": 0.40678948828948824,
      "containment": 0.43,
      "latency_ms": 229.42025899887085,
      "context_chars": 3864.95
    }
  }
}