{
  "shard_index": 3,
  "shard_count": 37,
  "summary": {
    "0": {
      "n": 100,
      "em": 0.09,
      "f1": 0.12965151515151513,
      "containment": 0.12,
      "latency_ms": 117.04241275787354,
      "context_chars": 0.0
    },
    "1": {
      "n": 100,
      "em": 0.27,
      "f1": 0.3559285714285714,
      "containment": 0.32,
      "latency_ms": 123.31746101379395,
      "context_chars": 640.48
    },
    "2": {
      "n": 100,
      "em": 0.3,
      "f1": 0.3705149321266968,
      "containment": 0.35,
      "latency_ms": 156.29749059677124,
      "context_chars": 1280.18
    },
    "3": {
      "n": 100,
      "em": 0.27,
      "f1": 0.3584392551892552,
      "containment": 0.33,
      "latency_ms": 169.64754343032837,
      "context_chars": 1925.02
    },
    "4": {
      "n": 100,
      "em": 0.28,
      "f1": 0.35959109311740894,
      "containment": 0.32,
      "latency_ms": 170.9652066230774,
      "context_chars": 2567.0
    },
    "5": {
      "n": 100,
      "em": 0.28,
      "f1": 0.36882644110275686,
      "containment": 0.36,
      "latency_ms": 187.4859881401062,
      "context_chars": 3206.21
    },
    "6": {
      "n": 100,
      "em": 0.28,
      "f1": 0.3653380647130647,
      "containment": 0.37,
      "latency_ms": 215.17967462539673,
      "context_chars": 3845.57
    }
  }
}