{
  "shard_index": 7,
  "shard_count": 37,
  "summary": {
    "0": {
      "n": 100,
      "em": 0.13,
      "f1": 0.19763449883449882,
      "containment": 0.18,
      "latency_ms": 134.75082635879517,
      "context_chars": 0.0
    },
    "1": {
      "n": 100,
      "em": 0.19,
      "f1": 0.271521978021978,
      "containment": 0.23,
      "latency_ms": 139.6460723876953,
      "context_chars": 637.83
    },
    "2": {
      "n": 100,
      "em": 0.23,
      "f1": 0.31476684426684426,
      "containment": 0.23,
      "latency_ms": 167.58398532867432,
      "context_chars": 1278.29
    },
    "3": {
      "n": 100,
      "em": 0.26,
      "f1": 0.37409595633125037,
      "containment": 0.31,
      "latency_ms": 174.36482429504395,
      "context_chars": 1923.96
    },
    "4": {
      "n": 100,
      "em": 0.27,
      "f1": 0.38721983245512653,
      "containment": 0.33,
      "latency_ms": 183.06787967681885,
      "context_chars": 2564.51
    },
    "5": {
      "n": 100,
      "em": 0.25,
      "f1": 0.3746739629183313,
      "containment": 0.34,
      "latency_ms": 211.44338846206665,
      "context_chars": 3209.63
    },
    "6": {
      "n": 100,
      "em": 0.24,
      "f1": 0.359671602906897,
      "containment": 0.32,
      "latency_ms": 227.63472080230713,
      "context_chars": 3854.82
    }
  }
}