{
  "shard_index": 33,
  "shard_count": 37,
  "summary": {
    "0": {
      "n": 100,
      "em": 0.11,
      "f1": 0.16845454545454544,
      "containment": 0.11,
      "latency_ms": 131.49503707885742,
      "context_chars": 0.0
    },
    "1": {
      "n": 100,
      "em": 0.27,
      "f1": 0.3471855742296918,
      "containment": 0.29,
      "latency_ms": 147.06278800964355,
      "context_chars": 639.09
    },
    "2": {
      "n": 100,
      "em": 0.25,
      "f1": 0.3597983193277311,
      "containment": 0.3,
      "latency_ms": 158.61149549484253,
      "context_chars": 1272.64
    },
    "3": {
      "n": 100,
      "em": 0.29,
      "f1": 0.3987591036414566,
      "containment": 0.34,
      "latency_ms": 168.77529859542847,
      "context_chars": 1917.56
    },
    "4": {
      "n": 100,
      "em": 0.31,
      "f1": 0.4182649859943977,
      "containment": 0.36,
      "latency_ms": 201.51867151260376,
      "context_chars": 2554.6
    },
    "5": {
      "n": 100,
      "em": 0.31,
      "f1": 0.41374326653738414,
      "containment": 0.36,
      "latency_ms": 216.15691900253296,
      "context_chars": 3193.79
    },
    "6": {
      "n": 100,
      "em": 0.32,
      "f1": 0.4301618113912231,
      "containment": 0.38,
      "latency_ms": 226.24274492263794,
      "context_chars": 3833.06
    }
  }
}