{
  "shard_index": 16,
  "shard_count": 37,
  "summary": {
    "0": {
      "n": 100,
      "em": 0.12,
      "f1": 0.18090151515151515,
      "containment": 0.17,
      "latency_ms": 160.47252655029297,
      "context_chars": 0.0
    },
    "1": {
      "n": 100,
      "em": 0.25,
      "f1": 0.3424870129870129,
      "containment": 0.29,
      "latency_ms": 145.88006019592285,
      "context_chars": 637.38
    },
    "2": {
      "n": 100,
      "em": 0.26,
      "f1": 0.3669846787199728,
      "containment": 0.34,
      "latency_ms": 148.82723569869995,
      "context_chars": 1274.07
    },
    "3": {
      "n": 100,
      "em": 0.27,
      "f1": 0.40490979949291966,
      "containment": 0.34,
      "latency_ms": 170.47864198684692,
      "context_chars": 1912.42
    },
    "4": {
      "n": 100,
      "em": 0.3,
      "f1": 0.4182571654924596,
      "containment": 0.36,
      "latency_ms": 190.039484500885,
      "context_chars": 2552.25
    },
    "5": {
      "n": 100,
      "em": 0.28,
      "f1": 0.4026099042569631,
      "containment": 0.37,
      "latency_ms": 197.2221040725708,
      "context_chars": 3200.62
    },
    "6": {
      "n": 100,
      "em": 0.31,
      "f1": 0.42921047430830034,
      "containment": 0.38,
      "latency_ms": 216.70437335968018,
      "context_chars": 3844.85
    }
  }
}