{
  "shard_index": 4,
  "shard_count": 37,
  "summary": {
    "0": {
      "n": 100,
      "em": 0.11,
      "f1": 0.1736307581307581,
      "containment": 0.17,
      "latency_ms": 170.12291431427002,
      "context_chars": 0.0
    },
    "1": {
      "n": 100,
      "em": 0.29,
      "f1": 0.35990873015873015,
      "containment": 0.32,
      "latency_ms": 146.65207862854004,
      "context_chars": 638.1
    },
    "2": {
      "n": 100,
      "em": 0.28,
      "f1": 0.36772106402369553,
      "containment": 0.37,
      "latency_ms": 168.44869136810303,
      "context_chars": 1272.7
    },
    "3": {
      "n": 100,
      "em": 0.29,
      "f1": 0.3790123928359222,
      "containment": 0.37,
      "latency_ms": 185.56392192840576,
      "context_chars": 1912.66
    },
    "4": {
      "n": 100,
      "em": 0.27,
      "f1": 0.36263761676919565,
      "containment": 0.36,
      "latency_ms": 201.7090368270874,
      "context_chars": 2549.48
    },
    "5": {
      "n": 100,
      "em": 0.27,
      "f1": 0.3673129414445203,
      "containment": 0.38,
      "latency_ms": 209.1758108139038,
      "context_chars": 3192.14
    },
    "6": {
      "n": 100,
      "em": 0.32,
      "f1": 0.41423501936659823,
      "containment": 0.43,
      "latency_ms": 218.5389280319214,
      "context_chars": 3829.76
    }
  }
}