{
  "shard_index": 13,
  "shard_count": 37,
  "summary": {
    "0": {
      "n": 100,
      "em": 0.1,
      "f1": 0.1895434173669468,
      "containment": 0.17,
      "latency_ms": 116.68965339660645,
      "context_chars": 0.0
    },
    "1": {
      "n": 100,
      "em": 0.28,
      "f1": 0.38122607655502383,
      "containment": 0.32,
      "latency_ms": 125.57360410690308,
      "context_chars": 634.19
    },
    "2": {
      "n": 100,
      "em": 0.28,
      "f1": 0.3928513153513153,
      "containment": 0.36,
      "latency_ms": 158.79730701446533,
      "context_chars": 1269.78
    },
    "3": {
      "n": 100,
      "em": 0.27,
      "f1": 0.38838888888888884,
      "containment": 0.34,
      "latency_ms": 187.90776014328003,
      "context_chars": 1910.43
    },
    "4": {
      "n": 100,
      "em": 0.26,
      "f1": 0.36636274509803923,
      "containment": 0.34,
      "latency_ms": 189.54655408859253,
      "context_chars": 2538.68
    },
    "5": {
      "n": 100,
      "em": 0.25,
      "f1": 0.37099877899877903,
      "containment": 0.36,
      "latency_ms": 201.11642122268677,
      "context_chars": 3174.07
    },
    "6": {
      "n": 100,
      "em": 0.25,
      "f1": 0.39152380952380944,
      "containment": 0.35,
      "latency_ms": 216.44717693328857,
      "context_chars": 3814.42
    }
  }
}