{
  "shard_index": 12,
  "shard_count": 37,
  "summary": {
    "0": {
      "n": 100,
      "em": 0.11,
      "f1": 0.1759444444444444,
      "containment": 0.16,
      "latency_ms": 142.26716995239258,
      "context_chars": 0.0
    },
    "1": {
      "n": 100,
      "em": 0.27,
      "f1": 0.34149999999999997,
      "containment": 0.29,
      "latency_ms": 130.63287734985352,
      "context_chars": 640.06
    },
    "2": {
      "n": 100,
      "em": 0.3,
      "f1": 0.40194660894660894,
      "containment": 0.34,
      "latency_ms": 156.46661043167114,
      "context_chars": 1279.4
    },
    "3": {
      "n": 100,
      "em": 0.37,
      "f1": 0.46305772005772,
      "containment": 0.41,
      "latency_ms": 156.8695878982544,
      "context_chars": 1920.98
    },
    "4": {
      "n": 100,
      "em": 0.35,
      "f1": 0.45134343434343427,
      "containment": 0.41,
      "latency_ms": 163.3085584640503,
      "context_chars": 2556.16
    },
    "5": {
      "n": 100,
      "em": 0.38,
      "f1": 0.4753515928515928,
      "containment": 0.45,
      "latency_ms": 186.72098636627197,
      "context_chars": 3195.15
    },
    "6": {
      "n": 100,
      "em": 0.38,
      "f1": 0.482059163059163,
      "containment": 0.47,
      "latency_ms": 205.3591752052307,
      "context_chars": 3831.77
    }
  }
}