{
  "shard_index": 10,
  "shard_count": 37,
  "summary": {
    "0": {
      "n": 100,
      "em": 0.1,
      "f1": 0.14719444444444443,
      "containment": 0.1,
      "latency_ms": 125.77428102493286,
      "context_chars": 0.0
    },
    "1": {
      "n": 100,
      "em": 0.36,
      "f1": 0.44587815693078847,
      "containment": 0.39,
      "latency_ms": 136.82251930236816,
      "context_chars": 634.45
    },
    "2": {
      "n": 100,
      "em": 0.4,
      "f1": 0.4694365079365079,
      "containment": 0.41,
      "latency_ms": 157.67443418502808,
      "context_chars": 1271.67
    },
    "3": {
      "n": 100,
      "em": 0.42,
      "f1": 0.5157549117549117,
      "containment": 0.46,
      "latency_ms": 166.9561505317688,
      "context_chars": 1908.68
    },
    "4": {
      "n": 100,
      "em": 0.44,
      "f1": 0.519941724941725,
      "containment": 0.46,
      "latency_ms": 183.46195459365845,
      "context_chars": 2552.78
    },
    "5": {
      "n": 100,
      "em": 0.44,
      "f1": 0.5319893439893438,
      "containment": 0.46,
      "latency_ms": 201.78401231765747,
      "context_chars": 3190.01
    },
    "6": {
      "n": 100,
      "em": 0.44,
      "f1": 0.5215059385059384,
      "containment": 0.46,
      "latency_ms": 210.83717107772827,
      "context_chars": 3828.41
    }
  }
}