{
  "shard_index": 27,
  "shard_count": 37,
  "summary": {
    "0": {
      "n": 100,
      "em": 0.2,
      "f1": 0.23704040404040405,
      "containment": 0.21,
      "latency_ms": 107.65493869781494,
      "context_chars": 0.0
    },
    "1": {
      "n": 100,
      "em": 0.3,
      "f1": 0.35883333333333334,
      "containment": 0.32,
      "latency_ms": 143.8648509979248,
      "context_chars": 636.34
    },
    "2": {
      "n": 100,
      "em": 0.34,
      "f1": 0.45623304473304477,
      "containment": 0.38,
      "latency_ms": 158.77816200256348,
      "context_chars": 1272.82
    },
    "3": {
      "n": 100,
      "em": 0.36,
      "f1": 0.45967084377610695,
      "containment": 0.41,
      "latency_ms": 166.8258571624756,
      "context_chars": 1908.97
    },
    "4": {
      "n": 100,
      "em": 0.36,
      "f1": 0.4659810890863523,
      "containment": 0.41,
      "latency_ms": 176.95655345916748,
      "context_chars": 2546.08
    },
    "5": {
      "n": 100,
      "em": 0.35,
      "f1": 0.46082560568086883,
      "containment": 0.42,
      "latency_ms": 190.809485912323,
      "context_chars": 3182.02
    },
    "6": {
      "n": 100,
      "em": 0.34,
      "f1": 0.4584691843244475,
      "containment": 0.41,
      "latency_ms": 226.85648202896118,
      "context_chars": 3816.29
    }
  }
}