{
  "shard_index": 35,
  "shard_count": 37,
  "summary": {
    "0": {
      "n": 100,
      "em": 0.14,
      "f1": 0.1969214929214929,
      "containment": 0.17,
      "latency_ms": 126.83358907699585,
      "context_chars": 0.0
    },
    "1": {
      "n": 100,
      "em": 0.25,
      "f1": 0.3193015873015873,
      "containment": 0.28,
      "latency_ms": 152.1101951599121,
      "context_chars": 641.66
    },
    "2": {
      "n": 100,
      "em": 0.27,
      "f1": 0.3449285714285714,
      "containment": 0.31,
      "latency_ms": 154.77130889892578,
      "context_chars": 1284.67
    },
    "3": {
      "n": 100,
      "em": 0.25,
      "f1": 0.3413116123642439,
      "containment": 0.32,
      "latency_ms": 173.39673280715942,
      "context_chars": 1929.75
    },
    "4": {
      "n": 100,
      "em": 0.3,
      "f1": 0.39453968253968247,
      "containment": 0.36,
      "latency_ms": 186.5982174873352,
      "context_chars": 2581.38
    },
    "5": {
      "n": 100,
      "em": 0.3,
      "f1": 0.39687628384687207,
      "containment": 0.37,
      "latency_ms": 203.1142783164978,
      "context_chars": 3222.27
    },
    "6": {
      "n": 100,
      "em": 0.29,
      "f1": 0.3902810457516339,
      "containment": 0.36,
      "latency_ms": 218.50740671157837,
      "context_chars": 3870.39
    }
  }
}