{
  "shard_index": 21,
  "shard_count": 37,
  "summary": {
    "0": {
      "n": 100,
      "em": 0.11,
      "f1": 0.1555238095238095,
      "containment": 0.14,
      "latency_ms": 122.97013998031616,
      "context_chars": 0.0
    },
    "1": {
      "n": 100,
      "em": 0.29,
      "f1": 0.3731832611832612,
      "containment": 0.33,
      "latency_ms": 153.29559326171875,
      "context_chars": 623.05
    },
    "2": {
      "n": 100,
      "em": 0.28,
      "f1": 0.3966701420877623,
      "containment": 0.34,
      "latency_ms": 160.63265800476074,
      "context_chars": 1253.58
    },
    "3": {
      "n": 100,
      "em": 0.31,
      "f1": 0.42874181374181375,
      "containment": 0.39,
      "latency_ms": 168.32828998565674,
      "context_chars": 1889.71
    },
    "4": {
      "n": 100,
      "em": 0.33,
      "f1": 0.45627533577533574,
      "containment": 0.42,
      "latency_ms": 175.1203155517578,
      "context_chars": 2526.44
    },
    "5": {
      "n": 100,
      "em": 0.33,
      "f1": 0.4636505161505163,
      "containment": 0.44,
      "latency_ms": 193.02502155303955,
      "context_chars": 3160.41
    },
    "6": {
      "n": 100,
      "em": 0.35,
      "f1": 0.4765866910866911,
      "containment": 0.44,
      "latency_ms": 202.919602394104,
      "context_chars": 3796.21
    }
  }
}