{
  "shard_index": 22,
  "shard_count": 37,
  "summary": {
    "0": {
      "n": 100,
      "em": 0.14,
      "f1": 0.1678991822131357,
      "containment": 0.18,
      "latency_ms": 132.9304051399231,
      "context_chars": 0.0
    },
    "1": {
      "n": 100,
      "em": 0.26,
      "f1": 0.3305201465201465,
      "containment": 0.31,
      "latency_ms": 136.22572422027588,
      "context_chars": 637.47
    },
    "2": {
      "n": 100,
      "em": 0.31,
      "f1": 0.386013653013653,
      "containment": 0.38,
      "latency_ms": 156.87422513961792,
      "context_chars": 1281.36
    },
    "3": {
      "n": 100,
      "em": 0.3,
      "f1": 0.40675824175824166,
      "containment": 0.41,
      "latency_ms": 171.27126216888428,
      "context_chars": 1919.67
    },
    "4": {
      "n": 100,
      "em": 0.29,
      "f1": 0.38448334998334993,
      "containment": 0.39,
      "latency_ms": 175.86871147155762,
      "context_chars": 2561.04
    },
    "5": {
      "n": 100,
      "em": 0.3,
      "f1": 0.40209157509157506,
      "containment": 0.42,
      "latency_ms": 193.89078378677368,
      "context_chars": 3200.32
    },
    "6": {
      "n": 100,
      "em": 0.3,
      "f1": 0.4221738261738261,
      "containment": 0.41,
      "latency_ms": 204.25591707229614,
      "context_chars": 3838.45
    }
  }
}