{
  "shard_index": 9,
  "shard_count": 37,
  "summary": {
    "0": {
      "n": 100,
      "em": 0.17,
      "f1": 0.23600671550671548,
      "containment": 0.19,
      "latency_ms": 130.49533128738403,
      "context_chars": 0.0
    },
    "1": {
      "n": 100,
      "em": 0.27,
      "f1": 0.35224747474747475,
      "containment": 0.26,
      "latency_ms": 125.89900732040405,
      "context_chars": 635.96
    },
    "2": {
      "n": 100,
      "em": 0.3,
      "f1": 0.39831840381840394,
      "containment": 0.34,
      "latency_ms": 160.48321962356567,
      "context_chars": 1282.37
    },
    "3": {
      "n": 100,
      "em": 0.33,
      "f1": 0.40708223258223264,
      "containment": 0.36,
      "latency_ms": 173.89795780181885,
      "context_chars": 1930.18
    },
    "4": {
      "n": 100,
      "em": 0.32,
      "f1": 0.4289256854256854,
      "containment": 0.38,
      "latency_ms": 186.41393423080444,
      "context_chars": 2571.64
    },
    "5": {
      "n": 100,
      "em": 0.32,
      "f1": 0.4208529607647255,
      "containment": 0.36,
      "latency_ms": 190.25007724761963,
      "context_chars": 3207.76
    },
    "6": {
      "n": 100,
      "em": 0.35,
      "f1": 0.4445038931656579,
      "containment": 0.37,
      "latency_ms": 207.36085891723633,
      "context_chars": 3848.86
    }
  }
}