{
  "shard_index": 25,
  "shard_count": 37,
  "summary": {
    "0": {
      "n": 100,
      "em": 0.17,
      "f1": 0.23098934725405315,
      "containment": 0.21,
      "latency_ms": 164.91495847702026,
      "context_chars": 0.0
    },
    "1": {
      "n": 100,
      "em": 0.33,
      "f1": 0.38909040959040964,
      "containment": 0.39,
      "latency_ms": 139.0361475944519,
      "context_chars": 642.03
    },
    "2": {
      "n": 100,
      "em": 0.39,
      "f1": 0.482047619047619,
      "containment": 0.46,
      "latency_ms": 146.62952661514282,
      "context_chars": 1284.23
    },
    "3": {
      "n": 100,
      "em": 0.36,
      "f1": 0.4671166321601104,
      "containment": 0.44,
      "latency_ms": 169.78310346603394,
      "context_chars": 1926.59
    },
    "4": {
      "n": 100,
      "em": 0.37,
      "f1": 0.476984126984127,
      "containment": 0.45,
      "latency_ms": 191.56588315963745,
      "context_chars": 2565.01
    },
    "5": {
      "n": 100,
      "em": 0.35,
      "f1": 0.4650331890331889,
      "containment": 0.44,
      "latency_ms": 200.25316715240479,
      "context_chars": 3204.49
    },
    "6": {
      "n": 100,
      "em": 0.37,
      "f1": 0.4824050756007277,
      "containment": 0.46,
      "latency_ms": 223.24230194091797,
      "context_chars": 3846.13
    }
  }
}