{
  "shard_index": 34,
  "shard_count": 37,
  "summary": {
    "0": {
      "n": 100,
      "em": 0.14,
      "f1": 0.20038766788766785,
      "containment": 0.18,
      "latency_ms": 120.76682090759277,
      "context_chars": 0.0
    },
    "1": {
      "n": 100,
      "em": 0.25,
      "f1": 0.32285470085470086,
      "containment": 0.27,
      "latency_ms": 129.66084003448486,
      "context_chars": 637.44
    },
    "2": {
      "n": 100,
      "em": 0.3,
      "f1": 0.3828997946497946,
      "containment": 0.3,
      "latency_ms": 151.44291639328003,
      "context_chars": 1276.88
    },
    "3": {
      "n": 100,
      "em": 0.32,
      "f1": 0.4236775724275724,
      "containment": 0.37,
      "latency_ms": 169.48791980743408,
      "context_chars": 1917.41
    },
    "4": {
      "n": 100,
      "em": 0.35,
      "f1": 0.448594239094239,
      "containment": 0.41,
      "latency_ms": 177.1417474746704,
      "context_chars": 2564.95
    },
    "5": {
      "n": 100,
      "em": 0.34,
      "f1": 0.44646790052053204,
      "containment": 0.43,
      "latency_ms": 198.9794898033142,
      "context_chars": 3212.07
    },
    "6": {
      "n": 100,
      "em": 0.37,
      "f1": 0.4624181929181929,
      "containment": 0.44,
      "latency_ms": 206.61789655685425,
      "context_chars": 3856.93
    }
  }
}