{
  "shard_index": 5,
  "shard_count": 37,
  "summary": {
    "0": {
      "n": 100,
      "em": 0.14,
      "f1": 0.2287857142857143,
      "containment": 0.18,
      "latency_ms": 126.17120742797852,
      "context_chars": 0.0
    },
    "1": {
      "n": 100,
      "em": 0.3,
      "f1": 0.38809523809523816,
      "containment": 0.35,
      "latency_ms": 130.15159130096436,
      "context_chars": 644.03
    },
    "2": {
      "n": 100,
      "em": 0.35,
      "f1": 0.45646031746031746,
      "containment": 0.42,
      "latency_ms": 148.6210036277771,
      "context_chars": 1293.31
    },
    "3": {
      "n": 100,
      "em": 0.35,
      "f1": 0.4472863247863248,
      "containment": 0.43,
      "latency_ms": 171.66360139846802,
      "context_chars": 1934.55
    },
    "4": {
      "n": 100,
      "em": 0.35,
      "f1": 0.45669108669108666,
      "containment": 0.43,
      "latency_ms": 174.11920309066772,
      "context_chars": 2579.03
    },
    "5": {
      "n": 100,
      "em": 0.39,
      "f1": 0.5009529914529913,
      "containment": 0.47,
      "latency_ms": 196.80310010910034,
      "context_chars": 3223.4
    },
    "6": {
      "n": 100,
      "em": 0.36,
      "f1": 0.46030219780219783,
      "containment": 0.43,
      "latency_ms": 198.05373430252075,
      "context_chars": 3868.09
    }
  }
}