{
  "shard_index": 19,
  "shard_count": 37,
  "summary": {
    "0": {
      "n": 100,
      "em": 0.08,
      "f1": 0.15954179799528634,
      "containment": 0.15,
      "latency_ms": 232.39162921905518,
      "context_chars": 0.0
    },
    "1": {
      "n": 100,
      "em": 0.24,
      "f1": 0.3243637636872931,
      "containment": 0.27,
      "latency_ms": 142.73739337921143,
      "context_chars": 630.7
    },
    "2": {
      "n": 100,
      "em": 0.29,
      "f1": 0.3799747806896143,
      "containment": 0.35,
      "latency_ms": 169.7792100906372,
      "context_chars": 1263.2
    },
    "3": {
      "n": 100,
      "em": 0.31,
      "f1": 0.41235480859010265,
      "containment": 0.36,
      "latency_ms": 164.3019437789917,
      "context_chars": 1903.12
    },
    "4": {
      "n": 100,
      "em": 0.3,
      "f1": 0.3966094983447923,
      "containment": 0.37,
      "latency_ms": 198.487811088562,
      "context_chars": 2538.5
    },
    "5": {
      "n": 100,
      "em": 0.33,
      "f1": 0.4144560216708555,
      "containment": 0.38,
      "latency_ms": 192.91199684143066,
      "context_chars": 3176.26
    },
    "6": {
      "n": 100,
      "em": 0.34,
      "f1": 0.4369445717681011,
      "containment": 0.41,
      "latency_ms": 221.1613655090332,
      "context_chars": 3813.92
    }
  }
}