{
  "shard_index": 29,
  "shard_count": 37,
  "summary": {
    "0": {
      "n": 100,
      "em": 0.1,
      "f1": 0.17846340218920864,
      "containment": 0.17,
      "latency_ms": 124.27002429962158,
      "context_chars": 0.0
    },
    "1": {
      "n": 100,
      "em": 0.27,
      "f1": 0.37785636585636584,
      "containment": 0.31,
      "latency_ms": 134.76760864257812,
      "context_chars": 644.27
    },
    "2": {
      "n": 100,
      "em": 0.34,
      "f1": 0.464419018889607,
      "containment": 0.39,
      "latency_ms": 149.74700927734375,
      "context_chars": 1289.62
    },
    "3": {
      "n": 100,
      "em": 0.34,
      "f1": 0.4627733287953875,
      "containment": 0.42,
      "latency_ms": 176.44751071929932,
      "context_chars": 1930.33
    },
    "4": {
      "n": 100,
      "em": 0.31,
      "f1": 0.43578036342742216,
      "containment": 0.37,
      "latency_ms": 177.19383716583252,
      "context_chars": 2570.07
    },
    "5": {
      "n": 100,
      "em": 0.32,
      "f1": 0.45279745744451616,
      "containment": 0.4,
      "latency_ms": 199.10367965698242,
      "context_chars": 3207.38
    },
    "6": {
      "n": 100,
      "em": 0.3,
      "f1": 0.430482515964048,
      "containment": 0.37,
      "latency_ms": 206.03474617004395,
      "context_chars": 3853.52
    }
  }
}