{
  "shard_index": 0,
  "shard_count": 37,
  "summary": {
    "0": {
      "n": 100,
      "em": 0.11,
      "f1": 0.1887308802308802,
      "containment": 0.16,
      "latency_ms": 123.37006330490112,
      "context_chars": 0.0
    },
    "1": {
      "n": 100,
      "em": 0.23,
      "f1": 0.35876143790849674,
      "containment": 0.28,
      "latency_ms": 135.9761905670166,
      "context_chars": 635.09
    },
    "2": {
      "n": 100,
      "em": 0.22,
      "f1": 0.3690541429512018,
      "containment": 0.31,
      "latency_ms": 164.52999591827393,
      "context_chars": 1271.26
    },
    "3": {
      "n": 100,
      "em": 0.21,
      "f1": 0.37304168217403505,
      "containment": 0.32,
      "latency_ms": 180.87254762649536,
      "context_chars": 1909.32
    },
    "4": {
      "n": 100,
      "em": 0.23,
      "f1": 0.3920650314884061,
      "containment": 0.36,
      "latency_ms": 200.51729917526245,
      "context_chars": 2547.33
    },
    "5": {
      "n": 100,
      "em": 0.22,
      "f1": 0.3907340116310705,
      "containment": 0.36,
      "latency_ms": 211.41313314437866,
      "context_chars": 3188.58
    },
    "6": {
      "n": 100,
      "em": 0.22,
      "f1": 0.3817670920697237,
      "containment": 0.35,
      "latency_ms": 241.6870093345642,
      "context_chars": 3824.66
    }
  }
}