{
  "shard_index": 8,
  "shard_count": 37,
  "summary": {
    "0": {
      "n": 100,
      "em": 0.18,
      "f1": 0.2332564703056506,
      "containment": 0.22,
      "latency_ms": 144.93311882019043,
      "context_chars": 0.0
    },
    "1": {
      "n": 100,
      "em": 0.26,
      "f1": 0.33389438339438343,
      "containment": 0.25,
      "latency_ms": 137.3481011390686,
      "context_chars": 636.66
    },
    "2": {
      "n": 100,
      "em": 0.23,
      "f1": 0.32942735042735044,
      "containment": 0.26,
      "latency_ms": 166.31738185882568,
      "context_chars": 1279.67
    },
    "3": {
      "n": 100,
      "em": 0.26,
      "f1": 0.3526197740728632,
      "containment": 0.31,
      "latency_ms": 175.77181577682495,
      "context_chars": 1923.01
    },
    "4": {
      "n": 100,
      "em": 0.28,
      "f1": 0.395813922919186,
      "containment": 0.33,
      "latency_ms": 190.02991914749146,
      "context_chars": 2565.78
    },
    "5": {
      "n": 100,
      "em": 0.3,
      "f1": 0.4074325282560576,
      "containment": 0.36,
      "latency_ms": 190.40889978408813,
      "context_chars": 3210.4
    },
    "6": {
      "n": 100,
      "em": 0.3,
      "f1": 0.40536968260497663,
      "containment": 0.38,
      "latency_ms": 226.42503023147583,
      "context_chars": 3851.91
    }
  }
}