{
  "shard_index": 15,
  "shard_count": 37,
  "summary": {
    "0": {
      "n": 100,
      "em": 0.1,
      "f1": 0.18986111111111106,
      "containment": 0.16,
      "latency_ms": 124.70616579055786,
      "context_chars": 0.0
    },
    "1": {
      "n": 100,
      "em": 0.25,
      "f1": 0.33969913419913417,
      "containment": 0.3,
      "latency_ms": 163.32817554473877,
      "context_chars": 636.69
    },
    "2": {
      "n": 100,
      "em": 0.23,
      "f1": 0.3287647907647907,
      "containment": 0.29,
      "latency_ms": 158.7591028213501,
      "context_chars": 1272.52
    },
    "3": {
      "n": 100,
      "em": 0.25,
      "f1": 0.35162240537240536,
      "containment": 0.28,
      "latency_ms": 181.96118354797363,
      "context_chars": 1913.66
    },
    "4": {
      "n": 100,
      "em": 0.27,
      "f1": 0.3627362914862915,
      "containment": 0.32,
      "latency_ms": 198.8101291656494,
      "context_chars": 2553.72
    },
    "5": {
      "n": 100,
      "em": 0.26,
      "f1": 0.3636686272664534,
      "containment": 0.32,
      "latency_ms": 211.71833992004395,
      "context_chars": 3195.28
    },
    "6": {
      "n": 100,
      "em": 0.26,
      "f1": 0.35690223665223664,
      "containment": 0.33,
      "latency_ms": 215.04270792007446,
      "context_chars": 3840.77
    }
  }
}