{
  "shard_index": 32,
  "shard_count": 37,
  "summary": {
    "0": {
      "n": 100,
      "em": 0.11,
      "f1": 0.18594071146245061,
      "containment": 0.16,
      "latency_ms": 125.91996192932129,
      "context_chars": 0.0
    },
    "1": {
      "n": 100,
      "em": 0.17,
      "f1": 0.29042612942612944,
      "containment": 0.24,
      "latency_ms": 129.99181985855103,
      "context_chars": 635.37
    },
    "2": {
      "n": 100,
      "em": 0.18,
      "f1": 0.30585801797102113,
      "containment": 0.25,
      "latency_ms": 158.21343660354614,
      "context_chars": 1272.69
    },
    "3": {
      "n": 100,
      "em": 0.23,
      "f1": 0.3549579831932773,
      "containment": 0.31,
      "latency_ms": 151.37155532836914,
      "context_chars": 1907.93
    },
    "4": {
      "n": 100,
      "em": 0.27,
      "f1": 0.4086822644847411,
      "containment": 0.35,
      "latency_ms": 185.9940218925476,
      "context_chars": 2547.35
    },
    "5": {
      "n": 100,
      "em": 0.26,
      "f1": 0.40832255166217424,
      "containment": 0.34,
      "latency_ms": 216.77190780639648,
      "context_chars": 3188.2
    },
    "6": {
      "n": 100,
      "em": 0.28,
      "f1": 0.44745238095238077,
      "containment": 0.38,
      "latency_ms": 221.68288469314575,
      "context_chars": 3826.97
    }
  }
}