{
  "shard_index": 18,
  "shard_count": 37,
  "summary": {
    "0": {
      "n": 100,
      "em": 0.11,
      "f1": 0.19363852813852817,
      "containment": 0.16,
      "latency_ms": 110.21352291107178,
      "context_chars": 0.0
    },
    "1": {
      "n": 100,
      "em": 0.28,
      "f1": 0.41265750915750915,
      "containment": 0.35,
      "latency_ms": 151.6204047203064,
      "context_chars": 632.18
    },
    "2": {
      "n": 100,
      "em": 0.32,
      "f1": 0.4457157287157287,
      "containment": 0.36,
      "latency_ms": 158.73159408569336,
      "context_chars": 1276.03
    },
    "3": {
      "n": 100,
      "em": 0.32,
      "f1": 0.47358225108225094,
      "containment": 0.39,
      "latency_ms": 165.83386182785034,
      "context_chars": 1925.63
    },
    "4": {
      "n": 100,
      "em": 0.34,
      "f1": 0.4931428571428571,
      "containment": 0.42,
      "latency_ms": 195.8970046043396,
      "context_chars": 2571.15
    },
    "5": {
      "n": 100,
      "em": 0.32,
      "f1": 0.48316390798743725,
      "containment": 0.4,
      "latency_ms": 211.87270879745483,
      "context_chars": 3216.6
    },
    "6": {
      "n": 100,
      "em": 0.33,
      "f1": 0.4922395382395382,
      "containment": 0.41,
      "latency_ms": 219.09276485443115,
      "context_chars": 3858.78
    }
  }
}