{
  "shard_index": 20,
  "shard_count": 37,
  "summary": {
    "0": {
      "n": 100,
      "em": 0.15,
      "f1": 0.19816666666666666,
      "containment": 0.17,
      "latency_ms": 114.40698146820068,
      "context_chars": 0.0
    },
    "1": {
      "n": 100,
      "em": 0.31,
      "f1": 0.3751918257181416,
      "containment": 0.35,
      "latency_ms": 150.7540988922119,
      "context_chars": 632.82
    },
    "2": {
      "n": 100,
      "em": 0.29,
      "f1": 0.37688632631736085,
      "containment": 0.36,
      "latency_ms": 162.49499320983887,
      "context_chars": 1272.03
    },
    "3": {
      "n": 100,
      "em": 0.31,
      "f1": 0.3866893566203911,
      "containment": 0.39,
      "latency_ms": 167.07358837127686,
      "context_chars": 1912.62
    },
    "4": {
      "n": 100,
      "em": 0.34,
      "f1": 0.42025844493947945,
      "containment": 0.42,
      "latency_ms": 185.3980588912964,
      "context_chars": 2555.16
    },
    "5": {
      "n": 100,
      "em": 0.29,
      "f1": 0.3665674603174603,
      "containment": 0.36,
      "latency_ms": 199.28838968276978,
      "context_chars": 3202.44
    },
    "6": {
      "n": 100,
      "em": 0.32,
      "f1": 0.4102717086834734,
      "containment": 0.38,
      "latency_ms": 228.498113155365,
      "context_chars": 3842.18
    }
  }
}