{
  "shard_index": 11,
  "shard_count": 37,
  "summary": {
    "0": {
      "n": 100,
      "em": 0.16,
      "f1": 0.21453968253968253,
      "containment": 0.18,
      "latency_ms": 122.27499961853027,
      "context_chars": 0.0
    },
    "1": {
      "n": 100,
      "em": 0.31,
      "f1": 0.4013739920210508,
      "containment": 0.39,
      "latency_ms": 147.3797869682312,
      "context_chars": 633.64
    },
    "2": {
      "n": 100,
      "em": 0.32,
      "f1": 0.425773205008499,
      "containment": 0.43,
      "latency_ms": 167.38253116607666,
      "context_chars": 1268.76
    },
    "3": {
      "n": 100,
      "em": 0.34,
      "f1": 0.44513991237520634,
      "containment": 0.46,
      "latency_ms": 193.94155979156494,
      "context_chars": 1910.11
    },
    "4": {
      "n": 100,
      "em": 0.34,
      "f1": 0.44058809164691504,
      "containment": 0.44,
      "latency_ms": 198.79559516906738,
      "context_chars": 2542.77
    },
    "5": {
      "n": 100,
      "em": 0.33,
      "f1": 0.45719187675070017,
      "containment": 0.46,
      "latency_ms": 197.74192094802856,
      "context_chars": 3180.21
    },
    "6": {
      "n": 100,
      "em": 0.32,
      "f1": 0.4435784738137678,
      "containment": 0.45,
      "latency_ms": 208.78044843673706,
      "context_chars": 3828.77
    }
  }
}