{
  "shard_index": 28,
  "shard_count": 37,
  "summary": {
    "0": {
      "n": 100,
      "em": 0.1,
      "f1": 0.17338304093567253,
      "containment": 0.13,
      "latency_ms": 159.17019844055176,
      "context_chars": 0.0
    },
    "1": {
      "n": 100,
      "em": 0.27,
      "f1": 0.352593773295492,
      "containment": 0.31,
      "latency_ms": 155.18588304519653,
      "context_chars": 636.07
    },
    "2": {
      "n": 100,
      "em": 0.23,
      "f1": 0.3034880952380952,
      "containment": 0.24,
      "latency_ms": 171.57328605651855,
      "context_chars": 1278.45
    },
    "3": {
      "n": 100,
      "em": 0.25,
      "f1": 0.34066768707483,
      "containment": 0.29,
      "latency_ms": 214.234299659729,
      "context_chars": 1916.09
    },
    "4": {
      "n": 100,
      "em": 0.25,
      "f1": 0.35405920983778133,
      "containment": 0.3,
      "latency_ms": 222.8016185760498,
      "context_chars": 2559.42
    },
    "5": {
      "n": 100,
      "em": 0.28,
      "f1": 0.37560696735696736,
      "containment": 0.31,
      "latency_ms": 250.4718279838562,
      "context_chars": 3199.72
    },
    "6": {
      "n": 100,
      "em": 0.26,
      "f1": 0.3535661528014469,
      "containment": 0.31,
      "latency_ms": 250.51536321640015,
      "context_chars": 3840.72
    }
  }
}