{
  "shard_index": 31,
  "shard_count": 37,
  "summary": {
    "0": {
      "n": 100,
      "em": 0.13,
      "f1": 0.18459969442322385,
      "containment": 0.15,
      "latency_ms": 154.68812704086304,
      "context_chars": 0.0
    },
    "1": {
      "n": 100,
      "em": 0.23,
      "f1": 0.3147619047619048,
      "containment": 0.25,
      "latency_ms": 139.59267139434814,
      "context_chars": 633.86
    },
    "2": {
      "n": 100,
      "em": 0.28,
      "f1": 0.3801507936507936,
      "containment": 0.31,
      "latency_ms": 150.7202386856079,
      "context_chars": 1271.83
    },
    "3": {
      "n": 100,
      "em": 0.28,
      "f1": 0.39880844972021445,
      "containment": 0.34,
      "latency_ms": 162.94134855270386,
      "context_chars": 1911.78
    },
    "4": {
      "n": 100,
      "em": 0.3,
      "f1": 0.40253601953601953,
      "containment": 0.35,
      "latency_ms": 193.58157873153687,
      "context_chars": 2551.28
    },
    "5": {
      "n": 100,
      "em": 0.32,
      "f1": 0.4173296703296703,
      "containment": 0.35,
      "latency_ms": 191.31683111190796,
      "context_chars": 3192.45
    },
    "6": {
      "n": 100,
      "em": 0.33,
      "f1": 0.4417358752358752,
      "containment": 0.38,
      "latency_ms": 201.22150421142578,
      "context_chars": 3832.96
    }
  }
}