{
  "shard_index": 17,
  "shard_count": 37,
  "summary": {
    "0": {
      "n": 100,
      "em": 0.13,
      "f1": 0.18757983340860054,
      "containment": 0.16,
      "latency_ms": 195.3757405281067,
      "context_chars": 0.0
    },
    "1": {
      "n": 100,
      "em": 0.32,
      "f1": 0.35518470418470416,
      "containment": 0.3,
      "latency_ms": 138.86226177215576,
      "context_chars": 638.18
    },
    "2": {
      "n": 100,
      "em": 0.38,
      "f1": 0.4373677663332836,
      "containment": 0.38,
      "latency_ms": 162.8860855102539,
      "context_chars": 1278.53
    },
    "3": {
      "n": 100,
      "em": 0.39,
      "f1": 0.45614950749733363,
      "containment": 0.39,
      "latency_ms": 188.64784240722656,
      "context_chars": 1916.93
    },
    "4": {
      "n": 100,
      "em": 0.39,
      "f1": 0.4551579706842865,
      "containment": 0.38,
      "latency_ms": 191.03521823883057,
      "context_chars": 2555.69
    },
    "5": {
      "n": 100,
      "em": 0.34,
      "f1": 0.40329459429459424,
      "containment": 0.36,
      "latency_ms": 209.71513986587524,
      "context_chars": 3198.74
    },
    "6": {
      "n": 100,
      "em": 0.37,
      "f1": 0.4396573860779743,
      "containment": 0.38,
      "latency_ms": 222.92813062667847,
      "context_chars": 3840.48
    }
  }
}