{
  "shard_index": 29,
  "shard_count": 37,
  "summary": {
    "0": {
      "n": 100,
      "em": 0.13,
      "f1": 0.22678950581582158,
      "containment": 0.22,
      "latency_ms": 259.1329336166382,
      "context_chars": 0.0
    },
    "1": {
      "n": 100,
      "em": 0.23,
      "f1": 0.33074525474525474,
      "containment": 0.26,
      "latency_ms": 205.69368362426758,
      "context_chars": 639.11
    },
    "2": {
      "n": 100,
      "em": 0.36,
      "f1": 0.468638727285786,
      "containment": 0.43,
      "latency_ms": 228.78662586212158,
      "context_chars": 1284.7
    },
    "3": {
      "n": 100,
      "em": 0.34,
      "f1": 0.4458238437566168,
      "containment": 0.4,
      "latency_ms": 242.6055932044983,
      "context_chars": 1918.42
    },
    "4": {
      "n": 100,
      "em": 0.34,
      "f1": 0.4678518104988693,
      "containment": 0.42,
      "latency_ms": 260.0029516220093,
      "context_chars": 2558.62
    },
    "5": {
      "n": 100,
      "em": 0.33,
      "f1": 0.4551603168073756,
      "containment": 0.4,
      "latency_ms": 273.6501216888428,
      "context_chars": 3199.68
    },
    "6": {
      "n": 100,
      "em": 0.33,
      "f1": 0.46174190188896064,
      "containment": 0.39,
      "latency_ms": 257.7945399284363,
      "context_chars": 3845.7
    }
  }
}