{
  "shard_index": 7,
  "shard_count": 37,
  "summary": {
    "0": {
      "n": 100,
      "em": 0.14,
      "f1": 0.2464069264069264,
      "containment": 0.21,
      "latency_ms": 248.87146472930908,
      "context_chars": 0.0
    },
    "1": {
      "n": 100,
      "em": 0.24,
      "f1": 0.324521978021978,
      "containment": 0.3,
      "latency_ms": 218.3363699913025,
      "context_chars": 640.46
    },
    "2": {
      "n": 100,
      "em": 0.24,
      "f1": 0.35935780885780877,
      "containment": 0.3,
      "latency_ms": 235.36685943603516,
      "context_chars": 1279.02
    },
    "3": {
      "n": 100,
      "em": 0.23,
      "f1": 0.3464469778587425,
      "containment": 0.28,
      "latency_ms": 246.35130643844604,
      "context_chars": 1923.41
    },
    "4": {
      "n": 100,
      "em": 0.23,
      "f1": 0.3470231794349441,
      "containment": 0.28,
      "latency_ms": 287.20898389816284,
      "context_chars": 2566.84
    },
    "5": {
      "n": 100,
      "em": 0.24,
      "f1": 0.3594822758940406,
      "containment": 0.32,
      "latency_ms": 334.42047119140625,
      "context_chars": 3207.69
    },
    "6": {
      "n": 100,
      "em": 0.25,
      "f1": 0.37243537834714296,
      "containment": 0.33,
      "latency_ms": 311.1633849143982,
      "context_chars": 3848.36
    }
  }
}