{
  "shard_index": 14,
  "shard_count": 37,
  "summary": {
    "0": {
      "n": 100,
      "em": 0.15,
      "f1": 0.2673968253968254,
      "containment": 0.17,
      "latency_ms": 183.0470895767212,
      "context_chars": 0.0
    },
    "1": {
      "n": 100,
      "em": 0.26,
      "f1": 0.37892436974789917,
      "containment": 0.29,
      "latency_ms": 197.0244860649109,
      "context_chars": 646.65
    },
    "2": {
      "n": 100,
      "em": 0.33,
      "f1": 0.4403300865800866,
      "containment": 0.37,
      "latency_ms": 241.4251947402954,
      "context_chars": 1292.78
    },
    "3": {
      "n": 100,
      "em": 0.37,
      "f1": 0.4834658008658008,
      "containment": 0.41,
      "latency_ms": 254.50916528701782,
      "context_chars": 1937.72
    },
    "4": {
      "n": 100,
      "em": 0.38,
      "f1": 0.4915546398046397,
      "containment": 0.43,
      "latency_ms": 263.2218670845032,
      "context_chars": 2579.3
    },
    "5": {
      "n": 100,
      "em": 0.38,
      "f1": 0.5000322341057635,
      "containment": 0.44,
      "latency_ms": 280.59325218200684,
      "context_chars": 3224.99
    },
    "6": {
      "n": 100,
      "em": 0.38,
      "f1": 0.5012775443510736,
      "containment": 0.44,
      "latency_ms": 279.56324100494385,
      "context_chars": 3862.03
    }
  }
}