{
  "shard_index": 33,
  "shard_count": 37,
  "summary": {
    "0": {
      "n": 100,
      "em": 0.14,
      "f1": 0.2125790378006873,
      "containment": 0.16,
      "latency_ms": 285.9555959701538,
      "context_chars": 0.0
    },
    "1": {
      "n": 100,
      "em": 0.28,
      "f1": 0.36314635854341737,
      "containment": 0.32,
      "latency_ms": 201.6826581954956,
      "context_chars": 634.89
    },
    "2": {
      "n": 100,
      "em": 0.28,
      "f1": 0.3741316526610644,
      "containment": 0.33,
      "latency_ms": 213.2124900817871,
      "context_chars": 1277.15
    },
    "3": {
      "n": 100,
      "em": 0.24,
      "f1": 0.36396154825566596,
      "containment": 0.34,
      "latency_ms": 259.75898265838623,
      "context_chars": 1913.75
    },
    "4": {
      "n": 100,
      "em": 0.32,
      "f1": 0.4104939521263051,
      "containment": 0.38,
      "latency_ms": 280.1713228225708,
      "context_chars": 2558.0
    },
    "5": {
      "n": 100,
      "em": 0.3,
      "f1": 0.3949802094750944,
      "containment": 0.36,
      "latency_ms": 293.1558132171631,
      "context_chars": 3195.73
    },
    "6": {
      "n": 100,
      "em": 0.31,
      "f1": 0.40817168026630946,
      "containment": 0.36,
      "latency_ms": 324.574670791626,
      "context_chars": 3842.15
    }
  }
}