{
  "shard_index": 27,
  "shard_count": 37,
  "summary": {
    "0": {
      "n": 100,
      "em": 0.21,
      "f1": 0.27735714285714286,
      "containment": 0.23,
      "latency_ms": 162.2063708305359,
      "context_chars": 0.0
    },
    "1": {
      "n": 100,
      "em": 0.23,
      "f1": 0.29276068376068376,
      "containment": 0.26,
      "latency_ms": 187.09104299545288,
      "context_chars": 639.52
    },
    "2": {
      "n": 100,
      "em": 0.31,
      "f1": 0.39991558441558445,
      "containment": 0.37,
      "latency_ms": 218.3451223373413,
      "context_chars": 1279.61
    },
    "3": {
      "n": 100,
      "em": 0.3,
      "f1": 0.4071708437761069,
      "containment": 0.37,
      "latency_ms": 233.36350440979004,
      "context_chars": 1914.29
    },
    "4": {
      "n": 100,
      "em": 0.3,
      "f1": 0.4231507690795616,
      "containment": 0.39,
      "latency_ms": 282.721312046051,
      "context_chars": 2552.53
    },
    "5": {
      "n": 100,
      "em": 0.31,
      "f1": 0.41929782790309106,
      "containment": 0.37,
      "latency_ms": 290.86992502212524,
      "context_chars": 3191.52
    },
    "6": {
      "n": 100,
      "em": 0.32,
      "f1": 0.42582163742690055,
      "containment": 0.38,
      "latency_ms": 326.97473526000977,
      "context_chars": 3827.65
    }
  }
}