{
  "shard_index": 5,
  "shard_count": 37,
  "summary": {
    "0": {
      "n": 100,
      "em": 0.13,
      "f1": 0.2337420634920635,
      "containment": 0.18,
      "latency_ms": 185.36476850509644,
      "context_chars": 0.0
    },
    "1": {
      "n": 100,
      "em": 0.26,
      "f1": 0.34224675324675324,
      "containment": 0.29,
      "latency_ms": 218.7192416191101,
      "context_chars": 639.31
    },
    "2": {
      "n": 100,
      "em": 0.3,
      "f1": 0.4038585858585859,
      "containment": 0.36,
      "latency_ms": 233.70925426483154,
      "context_chars": 1279.06
    },
    "3": {
      "n": 100,
      "em": 0.31,
      "f1": 0.40329120879120883,
      "containment": 0.35,
      "latency_ms": 231.60714626312256,
      "context_chars": 1924.67
    },
    "4": {
      "n": 100,
      "em": 0.3,
      "f1": 0.4175769230769232,
      "containment": 0.36,
      "latency_ms": 263.48254680633545,
      "context_chars": 2568.15
    },
    "5": {
      "n": 100,
      "em": 0.28,
      "f1": 0.4169102564102565,
      "containment": 0.36,
      "latency_ms": 313.3592629432678,
      "context_chars": 3212.06
    },
    "6": {
      "n": 100,
      "em": 0.3,
      "f1": 0.4284102564102564,
      "containment": 0.37,
      "latency_ms": 297.35480070114136,
      "context_chars": 3852.52
    }
  }
}