{
  "shard_index": 2,
  "shard_count": 37,
  "summary": {
    "0": {
      "n": 100,
      "em": 0.1,
      "f1": 0.1737063492063492,
      "containment": 0.18,
      "latency_ms": 316.136155128479,
      "context_chars": 0.0
    },
    "1": {
      "n": 100,
      "em": 0.14,
      "f1": 0.24276190476190476,
      "containment": 0.22,
      "latency_ms": 215.5978512763977,
      "context_chars": 633.06
    },
    "2": {
      "n": 100,
      "em": 0.23,
      "f1": 0.3329274891774891,
      "containment": 0.33,
      "latency_ms": 248.77185106277466,
      "context_chars": 1273.71
    },
    "3": {
      "n": 100,
      "em": 0.23,
      "f1": 0.34255086580086574,
      "containment": 0.33,
      "latency_ms": 250.57913541793823,
      "context_chars": 1913.56
    },
    "4": {
      "n": 100,
      "em": 0.23,
      "f1": 0.3427272347535505,
      "containment": 0.34,
      "latency_ms": 276.7920660972595,
      "context_chars": 2553.07
    },
    "5": {
      "n": 100,
      "em": 0.25,
      "f1": 0.3637272347535505,
      "containment": 0.35,
      "latency_ms": 284.3725609779358,
      "context_chars": 3192.02
    },
    "6": {
      "n": 100,
      "em": 0.24,
      "f1": 0.3662532087795246,
      "containment": 0.34,
      "latency_ms": 313.77983570098877,
      "context_chars": 3831.66
    }
  }
}