{
  "shard_index": 18,
  "shard_count": 37,
  "summary": {
    "0": {
      "n": 100,
      "em": 0.12,
      "f1": 0.21575685425685429,
      "containment": 0.19,
      "latency_ms": 190.1256799697876,
      "context_chars": 0.0
    },
    "1": {
      "n": 100,
      "em": 0.26,
      "f1": 0.40390476190476193,
      "containment": 0.33,
      "latency_ms": 217.81904220581055,
      "context_chars": 632.65
    },
    "2": {
      "n": 100,
      "em": 0.34,
      "f1": 0.4691212121212122,
      "containment": 0.39,
      "latency_ms": 219.75084781646729,
      "context_chars": 1270.94
    },
    "3": {
      "n": 100,
      "em": 0.34,
      "f1": 0.4755793650793651,
      "containment": 0.38,
      "latency_ms": 231.72882080078125,
      "context_chars": 1919.72
    },
    "4": {
      "n": 100,
      "em": 0.34,
      "f1": 0.489790670681975,
      "containment": 0.41,
      "latency_ms": 261.06923818588257,
      "context_chars": 2562.99
    },
    "5": {
      "n": 100,
      "em": 0.35,
      "f1": 0.5025671497584541,
      "containment": 0.42,
      "latency_ms": 292.6547598838806,
      "context_chars": 3204.62
    },
    "6": {
      "n": 100,
      "em": 0.34,
      "f1": 0.4895293180249702,
      "containment": 0.41,
      "latency_ms": 296.45612716674805,
      "context_chars": 3843.22
    }
  }
}