{
  "shard_index": 25,
  "shard_count": 37,
  "summary": {
    "0": {
      "n": 100,
      "em": 0.19,
      "f1": 0.265478354978355,
      "containment": 0.22,
      "latency_ms": 278.07934522628784,
      "context_chars": 0.0
    },
    "1": {
      "n": 100,
      "em": 0.33,
      "f1": 0.387471361971362,
      "containment": 0.35,
      "latency_ms": 208.08570861816406,
      "context_chars": 631.82
    },
    "2": {
      "n": 100,
      "em": 0.39,
      "f1": 0.48804071773636987,
      "containment": 0.45,
      "latency_ms": 239.58446264266968,
      "context_chars": 1278.01
    },
    "3": {
      "n": 100,
      "em": 0.38,
      "f1": 0.47278268832616654,
      "containment": 0.46,
      "latency_ms": 256.47470712661743,
      "context_chars": 1920.28
    },
    "4": {
      "n": 100,
      "em": 0.37,
      "f1": 0.4689828643578643,
      "containment": 0.45,
      "latency_ms": 286.6479468345642,
      "context_chars": 2557.32
    },
    "5": {
      "n": 100,
      "em": 0.36,
      "f1": 0.46648604052951875,
      "containment": 0.45,
      "latency_ms": 305.968759059906,
      "context_chars": 3203.47
    },
    "6": {
      "n": 100,
      "em": 0.38,
      "f1": 0.4916450499788507,
      "containment": 0.46,
      "latency_ms": 355.04552364349365,
      "context_chars": 3840.91
    }
  }
}