{
  "shard_index": 8,
  "shard_count": 37,
  "summary": {
    "0": {
      "n": 100,
      "em": 0.18,
      "f1": 0.24864835164835164,
      "containment": 0.21,
      "latency_ms": 228.000807762146,
      "context_chars": 0.0
    },
    "1": {
      "n": 100,
      "em": 0.21,
      "f1": 0.3020396825396825,
      "containment": 0.24,
      "latency_ms": 220.0183629989624,
      "context_chars": 641.38
    },
    "2": {
      "n": 100,
      "em": 0.21,
      "f1": 0.3205781440781441,
      "containment": 0.3,
      "latency_ms": 249.8080587387085,
      "context_chars": 1281.08
    },
    "3": {
      "n": 100,
      "em": 0.23,
      "f1": 0.34861632811632814,
      "containment": 0.32,
      "latency_ms": 289.3595767021179,
      "context_chars": 1921.93
    },
    "4": {
      "n": 100,
      "em": 0.29,
      "f1": 0.4022254967254967,
      "containment": 0.37,
      "latency_ms": 311.00037813186646,
      "context_chars": 2558.71
    },
    "5": {
      "n": 100,
      "em": 0.27,
      "f1": 0.3745545565545565,
      "containment": 0.33,
      "latency_ms": 326.0174322128296,
      "context_chars": 3199.14
    },
    "6": {
      "n": 100,
      "em": 0.29,
      "f1": 0.392122322122322,
      "containment": 0.34,
      "latency_ms": 332.3400592803955,
      "context_chars": 3837.22
    }
  }
}