{
  "shard_index": 12,
  "shard_count": 37,
  "summary": {
    "0": {
      "n": 100,
      "em": 0.11,
      "f1": 0.18076984126984122,
      "containment": 0.17,
      "latency_ms": 188.47166061401367,
      "context_chars": 0.0
    },
    "1": {
      "n": 100,
      "em": 0.28,
      "f1": 0.36385930735930744,
      "containment": 0.33,
      "latency_ms": 220.0244379043579,
      "context_chars": 632.93
    },
    "2": {
      "n": 100,
      "em": 0.3,
      "f1": 0.4053181818181818,
      "containment": 0.37,
      "latency_ms": 223.5379195213318,
      "context_chars": 1267.6
    },
    "3": {
      "n": 100,
      "em": 0.32,
      "f1": 0.42416666666666664,
      "containment": 0.4,
      "latency_ms": 218.11676025390625,
      "context_chars": 1908.3
    },
    "4": {
      "n": 100,
      "em": 0.36,
      "f1": 0.4486746031746031,
      "containment": 0.43,
      "latency_ms": 247.26473093032837,
      "context_chars": 2553.59
    },
    "5": {
      "n": 100,
      "em": 0.35,
      "f1": 0.45591414141414144,
      "containment": 0.45,
      "latency_ms": 268.9065718650818,
      "context_chars": 3194.86
    },
    "6": {
      "n": 100,
      "em": 0.36,
      "f1": 0.4535591630591631,
      "containment": 0.46,
      "latency_ms": 286.4633297920227,
      "context_chars": 3833.38
    }
  }
}