{
  "shard_index": 23,
  "shard_count": 37,
  "summary": {
    "0": {
      "n": 100,
      "em": 0.21,
      "f1": 0.32224025974025977,
      "containment": 0.24,
      "latency_ms": 204.4231081008911,
      "context_chars": 0.0
    },
    "1": {
      "n": 100,
      "em": 0.26,
      "f1": 0.34354040404040403,
      "containment": 0.31,
      "latency_ms": 245.32788276672363,
      "context_chars": 645.13
    },
    "2": {
      "n": 100,
      "em": 0.29,
      "f1": 0.38295108514673737,
      "containment": 0.36,
      "latency_ms": 255.55599689483643,
      "context_chars": 1285.92
    },
    "3": {
      "n": 100,
      "em": 0.26,
      "f1": 0.3636654456654456,
      "containment": 0.37,
      "latency_ms": 271.083505153656,
      "context_chars": 1926.46
    },
    "4": {
      "n": 100,
      "em": 0.28,
      "f1": 0.3845145488886908,
      "containment": 0.37,
      "latency_ms": 286.34966373443604,
      "context_chars": 2565.39
    },
    "5": {
      "n": 100,
      "em": 0.28,
      "f1": 0.3737597402597402,
      "containment": 0.35,
      "latency_ms": 332.43510246276855,
      "context_chars": 3209.55
    },
    "6": {
      "n": 100,
      "em": 0.32,
      "f1": 0.4310088744588744,
      "containment": 0.42,
      "latency_ms": 337.93644428253174,
      "context_chars": 3848.54
    }
  }
}