{
  "shard_index": 30,
  "shard_count": 37,
  "summary": {
    "0": {
      "n": 100,
      "em": 0.13,
      "f1": 0.20357142857142854,
      "containment": 0.16,
      "latency_ms": 203.1008529663086,
      "context_chars": 0.0
    },
    "1": {
      "n": 100,
      "em": 0.32,
      "f1": 0.45652380952380944,
      "containment": 0.35,
      "latency_ms": 220.45339584350586,
      "context_chars": 639.02
    },
    "2": {
      "n": 100,
      "em": 0.38,
      "f1": 0.5040952380952382,
      "containment": 0.42,
      "latency_ms": 231.70430660247803,
      "context_chars": 1282.4
    },
    "3": {
      "n": 100,
      "em": 0.42,
      "f1": 0.5417619047619047,
      "containment": 0.45,
      "latency_ms": 251.7584776878357,
      "context_chars": 1923.24
    },
    "4": {
      "n": 100,
      "em": 0.42,
      "f1": 0.5394285714285714,
      "containment": 0.46,
      "latency_ms": 259.58722829818726,
      "context_chars": 2567.85
    },
    "5": {
      "n": 100,
      "em": 0.43,
      "f1": 0.5596083916083915,
      "containment": 0.49,
      "latency_ms": 274.9782156944275,
      "context_chars": 3207.67
    },
    "6": {
      "n": 100,
      "em": 0.43,
      "f1": 0.5677674354630874,
      "containment": 0.5,
      "latency_ms": 320.7775855064392,
      "context_chars": 3854.51
    }
  }
}