{
  "shard_index": 21,
  "shard_count": 37,
  "summary": {
    "0": {
      "n": 100,
      "em": 0.13,
      "f1": 0.202046562484643,
      "containment": 0.18,
      "latency_ms": 226.78903579711914,
      "context_chars": 0.0
    },
    "1": {
      "n": 100,
      "em": 0.28,
      "f1": 0.3490634920634921,
      "containment": 0.29,
      "latency_ms": 228.066508769989,
      "context_chars": 627.16
    },
    "2": {
      "n": 100,
      "em": 0.28,
      "f1": 0.3926766735679779,
      "containment": 0.31,
      "latency_ms": 234.44252014160156,
      "context_chars": 1257.46
    },
    "3": {
      "n": 100,
      "em": 0.27,
      "f1": 0.40419719169719165,
      "containment": 0.35,
      "latency_ms": 270.7383108139038,
      "context_chars": 1889.2
    },
    "4": {
      "n": 100,
      "em": 0.3,
      "f1": 0.40838100788100784,
      "containment": 0.37,
      "latency_ms": 283.95729303359985,
      "context_chars": 2526.53
    },
    "5": {
      "n": 100,
      "em": 0.31,
      "f1": 0.4081794266964545,
      "containment": 0.38,
      "latency_ms": 307.04570055007935,
      "context_chars": 3161.79
    },
    "6": {
      "n": 100,
      "em": 0.31,
      "f1": 0.41688882720306863,
      "containment": 0.38,
      "latency_ms": 308.3505845069885,
      "context_chars": 3795.58
    }
  }
}