{
  "shard_index": 36,
  "shard_count": 37,
  "summary": {
    "0": {
      "n": 10,
      "em": 0.2,
      "f1": 0.36666666666666664,
      "containment": 0.4,
      "latency_ms": 126.18429660797119,
      "context_chars": 0.0
    },
    "1": {
      "n": 10,
      "em": 0.4,
      "f1": 0.5566666666666666,
      "containment": 0.5,
      "latency_ms": 128.77700328826904,
      "context_chars": 645.0
    },
    "2": {
      "n": 10,
      "em": 0.4,
      "f1": 0.6266666666666667,
      "containment": 0.7,
      "latency_ms": 166.7961597442627,
      "context_chars": 1297.5
    },
    "3": {
      "n": 10,
      "em": 0.3,
      "f1": 0.5805555555555555,
      "containment": 0.8,
      "latency_ms": 214.7491693496704,
      "context_chars": 1940.6
    },
    "4": {
      "n": 10,
      "em": 0.3,
      "f1": 0.5805555555555555,
      "containment": 0.8,
      "latency_ms": 228.68382930755615,
      "context_chars": 2614.7
    },
    "5": {
      "n": 10,
      "em": 0.3,
      "f1": 0.5805555555555555,
      "containment": 0.8,
      "latency_ms": 220.15738487243652,
      "context_chars": 3272.3
    },
    "6": {
      "n": 10,
      "em": 0.3,
      "f1": 0.5805555555555555,
      "containment": 0.8,
      "latency_ms": 242.22593307495117,
      "context_chars": 3931.9
    }
  }
}