{
  "shard_index": 15,
  "shard_count": 37,
  "summary": {
    "0": {
      "n": 100,
      "em": 0.14,
      "f1": 0.24946897546897545,
      "containment": 0.2,
      "latency_ms": 187.1634078025818,
      "context_chars": 0.0
    },
    "1": {
      "n": 100,
      "em": 0.18,
      "f1": 0.2570476190476191,
      "containment": 0.22,
      "latency_ms": 243.95939588546753,
      "context_chars": 636.14
    },
    "2": {
      "n": 100,
      "em": 0.26,
      "f1": 0.3318841334104492,
      "containment": 0.27,
      "latency_ms": 250.2928376197815,
      "context_chars": 1273.51
    },
    "3": {
      "n": 100,
      "em": 0.25,
      "f1": 0.3323531746031746,
      "containment": 0.27,
      "latency_ms": 291.75721645355225,
      "context_chars": 1914.45
    },
    "4": {
      "n": 100,
      "em": 0.27,
      "f1": 0.35071031746031744,
      "containment": 0.3,
      "latency_ms": 296.7741394042969,
      "context_chars": 2555.58
    },
    "5": {
      "n": 100,
      "em": 0.28,
      "f1": 0.3607402771557944,
      "containment": 0.33,
      "latency_ms": 327.57604122161865,
      "context_chars": 3201.43
    },
    "6": {
      "n": 100,
      "em": 0.28,
      "f1": 0.35970892320892317,
      "containment": 0.32,
      "latency_ms": 359.253146648407,
      "context_chars": 3844.74
    }
  }
}