{
  "shard_index": 3,
  "shard_count": 37,
  "summary": {
    "0": {
      "n": 100,
      "em": 0.08,
      "f1": 0.15936580086580088,
      "containment": 0.14,
      "latency_ms": 239.23149347305298,
      "context_chars": 0.0
    },
    "1": {
      "n": 100,
      "em": 0.2,
      "f1": 0.2843412698412698,
      "containment": 0.23,
      "latency_ms": 195.1857566833496,
      "context_chars": 640.02
    },
    "2": {
      "n": 100,
      "em": 0.22,
      "f1": 0.3040435897435898,
      "containment": 0.28,
      "latency_ms": 231.13175868988037,
      "context_chars": 1280.07
    },
    "3": {
      "n": 100,
      "em": 0.23,
      "f1": 0.329717032967033,
      "containment": 0.3,
      "latency_ms": 282.9632234573364,
      "context_chars": 1922.09
    },
    "4": {
      "n": 100,
      "em": 0.23,
      "f1": 0.3421688948306595,
      "containment": 0.32,
      "latency_ms": 263.79252672195435,
      "context_chars": 2562.13
    },
    "5": {
      "n": 100,
      "em": 0.27,
      "f1": 0.3758941234204392,
      "containment": 0.35,
      "latency_ms": 303.93110752105713,
      "context_chars": 3210.94
    },
    "6": {
      "n": 100,
      "em": 0.28,
      "f1": 0.379638712165028,
      "containment": 0.35,
      "latency_ms": 329.4757890701294,
      "context_chars": 3854.59
    }
  }
}