{
  "shard_index": 13,
  "shard_count": 37,
  "summary": {
    "0": {
      "n": 100,
      "em": 0.14,
      "f1": 0.24037106135416525,
      "containment": 0.25,
      "latency_ms": 297.7291989326477,
      "context_chars": 0.0
    },
    "1": {
      "n": 100,
      "em": 0.17,
      "f1": 0.2810952380952381,
      "containment": 0.24,
      "latency_ms": 206.9682216644287,
      "context_chars": 633.01
    },
    "2": {
      "n": 100,
      "em": 0.2,
      "f1": 0.3191904761904762,
      "containment": 0.29,
      "latency_ms": 227.8466820716858,
      "context_chars": 1267.64
    },
    "3": {
      "n": 100,
      "em": 0.23,
      "f1": 0.34404761904761905,
      "containment": 0.29,
      "latency_ms": 255.2536416053772,
      "context_chars": 1898.72
    },
    "4": {
      "n": 100,
      "em": 0.24,
      "f1": 0.3777578894535416,
      "containment": 0.34,
      "latency_ms": 261.79229259490967,
      "context_chars": 2533.77
    },
    "5": {
      "n": 100,
      "em": 0.23,
      "f1": 0.3650765313118254,
      "containment": 0.33,
      "latency_ms": 286.13328218460083,
      "context_chars": 3173.58
    },
    "6": {
      "n": 100,
      "em": 0.26,
      "f1": 0.3866178266178265,
      "containment": 0.35,
      "latency_ms": 296.0089159011841,
      "context_chars": 3810.85
    }
  }
}