{
  "shard_index": 11,
  "shard_count": 37,
  "summary": {
    "0": {
      "n": 100,
      "em": 0.21,
      "f1": 0.2939603174603175,
      "containment": 0.25,
      "latency_ms": 224.03537511825562,
      "context_chars": 0.0
    },
    "1": {
      "n": 100,
      "em": 0.31,
      "f1": 0.38922782446311854,
      "containment": 0.39,
      "latency_ms": 240.05917072296143,
      "context_chars": 633.05
    },
    "2": {
      "n": 100,
      "em": 0.38,
      "f1": 0.47790792214321626,
      "containment": 0.47,
      "latency_ms": 235.63239574432373,
      "context_chars": 1270.52
    },
    "3": {
      "n": 100,
      "em": 0.34,
      "f1": 0.4509897292250232,
      "containment": 0.47,
      "latency_ms": 278.91037464141846,
      "context_chars": 1905.96
    },
    "4": {
      "n": 100,
      "em": 0.35,
      "f1": 0.4550056022408963,
      "containment": 0.49,
      "latency_ms": 304.44273471832275,
      "context_chars": 2542.87
    },
    "5": {
      "n": 100,
      "em": 0.37,
      "f1": 0.4695553098432355,
      "containment": 0.5,
      "latency_ms": 305.7866144180298,
      "context_chars": 3177.94
    },
    "6": {
      "n": 100,
      "em": 0.36,
      "f1": 0.45998972922502335,
      "containment": 0.49,
      "latency_ms": 317.4064111709595,
      "context_chars": 3814.31
    }
  }
}