{
  "shard_index": 28,
  "shard_count": 37,
  "summary": {
    "0": {
      "n": 100,
      "em": 0.12,
      "f1": 0.23566782965651736,
      "containment": 0.18,
      "latency_ms": 390.0685381889343,
      "context_chars": 0.0
    },
    "1": {
      "n": 100,
      "em": 0.24,
      "f1": 0.31624620374465573,
      "containment": 0.3,
      "latency_ms": 276.2038516998291,
      "context_chars": 641.93
    },
    "2": {
      "n": 100,
      "em": 0.23,
      "f1": 0.3297663300426458,
      "containment": 0.27,
      "latency_ms": 306.12491846084595,
      "context_chars": 1279.08
    },
    "3": {
      "n": 100,
      "em": 0.23,
      "f1": 0.32023515334430835,
      "containment": 0.32,
      "latency_ms": 356.34716272354126,
      "context_chars": 1922.74
    },
    "4": {
      "n": 100,
      "em": 0.25,
      "f1": 0.32558838383838384,
      "containment": 0.31,
      "latency_ms": 321.94915294647217,
      "context_chars": 2567.18
    },
    "5": {
      "n": 100,
      "em": 0.23,
      "f1": 0.30930000555000553,
      "containment": 0.3,
      "latency_ms": 378.4516429901123,
      "context_chars": 3213.03
    },
    "6": {
      "n": 100,
      "em": 0.25,
      "f1": 0.32904248202777614,
      "containment": 0.3,
      "latency_ms": 379.4891285896301,
      "context_chars": 3849.07
    }
  }
}