{
  "shard_index": 4,
  "shard_count": 37,
  "summary": {
    "0": {
      "n": 100,
      "em": 0.14,
      "f1": 0.22161675252851726,
      "containment": 0.21,
      "latency_ms": 295.2873182296753,
      "context_chars": 0.0
    },
    "1": {
      "n": 100,
      "em": 0.29,
      "f1": 0.35816414141414143,
      "containment": 0.34,
      "latency_ms": 257.29161500930786,
      "context_chars": 638.44
    },
    "2": {
      "n": 100,
      "em": 0.3,
      "f1": 0.40107203615098347,
      "containment": 0.4,
      "latency_ms": 286.9772696495056,
      "context_chars": 1280.3
    },
    "3": {
      "n": 100,
      "em": 0.32,
      "f1": 0.4004753550543024,
      "containment": 0.39,
      "latency_ms": 295.46318769454956,
      "context_chars": 1915.92
    },
    "4": {
      "n": 100,
      "em": 0.35,
      "f1": 0.431087187666135,
      "containment": 0.42,
      "latency_ms": 307.4142384529114,
      "context_chars": 2550.85
    },
    "5": {
      "n": 100,
      "em": 0.34,
      "f1": 0.4154919495708968,
      "containment": 0.4,
      "latency_ms": 299.45038318634033,
      "context_chars": 3187.86
    },
    "6": {
      "n": 100,
      "em": 0.32,
      "f1": 0.41002608210502944,
      "containment": 0.4,
      "latency_ms": 329.4650721549988,
      "context_chars": 3826.68
    }
  }
}