{
  "shard_index": 31,
  "shard_count": 37,
  "summary": {
    "0": {
      "n": 100,
      "em": 0.14,
      "f1": 0.21357733175914995,
      "containment": 0.19,
      "latency_ms": 469.8377990722656,
      "context_chars": 0.0
    },
    "1": {
      "n": 100,
      "em": 0.28,
      "f1": 0.3738606837606837,
      "containment": 0.3,
      "latency_ms": 230.03946781158447,
      "context_chars": 635.66
    },
    "2": {
      "n": 100,
      "em": 0.27,
      "f1": 0.38444286999550153,
      "containment": 0.32,
      "latency_ms": 272.99282789230347,
      "context_chars": 1279.03
    },
    "3": {
      "n": 100,
      "em": 0.28,
      "f1": 0.396639194139194,
      "containment": 0.32,
      "latency_ms": 245.96057891845703,
      "context_chars": 1918.6
    },
    "4": {
      "n": 100,
      "em": 0.26,
      "f1": 0.3859596105648737,
      "containment": 0.32,
      "latency_ms": 286.2439751625061,
      "context_chars": 2560.79
    },
    "5": {
      "n": 100,
      "em": 0.25,
      "f1": 0.3725043377674957,
      "containment": 0.3,
      "latency_ms": 313.76269578933716,
      "context_chars": 3201.97
    },
    "6": {
      "n": 100,
      "em": 0.27,
      "f1": 0.3652319902319902,
      "containment": 0.31,
      "latency_ms": 319.98427629470825,
      "context_chars": 3843.46
    }
  }
}