{
  "shard_index": 1,
  "shard_count": 37,
  "summary": {
    "0": {
      "n": 100,
      "em": 0.1,
      "f1": 0.17891575091575088,
      "containment": 0.12,
      "latency_ms": 172.881817817688,
      "context_chars": 0.0
    },
    "1": {
      "n": 100,
      "em": 0.24,
      "f1": 0.3405821123321122,
      "containment": 0.29,
      "latency_ms": 215.40205717086792,
      "context_chars": 636.11
    },
    "2": {
      "n": 100,
      "em": 0.24,
      "f1": 0.34821031746031744,
      "containment": 0.32,
      "latency_ms": 232.78027057647705,
      "context_chars": 1276.43
    },
    "3": {
      "n": 100,
      "em": 0.27,
      "f1": 0.4010277777777778,
      "containment": 0.37,
      "latency_ms": 269.8320960998535,
      "context_chars": 1918.81
    },
    "4": {
      "n": 100,
      "em": 0.27,
      "f1": 0.3972233044733045,
      "containment": 0.41,
      "latency_ms": 290.7437038421631,
      "context_chars": 2556.36
    },
    "5": {
      "n": 100,
      "em": 0.28,
      "f1": 0.403784519827998,
      "containment": 0.41,
      "latency_ms": 316.0644817352295,
      "context_chars": 3201.3
    },
    "6": {
      "n": 100,
      "em": 0.27,
      "f1": 0.39448809523809525,
      "containment": 0.39,
      "latency_ms": 284.19410467147827,
      "context_chars": 3841.6
    }
  }
}