{
  "shard_index": 17,
  "shard_count": 37,
  "summary": {
    "0": {
      "n": 100,
      "em": 0.12,
      "f1": 0.21765660085172275,
      "containment": 0.17,
      "latency_ms": 274.98592615127563,
      "context_chars": 0.0
    },
    "1": {
      "n": 100,
      "em": 0.28,
      "f1": 0.3328053788316946,
      "containment": 0.29,
      "latency_ms": 219.0289282798767,
      "context_chars": 640.84
    },
    "2": {
      "n": 100,
      "em": 0.34,
      "f1": 0.39671717171717175,
      "containment": 0.35,
      "latency_ms": 236.4544653892517,
      "context_chars": 1281.45
    },
    "3": {
      "n": 100,
      "em": 0.34,
      "f1": 0.4037544307544308,
      "containment": 0.35,
      "latency_ms": 273.5639810562134,
      "context_chars": 1923.1
    },
    "4": {
      "n": 100,
      "em": 0.32,
      "f1": 0.3924442909336526,
      "containment": 0.35,
      "latency_ms": 299.20626640319824,
      "context_chars": 2570.01
    },
    "5": {
      "n": 100,
      "em": 0.36,
      "f1": 0.42720708432029186,
      "containment": 0.38,
      "latency_ms": 335.74392318725586,
      "context_chars": 3215.96
    },
    "6": {
      "n": 100,
      "em": 0.39,
      "f1": 0.4579512195121951,
      "containment": 0.4,
      "latency_ms": 335.0005531311035,
      "context_chars": 3857.56
    }
  }
}