{
  "shard_index": 26,
  "shard_count": 37,
  "summary": {
    "0": {
      "n": 100,
      "em": 0.11,
      "f1": 0.1760238095238095,
      "containment": 0.13,
      "latency_ms": 182.59029865264893,
      "context_chars": 0.0
    },
    "1": {
      "n": 100,
      "em": 0.19,
      "f1": 0.2981305916305917,
      "containment": 0.26,
      "latency_ms": 202.3276710510254,
      "context_chars": 644.78
    },
    "2": {
      "n": 100,
      "em": 0.23,
      "f1": 0.35019831979614585,
      "containment": 0.31,
      "latency_ms": 254.5879864692688,
      "context_chars": 1291.73
    },
    "3": {
      "n": 100,
      "em": 0.27,
      "f1": 0.39571625596625587,
      "containment": 0.36,
      "latency_ms": 258.8097953796387,
      "context_chars": 1940.27
    },
    "4": {
      "n": 100,
      "em": 0.28,
      "f1": 0.39715467573362306,
      "containment": 0.37,
      "latency_ms": 292.1990942955017,
      "context_chars": 2582.64
    },
    "5": {
      "n": 100,
      "em": 0.29,
      "f1": 0.40802541902541895,
      "containment": 0.38,
      "latency_ms": 302.15314626693726,
      "context_chars": 3230.02
    },
    "6": {
      "n": 100,
      "em": 0.31,
      "f1": 0.4222981462981462,
      "containment": 0.39,
      "latency_ms": 329.03584480285645,
      "context_chars": 3871.11
    }
  }
}