{
  "shard_index": 34,
  "shard_count": 37,
  "summary": {
    "0": {
      "n": 100,
      "em": 0.12,
      "f1": 0.18512539682539678,
      "containment": 0.17,
      "latency_ms": 155.88276624679565,
      "context_chars": 0.0
    },
    "1": {
      "n": 100,
      "em": 0.28,
      "f1": 0.34553327228327224,
      "containment": 0.31,
      "latency_ms": 169.27467107772827,
      "context_chars": 639.13
    },
    "2": {
      "n": 100,
      "em": 0.33,
      "f1": 0.40381898656898657,
      "containment": 0.36,
      "latency_ms": 185.84100484848022,
      "context_chars": 1281.98
    },
    "3": {
      "n": 100,
      "em": 0.34,
      "f1": 0.4504184981684981,
      "containment": 0.4,
      "latency_ms": 193.2359004020691,
      "context_chars": 1925.69
    },
    "4": {
      "n": 100,
      "em": 0.35,
      "f1": 0.4397993450739446,
      "containment": 0.41,
      "latency_ms": 229.5266890525818,
      "context_chars": 2571.12
    },
    "5": {
      "n": 100,
      "em": 0.33,
      "f1": 0.4187827153353469,
      "containment": 0.4,
      "latency_ms": 252.71993398666382,
      "context_chars": 3217.41
    },
    "6": {
      "n": 100,
      "em": 0.34,
      "f1": 0.4571821862348178,
      "containment": 0.42,
      "latency_ms": 251.28662109375,
      "context_chars": 3856.03
    }
  }
}