{
  "shard_index": 9,
  "shard_count": 37,
  "summary": {
    "0": {
      "n": 100,
      "em": 0.16,
      "f1": 0.26285492285492285,
      "containment": 0.18,
      "latency_ms": 241.14221334457397,
      "context_chars": 0.0
    },
    "1": {
      "n": 100,
      "em": 0.25,
      "f1": 0.34132683982683987,
      "containment": 0.26,
      "latency_ms": 184.81199979782104,
      "context_chars": 639.32
    },
    "2": {
      "n": 100,
      "em": 0.31,
      "f1": 0.4043308913308914,
      "containment": 0.34,
      "latency_ms": 258.1225061416626,
      "context_chars": 1284.01
    },
    "3": {
      "n": 100,
      "em": 0.33,
      "f1": 0.4370080475080476,
      "containment": 0.37,
      "latency_ms": 283.2999563217163,
      "context_chars": 1927.06
    },
    "4": {
      "n": 100,
      "em": 0.33,
      "f1": 0.43588961038961044,
      "containment": 0.38,
      "latency_ms": 270.2451252937317,
      "context_chars": 2573.98
    },
    "5": {
      "n": 100,
      "em": 0.34,
      "f1": 0.43793417366946785,
      "containment": 0.39,
      "latency_ms": 290.7359528541565,
      "context_chars": 3215.66
    },
    "6": {
      "n": 100,
      "em": 0.33,
      "f1": 0.4400256769374417,
      "containment": 0.38,
      "latency_ms": 312.4044442176819,
      "context_chars": 3854.98
    }
  }
}