{
  "shard_index": 20,
  "shard_count": 37,
  "summary": {
    "0": {
      "n": 100,
      "em": 0.14,
      "f1": 0.20839194139194142,
      "containment": 0.18,
      "latency_ms": 194.4586992263794,
      "context_chars": 0.0
    },
    "1": {
      "n": 100,
      "em": 0.28,
      "f1": 0.33967667420298997,
      "containment": 0.31,
      "latency_ms": 190.67058324813843,
      "context_chars": 638.03
    },
    "2": {
      "n": 100,
      "em": 0.31,
      "f1": 0.3961832611832612,
      "containment": 0.38,
      "latency_ms": 230.76463222503662,
      "context_chars": 1273.4
    },
    "3": {
      "n": 100,
      "em": 0.27,
      "f1": 0.36500475341651817,
      "containment": 0.35,
      "latency_ms": 263.5321617126465,
      "context_chars": 1912.87
    },
    "4": {
      "n": 100,
      "em": 0.29,
      "f1": 0.3805240208668201,
      "containment": 0.39,
      "latency_ms": 293.5994243621826,
      "context_chars": 2552.13
    },
    "5": {
      "n": 100,
      "em": 0.31,
      "f1": 0.3889539808850154,
      "containment": 0.39,
      "latency_ms": 327.312114238739,
      "context_chars": 3193.96
    },
    "6": {
      "n": 100,
      "em": 0.31,
      "f1": 0.3881877925995573,
      "containment": 0.4,
      "latency_ms": 337.45760440826416,
      "context_chars": 3839.41
    }
  }
}