{
  "shard_index": 6,
  "shard_count": 37,
  "summary": {
    "0": {
      "n": 100,
      "em": 0.11,
      "f1": 0.19895734765602316,
      "containment": 0.13,
      "latency_ms": 291.47007942199707,
      "context_chars": 0.0
    },
    "1": {
      "n": 100,
      "em": 0.2,
      "f1": 0.3090606770250733,
      "containment": 0.31,
      "latency_ms": 241.6429305076599,
      "context_chars": 641.61
    },
    "2": {
      "n": 100,
      "em": 0.24,
      "f1": 0.3452254408225371,
      "containment": 0.35,
      "latency_ms": 256.65675163269043,
      "context_chars": 1284.93
    },
    "3": {
      "n": 100,
      "em": 0.23,
      "f1": 0.35679681137575886,
      "containment": 0.37,
      "latency_ms": 272.8552293777466,
      "context_chars": 1927.41
    },
    "4": {
      "n": 100,
      "em": 0.24,
      "f1": 0.36850038469031604,
      "containment": 0.37,
      "latency_ms": 300.38565397262573,
      "context_chars": 2572.75
    },
    "5": {
      "n": 100,
      "em": 0.27,
      "f1": 0.377994227994228,
      "containment": 0.38,
      "latency_ms": 319.53057289123535,
      "context_chars": 3209.35
    },
    "6": {
      "n": 100,
      "em": 0.27,
      "f1": 0.3873883345123975,
      "containment": 0.39,
      "latency_ms": 353.55449199676514,
      "context_chars": 3850.88
    }
  }
}