{
  "shard_index": 24,
  "shard_count": 37,
  "summary": {
    "0": {
      "n": 100,
      "em": 0.11,
      "f1": 0.17495707070707067,
      "containment": 0.16,
      "latency_ms": 184.41648960113525,
      "context_chars": 0.0
    },
    "1": {
      "n": 100,
      "em": 0.24,
      "f1": 0.3118831168831169,
      "containment": 0.33,
      "latency_ms": 199.92635011672974,
      "context_chars": 641.2
    },
    "2": {
      "n": 100,
      "em": 0.26,
      "f1": 0.34973904052936305,
      "containment": 0.36,
      "latency_ms": 241.04559659957886,
      "context_chars": 1285.43
    },
    "3": {
      "n": 100,
      "em": 0.31,
      "f1": 0.38619871794871785,
      "containment": 0.38,
      "latency_ms": 258.0039644241333,
      "context_chars": 1937.55
    },
    "4": {
      "n": 100,
      "em": 0.29,
      "f1": 0.37911141636141626,
      "containment": 0.4,
      "latency_ms": 289.21069145202637,
      "context_chars": 2581.81
    },
    "5": {
      "n": 100,
      "em": 0.3,
      "f1": 0.39886138591445486,
      "containment": 0.41,
      "latency_ms": 290.15499114990234,
      "context_chars": 3230.77
    },
    "6": {
      "n": 100,
      "em": 0.28,
      "f1": 0.387760989010989,
      "containment": 0.4,
      "latency_ms": 342.52328634262085,
      "context_chars": 3871.7
    }
  }
}