{
  "shard_index": 19,
  "shard_count": 37,
  "summary": {
    "0": {
      "n": 100,
      "em": 0.1,
      "f1": 0.19781745861571648,
      "containment": 0.18,
      "latency_ms": 310.22207260131836,
      "context_chars": 0.0
    },
    "1": {
      "n": 100,
      "em": 0.22,
      "f1": 0.2971072065189712,
      "containment": 0.26,
      "latency_ms": 233.09399843215942,
      "context_chars": 631.58
    },
    "2": {
      "n": 100,
      "em": 0.28,
      "f1": 0.3771454237682868,
      "containment": 0.35,
      "latency_ms": 293.3233332633972,
      "context_chars": 1266.03
    },
    "3": {
      "n": 100,
      "em": 0.29,
      "f1": 0.3913005602240896,
      "containment": 0.34,
      "latency_ms": 299.19206142425537,
      "context_chars": 1903.14
    },
    "4": {
      "n": 100,
      "em": 0.31,
      "f1": 0.41500689506571853,
      "containment": 0.4,
      "latency_ms": 349.7525978088379,
      "context_chars": 2543.08
    },
    "5": {
      "n": 100,
      "em": 0.32,
      "f1": 0.40306230697407164,
      "containment": 0.38,
      "latency_ms": 343.9219665527344,
      "context_chars": 3181.75
    },
    "6": {
      "n": 100,
      "em": 0.34,
      "f1": 0.4274789321789321,
      "containment": 0.4,
      "latency_ms": 358.8200378417969,
      "context_chars": 3818.81
    }
  }
}