{
  "shard_index": 10,
  "shard_count": 37,
  "summary": {
    "0": {
      "n": 100,
      "em": 0.11,
      "f1": 0.23033680792891315,
      "containment": 0.16,
      "latency_ms": 227.1427607536316,
      "context_chars": 0.0
    },
    "1": {
      "n": 100,
      "em": 0.43,
      "f1": 0.5133260073260073,
      "containment": 0.46,
      "latency_ms": 234.90172863006592,
      "context_chars": 632.3
    },
    "2": {
      "n": 100,
      "em": 0.4,
      "f1": 0.4968942234236351,
      "containment": 0.45,
      "latency_ms": 235.1409673690796,
      "context_chars": 1273.9
    },
    "3": {
      "n": 100,
      "em": 0.44,
      "f1": 0.5282164502164501,
      "containment": 0.47,
      "latency_ms": 243.8035535812378,
      "context_chars": 1909.26
    },
    "4": {
      "n": 100,
      "em": 0.42,
      "f1": 0.5117402597402597,
      "containment": 0.45,
      "latency_ms": 288.374924659729,
      "context_chars": 2552.66
    },
    "5": {
      "n": 100,
      "em": 0.37,
      "f1": 0.468693990220306,
      "containment": 0.41,
      "latency_ms": 297.63556003570557,
      "context_chars": 3189.8
    },
    "6": {
      "n": 100,
      "em": 0.39,
      "f1": 0.49811754911754913,
      "containment": 0.44,
      "latency_ms": 307.0681595802307,
      "context_chars": 3820.99
    }
  }
}