{
  "shard_index": 16,
  "shard_count": 37,
  "summary": {
    "0": {
      "n": 100,
      "em": 0.15,
      "f1": 0.23219047619047622,
      "containment": 0.22,
      "latency_ms": 335.54290771484375,
      "context_chars": 0.0
    },
    "1": {
      "n": 100,
      "em": 0.23,
      "f1": 0.3079285714285714,
      "containment": 0.27,
      "latency_ms": 210.03851652145386,
      "context_chars": 635.98
    },
    "2": {
      "n": 100,
      "em": 0.23,
      "f1": 0.3416008403361345,
      "containment": 0.32,
      "latency_ms": 226.08458518981934,
      "context_chars": 1270.93
    },
    "3": {
      "n": 100,
      "em": 0.25,
      "f1": 0.38153013326542734,
      "containment": 0.33,
      "latency_ms": 267.33883142471313,
      "context_chars": 1912.8
    },
    "4": {
      "n": 100,
      "em": 0.25,
      "f1": 0.3786044478397419,
      "containment": 0.34,
      "latency_ms": 295.1699495315552,
      "context_chars": 2551.77
    },
    "5": {
      "n": 100,
      "em": 0.26,
      "f1": 0.3964768990600192,
      "containment": 0.34,
      "latency_ms": 306.95773124694824,
      "context_chars": 3191.7
    },
    "6": {
      "n": 100,
      "em": 0.26,
      "f1": 0.3879758019758019,
      "containment": 0.34,
      "latency_ms": 323.09277534484863,
      "context_chars": 3838.62
    }
  }
}