{
  "shard_index": 35,
  "shard_count": 37,
  "summary": {
    "0": {
      "n": 100,
      "em": 0.15,
      "f1": 0.20921200510855684,
      "containment": 0.19,
      "latency_ms": 242.7540159225464,
      "context_chars": 0.0
    },
    "1": {
      "n": 100,
      "em": 0.23,
      "f1": 0.2733460317460317,
      "containment": 0.24,
      "latency_ms": 159.79443073272705,
      "context_chars": 641.32
    },
    "2": {
      "n": 100,
      "em": 0.26,
      "f1": 0.32237301587301587,
      "containment": 0.29,
      "latency_ms": 166.84195756912231,
      "context_chars": 1282.71
    },
    "3": {
      "n": 100,
      "em": 0.3,
      "f1": 0.37229646084909235,
      "containment": 0.33,
      "latency_ms": 200.79678058624268,
      "context_chars": 1927.62
    },
    "4": {
      "n": 100,
      "em": 0.31,
      "f1": 0.40186507936507937,
      "containment": 0.35,
      "latency_ms": 201.5893793106079,
      "context_chars": 2569.91
    },
    "5": {
      "n": 100,
      "em": 0.3,
      "f1": 0.40692063492063496,
      "containment": 0.38,
      "latency_ms": 237.65454769134521,
      "context_chars": 3214.62
    },
    "6": {
      "n": 100,
      "em": 0.3,
      "f1": 0.3916904761904762,
      "containment": 0.35,
      "latency_ms": 233.33659172058105,
      "context_chars": 3862.4
    }
  }
}