{
  "shard_index": 32,
  "shard_count": 37,
  "summary": {
    "0": {
      "n": 100,
      "em": 0.13,
      "f1": 0.22801731601731595,
      "containment": 0.2,
      "latency_ms": 190.19041538238525,
      "context_chars": 0.0
    },
    "1": {
      "n": 100,
      "em": 0.17,
      "f1": 0.28789517345399696,
      "containment": 0.21,
      "latency_ms": 234.55013990402222,
      "context_chars": 634.88
    },
    "2": {
      "n": 100,
      "em": 0.22,
      "f1": 0.36198701298701286,
      "containment": 0.26,
      "latency_ms": 234.89073276519775,
      "context_chars": 1270.43
    },
    "3": {
      "n": 100,
      "em": 0.23,
      "f1": 0.370096681096681,
      "containment": 0.3,
      "latency_ms": 270.4956269264221,
      "context_chars": 1909.84
    },
    "4": {
      "n": 100,
      "em": 0.26,
      "f1": 0.4022819928609402,
      "containment": 0.32,
      "latency_ms": 276.39169931411743,
      "context_chars": 2546.22
    },
    "5": {
      "n": 100,
      "em": 0.26,
      "f1": 0.3894236517218973,
      "containment": 0.33,
      "latency_ms": 333.0262279510498,
      "context_chars": 3186.63
    },
    "6": {
      "n": 100,
      "em": 0.28,
      "f1": 0.41547824576617143,
      "containment": 0.34,
      "latency_ms": 358.2998991012573,
      "context_chars": 3816.36
    }
  }
}