{
  "shard_index": 0,
  "shard_count": 37,
  "summary": {
    "0": {
      "n": 100,
      "em": 0.12,
      "f1": 0.23012093462093464,
      "containment": 0.18,
      "latency_ms": 237.48108386993408,
      "context_chars": 0.0
    },
    "1": {
      "n": 100,
      "em": 0.22,
      "f1": 0.3476841613838518,
      "containment": 0.3,
      "latency_ms": 229.47325706481934,
      "context_chars": 638.44
    },
    "2": {
      "n": 100,
      "em": 0.2,
      "f1": 0.3390392156862746,
      "containment": 0.28,
      "latency_ms": 248.9336109161377,
      "context_chars": 1273.65
    },
    "3": {
      "n": 100,
      "em": 0.25,
      "f1": 0.3886066760037349,
      "containment": 0.32,
      "latency_ms": 248.78308296203613,
      "context_chars": 1912.17
    },
    "4": {
      "n": 100,
      "em": 0.24,
      "f1": 0.381803016790889,
      "containment": 0.33,
      "latency_ms": 314.2712688446045,
      "context_chars": 2549.69
    },
    "5": {
      "n": 100,
      "em": 0.25,
      "f1": 0.3959850450803797,
      "containment": 0.35,
      "latency_ms": 329.3660879135132,
      "context_chars": 3189.76
    },
    "6": {
      "n": 100,
      "em": 0.25,
      "f1": 0.40126547725280537,
      "containment": 0.35,
      "latency_ms": 320.9119939804077,
      "context_chars": 3829.22
    }
  }
}