{
  "shard_index": 22,
  "shard_count": 37,
  "summary": {
    "0": {
      "n": 100,
      "em": 0.14,
      "f1": 0.2101158008658009,
      "containment": 0.22,
      "latency_ms": 176.5226149559021,
      "context_chars": 0.0
    },
    "1": {
      "n": 100,
      "em": 0.26,
      "f1": 0.3481868131868132,
      "containment": 0.33,
      "latency_ms": 224.7125792503357,
      "context_chars": 633.64
    },
    "2": {
      "n": 100,
      "em": 0.31,
      "f1": 0.39866300366300367,
      "containment": 0.38,
      "latency_ms": 236.90555334091187,
      "context_chars": 1270.94
    },
    "3": {
      "n": 100,
      "em": 0.31,
      "f1": 0.39393040293040293,
      "containment": 0.4,
      "latency_ms": 265.0500559806824,
      "context_chars": 1913.26
    },
    "4": {
      "n": 100,
      "em": 0.3,
      "f1": 0.4054239094239094,
      "containment": 0.4,
      "latency_ms": 272.1239709854126,
      "context_chars": 2552.84
    },
    "5": {
      "n": 100,
      "em": 0.3,
      "f1": 0.40631135531135526,
      "containment": 0.4,
      "latency_ms": 290.095911026001,
      "context_chars": 3194.9
    },
    "6": {
      "n": 100,
      "em": 0.32,
      "f1": 0.4145335775335775,
      "containment": 0.41,
      "latency_ms": 308.5248613357544,
      "context_chars": 3832.27
    }
  }
}