{
  "dataset": "nq_test",
  "retriever": "TCTColBERT",
  "rag_variant": "TCTColBERT_Llama70B_k0to6",
  "num_examples": 3610,
  "shots": {
    "0": {
      "n": 3610,
      "em": 0.3476454293628809,
      "f1": 0.4688935713553645,
      "containment": 0.40138504155124655,
      "latency_ms": 482.7128352220699,
      "context_chars": 0.0
    },
    "1": {
      "n": 3610,
      "em": 0.20637119113573407,
      "f1": 0.27097262938390465,
      "containment": 0.23074792243767314,
      "latency_ms": 673.6628747712872,
      "context_chars": 633.5371191135735
    },
    "2": {
      "n": 3610,
      "em": 0.2365650969529086,
      "f1": 0.3125693995478122,
      "containment": 0.2725761772853186,
      "latency_ms": 683.0276321506236,
      "context_chars": 1270.6905817174516
    },
    "3": {
      "n": 3610,
      "em": 0.27313019390581716,
      "f1": 0.35852130708119306,
      "containment": 0.3141274238227147,
      "latency_ms": 693.7251168274813,
      "context_chars": 1907.2299168975069
    },
    "4": {
      "n": 3610,
      "em": 0.28725761772853187,
      "f1": 0.37748641536248545,
      "containment": 0.33407202216066484,
      "latency_ms": 698.3417717703821,
      "context_chars": 2543.483379501385
    },
    "5": {
      "n": 3610,
      "em": 0.2980609418282548,
      "f1": 0.39232672644354544,
      "containment": 0.34709141274238225,
      "latency_ms": 709.8728891224742,
      "context_chars": 3179.4891966759
    },
    "6": {
      "n": 3610,
      "em": 0.31191135734072023,
      "f1": 0.4085864864780188,
      "containment": 0.3637119113573407,
      "latency_ms": 710.0835132466789,
      "context_chars": 3816.850138504155
    }
  }
}