{
  "dataset": "nq_test",
  "retriever": "SPLADE",
  "rag_variant": "SPLADE_PromptB_k0to6",
  "num_examples": 3610,
  "shots": {
    "0": {
      "n": 3610,
      "em": 0.1368421052631579,
      "f1": 0.22157484765596785,
      "containment": 0.18698060941828254,
      "latency_ms": 232.1331686590517,
      "context_chars": 0.0
    },
    "1": {
      "n": 3610,
      "em": 0.2515235457063712,
      "f1": 0.33882109382748693,
      "containment": 0.29833795013850417,
      "latency_ms": 216.91733133099416,
      "context_chars": 637.790027700831
    },
    "2": {
      "n": 3610,
      "em": 0.2869806094182826,
      "f1": 0.3842299388202572,
      "containment": 0.3512465373961219,
      "latency_ms": 247.21158449009184,
      "context_chars": 1278.7573407202217
    },
    "3": {
      "n": 3610,
      "em": 0.31274238227146817,
      "f1": 0.4145859359988056,
      "containment": 0.3861495844875346,
      "latency_ms": 267.9949922905074,
      "context_chars": 1919.5894736842106
    },
    "4": {
      "n": 3610,
      "em": 0.31606648199445986,
      "f1": 0.42554709234388494,
      "containment": 0.39473684210526316,
      "latency_ms": 286.7718442985556,
      "context_chars": 2562.112188365651
    },
    "5": {
      "n": 3610,
      "em": 0.33130193905817173,
      "f1": 0.4426432131115948,
      "containment": 0.40969529085872575,
      "latency_ms": 306.4755589017577,
      "context_chars": 3203.37811634349
    },
    "6": {
      "n": 3610,
      "em": 0.3362880886426593,
      "f1": 0.45125744429299036,
      "containment": 0.42049861495844876,
      "latency_ms": 323.54408657781966,
      "context_chars": 3844.554293628809
    }
  }
}