{
  "dataset": "nq_test",
  "retriever": "WCombSUM_RSD",
  "rag_variant": "WCombSUM_RSD_k0to6",
  "num_examples": 3610,
  "shots": {
    "0": {
      "n": 3610,
      "em": 0.12243767313019391,
      "f1": 0.1860404014658243,
      "containment": 0.1587257617728532,
      "latency_ms": 131.95501760762815,
      "context_chars": 0.0
    },
    "1": {
      "n": 3610,
      "em": 0.2786703601108033,
      "f1": 0.36968749300288806,
      "containment": 0.32271468144044324,
      "latency_ms": 140.58138908111488,
      "context_chars": 637.4991689750692
    },
    "2": {
      "n": 3610,
      "em": 0.29861495844875346,
      "f1": 0.40680118127625237,
      "containment": 0.3659279778393352,
      "latency_ms": 157.50147688752065,
      "context_chars": 1278.2360110803324
    },
    "3": {
      "n": 3610,
      "em": 0.321606648199446,
      "f1": 0.430951769791309,
      "containment": 0.39196675900277006,
      "latency_ms": 174.26063869138173,
      "context_chars": 1918.2695290858726
    },
    "4": {
      "n": 3610,
      "em": 0.32493074792243765,
      "f1": 0.43862390481718055,
      "containment": 0.4,
      "latency_ms": 186.7118588444929,
      "context_chars": 2558.6047091412743
    },
    "5": {
      "n": 3610,
      "em": 0.33074792243767315,
      "f1": 0.44473393784311305,
      "containment": 0.40969529085872575,
      "latency_ms": 206.4426606381699,
      "context_chars": 3199.22216066482
    },
    "6": {
      "n": 3610,
      "em": 0.3349030470914127,
      "f1": 0.44805961748937945,
      "containment": 0.4138504155124654,
      "latency_ms": 216.7962117208338,
      "context_chars": 3841.0105263157893
    }
  }
}