{
  "shard_index": 21,
  "shard_count": 37,
  "summary": {
    "0": {
      "n": 100,
      "em": 0.09,
      "f1": 0.1447907268170426,
      "containment": 0.13,
      "latency_ms": 121.00822925567627,
      "context_chars": 0.0
    },
    "1": {
      "n": 100,
      "em": 0.18,
      "f1": 0.21651010101010099,
      "containment": 0.18,
      "latency_ms": 155.29006958007812,
      "context_chars": 627.63
    },
    "2": {
      "n": 100,
      "em": 0.26,
      "f1": 0.315520424020424,
      "containment": 0.3,
      "latency_ms": 145.0389313697815,
      "context_chars": 1257.2
    },
    "3": {
      "n": 100,
      "em": 0.28,
      "f1": 0.3504402958152958,
      "containment": 0.32,
      "latency_ms": 172.7725052833557,
      "context_chars": 1888.8
    },
    "4": {
      "n": 100,
      "em": 0.27,
      "f1": 0.3543802308802308,
      "containment": 0.34,
      "latency_ms": 177.89039850234985,
      "context_chars": 2522.38
    },
    "5": {
      "n": 100,
      "em": 0.27,
      "f1": 0.361302392052392,
      "containment": 0.33,
      "latency_ms": 201.2419843673706,
      "context_chars": 3151.97
    },
    "6": {
      "n": 100,
      "em": 0.28,
      "f1": 0.3697818733554027,
      "containment": 0.34,
      "latency_ms": 204.4346809387207,
      "context_chars": 3785.89
    }
  }
}