{
  "shard_index": 22,
  "shard_count": 37,
  "summary": {
    "0": {
      "n": 100,
      "em": 0.14,
      "f1": 0.16764459224985542,
      "containment": 0.18,
      "latency_ms": 169.0515422821045,
      "context_chars": 0.0
    },
    "1": {
      "n": 100,
      "em": 0.19,
      "f1": 0.24061538461538465,
      "containment": 0.23,
      "latency_ms": 129.9616527557373,
      "context_chars": 635.55
    },
    "2": {
      "n": 100,
      "em": 0.27,
      "f1": 0.323948717948718,
      "containment": 0.32,
      "latency_ms": 136.88856840133667,
      "context_chars": 1275.02
    },
    "3": {
      "n": 100,
      "em": 0.27,
      "f1": 0.3373296703296704,
      "containment": 0.33,
      "latency_ms": 147.79572010040283,
      "context_chars": 1912.49
    },
    "4": {
      "n": 100,
      "em": 0.25,
      "f1": 0.3223296703296703,
      "containment": 0.33,
      "latency_ms": 162.1247410774231,
      "context_chars": 2554.38
    },
    "5": {
      "n": 100,
      "em": 0.26,
      "f1": 0.332996336996337,
      "containment": 0.32,
      "latency_ms": 188.83952379226685,
      "context_chars": 3190.56
    },
    "6": {
      "n": 100,
      "em": 0.27,
      "f1": 0.3494249084249084,
      "containment": 0.33,
      "latency_ms": 185.60775756835938,
      "context_chars": 3823.78
    }
  }
}