{
  "shard_index": 29,
  "shard_count": 37,
  "summary": {
    "0": {
      "n": 100,
      "em": 0.1,
      "f1": 0.1710023632281697,
      "containment": 0.16,
      "latency_ms": 123.65544319152832,
      "context_chars": 0.0
    },
    "1": {
      "n": 100,
      "em": 0.15,
      "f1": 0.21326984126984122,
      "containment": 0.18,
      "latency_ms": 115.64301252365112,
      "context_chars": 639.77
    },
    "2": {
      "n": 100,
      "em": 0.21,
      "f1": 0.27938842203548087,
      "containment": 0.24,
      "latency_ms": 139.1541576385498,
      "context_chars": 1279.44
    },
    "3": {
      "n": 100,
      "em": 0.22,
      "f1": 0.3259711746487213,
      "containment": 0.26,
      "latency_ms": 160.3228783607483,
      "context_chars": 1920.72
    },
    "4": {
      "n": 100,
      "em": 0.24,
      "f1": 0.3588477030645293,
      "containment": 0.29,
      "latency_ms": 180.65366744995117,
      "context_chars": 2561.97
    },
    "5": {
      "n": 100,
      "em": 0.24,
      "f1": 0.35834780323399246,
      "containment": 0.29,
      "latency_ms": 206.2159276008606,
      "context_chars": 3202.15
    },
    "6": {
      "n": 100,
      "em": 0.25,
      "f1": 0.36247795015442075,
      "containment": 0.28,
      "latency_ms": 206.3836145401001,
      "context_chars": 3843.43
    }
  }
}