{
  "shard_index": 26,
  "shard_count": 37,
  "summary": {
    "0": {
      "n": 100,
      "em": 0.09,
      "f1": 0.14716666666666667,
      "containment": 0.12,
      "latency_ms": 111.48795127868652,
      "context_chars": 0.0
    },
    "1": {
      "n": 100,
      "em": 0.15,
      "f1": 0.2125714285714286,
      "containment": 0.19,
      "latency_ms": 118.77341985702515,
      "context_chars": 637.46
    },
    "2": {
      "n": 100,
      "em": 0.18,
      "f1": 0.27255844155844156,
      "containment": 0.24,
      "latency_ms": 143.4409499168396,
      "context_chars": 1276.91
    },
    "3": {
      "n": 100,
      "em": 0.23,
      "f1": 0.3148349331827593,
      "containment": 0.3,
      "latency_ms": 166.37837171554565,
      "context_chars": 1918.81
    },
    "4": {
      "n": 100,
      "em": 0.26,
      "f1": 0.36293795093795095,
      "containment": 0.31,
      "latency_ms": 172.15563774108887,
      "context_chars": 2562.9
    },
    "5": {
      "n": 100,
      "em": 0.24,
      "f1": 0.35119130869130877,
      "containment": 0.32,
      "latency_ms": 178.58131885528564,
      "context_chars": 3204.22
    },
    "6": {
      "n": 100,
      "em": 0.24,
      "f1": 0.34830263215045826,
      "containment": 0.3,
      "latency_ms": 188.4054183959961,
      "context_chars": 3845.41
    }
  }
}