{
  "shard_index": 34,
  "shard_count": 37,
  "summary": {
    "0": {
      "n": 100,
      "em": 0.14,
      "f1": 0.197530525030525,
      "containment": 0.18,
      "latency_ms": 104.01422262191772,
      "context_chars": 0.0
    },
    "1": {
      "n": 100,
      "em": 0.22,
      "f1": 0.2943150183150183,
      "containment": 0.25,
      "latency_ms": 114.40712213516235,
      "context_chars": 635.28
    },
    "2": {
      "n": 100,
      "em": 0.24,
      "f1": 0.29839228255404726,
      "containment": 0.26,
      "latency_ms": 143.323175907135,
      "context_chars": 1278.16
    },
    "3": {
      "n": 100,
      "em": 0.29,
      "f1": 0.3474730906348553,
      "containment": 0.32,
      "latency_ms": 151.77916288375854,
      "context_chars": 1917.95
    },
    "4": {
      "n": 100,
      "em": 0.3,
      "f1": 0.364499000999001,
      "containment": 0.33,
      "latency_ms": 172.97411680221558,
      "context_chars": 2557.82
    },
    "5": {
      "n": 100,
      "em": 0.31,
      "f1": 0.38125946275946276,
      "containment": 0.34,
      "latency_ms": 176.6998314857483,
      "context_chars": 3199.59
    },
    "6": {
      "n": 100,
      "em": 0.32,
      "f1": 0.39325008325008326,
      "containment": 0.35,
      "latency_ms": 186.2234115600586,
      "context_chars": 3841.12
    }
  }
}