{
  "shard_index": 28,
  "shard_count": 37,
  "summary": {
    "0": {
      "n": 100,
      "em": 0.11,
      "f1": 0.1800497076023392,
      "containment": 0.15,
      "latency_ms": 146.76220655441284,
      "context_chars": 0.0
    },
    "1": {
      "n": 100,
      "em": 0.19,
      "f1": 0.26705139110402265,
      "containment": 0.22,
      "latency_ms": 152.3916482925415,
      "context_chars": 632.07
    },
    "2": {
      "n": 100,
      "em": 0.23,
      "f1": 0.2997884615384615,
      "containment": 0.2,
      "latency_ms": 159.15143966674805,
      "context_chars": 1268.91
    },
    "3": {
      "n": 100,
      "em": 0.22,
      "f1": 0.31205777758826536,
      "containment": 0.23,
      "latency_ms": 211.61553859710693,
      "context_chars": 1907.2
    },
    "4": {
      "n": 100,
      "em": 0.24,
      "f1": 0.3228236836754499,
      "containment": 0.27,
      "latency_ms": 258.0078911781311,
      "context_chars": 2543.87
    },
    "5": {
      "n": 100,
      "em": 0.28,
      "f1": 0.36173244571520446,
      "containment": 0.32,
      "latency_ms": 260.5244469642639,
      "context_chars": 3189.75
    },
    "6": {
      "n": 100,
      "em": 0.24,
      "f1": 0.33235995859932027,
      "containment": 0.29,
      "latency_ms": 266.19168043136597,
      "context_chars": 3833.1
    }
  }
}