{
  "shard_index": 20,
  "shard_count": 37,
  "summary": {
    "0": {
      "n": 100,
      "em": 0.15,
      "f1": 0.2007857142857143,
      "containment": 0.17,
      "latency_ms": 112.13606357574463,
      "context_chars": 0.0
    },
    "1": {
      "n": 100,
      "em": 0.21,
      "f1": 0.26654469507101086,
      "containment": 0.22,
      "latency_ms": 114.81162786483765,
      "context_chars": 635.3
    },
    "2": {
      "n": 100,
      "em": 0.24,
      "f1": 0.2909126984126984,
      "containment": 0.25,
      "latency_ms": 138.35866451263428,
      "context_chars": 1273.12
    },
    "3": {
      "n": 100,
      "em": 0.22,
      "f1": 0.2813650793650793,
      "containment": 0.27,
      "latency_ms": 149.25482273101807,
      "context_chars": 1906.4
    },
    "4": {
      "n": 100,
      "em": 0.27,
      "f1": 0.33719576719576716,
      "containment": 0.32,
      "latency_ms": 162.09572792053223,
      "context_chars": 2541.2
    },
    "5": {
      "n": 100,
      "em": 0.26,
      "f1": 0.3283512132822477,
      "containment": 0.31,
      "latency_ms": 179.2646288871765,
      "context_chars": 3186.67
    },
    "6": {
      "n": 100,
      "em": 0.26,
      "f1": 0.3478533777844122,
      "containment": 0.33,
      "latency_ms": 194.55279350280762,
      "context_chars": 3824.62
    }
  }
}