{
  "shard_index": 4,
  "shard_count": 37,
  "summary": {
    "0": {
      "n": 100,
      "em": 0.11,
      "f1": 0.17744028194028194,
      "containment": 0.17,
      "latency_ms": 2755.6916785240173,
      "context_chars": 0.0
    },
    "1": {
      "n": 100,
      "em": 0.17,
      "f1": 0.2252912353347136,
      "containment": 0.2,
      "latency_ms": 2458.4435606002808,
      "context_chars": 638.46
    },
    "2": {
      "n": 100,
      "em": 0.2,
      "f1": 0.2615913742690058,
      "containment": 0.26,
      "latency_ms": 3406.957757472992,
      "context_chars": 1273.22
    },
    "3": {
      "n": 100,
      "em": 0.23,
      "f1": 0.311367889420521,
      "containment": 0.32,
      "latency_ms": 3718.234169483185,
      "context_chars": 1917.79
    },
    "4": {
      "n": 100,
      "em": 0.27,
      "f1": 0.33926360189518084,
      "containment": 0.35,
      "latency_ms": 3980.0603127479553,
      "context_chars": 2551.24
    },
    "5": {
      "n": 100,
      "em": 0.29,
      "f1": 0.36737014327262,
      "containment": 0.36,
      "latency_ms": 4171.021976470947,
      "context_chars": 3186.47
    },
    "6": {
      "n": 100,
      "em": 0.29,
      "f1": 0.3704812633187246,
      "containment": 0.36,
      "latency_ms": 4781.691074371338,
      "context_chars": 3827.98
    }
  }
}