{
  "shard_index": 2,
  "shard_count": 37,
  "summary": {
    "0": {
      "n": 100,
      "em": 0.09,
      "f1": 0.15471031746031746,
      "containment": 0.14,
      "latency_ms": 2122.226505279541,
      "context_chars": 0.0
    },
    "1": {
      "n": 100,
      "em": 0.13,
      "f1": 0.19203246753246755,
      "containment": 0.2,
      "latency_ms": 2294.322612285614,
      "context_chars": 629.29
    },
    "2": {
      "n": 100,
      "em": 0.18,
      "f1": 0.23487243401759536,
      "containment": 0.26,
      "latency_ms": 2996.5999841690063,
      "context_chars": 1262.86
    },
    "3": {
      "n": 100,
      "em": 0.21,
      "f1": 0.2852855477855478,
      "containment": 0.29,
      "latency_ms": 3562.37566947937,
      "context_chars": 1897.61
    },
    "4": {
      "n": 100,
      "em": 0.22,
      "f1": 0.30344949494949497,
      "containment": 0.32,
      "latency_ms": 3900.2542757987976,
      "context_chars": 2526.08
    },
    "5": {
      "n": 100,
      "em": 0.21,
      "f1": 0.28433747085314837,
      "containment": 0.31,
      "latency_ms": 4510.825037956238,
      "context_chars": 3158.06
    },
    "6": {
      "n": 100,
      "em": 0.22,
      "f1": 0.2978008278271436,
      "containment": 0.32,
      "latency_ms": 4557.332761287689,
      "context_chars": 3793.45
    }
  }
}