{
  "shard_index": 30,
  "shard_count": 37,
  "summary": {
    "0": {
      "n": 100,
      "em": 0.1,
      "f1": 0.16593650793650794,
      "containment": 0.14,
      "latency_ms": 113.31737756729126,
      "context_chars": 0.0
    },
    "1": {
      "n": 100,
      "em": 0.27,
      "f1": 0.3247362637362637,
      "containment": 0.3,
      "latency_ms": 145.2597427368164,
      "context_chars": 634.1
    },
    "2": {
      "n": 100,
      "em": 0.35,
      "f1": 0.3994069264069264,
      "containment": 0.36,
      "latency_ms": 141.9597578048706,
      "context_chars": 1273.77
    },
    "3": {
      "n": 100,
      "em": 0.41,
      "f1": 0.4883562515915456,
      "containment": 0.43,
      "latency_ms": 149.94115591049194,
      "context_chars": 1918.69
    },
    "4": {
      "n": 100,
      "em": 0.42,
      "f1": 0.5119047619047619,
      "containment": 0.44,
      "latency_ms": 154.97181177139282,
      "context_chars": 2561.95
    },
    "5": {
      "n": 100,
      "em": 0.42,
      "f1": 0.5219330669330668,
      "containment": 0.44,
      "latency_ms": 195.32596826553345,
      "context_chars": 3208.95
    },
    "6": {
      "n": 100,
      "em": 0.43,
      "f1": 0.5224682539682539,
      "containment": 0.44,
      "latency_ms": 192.34167098999023,
      "context_chars": 3848.02
    }
  }
}