{
  "shard_index": 33,
  "shard_count": 37,
  "summary": {
    "0": {
      "n": 100,
      "em": 0.1,
      "f1": 0.16345454545454544,
      "containment": 0.1,
      "latency_ms": 113.41469049453735,
      "context_chars": 0.0
    },
    "1": {
      "n": 100,
      "em": 0.23,
      "f1": 0.2843165266106442,
      "containment": 0.23,
      "latency_ms": 133.42361688613892,
      "context_chars": 630.94
    },
    "2": {
      "n": 100,
      "em": 0.24,
      "f1": 0.2964649859943977,
      "containment": 0.25,
      "latency_ms": 147.4093532562256,
      "context_chars": 1266.93
    },
    "3": {
      "n": 100,
      "em": 0.24,
      "f1": 0.307750700280112,
      "containment": 0.27,
      "latency_ms": 162.1485161781311,
      "context_chars": 1902.06
    },
    "4": {
      "n": 100,
      "em": 0.24,
      "f1": 0.30495704948646124,
      "containment": 0.28,
      "latency_ms": 168.25847625732422,
      "context_chars": 2538.89
    },
    "5": {
      "n": 100,
      "em": 0.28,
      "f1": 0.35209082537124436,
      "containment": 0.3,
      "latency_ms": 213.19019556045532,
      "context_chars": 3178.95
    },
    "6": {
      "n": 100,
      "em": 0.31,
      "f1": 0.38309082537124445,
      "containment": 0.32,
      "latency_ms": 190.7888388633728,
      "context_chars": 3810.61
    }
  }
}