{
  "shard_index": 16,
  "shard_count": 37,
  "summary": {
    "0": {
      "n": 100,
      "em": 0.12,
      "f1": 0.18375865800865804,
      "containment": 0.18,
      "latency_ms": 2846.610519886017,
      "context_chars": 0.0
    },
    "1": {
      "n": 100,
      "em": 0.2,
      "f1": 0.2819242424242424,
      "containment": 0.25,
      "latency_ms": 3506.2624764442444,
      "context_chars": 631.24
    },
    "2": {
      "n": 100,
      "em": 0.24,
      "f1": 0.3292012987012987,
      "containment": 0.3,
      "latency_ms": 4146.416099071503,
      "context_chars": 1271.46
    },
    "3": {
      "n": 100,
      "em": 0.25,
      "f1": 0.35113463203463197,
      "containment": 0.31,
      "latency_ms": 5542.193701267242,
      "context_chars": 1908.33
    },
    "4": {
      "n": 100,
      "em": 0.3,
      "f1": 0.3931957996957996,
      "containment": 0.33,
      "latency_ms": 5742.751224040985,
      "context_chars": 2545.67
    },
    "5": {
      "n": 100,
      "em": 0.26,
      "f1": 0.36282086878638603,
      "containment": 0.33,
      "latency_ms": 7012.691102027893,
      "context_chars": 3184.72
    },
    "6": {
      "n": 100,
      "em": 0.29,
      "f1": 0.3834364838482485,
      "containment": 0.35,
      "latency_ms": 8393.73063325882,
      "context_chars": 3827.18
    }
  }
}