{
  "shard_index": 7,
  "shard_count": 37,
  "summary": {
    "0": {
      "n": 100,
      "em": 0.13,
      "f1": 0.19900373319490966,
      "containment": 0.19,
      "latency_ms": 1585.3284406661987,
      "context_chars": 0.0
    },
    "1": {
      "n": 100,
      "em": 0.15,
      "f1": 0.22568242418242415,
      "containment": 0.19,
      "latency_ms": 1932.227292060852,
      "context_chars": 635.27
    },
    "2": {
      "n": 100,
      "em": 0.16,
      "f1": 0.24609015984015983,
      "containment": 0.22,
      "latency_ms": 2450.833008289337,
      "context_chars": 1275.5
    },
    "3": {
      "n": 100,
      "em": 0.22,
      "f1": 0.2985757575757576,
      "containment": 0.27,
      "latency_ms": 2653.7606954574585,
      "context_chars": 1915.75
    },
    "4": {
      "n": 100,
      "em": 0.2,
      "f1": 0.2940125707625707,
      "containment": 0.25,
      "latency_ms": 3067.0673990249634,
      "context_chars": 2563.29
    },
    "5": {
      "n": 100,
      "em": 0.22,
      "f1": 0.3139850149850149,
      "containment": 0.27,
      "latency_ms": 3480.7018613815308,
      "context_chars": 3203.37
    },
    "6": {
      "n": 100,
      "em": 0.24,
      "f1": 0.32594503535680003,
      "containment": 0.28,
      "latency_ms": 3657.8852796554565,
      "context_chars": 3848.76
    }
  }
}