{
  "shard_index": 10,
  "shard_count": 37,
  "summary": {
    "0": {
      "n": 100,
      "em": 0.09,
      "f1": 0.14719444444444443,
      "containment": 0.09,
      "latency_ms": 1766.1356711387634,
      "context_chars": 0.0
    },
    "1": {
      "n": 100,
      "em": 0.24,
      "f1": 0.3004372294372295,
      "containment": 0.23,
      "latency_ms": 2373.5013270378113,
      "context_chars": 625.16
    },
    "2": {
      "n": 100,
      "em": 0.28,
      "f1": 0.3562063492063492,
      "containment": 0.26,
      "latency_ms": 2843.9462208747864,
      "context_chars": 1261.5
    },
    "3": {
      "n": 100,
      "em": 0.26,
      "f1": 0.3395021645021645,
      "containment": 0.26,
      "latency_ms": 3156.924123764038,
      "context_chars": 1896.95
    },
    "4": {
      "n": 100,
      "em": 0.33,
      "f1": 0.3899315939315939,
      "containment": 0.32,
      "latency_ms": 3568.3862948417664,
      "context_chars": 2536.24
    },
    "5": {
      "n": 100,
      "em": 0.33,
      "f1": 0.4024604978354978,
      "containment": 0.33,
      "latency_ms": 4125.649764537811,
      "context_chars": 3174.38
    },
    "6": {
      "n": 100,
      "em": 0.3,
      "f1": 0.38595781342840163,
      "containment": 0.33,
      "latency_ms": 4457.65501499176,
      "context_chars": 3814.51
    }
  }
}