{
  "shard_index": 12,
  "shard_count": 37,
  "summary": {
    "0": {
      "n": 100,
      "em": 0.11,
      "f1": 0.1759444444444444,
      "containment": 0.16,
      "latency_ms": 2405.4962396621704,
      "context_chars": 0.0
    },
    "1": {
      "n": 100,
      "em": 0.21,
      "f1": 0.26792857142857146,
      "containment": 0.23,
      "latency_ms": 2518.450925350189,
      "context_chars": 630.0
    },
    "2": {
      "n": 100,
      "em": 0.2,
      "f1": 0.3028876678876679,
      "containment": 0.27,
      "latency_ms": 2809.390184879303,
      "context_chars": 1267.48
    },
    "3": {
      "n": 100,
      "em": 0.24,
      "f1": 0.33885714285714286,
      "containment": 0.3,
      "latency_ms": 3662.5762128829956,
      "context_chars": 1906.57
    },
    "4": {
      "n": 100,
      "em": 0.26,
      "f1": 0.3525,
      "containment": 0.3,
      "latency_ms": 3803.9081025123596,
      "context_chars": 2542.24
    },
    "5": {
      "n": 100,
      "em": 0.25,
      "f1": 0.36030158730158734,
      "containment": 0.33,
      "latency_ms": 4263.1990122795105,
      "context_chars": 3182.91
    },
    "6": {
      "n": 100,
      "em": 0.28,
      "f1": 0.39153846153846156,
      "containment": 0.37,
      "latency_ms": 4448.998255729675,
      "context_chars": 3821.51
    }
  }
}