{
  "shard_index": 13,
  "shard_count": 37,
  "summary": {
    "0": {
      "n": 100,
      "em": 0.09,
      "f1": 0.1802673992673993,
      "containment": 0.16,
      "latency_ms": 1967.219214439392,
      "context_chars": 0.0
    },
    "1": {
      "n": 100,
      "em": 0.18,
      "f1": 0.26455075187969923,
      "containment": 0.21,
      "latency_ms": 2494.8356103897095,
      "context_chars": 632.73
    },
    "2": {
      "n": 100,
      "em": 0.23,
      "f1": 0.3328693528693528,
      "containment": 0.32,
      "latency_ms": 3000.3674459457397,
      "context_chars": 1262.34
    },
    "3": {
      "n": 100,
      "em": 0.26,
      "f1": 0.3577242358031832,
      "containment": 0.33,
      "latency_ms": 3970.5547046661377,
      "context_chars": 1900.3
    },
    "4": {
      "n": 100,
      "em": 0.25,
      "f1": 0.3518832536223841,
      "containment": 0.33,
      "latency_ms": 4390.114970207214,
      "context_chars": 2531.08
    },
    "5": {
      "n": 100,
      "em": 0.25,
      "f1": 0.3505857274770318,
      "containment": 0.33,
      "latency_ms": 4657.468070983887,
      "context_chars": 3168.23
    },
    "6": {
      "n": 100,
      "em": 0.27,
      "f1": 0.3656860530773575,
      "containment": 0.36,
      "latency_ms": 4816.8561816215515,
      "context_chars": 3805.95
    }
  }
}