{
  "shard_index": 36,
  "shard_count": 37,
  "summary": {
    "0": {
      "n": 10,
      "em": 0.2,
      "f1": 0.30666666666666664,
      "containment": 0.3,
      "latency_ms": 122.17569351196289,
      "context_chars": 0.0
    },
    "1": {
      "n": 10,
      "em": 0.3,
      "f1": 0.5166666666666666,
      "containment": 0.6,
      "latency_ms": 120.78232765197754,
      "context_chars": 645.6
    },
    "2": {
      "n": 10,
      "em": 0.3,
      "f1": 0.5166666666666666,
      "containment": 0.6,
      "latency_ms": 138.15817832946777,
      "context_chars": 1306.3
    },
    "3": {
      "n": 10,
      "em": 0.4,
      "f1": 0.5666666666666667,
      "containment": 0.6,
      "latency_ms": 156.1180830001831,
      "context_chars": 1947.8
    },
    "4": {
      "n": 10,
      "em": 0.4,
      "f1": 0.5888888888888889,
      "containment": 0.7,
      "latency_ms": 170.68850994110107,
      "context_chars": 2583.2
    },
    "5": {
      "n": 10,
      "em": 0.4,
      "f1": 0.5288888888888887,
      "containment": 0.6,
      "latency_ms": 166.80192947387695,
      "context_chars": 3212.7
    },
    "6": {
      "n": 10,
      "em": 0.4,
      "f1": 0.5666666666666667,
      "containment": 0.6,
      "latency_ms": 187.92309761047363,
      "context_chars": 3859.8
    }
  }
}