{
  "shard_index": 11,
  "shard_count": 37,
  "summary": {
    "0": {
      "n": 100,
      "em": 0.16,
      "f1": 0.21287301587301585,
      "containment": 0.18,
      "latency_ms": 2154.9561977386475,
      "context_chars": 0.0
    },
    "1": {
      "n": 100,
      "em": 0.24,
      "f1": 0.309515406162465,
      "containment": 0.26,
      "latency_ms": 2483.507821559906,
      "context_chars": 626.96
    },
    "2": {
      "n": 100,
      "em": 0.25,
      "f1": 0.3379143323996266,
      "containment": 0.3,
      "latency_ms": 3363.689193725586,
      "context_chars": 1259.91
    },
    "3": {
      "n": 100,
      "em": 0.26,
      "f1": 0.3560288706391648,
      "containment": 0.34,
      "latency_ms": 3667.1938252449036,
      "context_chars": 1889.23
    },
    "4": {
      "n": 100,
      "em": 0.28,
      "f1": 0.3869414996767938,
      "containment": 0.37,
      "latency_ms": 4062.3391437530518,
      "context_chars": 2521.09
    },
    "5": {
      "n": 100,
      "em": 0.33,
      "f1": 0.43463878278584156,
      "containment": 0.42,
      "latency_ms": 4406.088445186615,
      "context_chars": 3156.4
    },
    "6": {
      "n": 100,
      "em": 0.31,
      "f1": 0.4123591375944317,
      "containment": 0.41,
      "latency_ms": 4890.290353298187,
      "context_chars": 3798.85
    }
  }
}