{
  "shard_index": 18,
  "shard_count": 37,
  "summary": {
    "0": {
      "n": 100,
      "em": 0.11,
      "f1": 0.19530519480519484,
      "containment": 0.16,
      "latency_ms": 2866.6952562332153,
      "context_chars": 0.0
    },
    "1": {
      "n": 100,
      "em": 0.24,
      "f1": 0.34602597402597396,
      "containment": 0.27,
      "latency_ms": 3630.049464702606,
      "context_chars": 635.14
    },
    "2": {
      "n": 100,
      "em": 0.27,
      "f1": 0.38404434162328904,
      "containment": 0.33,
      "latency_ms": 4925.1677441596985,
      "context_chars": 1278.63
    },
    "3": {
      "n": 100,
      "em": 0.24,
      "f1": 0.38246656384551125,
      "containment": 0.3,
      "latency_ms": 5940.070729255676,
      "context_chars": 1923.01
    },
    "4": {
      "n": 100,
      "em": 0.23,
      "f1": 0.38769937016962186,
      "containment": 0.32,
      "latency_ms": 5802.328824996948,
      "context_chars": 2564.43
    },
    "5": {
      "n": 100,
      "em": 0.26,
      "f1": 0.3981772993088783,
      "containment": 0.34,
      "latency_ms": 7738.912069797516,
      "context_chars": 3208.98
    },
    "6": {
      "n": 100,
      "em": 0.27,
      "f1": 0.4010887445887446,
      "containment": 0.33,
      "latency_ms": 8324.490268230438,
      "context_chars": 3846.32
    }
  }
}