{
  "shard_index": 35,
  "shard_count": 37,
  "summary": {
    "0": {
      "n": 100,
      "em": 0.14,
      "f1": 0.19667945984363897,
      "containment": 0.17,
      "latency_ms": 149.3803572654724,
      "context_chars": 0.0
    },
    "1": {
      "n": 100,
      "em": 0.18,
      "f1": 0.2261904761904762,
      "containment": 0.19,
      "latency_ms": 130.6334137916565,
      "context_chars": 644.09
    },
    "2": {
      "n": 100,
      "em": 0.22,
      "f1": 0.2764848484848485,
      "containment": 0.25,
      "latency_ms": 159.49148416519165,
      "context_chars": 1286.64
    },
    "3": {
      "n": 100,
      "em": 0.27,
      "f1": 0.32731818181818184,
      "containment": 0.27,
      "latency_ms": 172.83356189727783,
      "context_chars": 1928.82
    },
    "4": {
      "n": 100,
      "em": 0.24,
      "f1": 0.2972957393483709,
      "containment": 0.27,
      "latency_ms": 178.7575125694275,
      "context_chars": 2569.14
    },
    "5": {
      "n": 100,
      "em": 0.24,
      "f1": 0.3143419913419913,
      "containment": 0.29,
      "latency_ms": 195.8097004890442,
      "context_chars": 3211.3
    },
    "6": {
      "n": 100,
      "em": 0.27,
      "f1": 0.3387460317460317,
      "containment": 0.31,
      "latency_ms": 213.23604822158813,
      "context_chars": 3850.57
    }
  }
}