{
  "shard_index": 6,
  "shard_count": 37,
  "summary": {
    "0": {
      "n": 100,
      "em": 0.09,
      "f1": 0.15744444444444447,
      "containment": 0.1,
      "latency_ms": 1303.2325410842896,
      "context_chars": 0.0
    },
    "1": {
      "n": 100,
      "em": 0.21,
      "f1": 0.29042951492951496,
      "containment": 0.25,
      "latency_ms": 1745.0465106964111,
      "context_chars": 636.48
    },
    "2": {
      "n": 100,
      "em": 0.23,
      "f1": 0.34497907647907655,
      "containment": 0.33,
      "latency_ms": 2218.3914828300476,
      "context_chars": 1280.13
    },
    "3": {
      "n": 100,
      "em": 0.23,
      "f1": 0.32557025341807955,
      "containment": 0.31,
      "latency_ms": 2796.8953895568848,
      "context_chars": 1924.59
    },
    "4": {
      "n": 100,
      "em": 0.25,
      "f1": 0.37313859910299535,
      "containment": 0.36,
      "latency_ms": 3085.0037813186646,
      "context_chars": 2567.86
    },
    "5": {
      "n": 100,
      "em": 0.23,
      "f1": 0.34741667396930553,
      "containment": 0.34,
      "latency_ms": 3673.686673641205,
      "context_chars": 3210.02
    },
    "6": {
      "n": 100,
      "em": 0.26,
      "f1": 0.39731684146200275,
      "containment": 0.39,
      "latency_ms": 4041.0868740081787,
      "context_chars": 3854.18
    }
  }
}