{
  "shard_index": 3,
  "shard_count": 37,
  "summary": {
    "0": {
      "n": 100,
      "em": 0.09,
      "f1": 0.12965151515151513,
      "containment": 0.12,
      "latency_ms": 2016.367666721344,
      "context_chars": 0.0
    },
    "1": {
      "n": 100,
      "em": 0.16,
      "f1": 0.25487179487179484,
      "containment": 0.21,
      "latency_ms": 2450.6708121299744,
      "context_chars": 635.37
    },
    "2": {
      "n": 100,
      "em": 0.21,
      "f1": 0.31597222222222227,
      "containment": 0.27,
      "latency_ms": 2826.236069202423,
      "context_chars": 1283.54
    },
    "3": {
      "n": 100,
      "em": 0.24,
      "f1": 0.3224515599343185,
      "containment": 0.28,
      "latency_ms": 3190.0365567207336,
      "context_chars": 1920.34
    },
    "4": {
      "n": 100,
      "em": 0.28,
      "f1": 0.36146428571428574,
      "containment": 0.34,
      "latency_ms": 3604.5693969726562,
      "context_chars": 2562.14
    },
    "5": {
      "n": 100,
      "em": 0.27,
      "f1": 0.3471694139194139,
      "containment": 0.33,
      "latency_ms": 4419.272820949554,
      "context_chars": 3195.9
    },
    "6": {
      "n": 100,
      "em": 0.29,
      "f1": 0.35966941391941387,
      "containment": 0.34,
      "latency_ms": 4433.374619483948,
      "context_chars": 3842.68
    }
  }
}