{
  "shard_index": 32,
  "shard_count": 37,
  "summary": {
    "0": {
      "n": 100,
      "em": 0.11,
      "f1": 0.19812121212121211,
      "containment": 0.16,
      "latency_ms": 117.47278690338135,
      "context_chars": 0.0
    },
    "1": {
      "n": 100,
      "em": 0.12,
      "f1": 0.20052136752136757,
      "containment": 0.15,
      "latency_ms": 121.71213626861572,
      "context_chars": 633.81
    },
    "2": {
      "n": 100,
      "em": 0.14,
      "f1": 0.25580116959064336,
      "containment": 0.2,
      "latency_ms": 148.2813048362732,
      "context_chars": 1262.14
    },
    "3": {
      "n": 100,
      "em": 0.16,
      "f1": 0.27599786178733554,
      "containment": 0.22,
      "latency_ms": 161.6119885444641,
      "context_chars": 1895.25
    },
    "4": {
      "n": 100,
      "em": 0.17,
      "f1": 0.28407245386192753,
      "containment": 0.23,
      "latency_ms": 181.06867790222168,
      "context_chars": 2530.31
    },
    "5": {
      "n": 100,
      "em": 0.2,
      "f1": 0.3136125608137992,
      "containment": 0.27,
      "latency_ms": 193.58413457870483,
      "context_chars": 3165.54
    },
    "6": {
      "n": 100,
      "em": 0.21,
      "f1": 0.331508240297714,
      "containment": 0.3,
      "latency_ms": 223.90873670578003,
      "context_chars": 3799.18
    }
  }
}