{
  "shard_index": 9,
  "shard_count": 37,
  "summary": {
    "0": {
      "n": 100,
      "em": 0.17,
      "f1": 0.23600671550671548,
      "containment": 0.19,
      "latency_ms": 1530.040783882141,
      "context_chars": 0.0
    },
    "1": {
      "n": 100,
      "em": 0.2,
      "f1": 0.2818888888888889,
      "containment": 0.22,
      "latency_ms": 1659.4548296928406,
      "context_chars": 637.34
    },
    "2": {
      "n": 100,
      "em": 0.2,
      "f1": 0.2652481021394064,
      "containment": 0.23,
      "latency_ms": 2176.0777401924133,
      "context_chars": 1278.04
    },
    "3": {
      "n": 100,
      "em": 0.26,
      "f1": 0.3351975916803503,
      "containment": 0.29,
      "latency_ms": 2639.7961807250977,
      "context_chars": 1916.06
    },
    "4": {
      "n": 100,
      "em": 0.25,
      "f1": 0.3233470577042006,
      "containment": 0.3,
      "latency_ms": 3136.560113430023,
      "context_chars": 2557.68
    },
    "5": {
      "n": 100,
      "em": 0.24,
      "f1": 0.3142402695343872,
      "containment": 0.29,
      "latency_ms": 3595.4370641708374,
      "context_chars": 3199.33
    },
    "6": {
      "n": 100,
      "em": 0.28,
      "f1": 0.3484752807105749,
      "containment": 0.32,
      "latency_ms": 3737.622790336609,
      "context_chars": 3841.64
    }
  }
}