{
  "shard_index": 8,
  "shard_count": 37,
  "summary": {
    "0": {
      "n": 100,
      "em": 0.19,
      "f1": 0.23826739926739926,
      "containment": 0.21,
      "latency_ms": 1623.910415172577,
      "context_chars": 0.0
    },
    "1": {
      "n": 100,
      "em": 0.18,
      "f1": 0.24229365079365084,
      "containment": 0.19,
      "latency_ms": 1704.773998260498,
      "context_chars": 633.13
    },
    "2": {
      "n": 100,
      "em": 0.23,
      "f1": 0.2774126984126984,
      "containment": 0.26,
      "latency_ms": 2157.397117614746,
      "context_chars": 1272.03
    },
    "3": {
      "n": 100,
      "em": 0.2,
      "f1": 0.2563852258852259,
      "containment": 0.23,
      "latency_ms": 2476.55925989151,
      "context_chars": 1904.37
    },
    "4": {
      "n": 100,
      "em": 0.24,
      "f1": 0.29838888888888887,
      "containment": 0.26,
      "latency_ms": 2941.708309650421,
      "context_chars": 2554.01
    },
    "5": {
      "n": 100,
      "em": 0.24,
      "f1": 0.32682279556192595,
      "containment": 0.31,
      "latency_ms": 3624.237051010132,
      "context_chars": 3194.73
    },
    "6": {
      "n": 100,
      "em": 0.25,
      "f1": 0.3622247927511086,
      "containment": 0.34,
      "latency_ms": 3700.4341197013855,
      "context_chars": 3835.62
    }
  }
}