{
  "shard_index": 17,
  "shard_count": 37,
  "summary": {
    "0": {
      "n": 100,
      "em": 0.12,
      "f1": 0.17830158730158732,
      "containment": 0.15,
      "latency_ms": 3935.7306933403015,
      "context_chars": 0.0
    },
    "1": {
      "n": 100,
      "em": 0.22,
      "f1": 0.25626190476190475,
      "containment": 0.21,
      "latency_ms": 4586.547529697418,
      "context_chars": 635.26
    },
    "2": {
      "n": 100,
      "em": 0.26,
      "f1": 0.3069136419136419,
      "containment": 0.25,
      "latency_ms": 4244.507939815521,
      "context_chars": 1276.62
    },
    "3": {
      "n": 100,
      "em": 0.31,
      "f1": 0.35331207681207677,
      "containment": 0.29,
      "latency_ms": 5606.835322380066,
      "context_chars": 1914.36
    },
    "4": {
      "n": 100,
      "em": 0.3,
      "f1": 0.3572007895486157,
      "containment": 0.3,
      "latency_ms": 7482.590177059174,
      "context_chars": 2557.02
    },
    "5": {
      "n": 100,
      "em": 0.31,
      "f1": 0.3661156565656566,
      "containment": 0.33,
      "latency_ms": 8078.148150444031,
      "context_chars": 3191.55
    },
    "6": {
      "n": 100,
      "em": 0.3,
      "f1": 0.36806504606504603,
      "containment": 0.31,
      "latency_ms": 8048.019545078278,
      "context_chars": 3832.29
    }
  }
}