{
  "shard_index": 23,
  "shard_count": 37,
  "summary": {
    "0": {
      "n": 100,
      "em": 0.2,
      "f1": 0.27826190476190477,
      "containment": 0.2,
      "latency_ms": 112.12824583053589,
      "context_chars": 0.0
    },
    "1": {
      "n": 100,
      "em": 0.23,
      "f1": 0.3046991341991342,
      "containment": 0.29,
      "latency_ms": 131.34660959243774,
      "context_chars": 638.54
    },
    "2": {
      "n": 100,
      "em": 0.21,
      "f1": 0.29792087912087906,
      "containment": 0.29,
      "latency_ms": 156.349937915802,
      "context_chars": 1282.32
    },
    "3": {
      "n": 100,
      "em": 0.27,
      "f1": 0.375,
      "containment": 0.35,
      "latency_ms": 168.5510778427124,
      "context_chars": 1925.33
    },
    "4": {
      "n": 100,
      "em": 0.25,
      "f1": 0.37245238095238087,
      "containment": 0.35,
      "latency_ms": 171.23387575149536,
      "context_chars": 2560.38
    },
    "5": {
      "n": 100,
      "em": 0.25,
      "f1": 0.3682145403615991,
      "containment": 0.34,
      "latency_ms": 190.4080629348755,
      "context_chars": 3198.44
    },
    "6": {
      "n": 100,
      "em": 0.25,
      "f1": 0.38080865800865804,
      "containment": 0.35,
      "latency_ms": 200.17448663711548,
      "context_chars": 3835.33
    }
  }
}