{
  "shard_index": 1,
  "shard_count": 37,
  "summary": {
    "0": {
      "n": 100,
      "em": 0.06,
      "f1": 0.11874603174603175,
      "containment": 0.07,
      "latency_ms": 2154.6014976501465,
      "context_chars": 0.0
    },
    "1": {
      "n": 100,
      "em": 0.19,
      "f1": 0.26739285714285715,
      "containment": 0.26,
      "latency_ms": 2470.824706554413,
      "context_chars": 630.88
    },
    "2": {
      "n": 100,
      "em": 0.22,
      "f1": 0.30343253968253964,
      "containment": 0.29,
      "latency_ms": 2960.6518626213074,
      "context_chars": 1265.94
    },
    "3": {
      "n": 100,
      "em": 0.33,
      "f1": 0.40960714285714284,
      "containment": 0.38,
      "latency_ms": 3322.628195285797,
      "context_chars": 1904.5
    },
    "4": {
      "n": 100,
      "em": 0.33,
      "f1": 0.43408121693121693,
      "containment": 0.41,
      "latency_ms": 3893.790817260742,
      "context_chars": 2541.34
    },
    "5": {
      "n": 100,
      "em": 0.33,
      "f1": 0.42270155993431857,
      "containment": 0.41,
      "latency_ms": 4679.317116737366,
      "context_chars": 3174.9
    },
    "6": {
      "n": 100,
      "em": 0.3,
      "f1": 0.41288121361397223,
      "containment": 0.4,
      "latency_ms": 4465.4433488845825,
      "context_chars": 3813.25
    }
  }
}