{
  "shard_index": 14,
  "shard_count": 37,
  "summary": {
    "0": {
      "n": 100,
      "em": 0.14,
      "f1": 0.2036507936507936,
      "containment": 0.15,
      "latency_ms": 2242.3525285720825,
      "context_chars": 0.0
    },
    "1": {
      "n": 100,
      "em": 0.16,
      "f1": 0.26008643578643575,
      "containment": 0.2,
      "latency_ms": 2721.407735347748,
      "context_chars": 642.4
    },
    "2": {
      "n": 100,
      "em": 0.22,
      "f1": 0.3088370804822418,
      "containment": 0.27,
      "latency_ms": 3195.118818283081,
      "context_chars": 1282.32
    },
    "3": {
      "n": 100,
      "em": 0.29,
      "f1": 0.379797619047619,
      "containment": 0.3,
      "latency_ms": 3388.8351821899414,
      "context_chars": 1923.71
    },
    "4": {
      "n": 100,
      "em": 0.29,
      "f1": 0.37773224728487875,
      "containment": 0.31,
      "latency_ms": 3869.808135032654,
      "context_chars": 2557.97
    },
    "5": {
      "n": 100,
      "em": 0.31,
      "f1": 0.3923155806182122,
      "containment": 0.32,
      "latency_ms": 4220.733549594879,
      "context_chars": 3198.0
    },
    "6": {
      "n": 100,
      "em": 0.32,
      "f1": 0.409063258636788,
      "containment": 0.33,
      "latency_ms": 4562.644581794739,
      "context_chars": 3838.77
    }
  }
}