{
  "shard_index": 15,
  "shard_count": 37,
  "summary": {
    "0": {
      "n": 100,
      "em": 0.1,
      "f1": 0.19319444444444442,
      "containment": 0.16,
      "latency_ms": 2078.896634578705,
      "context_chars": 0.0
    },
    "1": {
      "n": 100,
      "em": 0.14,
      "f1": 0.22331746031746028,
      "containment": 0.21,
      "latency_ms": 2950.7730317115784,
      "context_chars": 639.94
    },
    "2": {
      "n": 100,
      "em": 0.22,
      "f1": 0.3051904761904762,
      "containment": 0.28,
      "latency_ms": 3332.9026460647583,
      "context_chars": 1271.69
    },
    "3": {
      "n": 100,
      "em": 0.22,
      "f1": 0.30248349548805936,
      "containment": 0.28,
      "latency_ms": 3948.2427167892456,
      "context_chars": 1915.05
    },
    "4": {
      "n": 100,
      "em": 0.25,
      "f1": 0.3661446235756581,
      "containment": 0.33,
      "latency_ms": 4089.877722263336,
      "context_chars": 2547.59
    },
    "5": {
      "n": 100,
      "em": 0.23,
      "f1": 0.3339356658667003,
      "containment": 0.29,
      "latency_ms": 4758.989391326904,
      "context_chars": 3190.99
    },
    "6": {
      "n": 100,
      "em": 0.24,
      "f1": 0.3492794427794428,
      "containment": 0.29,
      "latency_ms": 4763.285896778107,
      "context_chars": 3835.24
    }
  }
}