{
  "shard_index": 24,
  "shard_count": 37,
  "summary": {
    "0": {
      "n": 100,
      "em": 0.08,
      "f1": 0.12355555555555554,
      "containment": 0.12,
      "latency_ms": 102.88123369216919,
      "context_chars": 0.0
    },
    "1": {
      "n": 100,
      "em": 0.21,
      "f1": 0.27210389610389607,
      "containment": 0.27,
      "latency_ms": 119.27892923355103,
      "context_chars": 638.1
    },
    "2": {
      "n": 100,
      "em": 0.23,
      "f1": 0.2843095238095238,
      "containment": 0.28,
      "latency_ms": 138.02550554275513,
      "context_chars": 1281.12
    },
    "3": {
      "n": 100,
      "em": 0.23,
      "f1": 0.3153513708513708,
      "containment": 0.31,
      "latency_ms": 152.05936908721924,
      "context_chars": 1923.48
    },
    "4": {
      "n": 100,
      "em": 0.21,
      "f1": 0.31591183995216254,
      "containment": 0.32,
      "latency_ms": 163.99365425109863,
      "context_chars": 2563.59
    },
    "5": {
      "n": 100,
      "em": 0.23,
      "f1": 0.33601681830714086,
      "containment": 0.34,
      "latency_ms": 198.94176959991455,
      "context_chars": 3208.28
    },
    "6": {
      "n": 100,
      "em": 0.23,
      "f1": 0.3280320512820512,
      "containment": 0.34,
      "latency_ms": 192.53275156021118,
      "context_chars": 3854.56
    }
  }
}