{
  "shard_index": 25,
  "shard_count": 37,
  "summary": {
    "0": {
      "n": 100,
      "em": 0.17,
      "f1": 0.23088239538239538,
      "containment": 0.21,
      "latency_ms": 123.28619241714478,
      "context_chars": 0.0
    },
    "1": {
      "n": 100,
      "em": 0.36,
      "f1": 0.4044286987522282,
      "containment": 0.41,
      "latency_ms": 131.95005178451538,
      "context_chars": 639.27
    },
    "2": {
      "n": 100,
      "em": 0.37,
      "f1": 0.4299057971014493,
      "containment": 0.45,
      "latency_ms": 143.0075240135193,
      "context_chars": 1284.12
    },
    "3": {
      "n": 100,
      "em": 0.37,
      "f1": 0.4471240981240981,
      "containment": 0.46,
      "latency_ms": 160.79527378082275,
      "context_chars": 1927.19
    },
    "4": {
      "n": 100,
      "em": 0.37,
      "f1": 0.43982828282828285,
      "containment": 0.46,
      "latency_ms": 166.43952131271362,
      "context_chars": 2560.49
    },
    "5": {
      "n": 100,
      "em": 0.36,
      "f1": 0.4147460317460318,
      "containment": 0.45,
      "latency_ms": 194.3595576286316,
      "context_chars": 3203.68
    },
    "6": {
      "n": 100,
      "em": 0.37,
      "f1": 0.423541522889349,
      "containment": 0.45,
      "latency_ms": 201.83622121810913,
      "context_chars": 3848.52
    }
  }
}