{
  "shard_index": 0,
  "shard_count": 37,
  "summary": {
    "0": {
      "n": 100,
      "em": 0.11,
      "f1": 0.19352525252525252,
      "containment": 0.17,
      "latency_ms": 2250.3882002830505,
      "context_chars": 0.0
    },
    "1": {
      "n": 100,
      "em": 0.17,
      "f1": 0.27804931669637556,
      "containment": 0.2,
      "latency_ms": 2585.410177707672,
      "context_chars": 632.38
    },
    "2": {
      "n": 100,
      "em": 0.17,
      "f1": 0.3095604004402179,
      "containment": 0.24,
      "latency_ms": 2965.603494644165,
      "context_chars": 1266.77
    },
    "3": {
      "n": 100,
      "em": 0.2,
      "f1": 0.3363404422375011,
      "containment": 0.28,
      "latency_ms": 3451.7284059524536,
      "context_chars": 1900.75
    },
    "4": {
      "n": 100,
      "em": 0.22,
      "f1": 0.3620547279517868,
      "containment": 0.29,
      "latency_ms": 4053.0847334861755,
      "context_chars": 2535.47
    },
    "5": {
      "n": 100,
      "em": 0.21,
      "f1": 0.3609739198709787,
      "containment": 0.29,
      "latency_ms": 4802.264046669006,
      "context_chars": 3174.53
    },
    "6": {
      "n": 100,
      "em": 0.21,
      "f1": 0.3664223325693914,
      "containment": 0.3,
      "latency_ms": 4600.985417366028,
      "context_chars": 3811.12
    }
  }
}