{
  "shard_index": 19,
  "shard_count": 37,
  "summary": {
    "0": {
      "n": 100,
      "em": 0.08,
      "f1": 0.1620447040881823,
      "containment": 0.15,
      "latency_ms": 185.7281494140625,
      "context_chars": 0.0
    },
    "1": {
      "n": 100,
      "em": 0.17,
      "f1": 0.24921224853577797,
      "containment": 0.18,
      "latency_ms": 136.90659523010254,
      "context_chars": 627.83
    },
    "2": {
      "n": 100,
      "em": 0.22,
      "f1": 0.3089815712846403,
      "containment": 0.26,
      "latency_ms": 149.54985857009888,
      "context_chars": 1263.9
    },
    "3": {
      "n": 100,
      "em": 0.23,
      "f1": 0.3328203038791274,
      "containment": 0.28,
      "latency_ms": 160.29983520507812,
      "context_chars": 1896.6
    },
    "4": {
      "n": 100,
      "em": 0.27,
      "f1": 0.35109253600430074,
      "containment": 0.31,
      "latency_ms": 177.31292009353638,
      "context_chars": 2526.39
    },
    "5": {
      "n": 100,
      "em": 0.27,
      "f1": 0.3622334267040149,
      "containment": 0.34,
      "latency_ms": 182.730073928833,
      "context_chars": 3164.54
    },
    "6": {
      "n": 100,
      "em": 0.25,
      "f1": 0.3551075814164049,
      "containment": 0.33,
      "latency_ms": 211.18488073349,
      "context_chars": 3798.82
    }
  }
}