{
  "shard_index": 31,
  "shard_count": 37,
  "summary": {
    "0": {
      "n": 100,
      "em": 0.12,
      "f1": 0.1744481792717087,
      "containment": 0.14,
      "latency_ms": 168.267822265625,
      "context_chars": 0.0
    },
    "1": {
      "n": 100,
      "em": 0.2,
      "f1": 0.28221428571428575,
      "containment": 0.21,
      "latency_ms": 146.21505975723267,
      "context_chars": 632.84
    },
    "2": {
      "n": 100,
      "em": 0.21,
      "f1": 0.30394078144078146,
      "containment": 0.23,
      "latency_ms": 149.9680233001709,
      "context_chars": 1273.76
    },
    "3": {
      "n": 100,
      "em": 0.19,
      "f1": 0.27581379731379735,
      "containment": 0.22,
      "latency_ms": 168.3563208580017,
      "context_chars": 1910.66
    },
    "4": {
      "n": 100,
      "em": 0.2,
      "f1": 0.30833766233766235,
      "containment": 0.24,
      "latency_ms": 176.10861778259277,
      "context_chars": 2545.85
    },
    "5": {
      "n": 100,
      "em": 0.19,
      "f1": 0.29410158730158736,
      "containment": 0.22,
      "latency_ms": 188.0053997039795,
      "context_chars": 3182.25
    },
    "6": {
      "n": 100,
      "em": 0.22,
      "f1": 0.318784126984127,
      "containment": 0.27,
      "latency_ms": 194.380464553833,
      "context_chars": 3820.34
    }
  }
}