{
  "shard_index": 27,
  "shard_count": 37,
  "summary": {
    "0": {
      "n": 100,
      "em": 0.18,
      "f1": 0.22137373737373736,
      "containment": 0.19,
      "latency_ms": 112.07210063934326,
      "context_chars": 0.0
    },
    "1": {
      "n": 100,
      "em": 0.17,
      "f1": 0.2130793650793651,
      "containment": 0.19,
      "latency_ms": 139.07835960388184,
      "context_chars": 629.34
    },
    "2": {
      "n": 100,
      "em": 0.25,
      "f1": 0.31107431457431456,
      "containment": 0.29,
      "latency_ms": 147.3448133468628,
      "context_chars": 1258.43
    },
    "3": {
      "n": 100,
      "em": 0.24,
      "f1": 0.30936009896536215,
      "containment": 0.28,
      "latency_ms": 160.29719352722168,
      "context_chars": 1888.91
    },
    "4": {
      "n": 100,
      "em": 0.27,
      "f1": 0.34326608187134505,
      "containment": 0.31,
      "latency_ms": 164.17138576507568,
      "context_chars": 2525.4
    },
    "5": {
      "n": 100,
      "em": 0.26,
      "f1": 0.3339096605149237,
      "containment": 0.29,
      "latency_ms": 176.10766649246216,
      "context_chars": 3156.08
    },
    "6": {
      "n": 100,
      "em": 0.3,
      "f1": 0.37659147869674187,
      "containment": 0.34,
      "latency_ms": 202.66658544540405,
      "context_chars": 3790.48
    }
  }
}