{
  "shard_index": 5,
  "shard_count": 37,
  "summary": {
    "0": {
      "n": 100,
      "em": 0.14,
      "f1": 0.2322857142857143,
      "containment": 0.19,
      "latency_ms": 1409.2642188072205,
      "context_chars": 0.0
    },
    "1": {
      "n": 100,
      "em": 0.19,
      "f1": 0.26366666666666666,
      "containment": 0.21,
      "latency_ms": 1849.8521423339844,
      "context_chars": 640.6
    },
    "2": {
      "n": 100,
      "em": 0.23,
      "f1": 0.3227783882783883,
      "containment": 0.31,
      "latency_ms": 2223.98633480072,
      "context_chars": 1286.01
    },
    "3": {
      "n": 100,
      "em": 0.24,
      "f1": 0.3389395604395605,
      "containment": 0.3,
      "latency_ms": 2579.1334414482117,
      "context_chars": 1925.54
    },
    "4": {
      "n": 100,
      "em": 0.28,
      "f1": 0.3662619047619048,
      "containment": 0.35,
      "latency_ms": 2919.561321735382,
      "context_chars": 2568.7
    },
    "5": {
      "n": 100,
      "em": 0.23,
      "f1": 0.3365824175824177,
      "containment": 0.31,
      "latency_ms": 3362.9252529144287,
      "context_chars": 3211.21
    },
    "6": {
      "n": 100,
      "em": 0.32,
      "f1": 0.40792857142857153,
      "containment": 0.38,
      "latency_ms": 3587.2379422187805,
      "context_chars": 3855.15
    }
  }
}