{
  "dataset": "nq_test",
  "retriever": "TCTColBERT",
  "rag_variant": "TCTColBERT_k0to6",
  "num_examples": 3610,
  "shots": {
    "0": {
      "n": 3610,
      "em": 0.11939058171745152,
      "f1": 0.18333971921847114,
      "containment": 0.15595567867036012,
      "latency_ms": 125.1082979741189,
      "context_chars": 0.0
    },
    "1": {
      "n": 3610,
      "em": 0.18781163434903048,
      "f1": 0.2572131046905715,
      "containment": 0.21966759002770084,
      "latency_ms": 126.75789208293291,
      "context_chars": 633.5371191135735
    },
    "2": {
      "n": 3610,
      "em": 0.21662049861495844,
      "f1": 0.2923652818944978,
      "containment": 0.26011080332409975,
      "latency_ms": 140.93156494922584,
      "context_chars": 1270.6905817174516
    },
    "3": {
      "n": 3610,
      "em": 0.23601108033240997,
      "f1": 0.3175230840179502,
      "containment": 0.2839335180055402,
      "latency_ms": 157.6974730742605,
      "context_chars": 1907.2299168975069
    },
    "4": {
      "n": 3610,
      "em": 0.24930747922437674,
      "f1": 0.33436271833904585,
      "containment": 0.29889196675900276,
      "latency_ms": 169.66412615577931,
      "context_chars": 2543.483379501385
    },
    "5": {
      "n": 3610,
      "em": 0.2559556786703601,
      "f1": 0.34281538899802794,
      "containment": 0.3155124653739612,
      "latency_ms": 183.47642144337917,
      "context_chars": 3179.4891966759
    },
    "6": {
      "n": 3610,
      "em": 0.2698060941828255,
      "f1": 0.36050524292804415,
      "containment": 0.33074792243767315,
      "latency_ms": 193.26579260363803,
      "context_chars": 3816.850138504155
    }
  }
}