{
  "dataset": "nq_test",
  "retriever": "BGE",
  "rag_variant": "BGE_Llama70B_k0to6",
  "num_examples": 3610,
  "shots": {
    "0": {
      "n": 3610,
      "em": 0.34681440443213296,
      "f1": 0.46806675274461246,
      "containment": 0.3991689750692521,
      "latency_ms": 476.8833575156257,
      "context_chars": 0.0
    },
    "1": {
      "n": 3610,
      "em": 0.30055401662049863,
      "f1": 0.39419635468412123,
      "containment": 0.34986149584487536,
      "latency_ms": 702.1348086750738,
      "context_chars": 638.1210526315789
    },
    "2": {
      "n": 3610,
      "em": 0.34349030470914127,
      "f1": 0.447700407269974,
      "containment": 0.4022160664819945,
      "latency_ms": 710.6614383634108,
      "context_chars": 1278.0637119113574
    },
    "3": {
      "n": 3610,
      "em": 0.36925207756232686,
      "f1": 0.48044951049825446,
      "containment": 0.4307479224376731,
      "latency_ms": 714.8260821926297,
      "context_chars": 1917.8537396121883
    },
    "4": {
      "n": 3610,
      "em": 0.3817174515235457,
      "f1": 0.4958056218412735,
      "containment": 0.44792243767313017,
      "latency_ms": 726.7456334053314,
      "context_chars": 2559.081163434903
    },
    "5": {
      "n": 3610,
      "em": 0.3880886426592798,
      "f1": 0.5052441617313103,
      "containment": 0.4556786703601108,
      "latency_ms": 722.6296231357014,
      "context_chars": 3199.8304709141275
    },
    "6": {
      "n": 3610,
      "em": 0.39501385041551246,
      "f1": 0.5127716007261306,
      "containment": 0.46232686980609417,
      "latency_ms": 729.6926446898823,
      "context_chars": 3839.6720221606647
    }
  }
}