{
  "dataset": "nq_test",
  "retriever": "WCombSUM_RSD",
  "rag_variant": "WCombSUM_RSD_Llama70B_k0to6",
  "num_examples": 3610,
  "shots": {
    "0": {
      "n": 3610,
      "em": 0.34653739612188367,
      "f1": 0.46868666061047454,
      "containment": 0.4005540166204986,
      "latency_ms": 2188.0165731477605,
      "context_chars": 0.0
    },
    "1": {
      "n": 3610,
      "em": 0.29722991689750694,
      "f1": 0.39083896811311664,
      "containment": 0.3376731301939058,
      "latency_ms": 2416.2446887209144,
      "context_chars": 637.4991689750692
    },
    "2": {
      "n": 3610,
      "em": 0.3304709141274238,
      "f1": 0.4374912636711654,
      "containment": 0.3853185595567867,
      "latency_ms": 2494.840379038676,
      "context_chars": 1278.2360110803324
    },
    "3": {
      "n": 3610,
      "em": 0.3590027700831025,
      "f1": 0.4688123184646727,
      "containment": 0.4166204986149584,
      "latency_ms": 2506.802806365523,
      "context_chars": 1918.2695290858726
    },
    "4": {
      "n": 3610,
      "em": 0.36398891966759,
      "f1": 0.48133089594958994,
      "containment": 0.42853185595567866,
      "latency_ms": 2587.2112942534472,
      "context_chars": 2558.6047091412743
    },
    "5": {
      "n": 3610,
      "em": 0.3736842105263158,
      "f1": 0.4903431089472361,
      "containment": 0.43961218836565097,
      "latency_ms": 2583.6766326856746,
      "context_chars": 3199.22216066482
    },
    "6": {
      "n": 3610,
      "em": 0.37617728531855954,
      "f1": 0.4938509050240572,
      "containment": 0.44349030470914125,
      "latency_ms": 2613.995689500402,
      "context_chars": 3841.0105263157893
    }
  }
}