{
  "shard_index": 9,
  "shard_count": 37,
  "summary": {
    "0": {
      "n": 100,
      "em": 0.38,
      "f1": 0.5262356532356531,
      "containment": 0.4,
      "latency_ms": 2373.7059593200684,
      "context_chars": 0.0
    },
    "1": {
      "n": 100,
      "em": 0.18,
      "f1": 0.3016587301587301,
      "containment": 0.27,
      "latency_ms": 2745.949363708496,
      "context_chars": 634.59
    },
    "2": {
      "n": 100,
      "em": 0.29,
      "f1": 0.39393650793650786,
      "containment": 0.35,
      "latency_ms": 2679.2098093032837,
      "context_chars": 1279.99
    },
    "3": {
      "n": 100,
      "em": 0.33,
      "f1": 0.43360317460317455,
      "containment": 0.37,
      "latency_ms": 2670.099983215332,
      "context_chars": 1915.19
    },
    "4": {
      "n": 100,
      "em": 0.32,
      "f1": 0.4441587301587301,
      "containment": 0.36,
      "latency_ms": 2684.9608659744263,
      "context_chars": 2567.98
    },
    "5": {
      "n": 100,
      "em": 0.34,
      "f1": 0.45182539682539674,
      "containment": 0.38,
      "latency_ms": 2653.1638622283936,
      "context_chars": 3212.8
    },
    "6": {
      "n": 100,
      "em": 0.34,
      "f1": 0.4606284271284271,
      "containment": 0.37,
      "latency_ms": 2854.01682138443,
      "context_chars": 3859.77
    }
  }
}