{
  "shard_index": 8,
  "shard_count": 37,
  "summary": {
    "0": {
      "n": 100,
      "em": 0.36,
      "f1": 0.4810476190476189,
      "containment": 0.43,
      "latency_ms": 2455.3086972236633,
      "context_chars": 0.0
    },
    "1": {
      "n": 100,
      "em": 0.24,
      "f1": 0.30342857142857144,
      "containment": 0.26,
      "latency_ms": 2769.166522026062,
      "context_chars": 640.7
    },
    "2": {
      "n": 100,
      "em": 0.29,
      "f1": 0.3623341913341913,
      "containment": 0.31,
      "latency_ms": 3001.6380620002747,
      "context_chars": 1286.53
    },
    "3": {
      "n": 100,
      "em": 0.31,
      "f1": 0.39093650793650797,
      "containment": 0.33,
      "latency_ms": 2716.889774799347,
      "context_chars": 1933.71
    },
    "4": {
      "n": 100,
      "em": 0.33,
      "f1": 0.4144062049062049,
      "containment": 0.36,
      "latency_ms": 2723.728930950165,
      "context_chars": 2577.22
    },
    "5": {
      "n": 100,
      "em": 0.33,
      "f1": 0.41017604617604614,
      "containment": 0.37,
      "latency_ms": 2882.5717425346375,
      "context_chars": 3222.06
    },
    "6": {
      "n": 100,
      "em": 0.33,
      "f1": 0.4227120657120657,
      "containment": 0.38,
      "latency_ms": 2844.9550104141235,
      "context_chars": 3863.39
    }
  }
}