{
  "shard_index": 4,
  "shard_count": 37,
  "summary": {
    "0": {
      "n": 100,
      "em": 0.37,
      "f1": 0.5077857142857141,
      "containment": 0.44,
      "latency_ms": 2467.7849555015564,
      "context_chars": 0.0
    },
    "1": {
      "n": 100,
      "em": 0.27,
      "f1": 0.34279281537176276,
      "containment": 0.32,
      "latency_ms": 2461.1039686203003,
      "context_chars": 636.35
    },
    "2": {
      "n": 100,
      "em": 0.29,
      "f1": 0.39547607655502387,
      "containment": 0.39,
      "latency_ms": 2722.509424686432,
      "context_chars": 1276.43
    },
    "3": {
      "n": 100,
      "em": 0.36,
      "f1": 0.46310233918128646,
      "containment": 0.44,
      "latency_ms": 2558.630986213684,
      "context_chars": 1912.51
    },
    "4": {
      "n": 100,
      "em": 0.33,
      "f1": 0.4325720361509835,
      "containment": 0.43,
      "latency_ms": 2670.130889415741,
      "context_chars": 2555.36
    },
    "5": {
      "n": 100,
      "em": 0.37,
      "f1": 0.4759816495261141,
      "containment": 0.47,
      "latency_ms": 2740.915205478668,
      "context_chars": 3196.3
    },
    "6": {
      "n": 100,
      "em": 0.39,
      "f1": 0.49309276063722524,
      "containment": 0.48,
      "latency_ms": 2769.328465461731,
      "context_chars": 3839.01
    }
  }
}