{
  "shard_index": 15,
  "shard_count": 37,
  "summary": {
    "0": {
      "n": 100,
      "em": 0.28,
      "f1": 0.4078196248196248,
      "containment": 0.35,
      "latency_ms": 2536.160204410553,
      "context_chars": 0.0
    },
    "1": {
      "n": 100,
      "em": 0.18,
      "f1": 0.28961507936507935,
      "containment": 0.22,
      "latency_ms": 2564.2493748664856,
      "context_chars": 631.9
    },
    "2": {
      "n": 100,
      "em": 0.26,
      "f1": 0.34565151515151515,
      "containment": 0.29,
      "latency_ms": 2514.160165786743,
      "context_chars": 1272.04
    },
    "3": {
      "n": 100,
      "em": 0.27,
      "f1": 0.38160317460317456,
      "containment": 0.3,
      "latency_ms": 2548.67910861969,
      "context_chars": 1914.64
    },
    "4": {
      "n": 100,
      "em": 0.3,
      "f1": 0.41586141636141627,
      "containment": 0.32,
      "latency_ms": 2659.5747327804565,
      "context_chars": 2557.45
    },
    "5": {
      "n": 100,
      "em": 0.31,
      "f1": 0.431984126984127,
      "containment": 0.34,
      "latency_ms": 2559.031186103821,
      "context_chars": 3198.71
    },
    "6": {
      "n": 100,
      "em": 0.3,
      "f1": 0.43974675324675316,
      "containment": 0.36,
      "latency_ms": 2576.63640499115,
      "context_chars": 3847.95
    }
  }
}