{
  "shard_index": 22,
  "shard_count": 37,
  "summary": {
    "0": {
      "n": 100,
      "em": 0.32,
      "f1": 0.48916883116883114,
      "containment": 0.44,
      "latency_ms": 2513.7652492523193,
      "context_chars": 0.0
    },
    "1": {
      "n": 100,
      "em": 0.24,
      "f1": 0.3183058608058608,
      "containment": 0.3,
      "latency_ms": 2505.1377511024475,
      "context_chars": 635.16
    },
    "2": {
      "n": 100,
      "em": 0.33,
      "f1": 0.423607448107448,
      "containment": 0.41,
      "latency_ms": 2579.637439250946,
      "context_chars": 1273.14
    },
    "3": {
      "n": 100,
      "em": 0.36,
      "f1": 0.4437185592185591,
      "containment": 0.43,
      "latency_ms": 2526.185963153839,
      "context_chars": 1908.53
    },
    "4": {
      "n": 100,
      "em": 0.39,
      "f1": 0.501575702075702,
      "containment": 0.48,
      "latency_ms": 2667.2383761405945,
      "context_chars": 2553.75
    },
    "5": {
      "n": 100,
      "em": 0.39,
      "f1": 0.4886500166500166,
      "containment": 0.47,
      "latency_ms": 2775.158429145813,
      "context_chars": 3193.74
    },
    "6": {
      "n": 100,
      "em": 0.39,
      "f1": 0.4773772893772893,
      "containment": 0.46,
      "latency_ms": 2701.5481901168823,
      "context_chars": 3832.93
    }
  }
}