{
  "shard_index": 27,
  "shard_count": 37,
  "summary": {
    "0": {
      "n": 100,
      "em": 0.31,
      "f1": 0.47963369963369956,
      "containment": 0.41,
      "latency_ms": 2475.682191848755,
      "context_chars": 0.0
    },
    "1": {
      "n": 100,
      "em": 0.26,
      "f1": 0.3610317460317461,
      "containment": 0.32,
      "latency_ms": 2327.3493671417236,
      "context_chars": 632.54
    },
    "2": {
      "n": 100,
      "em": 0.34,
      "f1": 0.45049206349206355,
      "containment": 0.39,
      "latency_ms": 2378.1199884414673,
      "context_chars": 1271.3
    },
    "3": {
      "n": 100,
      "em": 0.37,
      "f1": 0.4903015873015873,
      "containment": 0.41,
      "latency_ms": 2291.4420771598816,
      "context_chars": 1912.31
    },
    "4": {
      "n": 100,
      "em": 0.38,
      "f1": 0.5109206349206349,
      "containment": 0.4,
      "latency_ms": 2362.7127623558044,
      "context_chars": 2548.94
    },
    "5": {
      "n": 100,
      "em": 0.42,
      "f1": 0.5385396825396825,
      "containment": 0.44,
      "latency_ms": 2405.303018093109,
      "context_chars": 3187.29
    },
    "6": {
      "n": 100,
      "em": 0.42,
      "f1": 0.5424920634920634,
      "containment": 0.43,
      "latency_ms": 2441.58695936203,
      "context_chars": 3822.39
    }
  }
}