{
  "shard_index": 30,
  "shard_count": 37,
  "summary": {
    "0": {
      "n": 100,
      "em": 0.4,
      "f1": 0.5372750190985485,
      "containment": 0.49,
      "latency_ms": 2499.4580602645874,
      "context_chars": 0.0
    },
    "1": {
      "n": 100,
      "em": 0.4,
      "f1": 0.48741269841269835,
      "containment": 0.44,
      "latency_ms": 2501.8718576431274,
      "context_chars": 639.37
    },
    "2": {
      "n": 100,
      "em": 0.43,
      "f1": 0.5425198412698412,
      "containment": 0.48,
      "latency_ms": 2632.9779744148254,
      "context_chars": 1283.43
    },
    "3": {
      "n": 100,
      "em": 0.47,
      "f1": 0.558358669108669,
      "containment": 0.5,
      "latency_ms": 2524.7208094596863,
      "context_chars": 1925.05
    },
    "4": {
      "n": 100,
      "em": 0.42,
      "f1": 0.531126984126984,
      "containment": 0.47,
      "latency_ms": 2645.2225375175476,
      "context_chars": 2569.14
    },
    "5": {
      "n": 100,
      "em": 0.44,
      "f1": 0.5516800976800975,
      "containment": 0.48,
      "latency_ms": 2658.1545996665955,
      "context_chars": 3210.38
    },
    "6": {
      "n": 100,
      "em": 0.47,
      "f1": 0.5779841269841269,
      "containment": 0.49,
      "latency_ms": 2533.6220932006836,
      "context_chars": 3856.64
    }
  }
}