{
  "shard_index": 7,
  "shard_count": 37,
  "summary": {
    "0": {
      "n": 100,
      "em": 0.31,
      "f1": 0.47207758907758895,
      "containment": 0.42,
      "latency_ms": 2409.7211265563965,
      "context_chars": 0.0
    },
    "1": {
      "n": 100,
      "em": 0.22,
      "f1": 0.31726984126984126,
      "containment": 0.25,
      "latency_ms": 2495.7933378219604,
      "context_chars": 637.56
    },
    "2": {
      "n": 100,
      "em": 0.26,
      "f1": 0.3918607503607503,
      "containment": 0.32,
      "latency_ms": 2561.3321328163147,
      "context_chars": 1279.1
    },
    "3": {
      "n": 100,
      "em": 0.29,
      "f1": 0.4243131313131312,
      "containment": 0.36,
      "latency_ms": 2674.9300122261047,
      "context_chars": 1922.65
    },
    "4": {
      "n": 100,
      "em": 0.29,
      "f1": 0.422154401154401,
      "containment": 0.38,
      "latency_ms": 2521.1406660079956,
      "context_chars": 2566.29
    },
    "5": {
      "n": 100,
      "em": 0.28,
      "f1": 0.4231702741702741,
      "containment": 0.39,
      "latency_ms": 2644.609453678131,
      "context_chars": 3209.53
    },
    "6": {
      "n": 100,
      "em": 0.3,
      "f1": 0.42602886002886,
      "containment": 0.39,
      "latency_ms": 2535.9193682670593,
      "context_chars": 3845.61
    }
  }
}