{
  "shard_index": 17,
  "shard_count": 37,
  "summary": {
    "0": {
      "n": 100,
      "em": 0.35,
      "f1": 0.47279242979242964,
      "containment": 0.41,
      "latency_ms": 2300.481400489807,
      "context_chars": 0.0
    },
    "1": {
      "n": 100,
      "em": 0.27,
      "f1": 0.33621645021645025,
      "containment": 0.29,
      "latency_ms": 2709.5192885398865,
      "context_chars": 639.62
    },
    "2": {
      "n": 100,
      "em": 0.37,
      "f1": 0.44676406926406925,
      "containment": 0.41,
      "latency_ms": 2862.931032180786,
      "context_chars": 1284.97
    },
    "3": {
      "n": 100,
      "em": 0.4,
      "f1": 0.505000444000444,
      "containment": 0.45,
      "latency_ms": 2719.818117618561,
      "context_chars": 1924.13
    },
    "4": {
      "n": 100,
      "em": 0.39,
      "f1": 0.4936291486291485,
      "containment": 0.44,
      "latency_ms": 2660.724115371704,
      "context_chars": 2573.81
    },
    "5": {
      "n": 100,
      "em": 0.41,
      "f1": 0.521067821067821,
      "containment": 0.46,
      "latency_ms": 2817.178874015808,
      "context_chars": 3215.83
    },
    "6": {
      "n": 100,
      "em": 0.42,
      "f1": 0.5282140082140081,
      "containment": 0.46,
      "latency_ms": 2689.040632247925,
      "context_chars": 3858.0
    }
  }
}