{
  "shard_index": 18,
  "shard_count": 37,
  "summary": {
    "0": {
      "n": 100,
      "em": 0.34,
      "f1": 0.5273124098124097,
      "containment": 0.44,
      "latency_ms": 2488.2749128341675,
      "context_chars": 0.0
    },
    "1": {
      "n": 100,
      "em": 0.31,
      "f1": 0.4411904761904763,
      "containment": 0.38,
      "latency_ms": 2415.5323123931885,
      "context_chars": 636.83
    },
    "2": {
      "n": 100,
      "em": 0.3,
      "f1": 0.4353333333333333,
      "containment": 0.37,
      "latency_ms": 2555.182526111603,
      "context_chars": 1278.14
    },
    "3": {
      "n": 100,
      "em": 0.36,
      "f1": 0.5012727272727271,
      "containment": 0.43,
      "latency_ms": 2461.139702796936,
      "context_chars": 1920.39
    },
    "4": {
      "n": 100,
      "em": 0.36,
      "f1": 0.5078203463203461,
      "containment": 0.44,
      "latency_ms": 2568.391239643097,
      "context_chars": 2564.92
    },
    "5": {
      "n": 100,
      "em": 0.37,
      "f1": 0.5213815041167981,
      "containment": 0.46,
      "latency_ms": 2471.9997549057007,
      "context_chars": 3207.22
    },
    "6": {
      "n": 100,
      "em": 0.38,
      "f1": 0.5388852813852812,
      "containment": 0.47,
      "latency_ms": 2600.953142642975,
      "context_chars": 3844.33
    }
  }
}