{
  "shard_index": 13,
  "shard_count": 37,
  "summary": {
    "0": {
      "n": 100,
      "em": 0.31,
      "f1": 0.46217460317460307,
      "containment": 0.38,
      "latency_ms": 2425.511634349823,
      "context_chars": 0.0
    },
    "1": {
      "n": 100,
      "em": 0.26,
      "f1": 0.38535064935064933,
      "containment": 0.28,
      "latency_ms": 2629.4256448745728,
      "context_chars": 635.27
    },
    "2": {
      "n": 100,
      "em": 0.31,
      "f1": 0.42654256854256845,
      "containment": 0.36,
      "latency_ms": 2750.267074108124,
      "context_chars": 1271.77
    },
    "3": {
      "n": 100,
      "em": 0.32,
      "f1": 0.4358831168831168,
      "containment": 0.39,
      "latency_ms": 2687.5083541870117,
      "context_chars": 1914.3
    },
    "4": {
      "n": 100,
      "em": 0.33,
      "f1": 0.46547763347763343,
      "containment": 0.41,
      "latency_ms": 2699.206464290619,
      "context_chars": 2549.13
    },
    "5": {
      "n": 100,
      "em": 0.34,
      "f1": 0.4818917748917748,
      "containment": 0.41,
      "latency_ms": 2649.133560657501,
      "context_chars": 3188.26
    },
    "6": {
      "n": 100,
      "em": 0.31,
      "f1": 0.46000144300144297,
      "containment": 0.42,
      "latency_ms": 2723.3000707626343,
      "context_chars": 3826.12
    }
  }
}