{
  "shard_index": 26,
  "shard_count": 37,
  "summary": {
    "0": {
      "n": 100,
      "em": 0.34,
      "f1": 0.4815887445887445,
      "containment": 0.42,
      "latency_ms": 2311.743836402893,
      "context_chars": 0.0
    },
    "1": {
      "n": 100,
      "em": 0.25,
      "f1": 0.3663333333333334,
      "containment": 0.34,
      "latency_ms": 2552.495777606964,
      "context_chars": 645.69
    },
    "2": {
      "n": 100,
      "em": 0.29,
      "f1": 0.40290642303432994,
      "containment": 0.38,
      "latency_ms": 2763.335361480713,
      "context_chars": 1289.18
    },
    "3": {
      "n": 100,
      "em": 0.33,
      "f1": 0.4681269841269841,
      "containment": 0.44,
      "latency_ms": 2626.5702271461487,
      "context_chars": 1937.49
    },
    "4": {
      "n": 100,
      "em": 0.36,
      "f1": 0.507047619047619,
      "containment": 0.46,
      "latency_ms": 2605.0910878181458,
      "context_chars": 2583.28
    },
    "5": {
      "n": 100,
      "em": 0.35,
      "f1": 0.4930714285714285,
      "containment": 0.44,
      "latency_ms": 2728.68896484375,
      "context_chars": 3228.42
    },
    "6": {
      "n": 100,
      "em": 0.38,
      "f1": 0.5200238095238096,
      "containment": 0.48,
      "latency_ms": 2682.4225330352783,
      "context_chars": 3869.51
    }
  }
}