{
  "shard_index": 3,
  "shard_count": 37,
  "summary": {
    "0": {
      "n": 100,
      "em": 0.38,
      "f1": 0.4844523809523808,
      "containment": 0.48,
      "latency_ms": 2152.5469946861267,
      "context_chars": 0.0
    },
    "1": {
      "n": 100,
      "em": 0.26,
      "f1": 0.3462063492063492,
      "containment": 0.33,
      "latency_ms": 2421.797695159912,
      "context_chars": 645.54
    },
    "2": {
      "n": 100,
      "em": 0.31,
      "f1": 0.406126984126984,
      "containment": 0.39,
      "latency_ms": 2370.3316736221313,
      "context_chars": 1279.0
    },
    "3": {
      "n": 100,
      "em": 0.36,
      "f1": 0.45986507936507925,
      "containment": 0.46,
      "latency_ms": 2414.1134691238403,
      "context_chars": 1916.98
    },
    "4": {
      "n": 100,
      "em": 0.35,
      "f1": 0.4540317460317459,
      "containment": 0.46,
      "latency_ms": 2558.2914209365845,
      "context_chars": 2557.41
    },
    "5": {
      "n": 100,
      "em": 0.39,
      "f1": 0.4879841269841269,
      "containment": 0.48,
      "latency_ms": 2496.7474126815796,
      "context_chars": 3197.07
    },
    "6": {
      "n": 100,
      "em": 0.34,
      "f1": 0.46800793650793643,
      "containment": 0.47,
      "latency_ms": 2492.478721141815,
      "context_chars": 3840.04
    }
  }
}