{
  "shard_index": 25,
  "shard_count": 37,
  "summary": {
    "0": {
      "n": 100,
      "em": 0.37,
      "f1": 0.5173706004140786,
      "containment": 0.46,
      "latency_ms": 2363.279778957367,
      "context_chars": 0.0
    },
    "1": {
      "n": 100,
      "em": 0.35,
      "f1": 0.42615173715173715,
      "containment": 0.4,
      "latency_ms": 2433.842296600342,
      "context_chars": 634.93
    },
    "2": {
      "n": 100,
      "em": 0.35,
      "f1": 0.43262193362193374,
      "containment": 0.43,
      "latency_ms": 2825.3103590011597,
      "context_chars": 1278.39
    },
    "3": {
      "n": 100,
      "em": 0.38,
      "f1": 0.4780259740259741,
      "containment": 0.47,
      "latency_ms": 2662.587387561798,
      "context_chars": 1923.44
    },
    "4": {
      "n": 100,
      "em": 0.4,
      "f1": 0.5042720057720057,
      "containment": 0.48,
      "latency_ms": 2429.6712255477905,
      "context_chars": 2564.91
    },
    "5": {
      "n": 100,
      "em": 0.42,
      "f1": 0.5144148629148628,
      "containment": 0.51,
      "latency_ms": 2720.543291568756,
      "context_chars": 3212.07
    },
    "6": {
      "n": 100,
      "em": 0.42,
      "f1": 0.5285815295815295,
      "containment": 0.51,
      "latency_ms": 2738.4818482398987,
      "context_chars": 3854.16
    }
  }
}