{
  "shard_index": 5,
  "shard_count": 37,
  "summary": {
    "0": {
      "n": 100,
      "em": 0.37,
      "f1": 0.5050974025974025,
      "containment": 0.43,
      "latency_ms": 2851.5007996559143,
      "context_chars": 0.0
    },
    "1": {
      "n": 100,
      "em": 0.24,
      "f1": 0.3421764705882353,
      "containment": 0.31,
      "latency_ms": 2491.9611287117004,
      "context_chars": 638.79
    },
    "2": {
      "n": 100,
      "em": 0.28,
      "f1": 0.40028571428571424,
      "containment": 0.36,
      "latency_ms": 2468.4091997146606,
      "context_chars": 1281.89
    },
    "3": {
      "n": 100,
      "em": 0.35,
      "f1": 0.46903346203346197,
      "containment": 0.42,
      "latency_ms": 2612.7285623550415,
      "context_chars": 1925.93
    },
    "4": {
      "n": 100,
      "em": 0.38,
      "f1": 0.4834774774774774,
      "containment": 0.45,
      "latency_ms": 2766.5713381767273,
      "context_chars": 2573.64
    },
    "5": {
      "n": 100,
      "em": 0.38,
      "f1": 0.46692170329670324,
      "containment": 0.45,
      "latency_ms": 2906.18115901947,
      "context_chars": 3216.84
    },
    "6": {
      "n": 100,
      "em": 0.38,
      "f1": 0.4742967032967032,
      "containment": 0.45,
      "latency_ms": 2622.3387241363525,
      "context_chars": 3862.88
    }
  }
}