{
  "shard_index": 19,
  "shard_count": 37,
  "summary": {
    "0": {
      "n": 100,
      "em": 0.3,
      "f1": 0.40538281979458446,
      "containment": 0.34,
      "latency_ms": 2454.9666786193848,
      "context_chars": 0.0
    },
    "1": {
      "n": 100,
      "em": 0.26,
      "f1": 0.33840056022408965,
      "containment": 0.27,
      "latency_ms": 2519.582018852234,
      "context_chars": 636.2
    },
    "2": {
      "n": 100,
      "em": 0.35,
      "f1": 0.4002002801120447,
      "containment": 0.34,
      "latency_ms": 2521.212577819824,
      "context_chars": 1270.24
    },
    "3": {
      "n": 100,
      "em": 0.34,
      "f1": 0.4134578558696205,
      "containment": 0.35,
      "latency_ms": 2483.9894914627075,
      "context_chars": 1902.26
    },
    "4": {
      "n": 100,
      "em": 0.33,
      "f1": 0.42747186147186134,
      "containment": 0.37,
      "latency_ms": 2510.2520895004272,
      "context_chars": 2539.09
    },
    "5": {
      "n": 100,
      "em": 0.37,
      "f1": 0.4696147186147185,
      "containment": 0.4,
      "latency_ms": 2454.9998903274536,
      "context_chars": 3175.34
    },
    "6": {
      "n": 100,
      "em": 0.37,
      "f1": 0.47594805194805173,
      "containment": 0.42,
      "latency_ms": 2515.4623460769653,
      "context_chars": 3807.97
    }
  }
}