{
  "shard_index": 36,
  "shard_count": 37,
  "summary": {
    "0": {
      "n": 10,
      "em": 0.4,
      "f1": 0.5166666666666666,
      "containment": 0.6,
      "latency_ms": 895.2717304229736,
      "context_chars": 0.0
    },
    "1": {
      "n": 10,
      "em": 0.3,
      "f1": 0.35,
      "containment": 0.4,
      "latency_ms": 994.4720506668091,
      "context_chars": 638.0
    },
    "2": {
      "n": 10,
      "em": 0.2,
      "f1": 0.2833333333333333,
      "containment": 0.4,
      "latency_ms": 1215.2202129364014,
      "context_chars": 1282.7
    },
    "3": {
      "n": 10,
      "em": 0.2,
      "f1": 0.32,
      "containment": 0.5,
      "latency_ms": 1436.0844135284424,
      "context_chars": 1918.1
    },
    "4": {
      "n": 10,
      "em": 0.3,
      "f1": 0.41666666666666663,
      "containment": 0.5,
      "latency_ms": 970.5731630325317,
      "context_chars": 2596.6
    },
    "5": {
      "n": 10,
      "em": 0.3,
      "f1": 0.41666666666666663,
      "containment": 0.5,
      "latency_ms": 1031.4764499664307,
      "context_chars": 3251.9
    },
    "6": {
      "n": 10,
      "em": 0.2,
      "f1": 0.31666666666666665,
      "containment": 0.4,
      "latency_ms": 987.5752687454224,
      "context_chars": 3890.7
    }
  }
}