{
  "shard_index": 32,
  "shard_count": 37,
  "summary": {
    "0": {
      "n": 100,
      "em": 0.26,
      "f1": 0.42540685045948196,
      "containment": 0.37,
      "latency_ms": 2619.973704814911,
      "context_chars": 0.0
    },
    "1": {
      "n": 100,
      "em": 0.21,
      "f1": 0.31471802054155,
      "containment": 0.29,
      "latency_ms": 2717.1527695655823,
      "context_chars": 633.24
    },
    "2": {
      "n": 100,
      "em": 0.23,
      "f1": 0.37240688396570737,
      "containment": 0.33,
      "latency_ms": 2764.654176235199,
      "context_chars": 1266.64
    },
    "3": {
      "n": 100,
      "em": 0.3,
      "f1": 0.4540214752567692,
      "containment": 0.4,
      "latency_ms": 2799.200940132141,
      "context_chars": 1904.92
    },
    "4": {
      "n": 100,
      "em": 0.33,
      "f1": 0.47603968253968243,
      "containment": 0.4,
      "latency_ms": 2789.191246032715,
      "context_chars": 2547.37
    },
    "5": {
      "n": 100,
      "em": 0.33,
      "f1": 0.48220851370851364,
      "containment": 0.43,
      "latency_ms": 2775.2073335647583,
      "context_chars": 3190.7
    },
    "6": {
      "n": 100,
      "em": 0.33,
      "f1": 0.49049422799422787,
      "containment": 0.44,
      "latency_ms": 2755.9204602241516,
      "context_chars": 3830.65
    }
  }
}