{
  "shard_index": 21,
  "shard_count": 37,
  "summary": {
    "0": {
      "n": 100,
      "em": 0.39,
      "f1": 0.4921031746031745,
      "containment": 0.44,
      "latency_ms": 2294.155969619751,
      "context_chars": 0.0
    },
    "1": {
      "n": 100,
      "em": 0.24,
      "f1": 0.31843650793650796,
      "containment": 0.25,
      "latency_ms": 2469.5676231384277,
      "context_chars": 624.08
    },
    "2": {
      "n": 100,
      "em": 0.34,
      "f1": 0.4536813186813186,
      "containment": 0.4,
      "latency_ms": 2358.811845779419,
      "context_chars": 1260.1
    },
    "3": {
      "n": 100,
      "em": 0.36,
      "f1": 0.4758095238095236,
      "containment": 0.42,
      "latency_ms": 2511.9394397735596,
      "context_chars": 1899.85
    },
    "4": {
      "n": 100,
      "em": 0.39,
      "f1": 0.5066190476190474,
      "containment": 0.44,
      "latency_ms": 2411.457829475403,
      "context_chars": 2538.3
    },
    "5": {
      "n": 100,
      "em": 0.4,
      "f1": 0.5376190476190473,
      "containment": 0.5,
      "latency_ms": 2474.5539951324463,
      "context_chars": 3171.87
    },
    "6": {
      "n": 100,
      "em": 0.4,
      "f1": 0.5269523809523807,
      "containment": 0.5,
      "latency_ms": 2376.694498062134,
      "context_chars": 3802.97
    }
  }
}