{
  "shard_index": 11,
  "shard_count": 37,
  "summary": {
    "0": {
      "n": 100,
      "em": 0.41,
      "f1": 0.5499603174603175,
      "containment": 0.52,
      "latency_ms": 2564.739181995392,
      "context_chars": 0.0
    },
    "1": {
      "n": 100,
      "em": 0.31,
      "f1": 0.40597619047619043,
      "containment": 0.39,
      "latency_ms": 2494.275884628296,
      "context_chars": 633.93
    },
    "2": {
      "n": 100,
      "em": 0.38,
      "f1": 0.4656125541125541,
      "containment": 0.44,
      "latency_ms": 2678.3083987236023,
      "context_chars": 1275.23
    },
    "3": {
      "n": 100,
      "em": 0.4,
      "f1": 0.4899816017316017,
      "containment": 0.47,
      "latency_ms": 2847.1315598487854,
      "context_chars": 1914.1
    },
    "4": {
      "n": 100,
      "em": 0.4,
      "f1": 0.506064935064935,
      "containment": 0.49,
      "latency_ms": 2897.1817684173584,
      "context_chars": 2554.1
    },
    "5": {
      "n": 100,
      "em": 0.43,
      "f1": 0.5397164502164502,
      "containment": 0.5,
      "latency_ms": 2782.8310132026672,
      "context_chars": 3188.28
    },
    "6": {
      "n": 100,
      "em": 0.41,
      "f1": 0.5278347763347763,
      "containment": 0.48,
      "latency_ms": 2856.51451587677,
      "context_chars": 3824.5
    }
  }
}