{
  "shard_index": 10,
  "shard_count": 37,
  "summary": {
    "0": {
      "n": 100,
      "em": 0.4,
      "f1": 0.520718559218559,
      "containment": 0.4,
      "latency_ms": 2160.4913330078125,
      "context_chars": 0.0
    },
    "1": {
      "n": 100,
      "em": 0.4,
      "f1": 0.47360217560217555,
      "containment": 0.41,
      "latency_ms": 2283.9501214027405,
      "context_chars": 635.74
    },
    "2": {
      "n": 100,
      "em": 0.43,
      "f1": 0.501120082815735,
      "containment": 0.46,
      "latency_ms": 2531.016411781311,
      "context_chars": 1275.25
    },
    "3": {
      "n": 100,
      "em": 0.45,
      "f1": 0.5317991341991342,
      "containment": 0.48,
      "latency_ms": 2421.4933824539185,
      "context_chars": 1910.09
    },
    "4": {
      "n": 100,
      "em": 0.44,
      "f1": 0.5179479853479853,
      "containment": 0.49,
      "latency_ms": 2475.4614424705505,
      "context_chars": 2548.61
    },
    "5": {
      "n": 100,
      "em": 0.46,
      "f1": 0.5506021645021644,
      "containment": 0.51,
      "latency_ms": 2483.981194496155,
      "context_chars": 3187.59
    },
    "6": {
      "n": 100,
      "em": 0.46,
      "f1": 0.5578264957264956,
      "containment": 0.52,
      "latency_ms": 2613.298292160034,
      "context_chars": 3823.43
    }
  }
}