{
  "shard_index": 23,
  "shard_count": 37,
  "summary": {
    "0": {
      "n": 100,
      "em": 0.37,
      "f1": 0.5427760572760572,
      "containment": 0.49,
      "latency_ms": 2530.419018268585,
      "context_chars": 0.0
    },
    "1": {
      "n": 100,
      "em": 0.27,
      "f1": 0.3566428571428572,
      "containment": 0.33,
      "latency_ms": 2603.009421825409,
      "context_chars": 640.31
    },
    "2": {
      "n": 100,
      "em": 0.31,
      "f1": 0.41000793650793654,
      "containment": 0.4,
      "latency_ms": 2708.762400150299,
      "context_chars": 1284.61
    },
    "3": {
      "n": 100,
      "em": 0.34,
      "f1": 0.42826543631806785,
      "containment": 0.41,
      "latency_ms": 2632.047348022461,
      "context_chars": 1930.52
    },
    "4": {
      "n": 100,
      "em": 0.39,
      "f1": 0.4837857142857142,
      "containment": 0.47,
      "latency_ms": 2954.3030405044556,
      "context_chars": 2574.74
    },
    "5": {
      "n": 100,
      "em": 0.38,
      "f1": 0.4837142857142856,
      "containment": 0.47,
      "latency_ms": 2977.5595140457153,
      "context_chars": 3218.97
    },
    "6": {
      "n": 100,
      "em": 0.41,
      "f1": 0.5011507936507935,
      "containment": 0.49,
      "latency_ms": 3090.75124502182,
      "context_chars": 3861.97
    }
  }
}