{
  "shard_index": 12,
  "shard_count": 37,
  "summary": {
    "0": {
      "n": 100,
      "em": 0.43,
      "f1": 0.586547619047619,
      "containment": 0.54,
      "latency_ms": 2353.6240792274475,
      "context_chars": 0.0
    },
    "1": {
      "n": 100,
      "em": 0.36,
      "f1": 0.42325274725274725,
      "containment": 0.36,
      "latency_ms": 2643.3044838905334,
      "context_chars": 636.45
    },
    "2": {
      "n": 100,
      "em": 0.36,
      "f1": 0.4630021645021645,
      "containment": 0.42,
      "latency_ms": 2570.630054473877,
      "context_chars": 1274.22
    },
    "3": {
      "n": 100,
      "em": 0.4,
      "f1": 0.5093354978354977,
      "containment": 0.45,
      "latency_ms": 2338.2154536247253,
      "context_chars": 1917.47
    },
    "4": {
      "n": 100,
      "em": 0.43,
      "f1": 0.5393253968253967,
      "containment": 0.48,
      "latency_ms": 2459.8404669761658,
      "context_chars": 2558.33
    },
    "5": {
      "n": 100,
      "em": 0.4,
      "f1": 0.5333275613275612,
      "containment": 0.49,
      "latency_ms": 2481.6044306755066,
      "context_chars": 3196.67
    },
    "6": {
      "n": 100,
      "em": 0.39,
      "f1": 0.5370418470418469,
      "containment": 0.49,
      "latency_ms": 2518.070864677429,
      "context_chars": 3837.25
    }
  }
}