{
  "shard_index": 33,
  "shard_count": 37,
  "summary": {
    "0": {
      "n": 100,
      "em": 0.4,
      "f1": 0.5153219576719575,
      "containment": 0.43,
      "latency_ms": 2755.7540678977966,
      "context_chars": 0.0
    },
    "1": {
      "n": 100,
      "em": 0.26,
      "f1": 0.342313025210084,
      "containment": 0.27,
      "latency_ms": 2586.686236858368,
      "context_chars": 634.2
    },
    "2": {
      "n": 100,
      "em": 0.36,
      "f1": 0.4572545456779203,
      "containment": 0.37,
      "latency_ms": 2802.2993898391724,
      "context_chars": 1274.04
    },
    "3": {
      "n": 100,
      "em": 0.4,
      "f1": 0.513313025210084,
      "containment": 0.43,
      "latency_ms": 2840.2844500541687,
      "context_chars": 1913.11
    },
    "4": {
      "n": 100,
      "em": 0.41,
      "f1": 0.5049796918767506,
      "containment": 0.42,
      "latency_ms": 2909.85497713089,
      "context_chars": 2550.62
    },
    "5": {
      "n": 100,
      "em": 0.44,
      "f1": 0.5278685807656396,
      "containment": 0.42,
      "latency_ms": 2539.999213218689,
      "context_chars": 3188.36
    },
    "6": {
      "n": 100,
      "em": 0.43,
      "f1": 0.5259161998132587,
      "containment": 0.42,
      "latency_ms": 2593.6137795448303,
      "context_chars": 3835.59
    }
  }
}