{
  "shard_index": 1,
  "shard_count": 37,
  "summary": {
    "0": {
      "n": 100,
      "em": 0.32,
      "f1": 0.4463333333333333,
      "containment": 0.42,
      "latency_ms": 2246.238160133362,
      "context_chars": 0.0
    },
    "1": {
      "n": 100,
      "em": 0.29,
      "f1": 0.3740992063492063,
      "containment": 0.35,
      "latency_ms": 2426.444351673126,
      "context_chars": 637.0
    },
    "2": {
      "n": 100,
      "em": 0.35,
      "f1": 0.44821031746031736,
      "containment": 0.43,
      "latency_ms": 2516.536478996277,
      "context_chars": 1281.16
    },
    "3": {
      "n": 100,
      "em": 0.38,
      "f1": 0.489126984126984,
      "containment": 0.46,
      "latency_ms": 2477.598567008972,
      "context_chars": 1924.4
    },
    "4": {
      "n": 100,
      "em": 0.38,
      "f1": 0.5105877455877456,
      "containment": 0.5,
      "latency_ms": 2696.3097834587097,
      "context_chars": 2565.68
    },
    "5": {
      "n": 100,
      "em": 0.37,
      "f1": 0.513968253968254,
      "containment": 0.52,
      "latency_ms": 2881.2328457832336,
      "context_chars": 3206.84
    },
    "6": {
      "n": 100,
      "em": 0.4,
      "f1": 0.5571179653679653,
      "containment": 0.54,
      "latency_ms": 2689.2316937446594,
      "context_chars": 3849.78
    }
  }
}