{
  "shard_index": 14,
  "shard_count": 37,
  "summary": {
    "0": {
      "n": 100,
      "em": 0.37,
      "f1": 0.49871428571428567,
      "containment": 0.41,
      "latency_ms": 2085.9734535217285,
      "context_chars": 0.0
    },
    "1": {
      "n": 100,
      "em": 0.27,
      "f1": 0.3475238095238095,
      "containment": 0.29,
      "latency_ms": 2245.524842739105,
      "context_chars": 641.37
    },
    "2": {
      "n": 100,
      "em": 0.34,
      "f1": 0.42438095238095236,
      "containment": 0.36,
      "latency_ms": 2189.2400670051575,
      "context_chars": 1289.74
    },
    "3": {
      "n": 100,
      "em": 0.32,
      "f1": 0.44556105006105,
      "containment": 0.38,
      "latency_ms": 2321.1199975013733,
      "context_chars": 1931.6
    },
    "4": {
      "n": 100,
      "em": 0.34,
      "f1": 0.4557039072039072,
      "containment": 0.39,
      "latency_ms": 2298.3967685699463,
      "context_chars": 2568.84
    },
    "5": {
      "n": 100,
      "em": 0.35,
      "f1": 0.4990848595848595,
      "containment": 0.42,
      "latency_ms": 2344.588358402252,
      "context_chars": 3211.86
    },
    "6": {
      "n": 100,
      "em": 0.34,
      "f1": 0.4840848595848595,
      "containment": 0.4,
      "latency_ms": 2388.475217819214,
      "context_chars": 3857.86
    }
  }
}