{
  "shard_index": 24,
  "shard_count": 37,
  "summary": {
    "0": {
      "n": 100,
      "em": 0.29,
      "f1": 0.4372857142857142,
      "containment": 0.42,
      "latency_ms": 2134.9123430252075,
      "context_chars": 0.0
    },
    "1": {
      "n": 100,
      "em": 0.22,
      "f1": 0.28067676767676764,
      "containment": 0.24,
      "latency_ms": 2355.6131529808044,
      "context_chars": 645.27
    },
    "2": {
      "n": 100,
      "em": 0.28,
      "f1": 0.3579010989010989,
      "containment": 0.33,
      "latency_ms": 2376.957733631134,
      "context_chars": 1289.71
    },
    "3": {
      "n": 100,
      "em": 0.29,
      "f1": 0.36390109890109884,
      "containment": 0.34,
      "latency_ms": 2370.39110660553,
      "context_chars": 1932.43
    },
    "4": {
      "n": 100,
      "em": 0.3,
      "f1": 0.39459584859584856,
      "containment": 0.39,
      "latency_ms": 2586.8629002571106,
      "context_chars": 2575.67
    },
    "5": {
      "n": 100,
      "em": 0.28,
      "f1": 0.39089743589743586,
      "containment": 0.39,
      "latency_ms": 2654.8047161102295,
      "context_chars": 3221.9
    },
    "6": {
      "n": 100,
      "em": 0.33,
      "f1": 0.41448473748473735,
      "containment": 0.42,
      "latency_ms": 2660.8865332603455,
      "context_chars": 3864.5
    }
  }
}