{
  "shard_index": 29,
  "shard_count": 37,
  "summary": {
    "0": {
      "n": 100,
      "em": 0.32,
      "f1": 0.48895244369157403,
      "containment": 0.39,
      "latency_ms": 2512.7744793891907,
      "context_chars": 0.0
    },
    "1": {
      "n": 100,
      "em": 0.33,
      "f1": 0.44415873015873003,
      "containment": 0.38,
      "latency_ms": 2449.444179534912,
      "context_chars": 640.12
    },
    "2": {
      "n": 100,
      "em": 0.37,
      "f1": 0.4910439560439559,
      "containment": 0.45,
      "latency_ms": 2585.9750628471375,
      "context_chars": 1291.14
    },
    "3": {
      "n": 100,
      "em": 0.4,
      "f1": 0.5458534798534797,
      "containment": 0.47,
      "latency_ms": 2556.422004699707,
      "context_chars": 1937.29
    },
    "4": {
      "n": 100,
      "em": 0.39,
      "f1": 0.5333772893772891,
      "containment": 0.45,
      "latency_ms": 2674.9184036254883,
      "context_chars": 2586.61
    },
    "5": {
      "n": 100,
      "em": 0.38,
      "f1": 0.5335970695970693,
      "containment": 0.45,
      "latency_ms": 2602.7976036071777,
      "context_chars": 3224.78
    },
    "6": {
      "n": 100,
      "em": 0.38,
      "f1": 0.5284249084249082,
      "containment": 0.44,
      "latency_ms": 2599.621467590332,
      "context_chars": 3865.48
    }
  }
}