{
  "shard_index": 31,
  "shard_count": 37,
  "summary": {
    "0": {
      "n": 100,
      "em": 0.3,
      "f1": 0.4082857142857143,
      "containment": 0.37,
      "latency_ms": 2592.004613876343,
      "context_chars": 0.0
    },
    "1": {
      "n": 100,
      "em": 0.3,
      "f1": 0.38915079365079364,
      "containment": 0.33,
      "latency_ms": 2745.77392578125,
      "context_chars": 644.69
    },
    "2": {
      "n": 100,
      "em": 0.33,
      "f1": 0.45074236874236867,
      "containment": 0.37,
      "latency_ms": 2661.1854767799377,
      "context_chars": 1284.26
    },
    "3": {
      "n": 100,
      "em": 0.36,
      "f1": 0.4941443001443001,
      "containment": 0.43,
      "latency_ms": 2785.242919921875,
      "context_chars": 1917.27
    },
    "4": {
      "n": 100,
      "em": 0.36,
      "f1": 0.5081746031746031,
      "containment": 0.44,
      "latency_ms": 2788.2554244995117,
      "context_chars": 2556.09
    },
    "5": {
      "n": 100,
      "em": 0.35,
      "f1": 0.48675396825396816,
      "containment": 0.41,
      "latency_ms": 2833.4330582618713,
      "context_chars": 3196.33
    },
    "6": {
      "n": 100,
      "em": 0.33,
      "f1": 0.46749206349206346,
      "containment": 0.4,
      "latency_ms": 2878.704309463501,
      "context_chars": 3834.65
    }
  }
}