{
  "shard_index": 6,
  "shard_count": 37,
  "summary": {
    "0": {
      "n": 100,
      "em": 0.36,
      "f1": 0.5105238095238094,
      "containment": 0.43,
      "latency_ms": 2274.9735713005066,
      "context_chars": 0.0
    },
    "1": {
      "n": 100,
      "em": 0.27,
      "f1": 0.33843528693528696,
      "containment": 0.3,
      "latency_ms": 2407.2588539123535,
      "context_chars": 641.84
    },
    "2": {
      "n": 100,
      "em": 0.33,
      "f1": 0.43205649905649907,
      "containment": 0.42,
      "latency_ms": 2625.4878091812134,
      "context_chars": 1281.5
    },
    "3": {
      "n": 100,
      "em": 0.35,
      "f1": 0.46362792762792765,
      "containment": 0.45,
      "latency_ms": 2545.7190895080566,
      "context_chars": 1921.72
    },
    "4": {
      "n": 100,
      "em": 0.38,
      "f1": 0.4888400488400489,
      "containment": 0.48,
      "latency_ms": 2568.5385608673096,
      "context_chars": 2563.84
    },
    "5": {
      "n": 100,
      "em": 0.37,
      "f1": 0.4881733821733822,
      "containment": 0.49,
      "latency_ms": 2479.6264791488647,
      "context_chars": 3208.4
    },
    "6": {
      "n": 100,
      "em": 0.36,
      "f1": 0.48468253968253977,
      "containment": 0.47,
      "latency_ms": 2449.024028778076,
      "context_chars": 3857.08
    }
  }
}