{
  "shard_index": 0,
  "shard_count": 37,
  "summary": {
    "0": {
      "n": 100,
      "em": 0.26,
      "f1": 0.44928643578643573,
      "containment": 0.37,
      "latency_ms": 2300.732159614563,
      "context_chars": 0.0
    },
    "1": {
      "n": 100,
      "em": 0.21,
      "f1": 0.33682171337434497,
      "containment": 0.27,
      "latency_ms": 2375.4334712028503,
      "context_chars": 639.22
    },
    "2": {
      "n": 100,
      "em": 0.22,
      "f1": 0.36415079365079367,
      "containment": 0.31,
      "latency_ms": 2427.4778056144714,
      "context_chars": 1277.63
    },
    "3": {
      "n": 100,
      "em": 0.22,
      "f1": 0.3949848484848484,
      "containment": 0.33,
      "latency_ms": 2445.439794063568,
      "context_chars": 1921.67
    },
    "4": {
      "n": 100,
      "em": 0.22,
      "f1": 0.3778520923520923,
      "containment": 0.32,
      "latency_ms": 2458.0082511901855,
      "context_chars": 2568.29
    },
    "5": {
      "n": 100,
      "em": 0.24,
      "f1": 0.39480447330447327,
      "containment": 0.31,
      "latency_ms": 2494.917666912079,
      "context_chars": 3205.39
    },
    "6": {
      "n": 100,
      "em": 0.25,
      "f1": 0.41527200577200574,
      "containment": 0.34,
      "latency_ms": 2675.3384351730347,
      "context_chars": 3843.44
    }
  }
}