{
  "shard_index": 34,
  "shard_count": 37,
  "summary": {
    "0": {
      "n": 100,
      "em": 0.29,
      "f1": 0.4167323232323233,
      "containment": 0.35,
      "latency_ms": 1930.7475900650024,
      "context_chars": 0.0
    },
    "1": {
      "n": 100,
      "em": 0.33,
      "f1": 0.4274877344877344,
      "containment": 0.37,
      "latency_ms": 1977.975401878357,
      "context_chars": 641.65
    },
    "2": {
      "n": 100,
      "em": 0.31,
      "f1": 0.4024689374952532,
      "containment": 0.35,
      "latency_ms": 2183.792772293091,
      "context_chars": 1277.99
    },
    "3": {
      "n": 100,
      "em": 0.44,
      "f1": 0.5181310356310356,
      "containment": 0.46,
      "latency_ms": 2297.675042152405,
      "context_chars": 1920.57
    },
    "4": {
      "n": 100,
      "em": 0.41,
      "f1": 0.49542628627411234,
      "containment": 0.44,
      "latency_ms": 2261.1180329322815,
      "context_chars": 2564.85
    },
    "5": {
      "n": 100,
      "em": 0.42,
      "f1": 0.5079262862741123,
      "containment": 0.46,
      "latency_ms": 2094.3592953681946,
      "context_chars": 3208.31
    },
    "6": {
      "n": 100,
      "em": 0.47,
      "f1": 0.5552630702630702,
      "containment": 0.5,
      "latency_ms": 2052.6067996025085,
      "context_chars": 3846.26
    }
  }
}