{
  "shard_index": 2,
  "shard_count": 37,
  "summary": {
    "0": {
      "n": 100,
      "em": 0.38,
      "f1": 0.5376483516483515,
      "containment": 0.49,
      "latency_ms": 2279.7839999198914,
      "context_chars": 0.0
    },
    "1": {
      "n": 100,
      "em": 0.21,
      "f1": 0.30183333333333334,
      "containment": 0.25,
      "latency_ms": 2350.0216937065125,
      "context_chars": 632.6
    },
    "2": {
      "n": 100,
      "em": 0.24,
      "f1": 0.3517481962481962,
      "containment": 0.31,
      "latency_ms": 2599.2537355422974,
      "context_chars": 1274.56
    },
    "3": {
      "n": 100,
      "em": 0.28,
      "f1": 0.3949632034632034,
      "containment": 0.37,
      "latency_ms": 2633.025166988373,
      "context_chars": 1905.67
    },
    "4": {
      "n": 100,
      "em": 0.31,
      "f1": 0.44802380952380944,
      "containment": 0.42,
      "latency_ms": 2688.5581851005554,
      "context_chars": 2544.7
    },
    "5": {
      "n": 100,
      "em": 0.33,
      "f1": 0.4622460317460317,
      "containment": 0.44,
      "latency_ms": 2750.9417295455933,
      "context_chars": 3178.94
    },
    "6": {
      "n": 100,
      "em": 0.33,
      "f1": 0.4570238095238095,
      "containment": 0.44,
      "latency_ms": 2632.499692440033,
      "context_chars": 3820.97
    }
  }
}