{
  "shard_index": 35,
  "shard_count": 37,
  "summary": {
    "0": {
      "n": 100,
      "em": 0.35,
      "f1": 0.4400959595959595,
      "containment": 0.39,
      "latency_ms": 984.6691012382507,
      "context_chars": 0.0
    },
    "1": {
      "n": 100,
      "em": 0.24,
      "f1": 0.30260317460317465,
      "containment": 0.25,
      "latency_ms": 1184.707772731781,
      "context_chars": 645.43
    },
    "2": {
      "n": 100,
      "em": 0.28,
      "f1": 0.3695815295815297,
      "containment": 0.31,
      "latency_ms": 1239.3474435806274,
      "context_chars": 1289.7
    },
    "3": {
      "n": 100,
      "em": 0.31,
      "f1": 0.4122222222222222,
      "containment": 0.36,
      "latency_ms": 1320.3414797782898,
      "context_chars": 1935.78
    },
    "4": {
      "n": 100,
      "em": 0.32,
      "f1": 0.42277994227994226,
      "containment": 0.38,
      "latency_ms": 1302.2611832618713,
      "context_chars": 2583.6
    },
    "5": {
      "n": 100,
      "em": 0.35,
      "f1": 0.462594017094017,
      "containment": 0.42,
      "latency_ms": 1335.4494667053223,
      "context_chars": 3230.88
    },
    "6": {
      "n": 100,
      "em": 0.37,
      "f1": 0.48063514263514256,
      "containment": 0.44,
      "latency_ms": 1331.2806463241577,
      "context_chars": 3872.06
    }
  }
}