{
  "shard_index": 16,
  "shard_count": 37,
  "summary": {
    "0": {
      "n": 100,
      "em": 0.34,
      "f1": 0.46549200799200785,
      "containment": 0.41,
      "latency_ms": 2401.780457496643,
      "context_chars": 0.0
    },
    "1": {
      "n": 100,
      "em": 0.27,
      "f1": 0.36171968554321493,
      "containment": 0.32,
      "latency_ms": 2559.838547706604,
      "context_chars": 634.51
    },
    "2": {
      "n": 100,
      "em": 0.28,
      "f1": 0.3995768284003578,
      "containment": 0.35,
      "latency_ms": 2623.6748814582825,
      "context_chars": 1276.17
    },
    "3": {
      "n": 100,
      "em": 0.31,
      "f1": 0.4142752410987704,
      "containment": 0.36,
      "latency_ms": 2516.7644834518433,
      "context_chars": 1915.43
    },
    "4": {
      "n": 100,
      "em": 0.3,
      "f1": 0.4010041788277081,
      "containment": 0.35,
      "latency_ms": 2774.229292869568,
      "context_chars": 2554.96
    },
    "5": {
      "n": 100,
      "em": 0.31,
      "f1": 0.4145782714018007,
      "containment": 0.37,
      "latency_ms": 2777.9324197769165,
      "context_chars": 3199.89
    },
    "6": {
      "n": 100,
      "em": 0.34,
      "f1": 0.4424009209744504,
      "containment": 0.38,
      "latency_ms": 2612.519073486328,
      "context_chars": 3844.4
    }
  }
}