{
  "shard_index": 20,
  "shard_count": 37,
  "summary": {
    "0": {
      "n": 100,
      "em": 0.34,
      "f1": 0.46740448440448434,
      "containment": 0.42,
      "latency_ms": 2591.703577041626,
      "context_chars": 0.0
    },
    "1": {
      "n": 100,
      "em": 0.32,
      "f1": 0.4212092352092352,
      "containment": 0.35,
      "latency_ms": 2654.8577070236206,
      "context_chars": 635.59
    },
    "2": {
      "n": 100,
      "em": 0.36,
      "f1": 0.4645714285714286,
      "containment": 0.37,
      "latency_ms": 2587.1916699409485,
      "context_chars": 1269.55
    },
    "3": {
      "n": 100,
      "em": 0.38,
      "f1": 0.4777301587301587,
      "containment": 0.39,
      "latency_ms": 2453.091814517975,
      "context_chars": 1908.85
    },
    "4": {
      "n": 100,
      "em": 0.38,
      "f1": 0.4842899877899878,
      "containment": 0.4,
      "latency_ms": 2553.185019493103,
      "context_chars": 2549.69
    },
    "5": {
      "n": 100,
      "em": 0.37,
      "f1": 0.48610500610500607,
      "containment": 0.43,
      "latency_ms": 2749.0601348876953,
      "context_chars": 3191.7
    },
    "6": {
      "n": 100,
      "em": 0.41,
      "f1": 0.5222872405372406,
      "containment": 0.46,
      "latency_ms": 2815.1442217826843,
      "context_chars": 3838.31
    }
  }
}