{
  "shard_index": 28,
  "shard_count": 37,
  "summary": {
    "0": {
      "n": 100,
      "em": 0.35,
      "f1": 0.5100264474147614,
      "containment": 0.47,
      "latency_ms": 2856.804258823395,
      "context_chars": 0.0
    },
    "1": {
      "n": 100,
      "em": 0.31,
      "f1": 0.38707092907092905,
      "containment": 0.35,
      "latency_ms": 2635.2328300476074,
      "context_chars": 642.14
    },
    "2": {
      "n": 100,
      "em": 0.33,
      "f1": 0.4050882450882451,
      "containment": 0.37,
      "latency_ms": 2871.538186073303,
      "context_chars": 1286.13
    },
    "3": {
      "n": 100,
      "em": 0.37,
      "f1": 0.450987012987013,
      "containment": 0.42,
      "latency_ms": 2774.7525453567505,
      "context_chars": 1933.12
    },
    "4": {
      "n": 100,
      "em": 0.37,
      "f1": 0.4722251082251083,
      "containment": 0.41,
      "latency_ms": 2723.455457687378,
      "context_chars": 2575.38
    },
    "5": {
      "n": 100,
      "em": 0.38,
      "f1": 0.4937390387390388,
      "containment": 0.43,
      "latency_ms": 2817.6011729240417,
      "context_chars": 3217.24
    },
    "6": {
      "n": 100,
      "em": 0.38,
      "f1": 0.4956596736596736,
      "containment": 0.43,
      "latency_ms": 2793.819625377655,
      "context_chars": 3857.49
    }
  }
}