{
  "dataset": "nq_test",
  "retriever": "BM25-TCT",
  "rag_variant": "BM25-TCT_PromptB_k0to6",
  "num_examples": 3610,
  "shots": {
    "0": {
      "n": 3610,
      "em": 0.13573407202216067,
      "f1": 0.22285712137577973,
      "containment": 0.1853185595567867,
      "latency_ms": 237.5662462202796,
      "context_chars": 0.0
    },
    "1": {
      "n": 3610,
      "em": 0.19501385041551247,
      "f1": 0.26405903874794834,
      "containment": 0.225207756232687,
      "latency_ms": 204.60273493029734,
      "context_chars": 634.4739612188366
    },
    "2": {
      "n": 3610,
      "em": 0.2299168975069252,
      "f1": 0.3091499796659487,
      "containment": 0.27811634349030473,
      "latency_ms": 229.16907623534058,
      "context_chars": 1272.8119113573407
    },
    "3": {
      "n": 3610,
      "em": 0.2518005540166205,
      "f1": 0.33699864784565386,
      "containment": 0.2997229916897507,
      "latency_ms": 250.05309740262018,
      "context_chars": 1911.051246537396
    },
    "4": {
      "n": 3610,
      "em": 0.26481994459833796,
      "f1": 0.3554665673447939,
      "containment": 0.3221606648199446,
      "latency_ms": 270.23207804502874,
      "context_chars": 2548.9299168975067
    },
    "5": {
      "n": 3610,
      "em": 0.26537396121883655,
      "f1": 0.3576944325434799,
      "containment": 0.3260387811634349,
      "latency_ms": 299.015992500115,
      "context_chars": 3188.0573407202214
    },
    "6": {
      "n": 3610,
      "em": 0.27590027700831027,
      "f1": 0.3718890010432604,
      "containment": 0.3368421052631579,
      "latency_ms": 301.872547445535,
      "context_chars": 3827.8174515235455
    }
  }
}