{
  "dataset": "nq_test",
  "retriever": "BM25_BGE_Reranker",
  "rag_variant": "BM25_BGE_Reranker_Llama70B_k0to6",
  "num_examples": 3610,
  "shots": {
    "0": {
      "n": 3610,
      "em": 0.3473684210526316,
      "f1": 0.4679177143407265,
      "containment": 0.4005540166204986,
      "latency_ms": 370.90383513812543,
      "context_chars": 0.0
    },
    "1": {
      "n": 3610,
      "em": 0.33240997229916897,
      "f1": 0.43373364557026267,
      "containment": 0.3817174515235457,
      "latency_ms": 588.3190639131287,
      "context_chars": 641.1407202216067
    },
    "2": {
      "n": 3610,
      "em": 0.35983379501385043,
      "f1": 0.4720902279814742,
      "containment": 0.4196675900277008,
      "latency_ms": 597.7940583823461,
      "context_chars": 1283.5855955678671
    },
    "3": {
      "n": 3610,
      "em": 0.3706371191135734,
      "f1": 0.4838740141193214,
      "containment": 0.4279778393351801,
      "latency_ms": 599.6020545589627,
      "context_chars": 1926.6451523545707
    },
    "4": {
      "n": 3610,
      "em": 0.37091412742382274,
      "f1": 0.4877059950973653,
      "containment": 0.43601108033241,
      "latency_ms": 606.3823157070086,
      "context_chars": 2569.3850415512466
    },
    "5": {
      "n": 3610,
      "em": 0.378393351800554,
      "f1": 0.49557931246762793,
      "containment": 0.44293628808864266,
      "latency_ms": 612.4306347891895,
      "context_chars": 3212.6362880886427
    },
    "6": {
      "n": 3610,
      "em": 0.3778393351800554,
      "f1": 0.4955341058686137,
      "containment": 0.4448753462603878,
      "latency_ms": 615.4241023631638,
      "context_chars": 3855.1861495844873
    }
  }
}