{
  "shard_index": 30,
  "shard_count": 37,
  "summary": {
    "0": {
      "n": 100,
      "em": 0.41,
      "f1": 0.5380757575757577,
      "containment": 0.45,
      "latency_ms": 941.587233543396,
      "context_chars": 0.0
    },
    "1": {
      "n": 100,
      "em": 0.23,
      "f1": 0.3125714285714286,
      "containment": 0.23,
      "latency_ms": 998.9410281181335,
      "context_chars": 638.92
    },
    "2": {
      "n": 100,
      "em": 0.31,
      "f1": 0.40557142857142847,
      "containment": 0.32,
      "latency_ms": 1076.521246433258,
      "context_chars": 1278.49
    },
    "3": {
      "n": 100,
      "em": 0.31,
      "f1": 0.4207142857142857,
      "containment": 0.33,
      "latency_ms": 1089.101800918579,
      "context_chars": 1923.58
    },
    "4": {
      "n": 100,
      "em": 0.35,
      "f1": 0.44990476190476186,
      "containment": 0.37,
      "latency_ms": 1101.3818192481995,
      "context_chars": 2567.82
    },
    "5": {
      "n": 100,
      "em": 0.38,
      "f1": 0.4864285714285714,
      "containment": 0.4,
      "latency_ms": 1060.7911491394043,
      "context_chars": 3209.63
    },
    "6": {
      "n": 100,
      "em": 0.4,
      "f1": 0.5029523809523808,
      "containment": 0.43,
      "latency_ms": 1100.3440833091736,
      "context_chars": 3855.98
    }
  }
}