{
  "shard_index": 23,
  "shard_count": 37,
  "summary": {
    "0": {
      "n": 100,
      "em": 0.41,
      "f1": 0.5093547008547009,
      "containment": 0.46,
      "latency_ms": 920.2865743637085,
      "context_chars": 0.0
    },
    "1": {
      "n": 100,
      "em": 0.16,
      "f1": 0.20230303030303032,
      "containment": 0.18,
      "latency_ms": 1066.35897397995,
      "context_chars": 641.9
    },
    "2": {
      "n": 100,
      "em": 0.25,
      "f1": 0.3226904761904762,
      "containment": 0.29,
      "latency_ms": 1109.3332195281982,
      "context_chars": 1293.78
    },
    "3": {
      "n": 100,
      "em": 0.25,
      "f1": 0.34485714285714286,
      "containment": 0.29,
      "latency_ms": 1153.977198600769,
      "context_chars": 1943.83
    },
    "4": {
      "n": 100,
      "em": 0.28,
      "f1": 0.3826904761904762,
      "containment": 0.33,
      "latency_ms": 1143.5689902305603,
      "context_chars": 2589.05
    },
    "5": {
      "n": 100,
      "em": 0.28,
      "f1": 0.38585714285714284,
      "containment": 0.31,
      "latency_ms": 1123.1216216087341,
      "context_chars": 3231.27
    },
    "6": {
      "n": 100,
      "em": 0.33,
      "f1": 0.44638095238095227,
      "containment": 0.36,
      "latency_ms": 1098.5389065742493,
      "context_chars": 3873.08
    }
  }
}