{
  "shard_index": 14,
  "shard_count": 37,
  "summary": {
    "0": {
      "n": 100,
      "em": 0.38,
      "f1": 0.4928809523809523,
      "containment": 0.4,
      "latency_ms": 853.2742047309875,
      "context_chars": 0.0
    },
    "1": {
      "n": 100,
      "em": 0.15,
      "f1": 0.23819047619047623,
      "containment": 0.18,
      "latency_ms": 1110.6844544410706,
      "context_chars": 648.95
    },
    "2": {
      "n": 100,
      "em": 0.18,
      "f1": 0.2603030303030303,
      "containment": 0.21,
      "latency_ms": 1108.0434584617615,
      "context_chars": 1291.2
    },
    "3": {
      "n": 100,
      "em": 0.21,
      "f1": 0.30709523809523814,
      "containment": 0.24,
      "latency_ms": 1079.988112449646,
      "context_chars": 1927.84
    },
    "4": {
      "n": 100,
      "em": 0.23,
      "f1": 0.34328571428571436,
      "containment": 0.28,
      "latency_ms": 1143.9679217338562,
      "context_chars": 2568.35
    },
    "5": {
      "n": 100,
      "em": 0.26,
      "f1": 0.3815,
      "containment": 0.31,
      "latency_ms": 1169.851176738739,
      "context_chars": 3207.32
    },
    "6": {
      "n": 100,
      "em": 0.32,
      "f1": 0.43016666666666664,
      "containment": 0.36,
      "latency_ms": 1122.8673195838928,
      "context_chars": 3845.3
    }
  }
}