{
  "shard_index": 19,
  "shard_count": 37,
  "summary": {
    "0": {
      "n": 100,
      "em": 0.3,
      "f1": 0.3999285714285714,
      "containment": 0.35,
      "latency_ms": 1001.7860436439514,
      "context_chars": 0.0
    },
    "1": {
      "n": 100,
      "em": 0.18,
      "f1": 0.24309523809523811,
      "containment": 0.22,
      "latency_ms": 1082.5210618972778,
      "context_chars": 631.02
    },
    "2": {
      "n": 100,
      "em": 0.23,
      "f1": 0.2837912087912088,
      "containment": 0.25,
      "latency_ms": 1164.9696326255798,
      "context_chars": 1267.58
    },
    "3": {
      "n": 100,
      "em": 0.22,
      "f1": 0.2912912087912088,
      "containment": 0.24,
      "latency_ms": 1065.9022879600525,
      "context_chars": 1900.93
    },
    "4": {
      "n": 100,
      "em": 0.26,
      "f1": 0.32914835164835166,
      "containment": 0.27,
      "latency_ms": 1088.8947081565857,
      "context_chars": 2536.36
    },
    "5": {
      "n": 100,
      "em": 0.28,
      "f1": 0.3520855810855811,
      "containment": 0.3,
      "latency_ms": 1159.2604327201843,
      "context_chars": 3175.44
    },
    "6": {
      "n": 100,
      "em": 0.26,
      "f1": 0.34725224775224783,
      "containment": 0.28,
      "latency_ms": 1123.8111925125122,
      "context_chars": 3816.02
    }
  }
}