{
  "shard_index": 10,
  "shard_count": 37,
  "summary": {
    "0": {
      "n": 100,
      "em": 0.37,
      "f1": 0.47549633699633687,
      "containment": 0.35,
      "latency_ms": 906.2280559539795,
      "context_chars": 0.0
    },
    "1": {
      "n": 100,
      "em": 0.21,
      "f1": 0.2599393939393939,
      "containment": 0.21,
      "latency_ms": 1103.0286264419556,
      "context_chars": 641.45
    },
    "2": {
      "n": 100,
      "em": 0.25,
      "f1": 0.317047619047619,
      "containment": 0.25,
      "latency_ms": 1210.9700632095337,
      "context_chars": 1277.38
    },
    "3": {
      "n": 100,
      "em": 0.29,
      "f1": 0.3582698412698413,
      "containment": 0.29,
      "latency_ms": 1187.5354027748108,
      "context_chars": 1907.11
    },
    "4": {
      "n": 100,
      "em": 0.32,
      "f1": 0.39631039136302293,
      "containment": 0.34,
      "latency_ms": 1327.1059966087341,
      "context_chars": 2548.54
    },
    "5": {
      "n": 100,
      "em": 0.31,
      "f1": 0.38526493681756835,
      "containment": 0.34,
      "latency_ms": 1325.7956218719482,
      "context_chars": 3184.88
    },
    "6": {
      "n": 100,
      "em": 0.33,
      "f1": 0.40872647527910677,
      "containment": 0.37,
      "latency_ms": 1261.1904120445251,
      "context_chars": 3820.32
    }
  }
}