{
  "shard_index": 20,
  "shard_count": 37,
  "summary": {
    "0": {
      "n": 100,
      "em": 0.35,
      "f1": 0.4335769230769231,
      "containment": 0.38,
      "latency_ms": 950.0926470756531,
      "context_chars": 0.0
    },
    "1": {
      "n": 100,
      "em": 0.17,
      "f1": 0.2279523809523809,
      "containment": 0.15,
      "latency_ms": 1150.2775359153748,
      "context_chars": 637.28
    },
    "2": {
      "n": 100,
      "em": 0.2,
      "f1": 0.29074603174603175,
      "containment": 0.23,
      "latency_ms": 1222.8383469581604,
      "context_chars": 1272.55
    },
    "3": {
      "n": 100,
      "em": 0.23,
      "f1": 0.3232063492063492,
      "containment": 0.25,
      "latency_ms": 1184.549310207367,
      "context_chars": 1911.03
    },
    "4": {
      "n": 100,
      "em": 0.28,
      "f1": 0.36120634920634925,
      "containment": 0.29,
      "latency_ms": 1131.6943335533142,
      "context_chars": 2552.73
    },
    "5": {
      "n": 100,
      "em": 0.25,
      "f1": 0.34648046398046406,
      "containment": 0.3,
      "latency_ms": 1205.0718355178833,
      "context_chars": 3191.73
    },
    "6": {
      "n": 100,
      "em": 0.26,
      "f1": 0.34109523809523806,
      "containment": 0.29,
      "latency_ms": 1207.0561480522156,
      "context_chars": 3831.42
    }
  }
}