{
  "shard_index": 9,
  "shard_count": 37,
  "summary": {
    "0": {
      "n": 100,
      "em": 0.36,
      "f1": 0.5017991452991452,
      "containment": 0.39,
      "latency_ms": 872.6947808265686,
      "context_chars": 0.0
    },
    "1": {
      "n": 100,
      "em": 0.2,
      "f1": 0.2688427128427129,
      "containment": 0.21,
      "latency_ms": 1129.79585647583,
      "context_chars": 647.0
    },
    "2": {
      "n": 100,
      "em": 0.19,
      "f1": 0.2715093795093795,
      "containment": 0.19,
      "latency_ms": 1139.9327516555786,
      "context_chars": 1291.4
    },
    "3": {
      "n": 100,
      "em": 0.23,
      "f1": 0.30955699855699853,
      "containment": 0.24,
      "latency_ms": 1119.51247215271,
      "context_chars": 1931.8
    },
    "4": {
      "n": 100,
      "em": 0.23,
      "f1": 0.3381125541125541,
      "containment": 0.26,
      "latency_ms": 1151.8055820465088,
      "context_chars": 2579.97
    },
    "5": {
      "n": 100,
      "em": 0.27,
      "f1": 0.37350937950937957,
      "containment": 0.28,
      "latency_ms": 1106.1641454696655,
      "context_chars": 3222.82
    },
    "6": {
      "n": 100,
      "em": 0.28,
      "f1": 0.39923160173160177,
      "containment": 0.31,
      "latency_ms": 1161.5262365341187,
      "context_chars": 3865.51
    }
  }
}