{
  "shard_index": 13,
  "shard_count": 37,
  "summary": {
    "0": {
      "n": 100,
      "em": 0.32,
      "f1": 0.45742857142857135,
      "containment": 0.36,
      "latency_ms": 898.7857151031494,
      "context_chars": 0.0
    },
    "1": {
      "n": 100,
      "em": 0.13,
      "f1": 0.20992207792207793,
      "containment": 0.15,
      "latency_ms": 1136.3417196273804,
      "context_chars": 637.0
    },
    "2": {
      "n": 100,
      "em": 0.21,
      "f1": 0.2773809523809524,
      "containment": 0.21,
      "latency_ms": 1122.7990651130676,
      "context_chars": 1280.2
    },
    "3": {
      "n": 100,
      "em": 0.21,
      "f1": 0.31503363303363296,
      "containment": 0.23,
      "latency_ms": 1158.6809706687927,
      "context_chars": 1924.01
    },
    "4": {
      "n": 100,
      "em": 0.2,
      "f1": 0.33630203130203135,
      "containment": 0.24,
      "latency_ms": 1169.587163925171,
      "context_chars": 2563.14
    },
    "5": {
      "n": 100,
      "em": 0.17,
      "f1": 0.31715917415917416,
      "containment": 0.22,
      "latency_ms": 1195.1980066299438,
      "context_chars": 3202.6
    },
    "6": {
      "n": 100,
      "em": 0.2,
      "f1": 0.3357142857142857,
      "containment": 0.26,
      "latency_ms": 1253.3049178123474,
      "context_chars": 3844.84
    }
  }
}