{
  "shard_index": 0,
  "shard_count": 37,
  "summary": {
    "0": {
      "n": 100,
      "em": 0.28,
      "f1": 0.45780158730158715,
      "containment": 0.38,
      "latency_ms": 945.9614777565002,
      "context_chars": 0.0
    },
    "1": {
      "n": 100,
      "em": 0.13,
      "f1": 0.21973809523809526,
      "containment": 0.17,
      "latency_ms": 1015.2144861221313,
      "context_chars": 635.6
    },
    "2": {
      "n": 100,
      "em": 0.12,
      "f1": 0.259547619047619,
      "containment": 0.21,
      "latency_ms": 1111.649136543274,
      "context_chars": 1277.28
    },
    "3": {
      "n": 100,
      "em": 0.17,
      "f1": 0.30073160173160174,
      "containment": 0.24,
      "latency_ms": 1156.3937664031982,
      "context_chars": 1922.95
    },
    "4": {
      "n": 100,
      "em": 0.18,
      "f1": 0.30994660894660897,
      "containment": 0.26,
      "latency_ms": 1112.0581269264221,
      "context_chars": 2560.0
    },
    "5": {
      "n": 100,
      "em": 0.22,
      "f1": 0.37332034632034644,
      "containment": 0.31,
      "latency_ms": 1114.4346451759338,
      "context_chars": 3200.15
    },
    "6": {
      "n": 100,
      "em": 0.21,
      "f1": 0.35418356643356647,
      "containment": 0.29,
      "latency_ms": 1168.993067741394,
      "context_chars": 3841.21
    }
  }
}