{
  "shard_index": 35,
  "shard_count": 37,
  "summary": {
    "0": {
      "n": 100,
      "em": 0.31,
      "f1": 0.39345238095238094,
      "containment": 0.36,
      "latency_ms": 875.0323057174683,
      "context_chars": 0.0
    },
    "1": {
      "n": 100,
      "em": 0.17,
      "f1": 0.21788888888888888,
      "containment": 0.19,
      "latency_ms": 1030.1903223991394,
      "context_chars": 648.1
    },
    "2": {
      "n": 100,
      "em": 0.21,
      "f1": 0.2687777777777778,
      "containment": 0.23,
      "latency_ms": 1089.7291684150696,
      "context_chars": 1299.99
    },
    "3": {
      "n": 100,
      "em": 0.24,
      "f1": 0.31560317460317466,
      "containment": 0.26,
      "latency_ms": 1069.25528049469,
      "context_chars": 1950.12
    },
    "4": {
      "n": 100,
      "em": 0.23,
      "f1": 0.2948888888888889,
      "containment": 0.26,
      "latency_ms": 1160.2290606498718,
      "context_chars": 2595.09
    },
    "5": {
      "n": 100,
      "em": 0.25,
      "f1": 0.32685858585858585,
      "containment": 0.28,
      "latency_ms": 1086.3389658927917,
      "context_chars": 3243.53
    },
    "6": {
      "n": 100,
      "em": 0.27,
      "f1": 0.3468585858585858,
      "containment": 0.3,
      "latency_ms": 1115.6956958770752,
      "context_chars": 3886.15
    }
  }
}