{
  "shard_index": 11,
  "shard_count": 37,
  "summary": {
    "0": {
      "n": 100,
      "em": 0.4,
      "f1": 0.5037857142857143,
      "containment": 0.45,
      "latency_ms": 899.5645427703857,
      "context_chars": 0.0
    },
    "1": {
      "n": 100,
      "em": 0.2,
      "f1": 0.2576904761904762,
      "containment": 0.22,
      "latency_ms": 1066.9645762443542,
      "context_chars": 628.92
    },
    "2": {
      "n": 100,
      "em": 0.21,
      "f1": 0.28809523809523807,
      "containment": 0.25,
      "latency_ms": 1089.9112510681152,
      "context_chars": 1270.62
    },
    "3": {
      "n": 100,
      "em": 0.24,
      "f1": 0.3418571428571429,
      "containment": 0.29,
      "latency_ms": 1079.4272327423096,
      "context_chars": 1907.86
    },
    "4": {
      "n": 100,
      "em": 0.29,
      "f1": 0.37138888888888894,
      "containment": 0.33,
      "latency_ms": 1124.5216035842896,
      "context_chars": 2548.22
    },
    "5": {
      "n": 100,
      "em": 0.3,
      "f1": 0.3826666666666666,
      "containment": 0.34,
      "latency_ms": 1092.1427297592163,
      "context_chars": 3185.0
    },
    "6": {
      "n": 100,
      "em": 0.31,
      "f1": 0.38720634920634917,
      "containment": 0.37,
      "latency_ms": 1240.352156162262,
      "context_chars": 3826.99
    }
  }
}