{
  "shard_index": 2,
  "shard_count": 37,
  "summary": {
    "0": {
      "n": 100,
      "em": 0.39,
      "f1": 0.524124542124542,
      "containment": 0.48,
      "latency_ms": 885.2281928062439,
      "context_chars": 0.0
    },
    "1": {
      "n": 100,
      "em": 0.17,
      "f1": 0.2447857142857143,
      "containment": 0.19,
      "latency_ms": 1033.5016417503357,
      "context_chars": 641.31
    },
    "2": {
      "n": 100,
      "em": 0.18,
      "f1": 0.25851587301587303,
      "containment": 0.21,
      "latency_ms": 1078.212480545044,
      "context_chars": 1280.07
    },
    "3": {
      "n": 100,
      "em": 0.21,
      "f1": 0.30164285714285716,
      "containment": 0.25,
      "latency_ms": 1099.9477744102478,
      "context_chars": 1917.91
    },
    "4": {
      "n": 100,
      "em": 0.24,
      "f1": 0.32554761904761903,
      "containment": 0.28,
      "latency_ms": 1116.5012168884277,
      "context_chars": 2555.09
    },
    "5": {
      "n": 100,
      "em": 0.25,
      "f1": 0.33921428571428563,
      "containment": 0.32,
      "latency_ms": 1252.1755266189575,
      "context_chars": 3190.47
    },
    "6": {
      "n": 100,
      "em": 0.22,
      "f1": 0.29484920634920636,
      "containment": 0.29,
      "latency_ms": 1193.7509942054749,
      "context_chars": 3828.0
    }
  }
}