{
  "shard_index": 34,
  "shard_count": 37,
  "summary": {
    "0": {
      "n": 100,
      "em": 0.3,
      "f1": 0.41334920634920636,
      "containment": 0.33,
      "latency_ms": 901.951494216919,
      "context_chars": 0.0
    },
    "1": {
      "n": 100,
      "em": 0.19,
      "f1": 0.2385238095238095,
      "containment": 0.19,
      "latency_ms": 1092.6498937606812,
      "context_chars": 642.56
    },
    "2": {
      "n": 100,
      "em": 0.23,
      "f1": 0.27466666666666667,
      "containment": 0.24,
      "latency_ms": 1054.9245500564575,
      "context_chars": 1279.19
    },
    "3": {
      "n": 100,
      "em": 0.27,
      "f1": 0.3247289377289377,
      "containment": 0.27,
      "latency_ms": 1135.3456449508667,
      "context_chars": 1921.83
    },
    "4": {
      "n": 100,
      "em": 0.27,
      "f1": 0.34196969696969703,
      "containment": 0.27,
      "latency_ms": 1118.2824277877808,
      "context_chars": 2559.79
    },
    "5": {
      "n": 100,
      "em": 0.3,
      "f1": 0.3684935064935065,
      "containment": 0.32,
      "latency_ms": 1168.7603521347046,
      "context_chars": 3208.71
    },
    "6": {
      "n": 100,
      "em": 0.31,
      "f1": 0.3806363636363637,
      "containment": 0.31,
      "latency_ms": 1174.1089010238647,
      "context_chars": 3852.53
    }
  }
}