{
  "shard_index": 28,
  "shard_count": 37,
  "summary": {
    "0": {
      "n": 100,
      "em": 0.34,
      "f1": 0.4744667554667555,
      "containment": 0.4,
      "latency_ms": 1015.6291890144348,
      "context_chars": 0.0
    },
    "1": {
      "n": 100,
      "em": 0.16,
      "f1": 0.21233333333333335,
      "containment": 0.19,
      "latency_ms": 1134.5905375480652,
      "context_chars": 636.98
    },
    "2": {
      "n": 100,
      "em": 0.21,
      "f1": 0.27189075630252096,
      "containment": 0.24,
      "latency_ms": 1151.5670847892761,
      "context_chars": 1280.34
    },
    "3": {
      "n": 100,
      "em": 0.24,
      "f1": 0.3154285714285714,
      "containment": 0.27,
      "latency_ms": 1123.653211593628,
      "context_chars": 1920.26
    },
    "4": {
      "n": 100,
      "em": 0.22,
      "f1": 0.3021428571428571,
      "containment": 0.26,
      "latency_ms": 1238.8207387924194,
      "context_chars": 2558.76
    },
    "5": {
      "n": 100,
      "em": 0.23,
      "f1": 0.3014285714285714,
      "containment": 0.26,
      "latency_ms": 1245.482747554779,
      "context_chars": 3197.88
    },
    "6": {
      "n": 100,
      "em": 0.26,
      "f1": 0.3337619047619047,
      "containment": 0.29,
      "latency_ms": 1184.5544338226318,
      "context_chars": 3838.25
    }
  }
}