{
  "shard_index": 5,
  "shard_count": 37,
  "summary": {
    "0": {
      "n": 100,
      "em": 0.35,
      "f1": 0.49533333333333324,
      "containment": 0.42,
      "latency_ms": 828.1816458702087,
      "context_chars": 0.0
    },
    "1": {
      "n": 100,
      "em": 0.15,
      "f1": 0.2113333333333333,
      "containment": 0.18,
      "latency_ms": 1038.3158135414124,
      "context_chars": 639.8
    },
    "2": {
      "n": 100,
      "em": 0.24,
      "f1": 0.3206060606060606,
      "containment": 0.29,
      "latency_ms": 1098.838701248169,
      "context_chars": 1282.96
    },
    "3": {
      "n": 100,
      "em": 0.26,
      "f1": 0.33596969696969703,
      "containment": 0.31,
      "latency_ms": 1125.9335827827454,
      "context_chars": 1924.52
    },
    "4": {
      "n": 100,
      "em": 0.27,
      "f1": 0.353469696969697,
      "containment": 0.32,
      "latency_ms": 1109.3283796310425,
      "context_chars": 2568.52
    },
    "5": {
      "n": 100,
      "em": 0.29,
      "f1": 0.39885064935064946,
      "containment": 0.35,
      "latency_ms": 1123.2025718688965,
      "context_chars": 3218.66
    },
    "6": {
      "n": 100,
      "em": 0.3,
      "f1": 0.4190238095238097,
      "containment": 0.36,
      "latency_ms": 1141.383957862854,
      "context_chars": 3858.85
    }
  }
}