{
  "shard_index": 25,
  "shard_count": 37,
  "summary": {
    "0": {
      "n": 100,
      "em": 0.37,
      "f1": 0.4879523809523809,
      "containment": 0.42,
      "latency_ms": 890.8587408065796,
      "context_chars": 0.0
    },
    "1": {
      "n": 100,
      "em": 0.18,
      "f1": 0.26284920634920633,
      "containment": 0.23,
      "latency_ms": 1120.6376600265503,
      "context_chars": 639.29
    },
    "2": {
      "n": 100,
      "em": 0.24,
      "f1": 0.33537301587301577,
      "containment": 0.3,
      "latency_ms": 1171.0241103172302,
      "context_chars": 1287.94
    },
    "3": {
      "n": 100,
      "em": 0.29,
      "f1": 0.38600793650793647,
      "containment": 0.35,
      "latency_ms": 1141.500153541565,
      "context_chars": 1926.63
    },
    "4": {
      "n": 100,
      "em": 0.29,
      "f1": 0.38211904761904764,
      "containment": 0.36,
      "latency_ms": 1076.5546917915344,
      "context_chars": 2570.16
    },
    "5": {
      "n": 100,
      "em": 0.31,
      "f1": 0.4084523809523809,
      "containment": 0.38,
      "latency_ms": 1184.307873249054,
      "context_chars": 3204.44
    },
    "6": {
      "n": 100,
      "em": 0.34,
      "f1": 0.4366428571428571,
      "containment": 0.41,
      "latency_ms": 1187.6114106178284,
      "context_chars": 3840.86
    }
  }
}