{
  "shard_index": 29,
  "shard_count": 37,
  "summary": {
    "0": {
      "n": 100,
      "em": 0.31,
      "f1": 0.4590159357550662,
      "containment": 0.36,
      "latency_ms": 948.0507016181946,
      "context_chars": 0.0
    },
    "1": {
      "n": 100,
      "em": 0.19,
      "f1": 0.25261538461538463,
      "containment": 0.25,
      "latency_ms": 1077.3152947425842,
      "context_chars": 642.78
    },
    "2": {
      "n": 100,
      "em": 0.22,
      "f1": 0.30905982905982904,
      "containment": 0.29,
      "latency_ms": 1137.8309202194214,
      "context_chars": 1284.62
    },
    "3": {
      "n": 100,
      "em": 0.26,
      "f1": 0.3675836385836385,
      "containment": 0.33,
      "latency_ms": 1114.2963242530823,
      "context_chars": 1929.66
    },
    "4": {
      "n": 100,
      "em": 0.25,
      "f1": 0.3543614163614163,
      "containment": 0.32,
      "latency_ms": 1211.9641137123108,
      "context_chars": 2571.72
    },
    "5": {
      "n": 100,
      "em": 0.28,
      "f1": 0.39796459096459086,
      "containment": 0.36,
      "latency_ms": 1159.9130272865295,
      "context_chars": 3217.79
    },
    "6": {
      "n": 100,
      "em": 0.3,
      "f1": 0.40844078144078133,
      "containment": 0.37,
      "latency_ms": 1141.3299560546875,
      "context_chars": 3863.66
    }
  }
}