{
  "shard_index": 12,
  "shard_count": 37,
  "summary": {
    "0": {
      "n": 100,
      "em": 0.45,
      "f1": 0.5818333333333332,
      "containment": 0.53,
      "latency_ms": 842.4747276306152,
      "context_chars": 0.0
    },
    "1": {
      "n": 100,
      "em": 0.2,
      "f1": 0.2498809523809524,
      "containment": 0.21,
      "latency_ms": 1058.847644329071,
      "context_chars": 643.94
    },
    "2": {
      "n": 100,
      "em": 0.21,
      "f1": 0.29371428571428576,
      "containment": 0.24,
      "latency_ms": 1114.66068983078,
      "context_chars": 1282.53
    },
    "3": {
      "n": 100,
      "em": 0.25,
      "f1": 0.3350000000000001,
      "containment": 0.29,
      "latency_ms": 1072.1457767486572,
      "context_chars": 1929.06
    },
    "4": {
      "n": 100,
      "em": 0.29,
      "f1": 0.37583333333333335,
      "containment": 0.32,
      "latency_ms": 1072.4572038650513,
      "context_chars": 2568.96
    },
    "5": {
      "n": 100,
      "em": 0.3,
      "f1": 0.41273809523809524,
      "containment": 0.37,
      "latency_ms": 1113.0277013778687,
      "context_chars": 3212.19
    },
    "6": {
      "n": 100,
      "em": 0.33,
      "f1": 0.4304285714285714,
      "containment": 0.41,
      "latency_ms": 1143.0483317375183,
      "context_chars": 3854.03
    }
  }
}