{
  "shard_index": 16,
  "shard_count": 37,
  "summary": {
    "0": {
      "n": 100,
      "em": 0.37,
      "f1": 0.46967748917748914,
      "containment": 0.4,
      "latency_ms": 890.0630831718445,
      "context_chars": 0.0
    },
    "1": {
      "n": 100,
      "em": 0.18,
      "f1": 0.2510940170940171,
      "containment": 0.19,
      "latency_ms": 1120.0228643417358,
      "context_chars": 631.62
    },
    "2": {
      "n": 100,
      "em": 0.19,
      "f1": 0.2561344211344211,
      "containment": 0.21,
      "latency_ms": 1194.976212978363,
      "context_chars": 1275.97
    },
    "3": {
      "n": 100,
      "em": 0.25,
      "f1": 0.3289121989121989,
      "containment": 0.28,
      "latency_ms": 1189.8524403572083,
      "context_chars": 1922.38
    },
    "4": {
      "n": 100,
      "em": 0.28,
      "f1": 0.35807886557886554,
      "containment": 0.31,
      "latency_ms": 1232.7739691734314,
      "context_chars": 2567.19
    },
    "5": {
      "n": 100,
      "em": 0.28,
      "f1": 0.3503737373737374,
      "containment": 0.3,
      "latency_ms": 1233.873348236084,
      "context_chars": 3213.13
    },
    "6": {
      "n": 100,
      "em": 0.29,
      "f1": 0.377094017094017,
      "containment": 0.32,
      "latency_ms": 1295.709571838379,
      "context_chars": 3855.08
    }
  }
}