{
  "shard_index": 1,
  "shard_count": 37,
  "summary": {
    "0": {
      "n": 100,
      "em": 0.33,
      "f1": 0.445,
      "containment": 0.37,
      "latency_ms": 790.1926302909851,
      "context_chars": 0.0
    },
    "1": {
      "n": 100,
      "em": 0.19,
      "f1": 0.2612857142857143,
      "containment": 0.21,
      "latency_ms": 1035.6983041763306,
      "context_chars": 636.2
    },
    "2": {
      "n": 100,
      "em": 0.19,
      "f1": 0.2738571428571428,
      "containment": 0.21,
      "latency_ms": 1107.468934059143,
      "context_chars": 1272.1
    },
    "3": {
      "n": 100,
      "em": 0.24,
      "f1": 0.32859523809523805,
      "containment": 0.27,
      "latency_ms": 1133.5047793388367,
      "context_chars": 1916.39
    },
    "4": {
      "n": 100,
      "em": 0.28,
      "f1": 0.39103571428571426,
      "containment": 0.35,
      "latency_ms": 1151.8471312522888,
      "context_chars": 2559.18
    },
    "5": {
      "n": 100,
      "em": 0.3,
      "f1": 0.4098928571428571,
      "containment": 0.37,
      "latency_ms": 1167.6880478858948,
      "context_chars": 3193.73
    },
    "6": {
      "n": 100,
      "em": 0.32,
      "f1": 0.42160714285714285,
      "containment": 0.39,
      "latency_ms": 1108.6186861991882,
      "context_chars": 3836.07
    }
  }
}