{
  "shard_index": 3,
  "shard_count": 37,
  "summary": {
    "0": {
      "n": 100,
      "em": 0.37,
      "f1": 0.4787380952380951,
      "containment": 0.47,
      "latency_ms": 961.9186687469482,
      "context_chars": 0.0
    },
    "1": {
      "n": 100,
      "em": 0.19,
      "f1": 0.22881818181818178,
      "containment": 0.22,
      "latency_ms": 1114.633641242981,
      "context_chars": 637.73
    },
    "2": {
      "n": 100,
      "em": 0.19,
      "f1": 0.22899999999999998,
      "containment": 0.23,
      "latency_ms": 1151.9056391716003,
      "context_chars": 1280.34
    },
    "3": {
      "n": 100,
      "em": 0.2,
      "f1": 0.252008658008658,
      "containment": 0.25,
      "latency_ms": 1111.8691301345825,
      "context_chars": 1926.47
    },
    "4": {
      "n": 100,
      "em": 0.23,
      "f1": 0.3018181818181818,
      "containment": 0.29,
      "latency_ms": 1152.8091859817505,
      "context_chars": 2570.56
    },
    "5": {
      "n": 100,
      "em": 0.26,
      "f1": 0.33836580086580087,
      "containment": 0.33,
      "latency_ms": 1143.3321928977966,
      "context_chars": 3213.29
    },
    "6": {
      "n": 100,
      "em": 0.28,
      "f1": 0.3566991341991343,
      "containment": 0.35,
      "latency_ms": 1046.0579466819763,
      "context_chars": 3854.67
    }
  }
}