{
  "shard_index": 6,
  "shard_count": 37,
  "summary": {
    "0": {
      "n": 100,
      "em": 0.34,
      "f1": 0.4776269841269841,
      "containment": 0.4,
      "latency_ms": 895.8266258239746,
      "context_chars": 0.0
    },
    "1": {
      "n": 100,
      "em": 0.19,
      "f1": 0.23900865800865806,
      "containment": 0.19,
      "latency_ms": 1041.2531113624573,
      "context_chars": 646.45
    },
    "2": {
      "n": 100,
      "em": 0.2,
      "f1": 0.27898629148629156,
      "containment": 0.24,
      "latency_ms": 1146.249668598175,
      "context_chars": 1288.98
    },
    "3": {
      "n": 100,
      "em": 0.24,
      "f1": 0.32078787878787884,
      "containment": 0.27,
      "latency_ms": 1166.0081148147583,
      "context_chars": 1932.8
    },
    "4": {
      "n": 100,
      "em": 0.27,
      "f1": 0.380478354978355,
      "containment": 0.33,
      "latency_ms": 1142.8720951080322,
      "context_chars": 2573.39
    },
    "5": {
      "n": 100,
      "em": 0.28,
      "f1": 0.3966450216450216,
      "containment": 0.35,
      "latency_ms": 1183.2225131988525,
      "context_chars": 3217.28
    },
    "6": {
      "n": 100,
      "em": 0.29,
      "f1": 0.3842142857142858,
      "containment": 0.35,
      "latency_ms": 1291.2087225914001,
      "context_chars": 3859.16
    }
  }
}