{
  "shard_index": 22,
  "shard_count": 37,
  "summary": {
    "0": {
      "n": 100,
      "em": 0.33,
      "f1": 0.4511190476190476,
      "containment": 0.41,
      "latency_ms": 991.5623092651367,
      "context_chars": 0.0
    },
    "1": {
      "n": 100,
      "em": 0.24,
      "f1": 0.307043956043956,
      "containment": 0.33,
      "latency_ms": 1152.121512889862,
      "context_chars": 635.89
    },
    "2": {
      "n": 100,
      "em": 0.25,
      "f1": 0.3207545787545787,
      "containment": 0.36,
      "latency_ms": 1197.6740908622742,
      "context_chars": 1271.1
    },
    "3": {
      "n": 100,
      "em": 0.25,
      "f1": 0.326992673992674,
      "containment": 0.36,
      "latency_ms": 1239.3973422050476,
      "context_chars": 1912.91
    },
    "4": {
      "n": 100,
      "em": 0.29,
      "f1": 0.3718318348318348,
      "containment": 0.38,
      "latency_ms": 1209.2594981193542,
      "context_chars": 2554.14
    },
    "5": {
      "n": 100,
      "em": 0.27,
      "f1": 0.35423365523365524,
      "containment": 0.36,
      "latency_ms": 1274.3711614608765,
      "context_chars": 3192.71
    },
    "6": {
      "n": 100,
      "em": 0.32,
      "f1": 0.4057704517704516,
      "containment": 0.41,
      "latency_ms": 1236.6280245780945,
      "context_chars": 3836.78
    }
  }
}