{
  "shard_index": 7,
  "shard_count": 37,
  "summary": {
    "0": {
      "n": 100,
      "em": 0.32,
      "f1": 0.4524632034632034,
      "containment": 0.39,
      "latency_ms": 1168.48641872406,
      "context_chars": 0.0
    },
    "1": {
      "n": 100,
      "em": 0.12,
      "f1": 0.19203174603174603,
      "containment": 0.17,
      "latency_ms": 1112.268671989441,
      "context_chars": 647.04
    },
    "2": {
      "n": 100,
      "em": 0.15,
      "f1": 0.23955555555555555,
      "containment": 0.2,
      "latency_ms": 1115.8275961875916,
      "context_chars": 1292.34
    },
    "3": {
      "n": 100,
      "em": 0.16,
      "f1": 0.24822222222222223,
      "containment": 0.22,
      "latency_ms": 1142.6330399513245,
      "context_chars": 1934.91
    },
    "4": {
      "n": 100,
      "em": 0.2,
      "f1": 0.28711399711399704,
      "containment": 0.25,
      "latency_ms": 1097.181134223938,
      "context_chars": 2576.6
    },
    "5": {
      "n": 100,
      "em": 0.2,
      "f1": 0.2946238010355657,
      "containment": 0.25,
      "latency_ms": 1185.1727271080017,
      "context_chars": 3222.45
    },
    "6": {
      "n": 100,
      "em": 0.18,
      "f1": 0.27300475341651803,
      "containment": 0.23,
      "latency_ms": 1164.944407939911,
      "context_chars": 3875.53
    }
  }
}