{
  "shard_index": 15,
  "shard_count": 37,
  "summary": {
    "0": {
      "n": 100,
      "em": 0.29,
      "f1": 0.41734271284271285,
      "containment": 0.32,
      "latency_ms": 925.2432751655579,
      "context_chars": 0.0
    },
    "1": {
      "n": 100,
      "em": 0.14,
      "f1": 0.19783333333333328,
      "containment": 0.18,
      "latency_ms": 1151.2697291374207,
      "context_chars": 638.42
    },
    "2": {
      "n": 100,
      "em": 0.21,
      "f1": 0.28994795783926225,
      "containment": 0.23,
      "latency_ms": 1143.312017917633,
      "context_chars": 1275.2
    },
    "3": {
      "n": 100,
      "em": 0.21,
      "f1": 0.28204055043185483,
      "containment": 0.22,
      "latency_ms": 1192.670979499817,
      "context_chars": 1919.23
    },
    "4": {
      "n": 100,
      "em": 0.21,
      "f1": 0.2962063492063492,
      "containment": 0.24,
      "latency_ms": 1207.5770020484924,
      "context_chars": 2561.69
    },
    "5": {
      "n": 100,
      "em": 0.23,
      "f1": 0.33087388376518817,
      "containment": 0.28,
      "latency_ms": 1240.9018301963806,
      "context_chars": 3209.17
    },
    "6": {
      "n": 100,
      "em": 0.25,
      "f1": 0.3286754710667754,
      "containment": 0.29,
      "latency_ms": 1197.6483154296875,
      "context_chars": 3856.39
    }
  }
}