{
  "shard_index": 8,
  "shard_count": 37,
  "summary": {
    "0": {
      "n": 100,
      "em": 0.33,
      "f1": 0.4496904761904761,
      "containment": 0.4,
      "latency_ms": 897.6098537445068,
      "context_chars": 0.0
    },
    "1": {
      "n": 100,
      "em": 0.11,
      "f1": 0.15988095238095237,
      "containment": 0.14,
      "latency_ms": 1032.0673155784607,
      "context_chars": 635.02
    },
    "2": {
      "n": 100,
      "em": 0.14,
      "f1": 0.19726190476190475,
      "containment": 0.18,
      "latency_ms": 1131.7518949508667,
      "context_chars": 1276.91
    },
    "3": {
      "n": 100,
      "em": 0.2,
      "f1": 0.2583982683982684,
      "containment": 0.23,
      "latency_ms": 1082.9732918739319,
      "context_chars": 1917.21
    },
    "4": {
      "n": 100,
      "em": 0.21,
      "f1": 0.28125541125541126,
      "containment": 0.25,
      "latency_ms": 1158.4646844863892,
      "context_chars": 2559.88
    },
    "5": {
      "n": 100,
      "em": 0.19,
      "f1": 0.26923160173160177,
      "containment": 0.24,
      "latency_ms": 1163.2153344154358,
      "context_chars": 3203.79
    },
    "6": {
      "n": 100,
      "em": 0.19,
      "f1": 0.2715497835497836,
      "containment": 0.25,
      "latency_ms": 1136.0232949256897,
      "context_chars": 3846.82
    }
  }
}