{
  "shard_index": 33,
  "shard_count": 37,
  "summary": {
    "0": {
      "n": 100,
      "em": 0.39,
      "f1": 0.49869047619047613,
      "containment": 0.4,
      "latency_ms": 941.7126846313477,
      "context_chars": 0.0
    },
    "1": {
      "n": 100,
      "em": 0.17,
      "f1": 0.2508844537815126,
      "containment": 0.2,
      "latency_ms": 1154.040105342865,
      "context_chars": 636.9
    },
    "2": {
      "n": 100,
      "em": 0.23,
      "f1": 0.3075511204481793,
      "containment": 0.24,
      "latency_ms": 1145.204005241394,
      "context_chars": 1273.88
    },
    "3": {
      "n": 100,
      "em": 0.25,
      "f1": 0.329467787114846,
      "containment": 0.27,
      "latency_ms": 1102.8750801086426,
      "context_chars": 1914.63
    },
    "4": {
      "n": 100,
      "em": 0.27,
      "f1": 0.34213986503692384,
      "containment": 0.29,
      "latency_ms": 1123.9512872695923,
      "context_chars": 2558.57
    },
    "5": {
      "n": 100,
      "em": 0.29,
      "f1": 0.37358683473389354,
      "containment": 0.32,
      "latency_ms": 1156.6168332099915,
      "context_chars": 3199.05
    },
    "6": {
      "n": 100,
      "em": 0.3,
      "f1": 0.37941375781081665,
      "containment": 0.32,
      "latency_ms": 1178.0499577522278,
      "context_chars": 3838.84
    }
  }
}