{
  "shard_index": 26,
  "shard_count": 37,
  "summary": {
    "0": {
      "n": 100,
      "em": 0.35,
      "f1": 0.4683744588744589,
      "containment": 0.39,
      "latency_ms": 895.4662108421326,
      "context_chars": 0.0
    },
    "1": {
      "n": 100,
      "em": 0.16,
      "f1": 0.2331111111111111,
      "containment": 0.21,
      "latency_ms": 1074.7789335250854,
      "context_chars": 641.46
    },
    "2": {
      "n": 100,
      "em": 0.13,
      "f1": 0.21837445887445883,
      "containment": 0.2,
      "latency_ms": 1125.4190564155579,
      "context_chars": 1285.19
    },
    "3": {
      "n": 100,
      "em": 0.17,
      "f1": 0.2605411255411255,
      "containment": 0.22,
      "latency_ms": 1201.5214395523071,
      "context_chars": 1934.92
    },
    "4": {
      "n": 100,
      "em": 0.21,
      "f1": 0.3103982683982684,
      "containment": 0.28,
      "latency_ms": 1146.818528175354,
      "context_chars": 2584.05
    },
    "5": {
      "n": 100,
      "em": 0.21,
      "f1": 0.3325649350649351,
      "containment": 0.28,
      "latency_ms": 1116.5940141677856,
      "context_chars": 3234.99
    },
    "6": {
      "n": 100,
      "em": 0.24,
      "f1": 0.35591599889472225,
      "containment": 0.29,
      "latency_ms": 1243.5629272460938,
      "context_chars": 3876.98
    }
  }
}