{
  "shard_index": 32,
  "shard_count": 37,
  "summary": {
    "0": {
      "n": 100,
      "em": 0.29,
      "f1": 0.4403809523809523,
      "containment": 0.38,
      "latency_ms": 940.8896493911743,
      "context_chars": 0.0
    },
    "1": {
      "n": 100,
      "em": 0.16,
      "f1": 0.22201587301587306,
      "containment": 0.17,
      "latency_ms": 1061.144278049469,
      "context_chars": 635.61
    },
    "2": {
      "n": 100,
      "em": 0.15,
      "f1": 0.26458730158730165,
      "containment": 0.2,
      "latency_ms": 1167.9965424537659,
      "context_chars": 1266.33
    },
    "3": {
      "n": 100,
      "em": 0.18,
      "f1": 0.28792063492063497,
      "containment": 0.23,
      "latency_ms": 1184.7937154769897,
      "context_chars": 1904.74
    },
    "4": {
      "n": 100,
      "em": 0.19,
      "f1": 0.3094054834054834,
      "containment": 0.23,
      "latency_ms": 1154.0608429908752,
      "context_chars": 2540.87
    },
    "5": {
      "n": 100,
      "em": 0.21,
      "f1": 0.3293280423280423,
      "containment": 0.27,
      "latency_ms": 1228.6784648895264,
      "context_chars": 3181.48
    },
    "6": {
      "n": 100,
      "em": 0.23,
      "f1": 0.34190410599501514,
      "containment": 0.29,
      "latency_ms": 1444.3416595458984,
      "context_chars": 3818.94
    }
  }
}