{
  "shard_index": 21,
  "shard_count": 37,
  "summary": {
    "0": {
      "n": 100,
      "em": 0.39,
      "f1": 0.4699285714285714,
      "containment": 0.42,
      "latency_ms": 866.1786770820618,
      "context_chars": 0.0
    },
    "1": {
      "n": 100,
      "em": 0.13,
      "f1": 0.18068253968253967,
      "containment": 0.16,
      "latency_ms": 1087.1214842796326,
      "context_chars": 634.52
    },
    "2": {
      "n": 100,
      "em": 0.26,
      "f1": 0.3019444444444444,
      "containment": 0.26,
      "latency_ms": 1097.2490644454956,
      "context_chars": 1269.15
    },
    "3": {
      "n": 100,
      "em": 0.27,
      "f1": 0.3181111111111111,
      "containment": 0.27,
      "latency_ms": 1136.138367652893,
      "context_chars": 1901.74
    },
    "4": {
      "n": 100,
      "em": 0.28,
      "f1": 0.3312222222222222,
      "containment": 0.29,
      "latency_ms": 1140.4115915298462,
      "context_chars": 2538.14
    },
    "5": {
      "n": 100,
      "em": 0.3,
      "f1": 0.36022222222222217,
      "containment": 0.32,
      "latency_ms": 1164.652225971222,
      "context_chars": 3172.83
    },
    "6": {
      "n": 100,
      "em": 0.27,
      "f1": 0.3488888888888888,
      "containment": 0.31,
      "latency_ms": 1152.9805302619934,
      "context_chars": 3805.43
    }
  }
}