{
  "shard_index": 27,
  "shard_count": 37,
  "summary": {
    "0": {
      "n": 100,
      "em": 0.36,
      "f1": 0.47159523809523807,
      "containment": 0.38,
      "latency_ms": 934.3708109855652,
      "context_chars": 0.0
    },
    "1": {
      "n": 100,
      "em": 0.19,
      "f1": 0.215,
      "containment": 0.2,
      "latency_ms": 1104.134337902069,
      "context_chars": 637.42
    },
    "2": {
      "n": 100,
      "em": 0.21,
      "f1": 0.2732698412698413,
      "containment": 0.23,
      "latency_ms": 1173.8469862937927,
      "context_chars": 1279.67
    },
    "3": {
      "n": 100,
      "em": 0.26,
      "f1": 0.3301746031746033,
      "containment": 0.28,
      "latency_ms": 1152.1094250679016,
      "context_chars": 1917.3
    },
    "4": {
      "n": 100,
      "em": 0.28,
      "f1": 0.3539523809523809,
      "containment": 0.3,
      "latency_ms": 1131.8151307106018,
      "context_chars": 2556.08
    },
    "5": {
      "n": 100,
      "em": 0.31,
      "f1": 0.37323809523809515,
      "containment": 0.32,
      "latency_ms": 1195.4632306098938,
      "context_chars": 3194.11
    },
    "6": {
      "n": 100,
      "em": 0.3,
      "f1": 0.36990476190476185,
      "containment": 0.31,
      "latency_ms": 1165.083258152008,
      "context_chars": 3829.73
    }
  }
}