{
  "shard_index": 4,
  "shard_count": 37,
  "summary": {
    "0": {
      "n": 100,
      "em": 0.4,
      "f1": 0.5028721804511277,
      "containment": 0.46,
      "latency_ms": 940.606849193573,
      "context_chars": 0.0
    },
    "1": {
      "n": 100,
      "em": 0.08,
      "f1": 0.1411111111111111,
      "containment": 0.13,
      "latency_ms": 1169.3600487709045,
      "context_chars": 636.8
    },
    "2": {
      "n": 100,
      "em": 0.11,
      "f1": 0.1736023391812865,
      "containment": 0.15,
      "latency_ms": 1145.4966306686401,
      "context_chars": 1271.55
    },
    "3": {
      "n": 100,
      "em": 0.17,
      "f1": 0.24093567251461986,
      "containment": 0.2,
      "latency_ms": 1173.2918334007263,
      "context_chars": 1910.61
    },
    "4": {
      "n": 100,
      "em": 0.26,
      "f1": 0.33476900584795316,
      "containment": 0.29,
      "latency_ms": 1192.7050137519836,
      "context_chars": 2548.5
    },
    "5": {
      "n": 100,
      "em": 0.32,
      "f1": 0.3912690058479532,
      "containment": 0.34,
      "latency_ms": 1262.6890635490417,
      "context_chars": 3186.1
    },
    "6": {
      "n": 100,
      "em": 0.3,
      "f1": 0.38293567251461996,
      "containment": 0.33,
      "latency_ms": 1172.9544138908386,
      "context_chars": 3833.72
    }
  }
}