{
  "shard_index": 17,
  "shard_count": 37,
  "summary": {
    "0": {
      "n": 100,
      "em": 0.39,
      "f1": 0.4974194139194138,
      "containment": 0.41,
      "latency_ms": 876.5428566932678,
      "context_chars": 0.0
    },
    "1": {
      "n": 100,
      "em": 0.16,
      "f1": 0.20174025974025972,
      "containment": 0.18,
      "latency_ms": 1087.724461555481,
      "context_chars": 639.15
    },
    "2": {
      "n": 100,
      "em": 0.25,
      "f1": 0.29440692640692645,
      "containment": 0.26,
      "latency_ms": 1156.396780014038,
      "context_chars": 1289.89
    },
    "3": {
      "n": 100,
      "em": 0.27,
      "f1": 0.3268593073593074,
      "containment": 0.28,
      "latency_ms": 1137.9086875915527,
      "context_chars": 1933.39
    },
    "4": {
      "n": 100,
      "em": 0.29,
      "f1": 0.33652597402597395,
      "containment": 0.31,
      "latency_ms": 1135.0876760482788,
      "context_chars": 2578.26
    },
    "5": {
      "n": 100,
      "em": 0.32,
      "f1": 0.36166883116883114,
      "containment": 0.32,
      "latency_ms": 1184.730224609375,
      "context_chars": 3217.51
    },
    "6": {
      "n": 100,
      "em": 0.32,
      "f1": 0.3705995670995671,
      "containment": 0.32,
      "latency_ms": 1226.6431593894958,
      "context_chars": 3861.09
    }
  }
}