{
  "shard_index": 18,
  "shard_count": 37,
  "summary": {
    "0": {
      "n": 100,
      "em": 0.35,
      "f1": 0.5187085137085138,
      "containment": 0.41,
      "latency_ms": 900.2764463424683,
      "context_chars": 0.0
    },
    "1": {
      "n": 100,
      "em": 0.19,
      "f1": 0.2612142857142857,
      "containment": 0.22,
      "latency_ms": 1095.3192472457886,
      "context_chars": 647.6
    },
    "2": {
      "n": 100,
      "em": 0.17,
      "f1": 0.24588095238095234,
      "containment": 0.19,
      "latency_ms": 1119.900312423706,
      "context_chars": 1292.22
    },
    "3": {
      "n": 100,
      "em": 0.21,
      "f1": 0.3200714285714285,
      "containment": 0.24,
      "latency_ms": 1164.438579082489,
      "context_chars": 1937.13
    },
    "4": {
      "n": 100,
      "em": 0.21,
      "f1": 0.3420714285714286,
      "containment": 0.27,
      "latency_ms": 1102.0865654945374,
      "context_chars": 2588.52
    },
    "5": {
      "n": 100,
      "em": 0.24,
      "f1": 0.38107142857142845,
      "containment": 0.28,
      "latency_ms": 1147.2421741485596,
      "context_chars": 3228.49
    },
    "6": {
      "n": 100,
      "em": 0.27,
      "f1": 0.4188333333333333,
      "containment": 0.32,
      "latency_ms": 1140.2033758163452,
      "context_chars": 3868.7
    }
  }
}