{
  "shard_index": 24,
  "shard_count": 37,
  "summary": {
    "0": {
      "n": 100,
      "em": 0.21,
      "f1": 0.36628571428571427,
      "containment": 0.34,
      "latency_ms": 775.7480382919312,
      "context_chars": 0.0
    },
    "1": {
      "n": 100,
      "em": 0.17,
      "f1": 0.2045238095238095,
      "containment": 0.19,
      "latency_ms": 1063.9150476455688,
      "context_chars": 639.88
    },
    "2": {
      "n": 100,
      "em": 0.22,
      "f1": 0.2771666666666667,
      "containment": 0.23,
      "latency_ms": 1075.1764607429504,
      "context_chars": 1284.29
    },
    "3": {
      "n": 100,
      "em": 0.21,
      "f1": 0.2771666666666667,
      "containment": 0.24,
      "latency_ms": 1133.437910079956,
      "context_chars": 1932.37
    },
    "4": {
      "n": 100,
      "em": 0.25,
      "f1": 0.3109166666666667,
      "containment": 0.29,
      "latency_ms": 1105.8657765388489,
      "context_chars": 2581.15
    },
    "5": {
      "n": 100,
      "em": 0.25,
      "f1": 0.321246336996337,
      "containment": 0.31,
      "latency_ms": 1072.672233581543,
      "context_chars": 3232.58
    },
    "6": {
      "n": 100,
      "em": 0.26,
      "f1": 0.3346117216117216,
      "containment": 0.31,
      "latency_ms": 1092.8618431091309,
      "context_chars": 3881.04
    }
  }
}