{
  "shard_index": 31,
  "shard_count": 37,
  "summary": {
    "0": {
      "n": 100,
      "em": 0.32,
      "f1": 0.4118671679197995,
      "containment": 0.35,
      "latency_ms": 948.6092185974121,
      "context_chars": 0.0
    },
    "1": {
      "n": 100,
      "em": 0.15,
      "f1": 0.22764285714285712,
      "containment": 0.15,
      "latency_ms": 1019.4529104232788,
      "context_chars": 642.67
    },
    "2": {
      "n": 100,
      "em": 0.18,
      "f1": 0.273531746031746,
      "containment": 0.21,
      "latency_ms": 1083.0771803855896,
      "context_chars": 1285.49
    },
    "3": {
      "n": 100,
      "em": 0.21,
      "f1": 0.28928174603174606,
      "containment": 0.25,
      "latency_ms": 1159.7027134895325,
      "context_chars": 1930.77
    },
    "4": {
      "n": 100,
      "em": 0.23,
      "f1": 0.32601190476190484,
      "containment": 0.27,
      "latency_ms": 1178.0719637870789,
      "context_chars": 2576.0
    },
    "5": {
      "n": 100,
      "em": 0.24,
      "f1": 0.3270912698412698,
      "containment": 0.28,
      "latency_ms": 1191.1035633087158,
      "context_chars": 3219.58
    },
    "6": {
      "n": 100,
      "em": 0.24,
      "f1": 0.3209007936507936,
      "containment": 0.28,
      "latency_ms": 1255.607190132141,
      "context_chars": 3859.49
    }
  }
}