{
  "shard_index": 1,
  "shard_count": 8,
  "summary": {
    "0": {
      "n": 500,
      "em": 0.142,
      "f1": 0.20987299022299027,
      "containment": 0.172,
      "latency_ms": 102.19690370559692,
      "context_chars": 0.0
    },
    "1": {
      "n": 500,
      "em": 0.226,
      "f1": 0.3046417565148991,
      "containment": 0.262,
      "latency_ms": 114.14292860031128,
      "context_chars": 638.696
    },
    "2": {
      "n": 500,
      "em": 0.26,
      "f1": 0.362176073623659,
      "containment": 0.328,
      "latency_ms": 126.94979047775269,
      "context_chars": 1281.802
    },
    "3": {
      "n": 500,
      "em": 0.29,
      "f1": 0.3918539424868219,
      "containment": 0.356,
      "latency_ms": 138.98744249343872,
      "context_chars": 1923.84
    },
    "4": {
      "n": 500,
      "em": 0.31,
      "f1": 0.4168266308213095,
      "containment": 0.378,
      "latency_ms": 154.6122899055481,
      "context_chars": 2569.794
    },
    "5": {
      "n": 500,
      "em": 0.302,
      "f1": 0.4157596538995923,
      "containment": 0.382,
      "latency_ms": 170.41636848449707,
      "context_chars": 3213.926
    },
    "6": {
      "n": 500,
      "em": 0.312,
      "f1": 0.42762468215549604,
      "containment": 0.388,
      "latency_ms": 180.8471384048462,
      "context_chars": 3857.746
    }
  }
}