{
  "shard_index": 6,
  "shard_count": 8,
  "summary": {
    "0": {
      "n": 500,
      "em": 0.116,
      "f1": 0.17852676539147136,
      "containment": 0.142,
      "latency_ms": 101.1504168510437,
      "context_chars": 0.0
    },
    "1": {
      "n": 500,
      "em": 0.264,
      "f1": 0.35981125639066824,
      "containment": 0.304,
      "latency_ms": 123.3025689125061,
      "context_chars": 638.63
    },
    "2": {
      "n": 500,
      "em": 0.302,
      "f1": 0.39989681166786434,
      "containment": 0.352,
      "latency_ms": 132.27204942703247,
      "context_chars": 1277.272
    },
    "3": {
      "n": 500,
      "em": 0.324,
      "f1": 0.4437286725716442,
      "containment": 0.4,
      "latency_ms": 154.69917726516724,
      "context_chars": 1916.184
    },
    "4": {
      "n": 500,
      "em": 0.332,
      "f1": 0.45642283251544163,
      "containment": 0.408,
      "latency_ms": 168.1617875099182,
      "context_chars": 2557.614
    },
    "5": {
      "n": 500,
      "em": 0.354,
      "f1": 0.4773990449688371,
      "containment": 0.428,
      "latency_ms": 184.24965715408325,
      "context_chars": 3198.816
    },
    "6": {
      "n": 500,
      "em": 0.334,
      "f1": 0.45579582739808366,
      "containment": 0.406,
      "latency_ms": 193.60821104049683,
      "context_chars": 3840.758
    }
  }
}