{
  "shard_index": 4,
  "shard_count": 8,
  "summary": {
    "0": {
      "n": 500,
      "em": 0.132,
      "f1": 0.1867525820002181,
      "containment": 0.162,
      "latency_ms": 94.6897611618042,
      "context_chars": 0.0
    },
    "1": {
      "n": 500,
      "em": 0.254,
      "f1": 0.3361440111316275,
      "containment": 0.308,
      "latency_ms": 108.31201410293579,
      "context_chars": 636.082
    },
    "2": {
      "n": 500,
      "em": 0.292,
      "f1": 0.38528482051015794,
      "containment": 0.366,
      "latency_ms": 131.4729290008545,
      "context_chars": 1275.422
    },
    "3": {
      "n": 500,
      "em": 0.318,
      "f1": 0.4059797244530283,
      "containment": 0.402,
      "latency_ms": 146.64807081222534,
      "context_chars": 1916.036
    },
    "4": {
      "n": 500,
      "em": 0.32,
      "f1": 0.4231396471949105,
      "containment": 0.412,
      "latency_ms": 155.24761056900024,
      "context_chars": 2558.43
    },
    "5": {
      "n": 500,
      "em": 0.342,
      "f1": 0.44101965292412093,
      "containment": 0.43,
      "latency_ms": 167.1484022140503,
      "context_chars": 3199.636
    },
    "6": {
      "n": 500,
      "em": 0.344,
      "f1": 0.44506336821517106,
      "containment": 0.446,
      "latency_ms": 186.92767000198364,
      "context_chars": 3840.136
    }
  }
}