{
  "shard_index": 0,
  "shard_count": 8,
  "summary": {
    "0": {
      "n": 500,
      "em": 0.09,
      "f1": 0.15417450882450878,
      "containment": 0.132,
      "latency_ms": 104.00990390777588,
      "context_chars": 0.0
    },
    "1": {
      "n": 500,
      "em": 0.228,
      "f1": 0.3151706668116886,
      "containment": 0.282,
      "latency_ms": 113.40890073776245,
      "context_chars": 638.142
    },
    "2": {
      "n": 500,
      "em": 0.256,
      "f1": 0.36074680422809674,
      "containment": 0.346,
      "latency_ms": 134.68819761276245,
      "context_chars": 1277.756
    },
    "3": {
      "n": 500,
      "em": 0.284,
      "f1": 0.39430029043694964,
      "containment": 0.37,
      "latency_ms": 149.24337482452393,
      "context_chars": 1916.246
    },
    "4": {
      "n": 500,
      "em": 0.284,
      "f1": 0.40000576895278517,
      "containment": 0.39,
      "latency_ms": 159.17962884902954,
      "context_chars": 2558.288
    },
    "5": {
      "n": 500,
      "em": 0.306,
      "f1": 0.4225545179114606,
      "containment": 0.408,
      "latency_ms": 177.69070386886597,
      "context_chars": 3196.908
    },
    "6": {
      "n": 500,
      "em": 0.316,
      "f1": 0.4340350543631352,
      "containment": 0.424,
      "latency_ms": 185.26215028762817,
      "context_chars": 3838.648
    }
  }
}