{
  "shard_index": 3,
  "shard_count": 8,
  "summary": {
    "0": {
      "n": 500,
      "em": 0.112,
      "f1": 0.18626548691949768,
      "containment": 0.16,
      "latency_ms": 128.54003763198853,
      "context_chars": 0.0
    },
    "1": {
      "n": 500,
      "em": 0.244,
      "f1": 0.34162423254420154,
      "containment": 0.286,
      "latency_ms": 116.67428016662598,
      "context_chars": 635.812
    },
    "2": {
      "n": 500,
      "em": 0.294,
      "f1": 0.3948405459246636,
      "containment": 0.34,
      "latency_ms": 134.63970136642456,
      "context_chars": 1276.312
    },
    "3": {
      "n": 500,
      "em": 0.3,
      "f1": 0.4036281672330803,
      "containment": 0.356,
      "latency_ms": 155.66486930847168,
      "context_chars": 1915.37
    },
    "4": {
      "n": 500,
      "em": 0.322,
      "f1": 0.4295280962590506,
      "containment": 0.376,
      "latency_ms": 163.10521697998047,
      "context_chars": 2558.046
    },
    "5": {
      "n": 500,
      "em": 0.328,
      "f1": 0.4342818621531923,
      "containment": 0.378,
      "latency_ms": 183.49863052368164,
      "context_chars": 3199.398
    },
    "6": {
      "n": 500,
      "em": 0.336,
      "f1": 0.45532047322006425,
      "containment": 0.394,
      "latency_ms": 188.7768750190735,
      "context_chars": 3840.53
    }
  }
}