{
  "shard_index": 2,
  "shard_count": 8,
  "summary": {
    "0": {
      "n": 500,
      "em": 0.122,
      "f1": 0.18675233426704008,
      "containment": 0.154,
      "latency_ms": 104.08679342269897,
      "context_chars": 0.0
    },
    "1": {
      "n": 500,
      "em": 0.29,
      "f1": 0.37612706391991235,
      "containment": 0.332,
      "latency_ms": 109.35056591033936,
      "context_chars": 636.552
    },
    "2": {
      "n": 500,
      "em": 0.322,
      "f1": 0.4123484286324845,
      "containment": 0.386,
      "latency_ms": 125.5967149734497,
      "context_chars": 1277.242
    },
    "3": {
      "n": 500,
      "em": 0.338,
      "f1": 0.4390257712987938,
      "containment": 0.418,
      "latency_ms": 141.20476245880127,
      "context_chars": 1917.512
    },
    "4": {
      "n": 500,
      "em": 0.328,
      "f1": 0.4274978919687874,
      "containment": 0.406,
      "latency_ms": 148.645893573761,
      "context_chars": 2555.802
    },
    "5": {
      "n": 500,
      "em": 0.35,
      "f1": 0.4609064604178821,
      "containment": 0.43,
      "latency_ms": 163.86567640304565,
      "context_chars": 3194.532
    },
    "6": {
      "n": 500,
      "em": 0.368,
      "f1": 0.47675315315298267,
      "containment": 0.45,
      "latency_ms": 171.6121244430542,
      "context_chars": 3833.832
    }
  }
}