{
  "shard_index": 7,
  "shard_count": 8,
  "summary": {
    "0": {
      "n": 110,
      "em": 0.14545454545454545,
      "f1": 0.20864308105687415,
      "containment": 0.18181818181818182,
      "latency_ms": 114.9111119183627,
      "context_chars": 0.0
    },
    "1": {
      "n": 110,
      "em": 0.21818181818181817,
      "f1": 0.2770959595959596,
      "containment": 0.23636363636363636,
      "latency_ms": 112.15958378531717,
      "context_chars": 644.7545454545455
    },
    "2": {
      "n": 110,
      "em": 0.2818181818181818,
      "f1": 0.35229994752722027,
      "containment": 0.3181818181818182,
      "latency_ms": 130.59836734424937,
      "context_chars": 1289.0636363636363
    },
    "3": {
      "n": 110,
      "em": 0.3,
      "f1": 0.3776751279024006,
      "containment": 0.35454545454545455,
      "latency_ms": 143.96733804182574,
      "context_chars": 1934.1727272727273
    },
    "4": {
      "n": 110,
      "em": 0.3181818181818182,
      "f1": 0.42102289125016407,
      "containment": 0.38181818181818183,
      "latency_ms": 149.72867315465754,
      "context_chars": 2584.7818181818184
    },
    "5": {
      "n": 110,
      "em": 0.32727272727272727,
      "f1": 0.4297566574839303,
      "containment": 0.39090909090909093,
      "latency_ms": 173.16278544339266,
      "context_chars": 3232.7909090909093
    },
    "6": {
      "n": 110,
      "em": 0.35454545454545455,
      "f1": 0.464451222178495,
      "containment": 0.42727272727272725,
      "latency_ms": 197.1736496145075,
      "context_chars": 3873.7545454545457
    }
  }
}