{
  "shard_index": 5,
  "shard_count": 8,
  "summary": {
    "0": {
      "n": 500,
      "em": 0.128,
      "f1": 0.1898792469518786,
      "containment": 0.168,
      "latency_ms": 117.53635883331299,
      "context_chars": 0.0
    },
    "1": {
      "n": 500,
      "em": 0.268,
      "f1": 0.35990317745549955,
      "containment": 0.336,
      "latency_ms": 117.04474115371704,
      "context_chars": 639.084
    },
    "2": {
      "n": 500,
      "em": 0.29,
      "f1": 0.38363595742063245,
      "containment": 0.358,
      "latency_ms": 137.87770462036133,
      "context_chars": 1283.228
    },
    "3": {
      "n": 500,
      "em": 0.332,
      "f1": 0.43255103904212155,
      "containment": 0.404,
      "latency_ms": 152.34235668182373,
      "context_chars": 1928.73
    },
    "4": {
      "n": 500,
      "em": 0.326,
      "f1": 0.433273938618179,
      "containment": 0.406,
      "latency_ms": 164.22373008728027,
      "context_chars": 2571.824
    },
    "5": {
      "n": 500,
      "em": 0.342,
      "f1": 0.45395483555159516,
      "containment": 0.422,
      "latency_ms": 181.71159267425537,
      "context_chars": 3213.96
    },
    "6": {
      "n": 500,
      "em": 0.348,
      "f1": 0.4653791025881587,
      "containment": 0.444,
      "latency_ms": 189.35514211654663,
      "context_chars": 3853.806
    }
  }
}