{
  "shard_index": 12,
  "shard_count": 37,
  "summary": {
    "0": {
      "n": 100,
      "em": 0.12,
      "f1": 0.19163940648723254,
      "containment": 0.18,
      "latency_ms": 197.216055393219,
      "context_chars": 0.0
    },
    "1": {
      "n": 100,
      "em": 0.3,
      "f1": 0.37311327561327556,
      "containment": 0.32,
      "latency_ms": 207.62202262878418,
      "context_chars": 636.45
    },
    "2": {
      "n": 100,
      "em": 0.32,
      "f1": 0.4049312876665818,
      "containment": 0.39,
      "latency_ms": 252.7033543586731,
      "context_chars": 1274.22
    },
    "3": {
      "n": 100,
      "em": 0.35,
      "f1": 0.4422503607503608,
      "containment": 0.43,
      "latency_ms": 255.10597705841064,
      "context_chars": 1917.47
    },
    "4": {
      "n": 100,
      "em": 0.33,
      "f1": 0.4311248196248196,
      "containment": 0.42,
      "latency_ms": 264.7292923927307,
      "context_chars": 2558.33
    },
    "5": {
      "n": 100,
      "em": 0.37,
      "f1": 0.48640981240981235,
      "containment": 0.44,
      "latency_ms": 284.85650539398193,
      "context_chars": 3196.67
    },
    "6": {
      "n": 100,
      "em": 0.36,
      "f1": 0.4663318903318903,
      "containment": 0.43,
      "latency_ms": 282.7760910987854,
      "context_chars": 3837.25
    }
  }
}