{
  "shard_index": 29,
  "shard_count": 37,
  "summary": {
    "0": {
      "n": 100,
      "em": 0.12,
      "f1": 0.21657522010153588,
      "containment": 0.21,
      "latency_ms": 230.98780632019043,
      "context_chars": 0.0
    },
    "1": {
      "n": 100,
      "em": 0.25,
      "f1": 0.36851082251082246,
      "containment": 0.31,
      "latency_ms": 226.399884223938,
      "context_chars": 640.12
    },
    "2": {
      "n": 100,
      "em": 0.3,
      "f1": 0.42147278211984074,
      "containment": 0.39,
      "latency_ms": 253.08175086975098,
      "context_chars": 1291.14
    },
    "3": {
      "n": 100,
      "em": 0.31,
      "f1": 0.4600932727403315,
      "containment": 0.43,
      "latency_ms": 281.11489057540894,
      "context_chars": 1937.29
    },
    "4": {
      "n": 100,
      "em": 0.29,
      "f1": 0.4429958701429289,
      "containment": 0.4,
      "latency_ms": 280.028817653656,
      "context_chars": 2586.61
    },
    "5": {
      "n": 100,
      "em": 0.3,
      "f1": 0.45304348919054793,
      "containment": 0.4,
      "latency_ms": 293.6914253234863,
      "context_chars": 3224.78
    },
    "6": {
      "n": 100,
      "em": 0.3,
      "f1": 0.46714676822145856,
      "containment": 0.43,
      "latency_ms": 322.217321395874,
      "context_chars": 3865.48
    }
  }
}