{
  "shard_index": 6,
  "shard_count": 37,
  "summary": {
    "0": {
      "n": 100,
      "em": 0.11,
      "f1": 0.20359762459762462,
      "containment": 0.13,
      "latency_ms": 255.96094131469727,
      "context_chars": 0.0
    },
    "1": {
      "n": 100,
      "em": 0.23,
      "f1": 0.29456668855740065,
      "containment": 0.26,
      "latency_ms": 219.84013080596924,
      "context_chars": 641.84
    },
    "2": {
      "n": 100,
      "em": 0.27,
      "f1": 0.36832833348209154,
      "containment": 0.37,
      "latency_ms": 248.38863849639893,
      "context_chars": 1281.5
    },
    "3": {
      "n": 100,
      "em": 0.33,
      "f1": 0.43237899204338837,
      "containment": 0.41,
      "latency_ms": 269.2034411430359,
      "context_chars": 1921.72
    },
    "4": {
      "n": 100,
      "em": 0.38,
      "f1": 0.4690148894792858,
      "containment": 0.46,
      "latency_ms": 277.12828397750854,
      "context_chars": 2563.84
    },
    "5": {
      "n": 100,
      "em": 0.33,
      "f1": 0.44649096895536533,
      "containment": 0.43,
      "latency_ms": 309.5527172088623,
      "context_chars": 3208.4
    },
    "6": {
      "n": 100,
      "em": 0.34,
      "f1": 0.4624727843059037,
      "containment": 0.43,
      "latency_ms": 325.48338174819946,
      "context_chars": 3857.08
    }
  }
}