{
  "shard_index": 16,
  "shard_count": 37,
  "summary": {
    "0": {
      "n": 100,
      "em": 0.15,
      "f1": 0.2244935064935065,
      "containment": 0.21,
      "latency_ms": 314.5888566970825,
      "context_chars": 0.0
    },
    "1": {
      "n": 100,
      "em": 0.29,
      "f1": 0.36679233511586445,
      "containment": 0.34,
      "latency_ms": 215.65690279006958,
      "context_chars": 634.51
    },
    "2": {
      "n": 100,
      "em": 0.23,
      "f1": 0.3650306850012731,
      "containment": 0.35,
      "latency_ms": 262.14020252227783,
      "context_chars": 1276.17
    },
    "3": {
      "n": 100,
      "em": 0.22,
      "f1": 0.3377115237703473,
      "containment": 0.32,
      "latency_ms": 277.9003930091858,
      "context_chars": 1915.43
    },
    "4": {
      "n": 100,
      "em": 0.23,
      "f1": 0.3577115237703473,
      "containment": 0.32,
      "latency_ms": 286.27849817276,
      "context_chars": 2554.96
    },
    "5": {
      "n": 100,
      "em": 0.26,
      "f1": 0.38236231742114085,
      "containment": 0.33,
      "latency_ms": 328.13491344451904,
      "context_chars": 3199.89
    },
    "6": {
      "n": 100,
      "em": 0.25,
      "f1": 0.3947894639461134,
      "containment": 0.35,
      "latency_ms": 301.0720705986023,
      "context_chars": 3844.4
    }
  }
}