{
  "shard_index": 14,
  "shard_count": 37,
  "summary": {
    "0": {
      "n": 100,
      "em": 0.16,
      "f1": 0.2633968253968254,
      "containment": 0.18,
      "latency_ms": 205.5190372467041,
      "context_chars": 0.0
    },
    "1": {
      "n": 100,
      "em": 0.26,
      "f1": 0.34323809523809523,
      "containment": 0.29,
      "latency_ms": 193.24486017227173,
      "context_chars": 641.37
    },
    "2": {
      "n": 100,
      "em": 0.28,
      "f1": 0.37206746031746035,
      "containment": 0.31,
      "latency_ms": 235.58306217193604,
      "context_chars": 1289.74
    },
    "3": {
      "n": 100,
      "em": 0.28,
      "f1": 0.3953395493395493,
      "containment": 0.34,
      "latency_ms": 254.8541498184204,
      "context_chars": 1931.6
    },
    "4": {
      "n": 100,
      "em": 0.28,
      "f1": 0.39056898656898653,
      "containment": 0.32,
      "latency_ms": 285.6584858894348,
      "context_chars": 2568.84
    },
    "5": {
      "n": 100,
      "em": 0.28,
      "f1": 0.3979647737883032,
      "containment": 0.35,
      "latency_ms": 298.7789559364319,
      "context_chars": 3211.86
    },
    "6": {
      "n": 100,
      "em": 0.35,
      "f1": 0.4646959706959706,
      "containment": 0.41,
      "latency_ms": 291.4644765853882,
      "context_chars": 3857.86
    }
  }
}