{
  "shard_index": 4,
  "shard_count": 37,
  "summary": {
    "0": {
      "n": 100,
      "em": 0.13,
      "f1": 0.20810694860694862,
      "containment": 0.2,
      "latency_ms": 313.67396354675293,
      "context_chars": 0.0
    },
    "1": {
      "n": 100,
      "em": 0.26,
      "f1": 0.32709584567479305,
      "containment": 0.3,
      "latency_ms": 246.2244153022766,
      "context_chars": 636.35
    },
    "2": {
      "n": 100,
      "em": 0.3,
      "f1": 0.39081314471562145,
      "containment": 0.38,
      "latency_ms": 258.63882780075073,
      "context_chars": 1276.43
    },
    "3": {
      "n": 100,
      "em": 0.33,
      "f1": 0.41166956607204286,
      "containment": 0.41,
      "latency_ms": 296.42255544662476,
      "context_chars": 1912.51
    },
    "4": {
      "n": 100,
      "em": 0.3,
      "f1": 0.408048226627174,
      "containment": 0.42,
      "latency_ms": 294.6537256240845,
      "context_chars": 2555.36
    },
    "5": {
      "n": 100,
      "em": 0.33,
      "f1": 0.4165133955578602,
      "containment": 0.41,
      "latency_ms": 351.7920470237732,
      "context_chars": 3196.3
    },
    "6": {
      "n": 100,
      "em": 0.35,
      "f1": 0.4406990202779677,
      "containment": 0.44,
      "latency_ms": 331.8616580963135,
      "context_chars": 3839.01
    }
  }
}