{
  "shard_index": 24,
  "shard_count": 37,
  "summary": {
    "0": {
      "n": 100,
      "em": 0.1,
      "f1": 0.15575757575757573,
      "containment": 0.15,
      "latency_ms": 196.444251537323,
      "context_chars": 0.0
    },
    "1": {
      "n": 100,
      "em": 0.18,
      "f1": 0.2578983516483516,
      "containment": 0.25,
      "latency_ms": 225.38957357406616,
      "context_chars": 645.27
    },
    "2": {
      "n": 100,
      "em": 0.22,
      "f1": 0.29728571428571426,
      "containment": 0.29,
      "latency_ms": 235.0116753578186,
      "context_chars": 1289.71
    },
    "3": {
      "n": 100,
      "em": 0.28,
      "f1": 0.35854589854589847,
      "containment": 0.36,
      "latency_ms": 273.29298734664917,
      "context_chars": 1932.43
    },
    "4": {
      "n": 100,
      "em": 0.29,
      "f1": 0.38388422688422685,
      "containment": 0.41,
      "latency_ms": 316.13542318344116,
      "context_chars": 2575.67
    },
    "5": {
      "n": 100,
      "em": 0.29,
      "f1": 0.3682620157620156,
      "containment": 0.39,
      "latency_ms": 294.0934896469116,
      "context_chars": 3221.9
    },
    "6": {
      "n": 100,
      "em": 0.31,
      "f1": 0.3894085359085358,
      "containment": 0.42,
      "latency_ms": 309.22754526138306,
      "context_chars": 3864.5
    }
  }
}