{
  "shard_index": 35,
  "shard_count": 37,
  "summary": {
    "0": {
      "n": 100,
      "em": 0.15,
      "f1": 0.20903840457648773,
      "containment": 0.19,
      "latency_ms": 206.11047983169556,
      "context_chars": 0.0
    },
    "1": {
      "n": 100,
      "em": 0.21,
      "f1": 0.26406421356421356,
      "containment": 0.21,
      "latency_ms": 116.18683338165283,
      "context_chars": 645.43
    },
    "2": {
      "n": 100,
      "em": 0.29,
      "f1": 0.3498632756132756,
      "containment": 0.3,
      "latency_ms": 133.25921773910522,
      "context_chars": 1289.7
    },
    "3": {
      "n": 100,
      "em": 0.32,
      "f1": 0.386196608946609,
      "containment": 0.34,
      "latency_ms": 148.0472445487976,
      "context_chars": 1935.78
    },
    "4": {
      "n": 100,
      "em": 0.34,
      "f1": 0.4299433621933623,
      "containment": 0.37,
      "latency_ms": 162.04097986221313,
      "context_chars": 2583.6
    },
    "5": {
      "n": 100,
      "em": 0.33,
      "f1": 0.42599300699300713,
      "containment": 0.37,
      "latency_ms": 181.2986183166504,
      "context_chars": 3230.88
    },
    "6": {
      "n": 100,
      "em": 0.36,
      "f1": 0.4605788840788842,
      "containment": 0.39,
      "latency_ms": 202.74211883544922,
      "context_chars": 3872.06
    }
  }
}