{
  "shard_index": 34,
  "shard_count": 37,
  "summary": {
    "0": {
      "n": 100,
      "em": 0.12,
      "f1": 0.18845873015873013,
      "containment": 0.17,
      "latency_ms": 124.19790983200073,
      "context_chars": 0.0
    },
    "1": {
      "n": 100,
      "em": 0.28,
      "f1": 0.35787301587301584,
      "containment": 0.32,
      "latency_ms": 134.61410760879517,
      "context_chars": 641.65
    },
    "2": {
      "n": 100,
      "em": 0.33,
      "f1": 0.3976840659340658,
      "containment": 0.36,
      "latency_ms": 161.06865882873535,
      "context_chars": 1277.99
    },
    "3": {
      "n": 100,
      "em": 0.35,
      "f1": 0.4516975940725941,
      "containment": 0.42,
      "latency_ms": 174.85542058944702,
      "context_chars": 1920.57
    },
    "4": {
      "n": 100,
      "em": 0.35,
      "f1": 0.4464840298590299,
      "containment": 0.41,
      "latency_ms": 205.570650100708,
      "context_chars": 2564.85
    },
    "5": {
      "n": 100,
      "em": 0.41,
      "f1": 0.48560843568196504,
      "containment": 0.47,
      "latency_ms": 228.96480321884155,
      "context_chars": 3208.31
    },
    "6": {
      "n": 100,
      "em": 0.38,
      "f1": 0.46277886002886,
      "containment": 0.44,
      "latency_ms": 260.96017599105835,
      "context_chars": 3846.26
    }
  }
}