{
  "shard_index": 15,
  "shard_count": 37,
  "summary": {
    "0": {
      "n": 100,
      "em": 0.14,
      "f1": 0.24546897546897548,
      "containment": 0.19,
      "latency_ms": 187.44383096694946,
      "context_chars": 0.0
    },
    "1": {
      "n": 100,
      "em": 0.18,
      "f1": 0.2774087301587302,
      "containment": 0.22,
      "latency_ms": 227.93994426727295,
      "context_chars": 631.9
    },
    "2": {
      "n": 100,
      "em": 0.25,
      "f1": 0.3567880952380952,
      "containment": 0.29,
      "latency_ms": 252.54210233688354,
      "context_chars": 1272.04
    },
    "3": {
      "n": 100,
      "em": 0.27,
      "f1": 0.3919677871148458,
      "containment": 0.32,
      "latency_ms": 283.8243317604065,
      "context_chars": 1914.64
    },
    "4": {
      "n": 100,
      "em": 0.3,
      "f1": 0.402207552185228,
      "containment": 0.31,
      "latency_ms": 291.48802518844604,
      "context_chars": 2557.45
    },
    "5": {
      "n": 100,
      "em": 0.29,
      "f1": 0.3974829004329004,
      "containment": 0.32,
      "latency_ms": 316.88908100128174,
      "context_chars": 3198.71
    },
    "6": {
      "n": 100,
      "em": 0.29,
      "f1": 0.42098280423280426,
      "containment": 0.34,
      "latency_ms": 335.5411911010742,
      "context_chars": 3847.95
    }
  }
}