{
  "shard_index": 22,
  "shard_count": 37,
  "summary": {
    "0": {
      "n": 100,
      "em": 0.15,
      "f1": 0.21625865800865804,
      "containment": 0.23,
      "latency_ms": 197.95037269592285,
      "context_chars": 0.0
    },
    "1": {
      "n": 100,
      "em": 0.27,
      "f1": 0.32344871794871793,
      "containment": 0.32,
      "latency_ms": 225.54610967636108,
      "context_chars": 635.16
    },
    "2": {
      "n": 100,
      "em": 0.3,
      "f1": 0.38123443223443215,
      "containment": 0.38,
      "latency_ms": 272.28177547454834,
      "context_chars": 1273.14
    },
    "3": {
      "n": 100,
      "em": 0.3,
      "f1": 0.37237626531174917,
      "containment": 0.4,
      "latency_ms": 271.0072875022888,
      "context_chars": 1908.53
    },
    "4": {
      "n": 100,
      "em": 0.29,
      "f1": 0.3736875346875347,
      "containment": 0.37,
      "latency_ms": 294.30273056030273,
      "context_chars": 2553.75
    },
    "5": {
      "n": 100,
      "em": 0.31,
      "f1": 0.3972899877899877,
      "containment": 0.41,
      "latency_ms": 303.7414312362671,
      "context_chars": 3193.74
    },
    "6": {
      "n": 100,
      "em": 0.34,
      "f1": 0.41226659720208103,
      "containment": 0.42,
      "latency_ms": 336.8647789955139,
      "context_chars": 3832.93
    }
  }
}