{
  "shard_index": 30,
  "shard_count": 37,
  "summary": {
    "0": {
      "n": 100,
      "em": 0.13,
      "f1": 0.21128571428571427,
      "containment": 0.15,
      "latency_ms": 194.48339700698853,
      "context_chars": 0.0
    },
    "1": {
      "n": 100,
      "em": 0.35,
      "f1": 0.4521746031746032,
      "containment": 0.38,
      "latency_ms": 252.67576694488525,
      "context_chars": 639.37
    },
    "2": {
      "n": 100,
      "em": 0.36,
      "f1": 0.4656767676767676,
      "containment": 0.41,
      "latency_ms": 233.3081293106079,
      "context_chars": 1283.43
    },
    "3": {
      "n": 100,
      "em": 0.4,
      "f1": 0.5061325863678803,
      "containment": 0.45,
      "latency_ms": 255.3580093383789,
      "context_chars": 1925.05
    },
    "4": {
      "n": 100,
      "em": 0.39,
      "f1": 0.49676471481734624,
      "containment": 0.45,
      "latency_ms": 312.5038480758667,
      "context_chars": 2569.14
    },
    "5": {
      "n": 100,
      "em": 0.4,
      "f1": 0.5047440471465239,
      "containment": 0.44,
      "latency_ms": 308.3570146560669,
      "context_chars": 3210.38
    },
    "6": {
      "n": 100,
      "em": 0.41,
      "f1": 0.5252568676593443,
      "containment": 0.47,
      "latency_ms": 324.3860077857971,
      "context_chars": 3856.64
    }
  }
}