{
  "shard_index": 27,
  "shard_count": 37,
  "summary": {
    "0": {
      "n": 100,
      "em": 0.2,
      "f1": 0.2558333333333333,
      "containment": 0.22,
      "latency_ms": 176.5533947944641,
      "context_chars": 0.0
    },
    "1": {
      "n": 100,
      "em": 0.24,
      "f1": 0.3297936507936508,
      "containment": 0.31,
      "latency_ms": 195.1050615310669,
      "context_chars": 632.54
    },
    "2": {
      "n": 100,
      "em": 0.33,
      "f1": 0.4232727272727272,
      "containment": 0.39,
      "latency_ms": 230.17157793045044,
      "context_chars": 1271.3
    },
    "3": {
      "n": 100,
      "em": 0.39,
      "f1": 0.4750112781954888,
      "containment": 0.44,
      "latency_ms": 262.77265548706055,
      "context_chars": 1912.31
    },
    "4": {
      "n": 100,
      "em": 0.4,
      "f1": 0.4952539682539683,
      "containment": 0.43,
      "latency_ms": 329.28253173828125,
      "context_chars": 2548.94
    },
    "5": {
      "n": 100,
      "em": 0.42,
      "f1": 0.5280648926237161,
      "containment": 0.48,
      "latency_ms": 314.6825075149536,
      "context_chars": 3187.29
    },
    "6": {
      "n": 100,
      "em": 0.43,
      "f1": 0.537811366651924,
      "containment": 0.48,
      "latency_ms": 305.45034408569336,
      "context_chars": 3822.39
    }
  }
}