{
  "shard_index": 19,
  "shard_count": 37,
  "summary": {
    "0": {
      "n": 100,
      "em": 0.11,
      "f1": 0.20513132136680523,
      "containment": 0.19,
      "latency_ms": 230.56631326675415,
      "context_chars": 0.0
    },
    "1": {
      "n": 100,
      "em": 0.21,
      "f1": 0.3067452722715881,
      "containment": 0.23,
      "latency_ms": 208.3208966255188,
      "context_chars": 636.2
    },
    "2": {
      "n": 100,
      "em": 0.29,
      "f1": 0.36416677766677763,
      "containment": 0.3,
      "latency_ms": 260.3522038459778,
      "context_chars": 1270.24
    },
    "3": {
      "n": 100,
      "em": 0.27,
      "f1": 0.3573690157085959,
      "containment": 0.33,
      "latency_ms": 295.25274991989136,
      "context_chars": 1902.26
    },
    "4": {
      "n": 100,
      "em": 0.29,
      "f1": 0.37831240359006424,
      "containment": 0.35,
      "latency_ms": 301.1973166465759,
      "context_chars": 2539.09
    },
    "5": {
      "n": 100,
      "em": 0.3,
      "f1": 0.38374841824841815,
      "containment": 0.34,
      "latency_ms": 325.1374912261963,
      "context_chars": 3175.34
    },
    "6": {
      "n": 100,
      "em": 0.31,
      "f1": 0.40339249639249636,
      "containment": 0.36,
      "latency_ms": 332.9414200782776,
      "context_chars": 3807.97
    }
  }
}