{
  "shard_index": 23,
  "shard_count": 37,
  "summary": {
    "0": {
      "n": 100,
      "em": 0.21,
      "f1": 0.31890692640692636,
      "containment": 0.24,
      "latency_ms": 175.69961071014404,
      "context_chars": 0.0
    },
    "1": {
      "n": 100,
      "em": 0.25,
      "f1": 0.33548484848484855,
      "containment": 0.31,
      "latency_ms": 223.05147647857666,
      "context_chars": 640.31
    },
    "2": {
      "n": 100,
      "em": 0.28,
      "f1": 0.37894516594516603,
      "containment": 0.36,
      "latency_ms": 242.23480224609375,
      "context_chars": 1284.61
    },
    "3": {
      "n": 100,
      "em": 0.34,
      "f1": 0.4310735930735931,
      "containment": 0.43,
      "latency_ms": 260.54224967956543,
      "context_chars": 1930.52
    },
    "4": {
      "n": 100,
      "em": 0.33,
      "f1": 0.44618574846206427,
      "containment": 0.45,
      "latency_ms": 271.37794733047485,
      "context_chars": 2574.74
    },
    "5": {
      "n": 100,
      "em": 0.34,
      "f1": 0.45175691791868255,
      "containment": 0.46,
      "latency_ms": 293.1172227859497,
      "context_chars": 3218.97
    },
    "6": {
      "n": 100,
      "em": 0.31,
      "f1": 0.4300487649605296,
      "containment": 0.45,
      "latency_ms": 354.15382623672485,
      "context_chars": 3861.97
    }
  }
}