{
  "shard_index": 31,
  "shard_count": 37,
  "summary": {
    "0": {
      "n": 100,
      "em": 0.14,
      "f1": 0.21306513663719873,
      "containment": 0.2,
      "latency_ms": 301.92426204681396,
      "context_chars": 0.0
    },
    "1": {
      "n": 100,
      "em": 0.24,
      "f1": 0.33626636108989055,
      "containment": 0.28,
      "latency_ms": 244.2454957962036,
      "context_chars": 644.69
    },
    "2": {
      "n": 100,
      "em": 0.28,
      "f1": 0.391510582010582,
      "containment": 0.33,
      "latency_ms": 267.7890682220459,
      "context_chars": 1284.26
    },
    "3": {
      "n": 100,
      "em": 0.29,
      "f1": 0.43096300366300355,
      "containment": 0.38,
      "latency_ms": 272.7494525909424,
      "context_chars": 1917.27
    },
    "4": {
      "n": 100,
      "em": 0.29,
      "f1": 0.43546249269566284,
      "containment": 0.4,
      "latency_ms": 295.9974718093872,
      "context_chars": 2556.09
    },
    "5": {
      "n": 100,
      "em": 0.29,
      "f1": 0.4380203685203685,
      "containment": 0.39,
      "latency_ms": 343.0729365348816,
      "context_chars": 3196.33
    },
    "6": {
      "n": 100,
      "em": 0.26,
      "f1": 0.4008534798534798,
      "containment": 0.34,
      "latency_ms": 351.9653105735779,
      "context_chars": 3834.65
    }
  }
}