{
  "shard_index": 5,
  "shard_count": 37,
  "summary": {
    "0": {
      "n": 100,
      "em": 0.13,
      "f1": 0.23124206349206347,
      "containment": 0.18,
      "latency_ms": 209.35036420822144,
      "context_chars": 0.0
    },
    "1": {
      "n": 100,
      "em": 0.24,
      "f1": 0.33338095238095244,
      "containment": 0.29,
      "latency_ms": 208.67265701293945,
      "context_chars": 638.79
    },
    "2": {
      "n": 100,
      "em": 0.27,
      "f1": 0.37673953823953815,
      "containment": 0.35,
      "latency_ms": 260.64443588256836,
      "context_chars": 1281.89
    },
    "3": {
      "n": 100,
      "em": 0.32,
      "f1": 0.4141324786324787,
      "containment": 0.4,
      "latency_ms": 238.08305263519287,
      "context_chars": 1925.93
    },
    "4": {
      "n": 100,
      "em": 0.31,
      "f1": 0.4133943833943834,
      "containment": 0.4,
      "latency_ms": 260.5040431022644,
      "context_chars": 2573.64
    },
    "5": {
      "n": 100,
      "em": 0.31,
      "f1": 0.40572771672771674,
      "containment": 0.4,
      "latency_ms": 306.7027163505554,
      "context_chars": 3216.84
    },
    "6": {
      "n": 100,
      "em": 0.32,
      "f1": 0.4307912087912088,
      "containment": 0.42,
      "latency_ms": 311.6335344314575,
      "context_chars": 3862.88
    }
  }
}