{
  "shard_index": 25,
  "shard_count": 37,
  "summary": {
    "0": {
      "n": 100,
      "em": 0.19,
      "f1": 0.2685866437484085,
      "containment": 0.23,
      "latency_ms": 218.32475423812866,
      "context_chars": 0.0
    },
    "1": {
      "n": 100,
      "em": 0.34,
      "f1": 0.3974047619047619,
      "containment": 0.4,
      "latency_ms": 186.5874171257019,
      "context_chars": 634.93
    },
    "2": {
      "n": 100,
      "em": 0.33,
      "f1": 0.39889271839271834,
      "containment": 0.39,
      "latency_ms": 259.9047875404358,
      "context_chars": 1278.39
    },
    "3": {
      "n": 100,
      "em": 0.39,
      "f1": 0.46749206349206346,
      "containment": 0.48,
      "latency_ms": 291.94230556488037,
      "context_chars": 1923.44
    },
    "4": {
      "n": 100,
      "em": 0.36,
      "f1": 0.4480897065897066,
      "containment": 0.46,
      "latency_ms": 288.9707016944885,
      "context_chars": 2564.91
    },
    "5": {
      "n": 100,
      "em": 0.4,
      "f1": 0.4854752216700157,
      "containment": 0.48,
      "latency_ms": 331.0453534126282,
      "context_chars": 3212.07
    },
    "6": {
      "n": 100,
      "em": 0.4,
      "f1": 0.49202132954764527,
      "containment": 0.51,
      "latency_ms": 334.8592686653137,
      "context_chars": 3854.16
    }
  }
}