{
  "shard_index": 13,
  "shard_count": 37,
  "summary": {
    "0": {
      "n": 100,
      "em": 0.13,
      "f1": 0.22486949380623078,
      "containment": 0.22,
      "latency_ms": 285.7763409614563,
      "context_chars": 0.0
    },
    "1": {
      "n": 100,
      "em": 0.2,
      "f1": 0.3083920217209691,
      "containment": 0.28,
      "latency_ms": 249.0502142906189,
      "context_chars": 635.27
    },
    "2": {
      "n": 100,
      "em": 0.25,
      "f1": 0.36263071895424837,
      "containment": 0.35,
      "latency_ms": 256.21973752975464,
      "context_chars": 1271.77
    },
    "3": {
      "n": 100,
      "em": 0.27,
      "f1": 0.3804757236227825,
      "containment": 0.4,
      "latency_ms": 297.61385202407837,
      "context_chars": 1914.3
    },
    "4": {
      "n": 100,
      "em": 0.27,
      "f1": 0.38835611577964513,
      "containment": 0.4,
      "latency_ms": 324.87996101379395,
      "context_chars": 2549.13
    },
    "5": {
      "n": 100,
      "em": 0.28,
      "f1": 0.4108092903828197,
      "containment": 0.42,
      "latency_ms": 308.01461696624756,
      "context_chars": 3188.26
    },
    "6": {
      "n": 100,
      "em": 0.32,
      "f1": 0.4394329462967982,
      "containment": 0.46,
      "latency_ms": 332.6216745376587,
      "context_chars": 3826.12
    }
  }
}