{
  "shard_index": 20,
  "shard_count": 37,
  "summary": {
    "0": {
      "n": 100,
      "em": 0.14,
      "f1": 0.20267287784679092,
      "containment": 0.18,
      "latency_ms": 214.27855253219604,
      "context_chars": 0.0
    },
    "1": {
      "n": 100,
      "em": 0.36,
      "f1": 0.451784899311215,
      "containment": 0.39,
      "latency_ms": 210.97941637039185,
      "context_chars": 635.59
    },
    "2": {
      "n": 100,
      "em": 0.33,
      "f1": 0.4412798024064891,
      "containment": 0.39,
      "latency_ms": 250.9590196609497,
      "context_chars": 1269.55
    },
    "3": {
      "n": 100,
      "em": 0.38,
      "f1": 0.46674702117805567,
      "containment": 0.43,
      "latency_ms": 260.15297651290894,
      "context_chars": 1908.85
    },
    "4": {
      "n": 100,
      "em": 0.38,
      "f1": 0.4874565989565988,
      "containment": 0.45,
      "latency_ms": 291.2635850906372,
      "context_chars": 2549.69
    },
    "5": {
      "n": 100,
      "em": 0.39,
      "f1": 0.49646867359970814,
      "containment": 0.44,
      "latency_ms": 329.96755599975586,
      "context_chars": 3191.7
    },
    "6": {
      "n": 100,
      "em": 0.37,
      "f1": 0.4762839937839938,
      "containment": 0.43,
      "latency_ms": 360.2809476852417,
      "context_chars": 3838.31
    }
  }
}