{
  "shard_index": 28,
  "shard_count": 37,
  "summary": {
    "0": {
      "n": 100,
      "em": 0.12,
      "f1": 0.23449066293183932,
      "containment": 0.18,
      "latency_ms": 341.667103767395,
      "context_chars": 0.0
    },
    "1": {
      "n": 100,
      "em": 0.27,
      "f1": 0.3547568685184785,
      "containment": 0.32,
      "latency_ms": 278.65755796432495,
      "context_chars": 642.14
    },
    "2": {
      "n": 100,
      "em": 0.26,
      "f1": 0.3355104237867396,
      "containment": 0.31,
      "latency_ms": 295.85275888442993,
      "context_chars": 1286.13
    },
    "3": {
      "n": 100,
      "em": 0.3,
      "f1": 0.37801834179465765,
      "containment": 0.33,
      "latency_ms": 310.4922080039978,
      "context_chars": 1933.12
    },
    "4": {
      "n": 100,
      "em": 0.29,
      "f1": 0.38960787306948297,
      "containment": 0.37,
      "latency_ms": 349.61084604263306,
      "context_chars": 2575.38
    },
    "5": {
      "n": 100,
      "em": 0.3,
      "f1": 0.3974929204782146,
      "containment": 0.37,
      "latency_ms": 355.862193107605,
      "context_chars": 3217.24
    },
    "6": {
      "n": 100,
      "em": 0.28,
      "f1": 0.38788913537442943,
      "containment": 0.39,
      "latency_ms": 377.059268951416,
      "context_chars": 3857.49
    }
  }
}