{
  "shard_index": 8,
  "shard_count": 37,
  "summary": {
    "0": {
      "n": 100,
      "em": 0.17,
      "f1": 0.23864835164835163,
      "containment": 0.21,
      "latency_ms": 211.70823335647583,
      "context_chars": 0.0
    },
    "1": {
      "n": 100,
      "em": 0.25,
      "f1": 0.3181507936507937,
      "containment": 0.28,
      "latency_ms": 233.6525058746338,
      "context_chars": 640.7
    },
    "2": {
      "n": 100,
      "em": 0.26,
      "f1": 0.35692735042735046,
      "containment": 0.3,
      "latency_ms": 252.35342264175415,
      "context_chars": 1286.53
    },
    "3": {
      "n": 100,
      "em": 0.28,
      "f1": 0.36553607503607494,
      "containment": 0.32,
      "latency_ms": 264.9185562133789,
      "context_chars": 1933.71
    },
    "4": {
      "n": 100,
      "em": 0.29,
      "f1": 0.41299325553673377,
      "containment": 0.33,
      "latency_ms": 304.93162870407104,
      "context_chars": 2577.22
    },
    "5": {
      "n": 100,
      "em": 0.28,
      "f1": 0.4042912087912088,
      "containment": 0.35,
      "latency_ms": 315.2461576461792,
      "context_chars": 3222.06
    },
    "6": {
      "n": 100,
      "em": 0.29,
      "f1": 0.41237057387057374,
      "containment": 0.34,
      "latency_ms": 324.4363069534302,
      "context_chars": 3863.39
    }
  }
}