{
  "shard_index": 32,
  "shard_count": 37,
  "summary": {
    "0": {
      "n": 100,
      "em": 0.13,
      "f1": 0.228517316017316,
      "containment": 0.2,
      "latency_ms": 213.00797939300537,
      "context_chars": 0.0
    },
    "1": {
      "n": 100,
      "em": 0.17,
      "f1": 0.29274627006979953,
      "containment": 0.24,
      "latency_ms": 253.354172706604,
      "context_chars": 633.24
    },
    "2": {
      "n": 100,
      "em": 0.2,
      "f1": 0.33333105491000226,
      "containment": 0.31,
      "latency_ms": 260.00298738479614,
      "context_chars": 1266.64
    },
    "3": {
      "n": 100,
      "em": 0.25,
      "f1": 0.40508119837152085,
      "containment": 0.39,
      "latency_ms": 321.4022922515869,
      "context_chars": 1904.92
    },
    "4": {
      "n": 100,
      "em": 0.25,
      "f1": 0.4237480158730157,
      "containment": 0.37,
      "latency_ms": 327.6432251930237,
      "context_chars": 2547.37
    },
    "5": {
      "n": 100,
      "em": 0.3,
      "f1": 0.47095695437712315,
      "containment": 0.41,
      "latency_ms": 357.01605319976807,
      "context_chars": 3190.7
    },
    "6": {
      "n": 100,
      "em": 0.27,
      "f1": 0.43740829707144896,
      "containment": 0.4,
      "latency_ms": 368.1671333312988,
      "context_chars": 3830.65
    }
  }
}