{
  "shard_index": 2,
  "shard_count": 37,
  "summary": {
    "0": {
      "n": 100,
      "em": 0.11,
      "f1": 0.18426190476190477,
      "containment": 0.18,
      "latency_ms": 289.44254636764526,
      "context_chars": 0.0
    },
    "1": {
      "n": 100,
      "em": 0.2,
      "f1": 0.2786356421356421,
      "containment": 0.26,
      "latency_ms": 208.399920463562,
      "context_chars": 632.6
    },
    "2": {
      "n": 100,
      "em": 0.22,
      "f1": 0.322864136759298,
      "containment": 0.29,
      "latency_ms": 257.8208351135254,
      "context_chars": 1274.56
    },
    "3": {
      "n": 100,
      "em": 0.28,
      "f1": 0.3971903096903096,
      "containment": 0.37,
      "latency_ms": 281.0144591331482,
      "context_chars": 1905.67
    },
    "4": {
      "n": 100,
      "em": 0.27,
      "f1": 0.39494440647072215,
      "containment": 0.38,
      "latency_ms": 270.4943537712097,
      "context_chars": 2544.7
    },
    "5": {
      "n": 100,
      "em": 0.3,
      "f1": 0.4125100630363787,
      "containment": 0.42,
      "latency_ms": 276.764874458313,
      "context_chars": 3178.94
    },
    "6": {
      "n": 100,
      "em": 0.32,
      "f1": 0.4480945165945165,
      "containment": 0.45,
      "latency_ms": 300.96118688583374,
      "context_chars": 3820.97
    }
  }
}