{
  "shard_index": 1,
  "shard_count": 37,
  "summary": {
    "0": {
      "n": 100,
      "em": 0.1,
      "f1": 0.1784481792717087,
      "containment": 0.12,
      "latency_ms": 193.85488748550415,
      "context_chars": 0.0
    },
    "1": {
      "n": 100,
      "em": 0.25,
      "f1": 0.34126960784313726,
      "containment": 0.31,
      "latency_ms": 229.92112398147583,
      "context_chars": 637.0
    },
    "2": {
      "n": 100,
      "em": 0.31,
      "f1": 0.42025793650793647,
      "containment": 0.4,
      "latency_ms": 269.51629161834717,
      "context_chars": 1281.16
    },
    "3": {
      "n": 100,
      "em": 0.31,
      "f1": 0.4226547619047619,
      "containment": 0.4,
      "latency_ms": 269.448881149292,
      "context_chars": 1924.4
    },
    "4": {
      "n": 100,
      "em": 0.31,
      "f1": 0.4251150793650793,
      "containment": 0.43,
      "latency_ms": 284.9455165863037,
      "context_chars": 2565.68
    },
    "5": {
      "n": 100,
      "em": 0.33,
      "f1": 0.45703599439775905,
      "containment": 0.46,
      "latency_ms": 317.12807178497314,
      "context_chars": 3206.84
    },
    "6": {
      "n": 100,
      "em": 0.33,
      "f1": 0.46485766045548643,
      "containment": 0.47,
      "latency_ms": 350.21029233932495,
      "context_chars": 3849.78
    }
  }
}