{
  "shard_index": 21,
  "shard_count": 37,
  "summary": {
    "0": {
      "n": 100,
      "em": 0.12,
      "f1": 0.1931501660882466,
      "containment": 0.19,
      "latency_ms": 262.9927444458008,
      "context_chars": 0.0
    },
    "1": {
      "n": 100,
      "em": 0.22,
      "f1": 0.3146980776361582,
      "containment": 0.28,
      "latency_ms": 223.62027883529663,
      "context_chars": 624.08
    },
    "2": {
      "n": 100,
      "em": 0.3,
      "f1": 0.4014502164502165,
      "containment": 0.37,
      "latency_ms": 276.8169951438904,
      "context_chars": 1260.1
    },
    "3": {
      "n": 100,
      "em": 0.3,
      "f1": 0.40789033189033186,
      "containment": 0.39,
      "latency_ms": 314.7319746017456,
      "context_chars": 1899.85
    },
    "4": {
      "n": 100,
      "em": 0.32,
      "f1": 0.4359548229548229,
      "containment": 0.39,
      "latency_ms": 299.56809997558594,
      "context_chars": 2538.3
    },
    "5": {
      "n": 100,
      "em": 0.36,
      "f1": 0.4837662337662336,
      "containment": 0.44,
      "latency_ms": 271.9007444381714,
      "context_chars": 3171.87
    },
    "6": {
      "n": 100,
      "em": 0.36,
      "f1": 0.4784372098489744,
      "containment": 0.47,
      "latency_ms": 360.9609627723694,
      "context_chars": 3802.97
    }
  }
}