{
  "shard_index": 9,
  "shard_count": 37,
  "summary": {
    "0": {
      "n": 100,
      "em": 0.15,
      "f1": 0.26200484436198723,
      "containment": 0.18,
      "latency_ms": 229.76662874221802,
      "context_chars": 0.0
    },
    "1": {
      "n": 100,
      "em": 0.17,
      "f1": 0.26191025641025645,
      "containment": 0.22,
      "latency_ms": 226.72658443450928,
      "context_chars": 634.59
    },
    "2": {
      "n": 100,
      "em": 0.27,
      "f1": 0.35741017316017315,
      "containment": 0.34,
      "latency_ms": 244.2456865310669,
      "context_chars": 1279.99
    },
    "3": {
      "n": 100,
      "em": 0.27,
      "f1": 0.3717619047619048,
      "containment": 0.33,
      "latency_ms": 255.81721782684326,
      "context_chars": 1915.19
    },
    "4": {
      "n": 100,
      "em": 0.32,
      "f1": 0.41535930735930743,
      "containment": 0.35,
      "latency_ms": 264.3284749984741,
      "context_chars": 2567.98
    },
    "5": {
      "n": 100,
      "em": 0.31,
      "f1": 0.42594588744588746,
      "containment": 0.39,
      "latency_ms": 308.8865303993225,
      "context_chars": 3212.8
    },
    "6": {
      "n": 100,
      "em": 0.33,
      "f1": 0.4510969030969031,
      "containment": 0.39,
      "latency_ms": 274.19644594192505,
      "context_chars": 3859.77
    }
  }
}