{
  "shard_index": 18,
  "shard_count": 37,
  "summary": {
    "0": {
      "n": 100,
      "em": 0.12,
      "f1": 0.21361399711399712,
      "containment": 0.19,
      "latency_ms": 207.39362239837646,
      "context_chars": 0.0
    },
    "1": {
      "n": 100,
      "em": 0.27,
      "f1": 0.4087142857142858,
      "containment": 0.34,
      "latency_ms": 238.85079622268677,
      "context_chars": 636.83
    },
    "2": {
      "n": 100,
      "em": 0.33,
      "f1": 0.4488650793650794,
      "containment": 0.37,
      "latency_ms": 243.31475496292114,
      "context_chars": 1278.14
    },
    "3": {
      "n": 100,
      "em": 0.38,
      "f1": 0.4849769119769119,
      "containment": 0.41,
      "latency_ms": 296.41433477401733,
      "context_chars": 1920.39
    },
    "4": {
      "n": 100,
      "em": 0.39,
      "f1": 0.5048253968253967,
      "containment": 0.44,
      "latency_ms": 274.5784115791321,
      "context_chars": 2564.92
    },
    "5": {
      "n": 100,
      "em": 0.43,
      "f1": 0.5531925465838509,
      "containment": 0.47,
      "latency_ms": 305.0687599182129,
      "context_chars": 3207.22
    },
    "6": {
      "n": 100,
      "em": 0.42,
      "f1": 0.5444135478048522,
      "containment": 0.46,
      "latency_ms": 322.91083574295044,
      "context_chars": 3844.33
    }
  }
}