{
  "shard_index": 0,
  "shard_count": 37,
  "summary": {
    "0": {
      "n": 100,
      "em": 0.12,
      "f1": 0.22930591846797532,
      "containment": 0.18,
      "latency_ms": 333.74229192733765,
      "context_chars": 0.0
    },
    "1": {
      "n": 100,
      "em": 0.2,
      "f1": 0.3218613959140275,
      "containment": 0.27,
      "latency_ms": 206.82063341140747,
      "context_chars": 639.22
    },
    "2": {
      "n": 100,
      "em": 0.2,
      "f1": 0.3065850186964738,
      "containment": 0.3,
      "latency_ms": 269.5704650878906,
      "context_chars": 1277.63
    },
    "3": {
      "n": 100,
      "em": 0.2,
      "f1": 0.3364080809906237,
      "containment": 0.3,
      "latency_ms": 309.22825813293457,
      "context_chars": 1921.67
    },
    "4": {
      "n": 100,
      "em": 0.18,
      "f1": 0.3269344627088035,
      "containment": 0.3,
      "latency_ms": 337.59421825408936,
      "context_chars": 2568.29
    },
    "5": {
      "n": 100,
      "em": 0.22,
      "f1": 0.37055768743729134,
      "containment": 0.33,
      "latency_ms": 342.9071354866028,
      "context_chars": 3205.39
    },
    "6": {
      "n": 100,
      "em": 0.22,
      "f1": 0.3790742155448037,
      "containment": 0.35,
      "latency_ms": 403.46338987350464,
      "context_chars": 3843.44
    }
  }
}