{
  "shard_index": 26,
  "shard_count": 37,
  "summary": {
    "0": {
      "n": 100,
      "em": 0.11,
      "f1": 0.17365151515151514,
      "containment": 0.13,
      "latency_ms": 187.97497749328613,
      "context_chars": 0.0
    },
    "1": {
      "n": 100,
      "em": 0.24,
      "f1": 0.34828787878787876,
      "containment": 0.34,
      "latency_ms": 232.55545377731323,
      "context_chars": 645.69
    },
    "2": {
      "n": 100,
      "em": 0.23,
      "f1": 0.33746136808927507,
      "containment": 0.31,
      "latency_ms": 237.0304274559021,
      "context_chars": 1289.18
    },
    "3": {
      "n": 100,
      "em": 0.28,
      "f1": 0.3900846834325095,
      "containment": 0.35,
      "latency_ms": 249.70777988433838,
      "context_chars": 1937.49
    },
    "4": {
      "n": 100,
      "em": 0.27,
      "f1": 0.3907665016143277,
      "containment": 0.37,
      "latency_ms": 269.6049451828003,
      "context_chars": 2583.28
    },
    "5": {
      "n": 100,
      "em": 0.29,
      "f1": 0.4059400780379041,
      "containment": 0.37,
      "latency_ms": 317.1112394332886,
      "context_chars": 3228.42
    },
    "6": {
      "n": 100,
      "em": 0.34,
      "f1": 0.4489567099567099,
      "containment": 0.43,
      "latency_ms": 349.3831133842468,
      "context_chars": 3869.51
    }
  }
}