{
  "shard_index": 17,
  "shard_count": 37,
  "summary": {
    "0": {
      "n": 100,
      "em": 0.12,
      "f1": 0.21516269841269836,
      "containment": 0.17,
      "latency_ms": 293.68025302886963,
      "context_chars": 0.0
    },
    "1": {
      "n": 100,
      "em": 0.27,
      "f1": 0.3342938727938728,
      "containment": 0.28,
      "latency_ms": 228.7569284439087,
      "context_chars": 639.62
    },
    "2": {
      "n": 100,
      "em": 0.39,
      "f1": 0.4555339105339105,
      "containment": 0.39,
      "latency_ms": 233.29015970230103,
      "context_chars": 1284.97
    },
    "3": {
      "n": 100,
      "em": 0.37,
      "f1": 0.45075800016976486,
      "containment": 0.41,
      "latency_ms": 278.8441205024719,
      "context_chars": 1924.13
    },
    "4": {
      "n": 100,
      "em": 0.39,
      "f1": 0.48622893772893777,
      "containment": 0.45,
      "latency_ms": 316.2670636177063,
      "context_chars": 2573.81
    },
    "5": {
      "n": 100,
      "em": 0.38,
      "f1": 0.47250542935325546,
      "containment": 0.43,
      "latency_ms": 348.5063147544861,
      "context_chars": 3215.83
    },
    "6": {
      "n": 100,
      "em": 0.4,
      "f1": 0.500061872909699,
      "containment": 0.45,
      "latency_ms": 354.5484185218811,
      "context_chars": 3858.0
    }
  }
}