{
  "shard_index": 33,
  "shard_count": 37,
  "summary": {
    "0": {
      "n": 100,
      "em": 0.14,
      "f1": 0.20762121212121212,
      "containment": 0.16,
      "latency_ms": 219.15489673614502,
      "context_chars": 0.0
    },
    "1": {
      "n": 100,
      "em": 0.26,
      "f1": 0.34541269841269845,
      "containment": 0.28,
      "latency_ms": 176.8432354927063,
      "context_chars": 634.2
    },
    "2": {
      "n": 100,
      "em": 0.33,
      "f1": 0.4071319966583124,
      "containment": 0.34,
      "latency_ms": 215.13891220092773,
      "context_chars": 1274.04
    },
    "3": {
      "n": 100,
      "em": 0.33,
      "f1": 0.4261888634241575,
      "containment": 0.37,
      "latency_ms": 232.1035647392273,
      "context_chars": 1913.11
    },
    "4": {
      "n": 100,
      "em": 0.37,
      "f1": 0.4710373482726423,
      "containment": 0.41,
      "latency_ms": 261.5532422065735,
      "context_chars": 2550.62
    },
    "5": {
      "n": 100,
      "em": 0.38,
      "f1": 0.4903151684916391,
      "containment": 0.42,
      "latency_ms": 264.4362998008728,
      "context_chars": 3188.36
    },
    "6": {
      "n": 100,
      "em": 0.37,
      "f1": 0.47352380952380946,
      "containment": 0.38,
      "latency_ms": 305.10286808013916,
      "context_chars": 3835.59
    }
  }
}