{
  "shard_index": 10,
  "shard_count": 37,
  "summary": {
    "0": {
      "n": 100,
      "em": 0.11,
      "f1": 0.23080225726654294,
      "containment": 0.16,
      "latency_ms": 197.45511770248413,
      "context_chars": 0.0
    },
    "1": {
      "n": 100,
      "em": 0.42,
      "f1": 0.49583076923076924,
      "containment": 0.42,
      "latency_ms": 219.8888659477234,
      "context_chars": 635.74
    },
    "2": {
      "n": 100,
      "em": 0.43,
      "f1": 0.4970345560871877,
      "containment": 0.46,
      "latency_ms": 245.7187032699585,
      "context_chars": 1275.25
    },
    "3": {
      "n": 100,
      "em": 0.43,
      "f1": 0.5156060606060606,
      "containment": 0.49,
      "latency_ms": 247.00360774993896,
      "context_chars": 1910.09
    },
    "4": {
      "n": 100,
      "em": 0.42,
      "f1": 0.5021298701298701,
      "containment": 0.46,
      "latency_ms": 248.38278532028198,
      "context_chars": 2548.61
    },
    "5": {
      "n": 100,
      "em": 0.44,
      "f1": 0.5231774891774892,
      "containment": 0.48,
      "latency_ms": 301.23433351516724,
      "context_chars": 3187.59
    },
    "6": {
      "n": 100,
      "em": 0.44,
      "f1": 0.5385108225108225,
      "containment": 0.5,
      "latency_ms": 291.5197730064392,
      "context_chars": 3823.43
    }
  }
}