{
  "shard_index": 3,
  "shard_count": 37,
  "summary": {
    "0": {
      "n": 100,
      "em": 0.1,
      "f1": 0.1676991341991342,
      "containment": 0.14,
      "latency_ms": 229.73182201385498,
      "context_chars": 0.0
    },
    "1": {
      "n": 100,
      "em": 0.22,
      "f1": 0.30119719169719167,
      "containment": 0.26,
      "latency_ms": 195.34253597259521,
      "context_chars": 645.54
    },
    "2": {
      "n": 100,
      "em": 0.24,
      "f1": 0.3567603174603174,
      "containment": 0.35,
      "latency_ms": 228.24705600738525,
      "context_chars": 1279.0
    },
    "3": {
      "n": 100,
      "em": 0.3,
      "f1": 0.39067378215654075,
      "containment": 0.36,
      "latency_ms": 234.36455488204956,
      "context_chars": 1916.98
    },
    "4": {
      "n": 100,
      "em": 0.35,
      "f1": 0.4322281167108754,
      "containment": 0.41,
      "latency_ms": 245.54918766021729,
      "context_chars": 2557.41
    },
    "5": {
      "n": 100,
      "em": 0.35,
      "f1": 0.44521014073645643,
      "containment": 0.41,
      "latency_ms": 296.2548494338989,
      "context_chars": 3197.07
    },
    "6": {
      "n": 100,
      "em": 0.35,
      "f1": 0.43990943539219396,
      "containment": 0.42,
      "latency_ms": 291.0769581794739,
      "context_chars": 3840.04
    }
  }
}