{
  "shard_index": 36,
  "shard_count": 37,
  "summary": {
    "0": {
      "n": 10,
      "em": 0.2,
      "f1": 0.36666666666666664,
      "containment": 0.4,
      "latency_ms": 92.60447025299072,
      "context_chars": 0.0
    },
    "1": {
      "n": 10,
      "em": 0.3,
      "f1": 0.41666666666666663,
      "containment": 0.5,
      "latency_ms": 112.6593828201294,
      "context_chars": 638.0
    },
    "2": {
      "n": 10,
      "em": 0.2,
      "f1": 0.37666666666666665,
      "containment": 0.5,
      "latency_ms": 134.60302352905273,
      "context_chars": 1282.7
    },
    "3": {
      "n": 10,
      "em": 0.2,
      "f1": 0.36666666666666664,
      "containment": 0.5,
      "latency_ms": 130.28533458709717,
      "context_chars": 1918.1
    },
    "4": {
      "n": 10,
      "em": 0.2,
      "f1": 0.43888888888888894,
      "containment": 0.6,
      "latency_ms": 136.1368179321289,
      "context_chars": 2596.6
    },
    "5": {
      "n": 10,
      "em": 0.3,
      "f1": 0.48888888888888893,
      "containment": 0.7,
      "latency_ms": 146.05891704559326,
      "context_chars": 3251.9
    },
    "6": {
      "n": 10,
      "em": 0.2,
      "f1": 0.3888888888888889,
      "containment": 0.6,
      "latency_ms": 156.74114227294922,
      "context_chars": 3890.7
    }
  }
}