{
  "shard_index": 11,
  "shard_count": 37,
  "summary": {
    "0": {
      "n": 100,
      "em": 0.22,
      "f1": 0.30193650793650795,
      "containment": 0.26,
      "latency_ms": 250.2367877960205,
      "context_chars": 0.0
    },
    "1": {
      "n": 100,
      "em": 0.27,
      "f1": 0.356204014939309,
      "containment": 0.35,
      "latency_ms": 229.87040042877197,
      "context_chars": 633.93
    },
    "2": {
      "n": 100,
      "em": 0.34,
      "f1": 0.4295966386554621,
      "containment": 0.42,
      "latency_ms": 269.0111541748047,
      "context_chars": 1275.23
    },
    "3": {
      "n": 100,
      "em": 0.36,
      "f1": 0.4549579831932772,
      "containment": 0.43,
      "latency_ms": 296.07900857925415,
      "context_chars": 1914.1
    },
    "4": {
      "n": 100,
      "em": 0.32,
      "f1": 0.409292351723298,
      "containment": 0.4,
      "latency_ms": 314.01042222976685,
      "context_chars": 2554.1
    },
    "5": {
      "n": 100,
      "em": 0.38,
      "f1": 0.48689657968450534,
      "containment": 0.47,
      "latency_ms": 310.7415986061096,
      "context_chars": 3188.28
    },
    "6": {
      "n": 100,
      "em": 0.37,
      "f1": 0.4821770308123249,
      "containment": 0.46,
      "latency_ms": 345.547091960907,
      "context_chars": 3824.5
    }
  }
}