{
  "shard_index": 7,
  "shard_count": 37,
  "summary": {
    "0": {
      "n": 100,
      "em": 0.15,
      "f1": 0.24848528138528134,
      "containment": 0.21,
      "latency_ms": 271.88655376434326,
      "context_chars": 0.0
    },
    "1": {
      "n": 100,
      "em": 0.23,
      "f1": 0.31036773371555976,
      "containment": 0.26,
      "latency_ms": 218.83554220199585,
      "context_chars": 637.56
    },
    "2": {
      "n": 100,
      "em": 0.22,
      "f1": 0.3576998720234014,
      "containment": 0.29,
      "latency_ms": 286.66425943374634,
      "context_chars": 1279.1
    },
    "3": {
      "n": 100,
      "em": 0.24,
      "f1": 0.36247415084915074,
      "containment": 0.32,
      "latency_ms": 279.9238872528076,
      "context_chars": 1922.65
    },
    "4": {
      "n": 100,
      "em": 0.25,
      "f1": 0.3722482438196723,
      "containment": 0.33,
      "latency_ms": 335.795156955719,
      "context_chars": 2566.29
    },
    "5": {
      "n": 100,
      "em": 0.25,
      "f1": 0.36850007182360117,
      "containment": 0.33,
      "latency_ms": 308.2052254676819,
      "context_chars": 3209.53
    },
    "6": {
      "n": 100,
      "em": 0.27,
      "f1": 0.38667907615260555,
      "containment": 0.34,
      "latency_ms": 336.2202215194702,
      "context_chars": 3845.61
    }
  }
}