{
  "shard_index": 8,
  "shard_count": 37,
  "summary": {
    "0": {
      "n": 100,
      "em": 0.19,
      "f1": 0.23834147334147335,
      "containment": 0.21,
      "latency_ms": 121.95071458816528,
      "context_chars": 0.0
    },
    "1": {
      "n": 100,
      "em": 0.21,
      "f1": 0.3111495726495726,
      "containment": 0.24,
      "latency_ms": 116.06714725494385,
      "context_chars": 635.85
    },
    "2": {
      "n": 100,
      "em": 0.27,
      "f1": 0.3632844932844933,
      "containment": 0.31,
      "latency_ms": 137.6717185974121,
      "context_chars": 1276.8
    },
    "3": {
      "n": 100,
      "em": 0.26,
      "f1": 0.35030570540570544,
      "containment": 0.31,
      "latency_ms": 161.89510107040405,
      "context_chars": 1912.99
    },
    "4": {
      "n": 100,
      "em": 0.26,
      "f1": 0.3588506308506308,
      "containment": 0.29,
      "latency_ms": 166.44408464431763,
      "context_chars": 2557.47
    },
    "5": {
      "n": 100,
      "em": 0.27,
      "f1": 0.3682808302808302,
      "containment": 0.32,
      "latency_ms": 193.07726860046387,
      "context_chars": 3197.27
    },
    "6": {
      "n": 100,
      "em": 0.27,
      "f1": 0.3779171939171938,
      "containment": 0.32,
      "latency_ms": 189.1397500038147,
      "context_chars": 3837.98
    }
  }
}