{
  "shard_index": 0,
  "shard_count": 37,
  "summary": {
    "0": {
      "n": 100,
      "em": 0.11,
      "f1": 0.19352525252525252,
      "containment": 0.17,
      "latency_ms": 112.67788171768188,
      "context_chars": 0.0
    },
    "1": {
      "n": 100,
      "em": 0.2,
      "f1": 0.34035459311929905,
      "containment": 0.28,
      "latency_ms": 137.7057933807373,
      "context_chars": 636.5
    },
    "2": {
      "n": 100,
      "em": 0.22,
      "f1": 0.37988782013610395,
      "containment": 0.34,
      "latency_ms": 168.04248571395874,
      "context_chars": 1274.88
    },
    "3": {
      "n": 100,
      "em": 0.23,
      "f1": 0.379930519455119,
      "containment": 0.33,
      "latency_ms": 177.1311092376709,
      "context_chars": 1921.09
    },
    "4": {
      "n": 100,
      "em": 0.22,
      "f1": 0.368063274412008,
      "containment": 0.33,
      "latency_ms": 189.97467041015625,
      "context_chars": 2560.62
    },
    "5": {
      "n": 100,
      "em": 0.26,
      "f1": 0.41936153664017445,
      "containment": 0.38,
      "latency_ms": 211.51524305343628,
      "context_chars": 3200.54
    },
    "6": {
      "n": 100,
      "em": 0.26,
      "f1": 0.41831594136857303,
      "containment": 0.36,
      "latency_ms": 220.0735378265381,
      "context_chars": 3834.69
    }
  }
}