{
  "shard_index": 5,
  "shard_count": 37,
  "summary": {
    "0": {
      "n": 100,
      "em": 0.14,
      "f1": 0.23100793650793652,
      "containment": 0.18,
      "latency_ms": 99.70404148101807,
      "context_chars": 0.0
    },
    "1": {
      "n": 100,
      "em": 0.32,
      "f1": 0.4267142857142857,
      "containment": 0.4,
      "latency_ms": 113.60189199447632,
      "context_chars": 639.89
    },
    "2": {
      "n": 100,
      "em": 0.36,
      "f1": 0.47449633699633703,
      "containment": 0.5,
      "latency_ms": 168.8738203048706,
      "context_chars": 1279.33
    },
    "3": {
      "n": 100,
      "em": 0.38,
      "f1": 0.48806105006105,
      "containment": 0.47,
      "latency_ms": 138.10289859771729,
      "context_chars": 1923.15
    },
    "4": {
      "n": 100,
      "em": 0.41,
      "f1": 0.5269181929181929,
      "containment": 0.51,
      "latency_ms": 154.6816110610962,
      "context_chars": 2570.36
    },
    "5": {
      "n": 100,
      "em": 0.4,
      "f1": 0.5023412698412698,
      "containment": 0.48,
      "latency_ms": 163.90692234039307,
      "context_chars": 3213.63
    },
    "6": {
      "n": 100,
      "em": 0.4,
      "f1": 0.5177820512820511,
      "containment": 0.49,
      "latency_ms": 175.77489614486694,
      "context_chars": 3858.4
    }
  }
}