{
  "shard_index": 32,
  "shard_count": 37,
  "summary": {
    "0": {
      "n": 100,
      "em": 0.11,
      "f1": 0.19312121212121214,
      "containment": 0.16,
      "latency_ms": 82.64195919036865,
      "context_chars": 0.0
    },
    "1": {
      "n": 100,
      "em": 0.18,
      "f1": 0.32124437980320336,
      "containment": 0.3,
      "latency_ms": 104.40062522888184,
      "context_chars": 633.78
    },
    "2": {
      "n": 100,
      "em": 0.26,
      "f1": 0.40228165951695355,
      "containment": 0.35,
      "latency_ms": 111.25338315963745,
      "context_chars": 1270.57
    },
    "3": {
      "n": 100,
      "em": 0.3,
      "f1": 0.439844430079724,
      "containment": 0.39,
      "latency_ms": 129.9132227897644,
      "context_chars": 1902.92
    },
    "4": {
      "n": 100,
      "em": 0.27,
      "f1": 0.4166301443654383,
      "containment": 0.36,
      "latency_ms": 145.10353565216064,
      "context_chars": 2542.99
    },
    "5": {
      "n": 100,
      "em": 0.3,
      "f1": 0.4658413106809332,
      "containment": 0.42,
      "latency_ms": 169.3231725692749,
      "context_chars": 3177.55
    },
    "6": {
      "n": 100,
      "em": 0.3,
      "f1": 0.4561100419496644,
      "containment": 0.39,
      "latency_ms": 181.72352075576782,
      "context_chars": 3814.19
    }
  }
}