{
  "shard_index": 17,
  "shard_count": 37,
  "summary": {
    "0": {
      "n": 100,
      "em": 0.12,
      "f1": 0.17842904921165792,
      "containment": 0.14,
      "latency_ms": 141.9496512413025,
      "context_chars": 0.0
    },
    "1": {
      "n": 100,
      "em": 0.33,
      "f1": 0.3954097744360902,
      "containment": 0.32,
      "latency_ms": 111.59534692764282,
      "context_chars": 640.84
    },
    "2": {
      "n": 100,
      "em": 0.39,
      "f1": 0.4963540163540162,
      "containment": 0.46,
      "latency_ms": 125.98982334136963,
      "context_chars": 1281.21
    },
    "3": {
      "n": 100,
      "em": 0.39,
      "f1": 0.505838899662429,
      "containment": 0.46,
      "latency_ms": 138.6924123764038,
      "context_chars": 1919.06
    },
    "4": {
      "n": 100,
      "em": 0.42,
      "f1": 0.5384011544011542,
      "containment": 0.51,
      "latency_ms": 159.41447973251343,
      "context_chars": 2560.63
    },
    "5": {
      "n": 100,
      "em": 0.41,
      "f1": 0.527469507101086,
      "containment": 0.49,
      "latency_ms": 170.95758199691772,
      "context_chars": 3198.99
    },
    "6": {
      "n": 100,
      "em": 0.41,
      "f1": 0.5221921411921412,
      "containment": 0.49,
      "latency_ms": 184.86154079437256,
      "context_chars": 3845.04
    }
  }
}