{
  "shard_index": 11,
  "shard_count": 37,
  "summary": {
    "0": {
      "n": 100,
      "em": 0.16,
      "f1": 0.21453968253968253,
      "containment": 0.18,
      "latency_ms": 80.42028427124023,
      "context_chars": 0.0
    },
    "1": {
      "n": 100,
      "em": 0.3,
      "f1": 0.3889752992105933,
      "containment": 0.38,
      "latency_ms": 101.08458518981934,
      "context_chars": 639.81
    },
    "2": {
      "n": 100,
      "em": 0.35,
      "f1": 0.43800560224089624,
      "containment": 0.44,
      "latency_ms": 117.6938533782959,
      "context_chars": 1276.2
    },
    "3": {
      "n": 100,
      "em": 0.34,
      "f1": 0.4329658586511526,
      "containment": 0.43,
      "latency_ms": 132.17540979385376,
      "context_chars": 1917.02
    },
    "4": {
      "n": 100,
      "em": 0.38,
      "f1": 0.4622757276823771,
      "containment": 0.48,
      "latency_ms": 144.1340708732605,
      "context_chars": 2558.69
    },
    "5": {
      "n": 100,
      "em": 0.42,
      "f1": 0.4952038027332144,
      "containment": 0.49,
      "latency_ms": 159.5572018623352,
      "context_chars": 3199.66
    },
    "6": {
      "n": 100,
      "em": 0.43,
      "f1": 0.5188329513623632,
      "containment": 0.5,
      "latency_ms": 164.77493286132812,
      "context_chars": 3836.53
    }
  }
}