{
  "shard_index": 29,
  "shard_count": 37,
  "summary": {
    "0": {
      "n": 100,
      "em": 0.1,
      "f1": 0.1786452203710268,
      "containment": 0.17,
      "latency_ms": 81.1378812789917,
      "context_chars": 0.0
    },
    "1": {
      "n": 100,
      "em": 0.24,
      "f1": 0.36108225108225106,
      "containment": 0.3,
      "latency_ms": 90.36620140075684,
      "context_chars": 640.13
    },
    "2": {
      "n": 100,
      "em": 0.3,
      "f1": 0.4288212669683256,
      "containment": 0.39,
      "latency_ms": 113.67229461669922,
      "context_chars": 1291.65
    },
    "3": {
      "n": 100,
      "em": 0.31,
      "f1": 0.46642516307222176,
      "containment": 0.41,
      "latency_ms": 121.53982639312744,
      "context_chars": 1936.31
    },
    "4": {
      "n": 100,
      "em": 0.32,
      "f1": 0.48010698125403983,
      "containment": 0.44,
      "latency_ms": 135.5015516281128,
      "context_chars": 2583.33
    },
    "5": {
      "n": 100,
      "em": 0.32,
      "f1": 0.48688522588522565,
      "containment": 0.42,
      "latency_ms": 145.24486541748047,
      "context_chars": 3222.06
    },
    "6": {
      "n": 100,
      "em": 0.32,
      "f1": 0.4832394598865185,
      "containment": 0.44,
      "latency_ms": 157.126784324646,
      "context_chars": 3870.87
    }
  }
}