{
  "shard_index": 35,
  "shard_count": 37,
  "summary": {
    "0": {
      "n": 100,
      "em": 0.14,
      "f1": 0.19685154061624652,
      "containment": 0.17,
      "latency_ms": 97.12647914886475,
      "context_chars": 0.0
    },
    "1": {
      "n": 100,
      "em": 0.29,
      "f1": 0.35653463203463204,
      "containment": 0.28,
      "latency_ms": 97.41787195205688,
      "context_chars": 639.35
    },
    "2": {
      "n": 100,
      "em": 0.26,
      "f1": 0.35261075036075035,
      "containment": 0.3,
      "latency_ms": 116.70442819595337,
      "context_chars": 1284.42
    },
    "3": {
      "n": 100,
      "em": 0.3,
      "f1": 0.3964446284709441,
      "containment": 0.33,
      "latency_ms": 137.5906538963318,
      "context_chars": 1926.25
    },
    "4": {
      "n": 100,
      "em": 0.3,
      "f1": 0.39554329004329,
      "containment": 0.33,
      "latency_ms": 138.37020635604858,
      "context_chars": 2568.32
    },
    "5": {
      "n": 100,
      "em": 0.3,
      "f1": 0.388007881007881,
      "containment": 0.33,
      "latency_ms": 155.14895677566528,
      "context_chars": 3217.86
    },
    "6": {
      "n": 100,
      "em": 0.33,
      "f1": 0.42538478188478185,
      "containment": 0.36,
      "latency_ms": 164.07604455947876,
      "context_chars": 3858.15
    }
  }
}