{
  "shard_index": 10,
  "shard_count": 37,
  "summary": {
    "0": {
      "n": 100,
      "em": 0.1,
      "f1": 0.14719444444444443,
      "containment": 0.1,
      "latency_ms": 80.49581289291382,
      "context_chars": 0.0
    },
    "1": {
      "n": 100,
      "em": 0.37,
      "f1": 0.4478671679197994,
      "containment": 0.4,
      "latency_ms": 95.50472021102905,
      "context_chars": 635.87
    },
    "2": {
      "n": 100,
      "em": 0.42,
      "f1": 0.49535958035958033,
      "containment": 0.48,
      "latency_ms": 109.40709829330444,
      "context_chars": 1279.04
    },
    "3": {
      "n": 100,
      "em": 0.42,
      "f1": 0.4846795777322093,
      "containment": 0.46,
      "latency_ms": 122.39746332168579,
      "context_chars": 1920.13
    },
    "4": {
      "n": 100,
      "em": 0.43,
      "f1": 0.49931381037263395,
      "containment": 0.47,
      "latency_ms": 130.09357452392578,
      "context_chars": 2559.9
    },
    "5": {
      "n": 100,
      "em": 0.42,
      "f1": 0.5033434343434344,
      "containment": 0.45,
      "latency_ms": 138.91829252243042,
      "context_chars": 3200.47
    },
    "6": {
      "n": 100,
      "em": 0.42,
      "f1": 0.5045656565656566,
      "containment": 0.46,
      "latency_ms": 150.52443981170654,
      "context_chars": 3838.57
    }
  }
}