{
  "shard_index": 21,
  "shard_count": 37,
  "summary": {
    "0": {
      "n": 100,
      "em": 0.09,
      "f1": 0.1422907268170426,
      "containment": 0.13,
      "latency_ms": 83.2959794998169,
      "context_chars": 0.0
    },
    "1": {
      "n": 100,
      "em": 0.25,
      "f1": 0.3366892551892552,
      "containment": 0.32,
      "latency_ms": 95.47048091888428,
      "context_chars": 626.33
    },
    "2": {
      "n": 100,
      "em": 0.33,
      "f1": 0.4174295149295149,
      "containment": 0.4,
      "latency_ms": 124.16494369506836,
      "context_chars": 1261.53
    },
    "3": {
      "n": 100,
      "em": 0.34,
      "f1": 0.44426834276834287,
      "containment": 0.42,
      "latency_ms": 144.45011377334595,
      "context_chars": 1893.51
    },
    "4": {
      "n": 100,
      "em": 0.34,
      "f1": 0.4561834831834831,
      "containment": 0.45,
      "latency_ms": 149.23997163772583,
      "context_chars": 2531.38
    },
    "5": {
      "n": 100,
      "em": 0.34,
      "f1": 0.44973038073038085,
      "containment": 0.45,
      "latency_ms": 158.8284707069397,
      "context_chars": 3165.84
    },
    "6": {
      "n": 100,
      "em": 0.36,
      "f1": 0.47526930379561966,
      "containment": 0.49,
      "latency_ms": 161.70648336410522,
      "context_chars": 3799.44
    }
  }
}