{
  "shard_index": 23,
  "shard_count": 37,
  "summary": {
    "0": {
      "n": 100,
      "em": 0.2,
      "f1": 0.28226190476190477,
      "containment": 0.2,
      "latency_ms": 76.80138349533081,
      "context_chars": 0.0
    },
    "1": {
      "n": 100,
      "em": 0.28,
      "f1": 0.3675100585688822,
      "containment": 0.38,
      "latency_ms": 94.02865886688232,
      "context_chars": 643.64
    },
    "2": {
      "n": 100,
      "em": 0.31,
      "f1": 0.4237784930329688,
      "containment": 0.45,
      "latency_ms": 109.6278429031372,
      "context_chars": 1289.82
    },
    "3": {
      "n": 100,
      "em": 0.34,
      "f1": 0.46498132586367874,
      "containment": 0.47,
      "latency_ms": 122.22785949707031,
      "context_chars": 1928.14
    },
    "4": {
      "n": 100,
      "em": 0.36,
      "f1": 0.4553293679145072,
      "containment": 0.45,
      "latency_ms": 129.78155612945557,
      "context_chars": 2570.98
    },
    "5": {
      "n": 100,
      "em": 0.35,
      "f1": 0.4639155419743654,
      "containment": 0.46,
      "latency_ms": 146.85637950897217,
      "context_chars": 3216.96
    },
    "6": {
      "n": 100,
      "em": 0.4,
      "f1": 0.5151334351922587,
      "containment": 0.51,
      "latency_ms": 153.83008241653442,
      "context_chars": 3863.02
    }
  }
}