{
  "shard_index": 34,
  "shard_count": 37,
  "summary": {
    "0": {
      "n": 100,
      "em": 0.15,
      "f1": 0.20626984126984127,
      "containment": 0.19,
      "latency_ms": 87.14040279388428,
      "context_chars": 0.0
    },
    "1": {
      "n": 100,
      "em": 0.29,
      "f1": 0.37388239538239537,
      "containment": 0.31,
      "latency_ms": 90.78315734863281,
      "context_chars": 641.94
    },
    "2": {
      "n": 100,
      "em": 0.31,
      "f1": 0.42122553263729734,
      "containment": 0.36,
      "latency_ms": 111.16858243942261,
      "context_chars": 1280.62
    },
    "3": {
      "n": 100,
      "em": 0.36,
      "f1": 0.46828327228327216,
      "containment": 0.42,
      "latency_ms": 129.16358470916748,
      "context_chars": 1919.76
    },
    "4": {
      "n": 100,
      "em": 0.34,
      "f1": 0.45282295482295476,
      "containment": 0.4,
      "latency_ms": 133.00217866897583,
      "context_chars": 2562.8
    },
    "5": {
      "n": 100,
      "em": 0.35,
      "f1": 0.4617539682539682,
      "containment": 0.44,
      "latency_ms": 148.42911005020142,
      "context_chars": 3204.26
    },
    "6": {
      "n": 100,
      "em": 0.36,
      "f1": 0.4569489302967563,
      "containment": 0.43,
      "latency_ms": 161.89287900924683,
      "context_chars": 3850.29
    }
  }
}