{
  "shard_index": 33,
  "shard_count": 37,
  "summary": {
    "0": {
      "n": 100,
      "em": 0.1,
      "f1": 0.15845454545454543,
      "containment": 0.1,
      "latency_ms": 83.3620285987854,
      "context_chars": 0.0
    },
    "1": {
      "n": 100,
      "em": 0.24,
      "f1": 0.3363800186741362,
      "containment": 0.23,
      "latency_ms": 96.34874820709229,
      "context_chars": 636.0
    },
    "2": {
      "n": 100,
      "em": 0.35,
      "f1": 0.4578697478991597,
      "containment": 0.37,
      "latency_ms": 121.55362606048584,
      "context_chars": 1275.0
    },
    "3": {
      "n": 100,
      "em": 0.31,
      "f1": 0.42225879240585124,
      "containment": 0.32,
      "latency_ms": 127.95153617858887,
      "context_chars": 1913.4
    },
    "4": {
      "n": 100,
      "em": 0.34,
      "f1": 0.4561710466004583,
      "containment": 0.36,
      "latency_ms": 150.08375644683838,
      "context_chars": 2549.7
    },
    "5": {
      "n": 100,
      "em": 0.35,
      "f1": 0.46197722567287774,
      "containment": 0.37,
      "latency_ms": 167.9598355293274,
      "context_chars": 3188.17
    },
    "6": {
      "n": 100,
      "em": 0.34,
      "f1": 0.45144315657297396,
      "containment": 0.34,
      "latency_ms": 169.22762870788574,
      "context_chars": 3832.13
    }
  }
}