{
  "shard_index": 36,
  "shard_count": 37,
  "summary": {
    "0": {
      "n": 10,
      "em": 0.2,
      "f1": 0.32666666666666666,
      "containment": 0.3,
      "latency_ms": 94.79398727416992,
      "context_chars": 0.0
    },
    "1": {
      "n": 10,
      "em": 0.3,
      "f1": 0.4866666666666667,
      "containment": 0.7,
      "latency_ms": 103.95772457122803,
      "context_chars": 648.1
    },
    "2": {
      "n": 10,
      "em": 0.3,
      "f1": 0.43888888888888894,
      "containment": 0.6,
      "latency_ms": 111.77978515625,
      "context_chars": 1278.1
    },
    "3": {
      "n": 10,
      "em": 0.4,
      "f1": 0.5666666666666667,
      "containment": 0.7,
      "latency_ms": 123.86682033538818,
      "context_chars": 1919.2
    },
    "4": {
      "n": 10,
      "em": 0.4,
      "f1": 0.5809523809523809,
      "containment": 0.8,
      "latency_ms": 157.01196193695068,
      "context_chars": 2571.6
    },
    "5": {
      "n": 10,
      "em": 0.4,
      "f1": 0.5888888888888889,
      "containment": 0.8,
      "latency_ms": 143.93904209136963,
      "context_chars": 3218.6
    },
    "6": {
      "n": 10,
      "em": 0.4,
      "f1": 0.5888888888888889,
      "containment": 0.8,
      "latency_ms": 153.87628078460693,
      "context_chars": 3861.0
    }
  }
}