{
  "shard_index": 1,
  "shard_count": 37,
  "summary": {
    "0": {
      "n": 100,
      "em": 0.06,
      "f1": 0.11755555555555557,
      "containment": 0.07,
      "latency_ms": 93.98987531661987,
      "context_chars": 0.0
    },
    "1": {
      "n": 100,
      "em": 0.3,
      "f1": 0.4180378787878788,
      "containment": 0.4,
      "latency_ms": 125.53526401519775,
      "context_chars": 637.49
    },
    "2": {
      "n": 100,
      "em": 0.32,
      "f1": 0.44537121212121206,
      "containment": 0.42,
      "latency_ms": 150.28265953063965,
      "context_chars": 1277.15
    },
    "3": {
      "n": 100,
      "em": 0.34,
      "f1": 0.47952975647540863,
      "containment": 0.44,
      "latency_ms": 164.19329166412354,
      "context_chars": 1917.6
    },
    "4": {
      "n": 100,
      "em": 0.31,
      "f1": 0.4431431623931623,
      "containment": 0.42,
      "latency_ms": 167.36434698104858,
      "context_chars": 2562.78
    },
    "5": {
      "n": 100,
      "em": 0.36,
      "f1": 0.48104792429792426,
      "containment": 0.46,
      "latency_ms": 188.53656768798828,
      "context_chars": 3206.85
    },
    "6": {
      "n": 100,
      "em": 0.34,
      "f1": 0.47802411477411466,
      "containment": 0.47,
      "latency_ms": 214.97251749038696,
      "context_chars": 3845.85
    }
  }
}