{
  "shard_index": 13,
  "shard_count": 37,
  "summary": {
    "0": {
      "n": 100,
      "em": 0.1,
      "f1": 0.18443230625583568,
      "containment": 0.17,
      "latency_ms": 82.73760318756104,
      "context_chars": 0.0
    },
    "1": {
      "n": 100,
      "em": 0.26,
      "f1": 0.3801507936507936,
      "containment": 0.35,
      "latency_ms": 95.1897406578064,
      "context_chars": 638.13
    },
    "2": {
      "n": 100,
      "em": 0.26,
      "f1": 0.35948962148962144,
      "containment": 0.37,
      "latency_ms": 108.42789888381958,
      "context_chars": 1274.84
    },
    "3": {
      "n": 100,
      "em": 0.25,
      "f1": 0.3828229548229548,
      "containment": 0.41,
      "latency_ms": 128.4192442893982,
      "context_chars": 1916.15
    },
    "4": {
      "n": 100,
      "em": 0.24,
      "f1": 0.3602698412698413,
      "containment": 0.37,
      "latency_ms": 132.6216220855713,
      "context_chars": 2554.73
    },
    "5": {
      "n": 100,
      "em": 0.25,
      "f1": 0.371617196812849,
      "containment": 0.4,
      "latency_ms": 158.58486413955688,
      "context_chars": 3193.42
    },
    "6": {
      "n": 100,
      "em": 0.24,
      "f1": 0.3728817632316085,
      "containment": 0.38,
      "latency_ms": 162.8705859184265,
      "context_chars": 3834.74
    }
  }
}