{
  "shard_index": 7,
  "shard_count": 37,
  "summary": {
    "0": {
      "n": 100,
      "em": 0.13,
      "f1": 0.1995037331949097,
      "containment": 0.19,
      "latency_ms": 117.05983400344849,
      "context_chars": 0.0
    },
    "1": {
      "n": 100,
      "em": 0.26,
      "f1": 0.3623423243423243,
      "containment": 0.31,
      "latency_ms": 115.06531000137329,
      "context_chars": 641.97
    },
    "2": {
      "n": 100,
      "em": 0.28,
      "f1": 0.3865309135309134,
      "containment": 0.31,
      "latency_ms": 135.6925129890442,
      "context_chars": 1278.72
    },
    "3": {
      "n": 100,
      "em": 0.29,
      "f1": 0.4074094598212244,
      "containment": 0.35,
      "latency_ms": 166.836256980896,
      "context_chars": 1915.55
    },
    "4": {
      "n": 100,
      "em": 0.3,
      "f1": 0.40952035872624104,
      "containment": 0.36,
      "latency_ms": 190.73282957077026,
      "context_chars": 2551.5
    },
    "5": {
      "n": 100,
      "em": 0.27,
      "f1": 0.40215362415362416,
      "containment": 0.35,
      "latency_ms": 195.90292692184448,
      "context_chars": 3198.21
    },
    "6": {
      "n": 100,
      "em": 0.29,
      "f1": 0.41774100899100886,
      "containment": 0.37,
      "latency_ms": 201.35063886642456,
      "context_chars": 3838.73
    }
  }
}