{
  "shard_index": 3,
  "shard_count": 37,
  "summary": {
    "0": {
      "n": 100,
      "em": 0.09,
      "f1": 0.13465151515151513,
      "containment": 0.12,
      "latency_ms": 93.95939588546753,
      "context_chars": 0.0
    },
    "1": {
      "n": 100,
      "em": 0.24,
      "f1": 0.3134126984126984,
      "containment": 0.31,
      "latency_ms": 106.69920921325684,
      "context_chars": 636.31
    },
    "2": {
      "n": 100,
      "em": 0.27,
      "f1": 0.3632007936507936,
      "containment": 0.35,
      "latency_ms": 125.30182600021362,
      "context_chars": 1275.37
    },
    "3": {
      "n": 100,
      "em": 0.27,
      "f1": 0.387344298245614,
      "containment": 0.38,
      "latency_ms": 147.5244665145874,
      "context_chars": 1922.32
    },
    "4": {
      "n": 100,
      "em": 0.31,
      "f1": 0.4221547619047618,
      "containment": 0.42,
      "latency_ms": 157.8640079498291,
      "context_chars": 2559.89
    },
    "5": {
      "n": 100,
      "em": 0.32,
      "f1": 0.4460888278388277,
      "containment": 0.44,
      "latency_ms": 179.86981868743896,
      "context_chars": 3205.08
    },
    "6": {
      "n": 100,
      "em": 0.32,
      "f1": 0.4547609057609057,
      "containment": 0.44,
      "latency_ms": 178.18313121795654,
      "context_chars": 3838.52
    }
  }
}