{
  "shard_index": 28,
  "shard_count": 37,
  "summary": {
    "0": {
      "n": 100,
      "em": 0.1,
      "f1": 0.1713368648894965,
      "containment": 0.15,
      "latency_ms": 119.1990852355957,
      "context_chars": 0.0
    },
    "1": {
      "n": 100,
      "em": 0.3,
      "f1": 0.4000452847805789,
      "containment": 0.34,
      "latency_ms": 116.61855697631836,
      "context_chars": 637.08
    },
    "2": {
      "n": 100,
      "em": 0.29,
      "f1": 0.3978512831012831,
      "containment": 0.35,
      "latency_ms": 138.819842338562,
      "context_chars": 1277.92
    },
    "3": {
      "n": 100,
      "em": 0.29,
      "f1": 0.40680449140231756,
      "containment": 0.32,
      "latency_ms": 156.26273155212402,
      "context_chars": 1923.36
    },
    "4": {
      "n": 100,
      "em": 0.3,
      "f1": 0.41115311116472114,
      "containment": 0.32,
      "latency_ms": 166.44048929214478,
      "context_chars": 2561.17
    },
    "5": {
      "n": 100,
      "em": 0.3,
      "f1": 0.42039074487603906,
      "containment": 0.35,
      "latency_ms": 174.0272617340088,
      "context_chars": 3204.9
    },
    "6": {
      "n": 100,
      "em": 0.33,
      "f1": 0.45097650935310796,
      "containment": 0.39,
      "latency_ms": 186.13081216812134,
      "context_chars": 3842.96
    }
  }
}