{
  "shard_index": 19,
  "shard_count": 37,
  "summary": {
    "0": {
      "n": 100,
      "em": 0.08,
      "f1": 0.15962353872749913,
      "containment": 0.15,
      "latency_ms": 135.03522157669067,
      "context_chars": 0.0
    },
    "1": {
      "n": 100,
      "em": 0.27,
      "f1": 0.3651083524318819,
      "containment": 0.32,
      "latency_ms": 106.983962059021,
      "context_chars": 634.99
    },
    "2": {
      "n": 100,
      "em": 0.25,
      "f1": 0.35100328480708226,
      "containment": 0.32,
      "latency_ms": 131.13183975219727,
      "context_chars": 1269.92
    },
    "3": {
      "n": 100,
      "em": 0.27,
      "f1": 0.38113081554460854,
      "containment": 0.35,
      "latency_ms": 140.7998538017273,
      "context_chars": 1909.03
    },
    "4": {
      "n": 100,
      "em": 0.26,
      "f1": 0.3750782196633315,
      "containment": 0.37,
      "latency_ms": 173.32767009735107,
      "context_chars": 2546.46
    },
    "5": {
      "n": 100,
      "em": 0.28,
      "f1": 0.38387457290040017,
      "containment": 0.36,
      "latency_ms": 167.64145135879517,
      "context_chars": 3177.99
    },
    "6": {
      "n": 100,
      "em": 0.3,
      "f1": 0.4001978993324223,
      "containment": 0.37,
      "latency_ms": 177.4825358390808,
      "context_chars": 3818.23
    }
  }
}