{
  "shard_index": 4,
  "shard_count": 37,
  "summary": {
    "0": {
      "n": 100,
      "em": 0.11,
      "f1": 0.18244028194028192,
      "containment": 0.17,
      "latency_ms": 162.58493423461914,
      "context_chars": 0.0
    },
    "1": {
      "n": 100,
      "em": 0.19,
      "f1": 0.28498015873015875,
      "containment": 0.29,
      "latency_ms": 132.20925569534302,
      "context_chars": 642.15
    },
    "2": {
      "n": 100,
      "em": 0.19,
      "f1": 0.31706168831168835,
      "containment": 0.3,
      "latency_ms": 142.81611680984497,
      "context_chars": 1275.79
    },
    "3": {
      "n": 100,
      "em": 0.27,
      "f1": 0.3687817460317459,
      "containment": 0.36,
      "latency_ms": 157.60390043258667,
      "context_chars": 1907.6
    },
    "4": {
      "n": 100,
      "em": 0.27,
      "f1": 0.39644360902255626,
      "containment": 0.4,
      "latency_ms": 165.61307430267334,
      "context_chars": 2544.73
    },
    "5": {
      "n": 100,
      "em": 0.32,
      "f1": 0.42580075187969924,
      "containment": 0.43,
      "latency_ms": 183.23930263519287,
      "context_chars": 3189.03
    },
    "6": {
      "n": 100,
      "em": 0.31,
      "f1": 0.42574519632414365,
      "containment": 0.42,
      "latency_ms": 206.53396844863892,
      "context_chars": 3832.54
    }
  }
}