{
  "shard_index": 16,
  "shard_count": 37,
  "summary": {
    "0": {
      "n": 100,
      "em": 0.13,
      "f1": 0.18908333333333335,
      "containment": 0.17,
      "latency_ms": 107.44606256484985,
      "context_chars": 0.0
    },
    "1": {
      "n": 100,
      "em": 0.28,
      "f1": 0.3543743086978381,
      "containment": 0.35,
      "latency_ms": 103.70843887329102,
      "context_chars": 635.77
    },
    "2": {
      "n": 100,
      "em": 0.28,
      "f1": 0.37233965707495115,
      "containment": 0.35,
      "latency_ms": 116.05499982833862,
      "context_chars": 1274.29
    },
    "3": {
      "n": 100,
      "em": 0.34,
      "f1": 0.42044890077243013,
      "containment": 0.4,
      "latency_ms": 126.96672677993774,
      "context_chars": 1913.09
    },
    "4": {
      "n": 100,
      "em": 0.3,
      "f1": 0.4003520499108733,
      "containment": 0.41,
      "latency_ms": 142.0758032798767,
      "context_chars": 2552.05
    },
    "5": {
      "n": 100,
      "em": 0.31,
      "f1": 0.41417839023721364,
      "containment": 0.41,
      "latency_ms": 152.46464490890503,
      "context_chars": 3191.96
    },
    "6": {
      "n": 100,
      "em": 0.33,
      "f1": 0.4464184348226093,
      "containment": 0.44,
      "latency_ms": 164.52898502349854,
      "context_chars": 3830.52
    }
  }
}