{
  "shard_index": 26,
  "shard_count": 37,
  "summary": {
    "0": {
      "n": 100,
      "em": 0.09,
      "f1": 0.15633333333333332,
      "containment": 0.12,
      "latency_ms": 75.01283884048462,
      "context_chars": 0.0
    },
    "1": {
      "n": 100,
      "em": 0.24,
      "f1": 0.3523672438672439,
      "containment": 0.34,
      "latency_ms": 93.90193700790405,
      "context_chars": 644.06
    },
    "2": {
      "n": 100,
      "em": 0.3,
      "f1": 0.4192457653457653,
      "containment": 0.41,
      "latency_ms": 116.40442371368408,
      "context_chars": 1288.23
    },
    "3": {
      "n": 100,
      "em": 0.32,
      "f1": 0.44669030969030954,
      "containment": 0.42,
      "latency_ms": 124.05859231948853,
      "context_chars": 1935.28
    },
    "4": {
      "n": 100,
      "em": 0.35,
      "f1": 0.4944371184371184,
      "containment": 0.49,
      "latency_ms": 140.18195390701294,
      "context_chars": 2578.07
    },
    "5": {
      "n": 100,
      "em": 0.35,
      "f1": 0.5029119769119769,
      "containment": 0.47,
      "latency_ms": 153.7408208847046,
      "context_chars": 3226.44
    },
    "6": {
      "n": 100,
      "em": 0.35,
      "f1": 0.5060325287178946,
      "containment": 0.48,
      "latency_ms": 174.46521043777466,
      "context_chars": 3867.21
    }
  }
}