{
  "shard_index": 6,
  "shard_count": 37,
  "summary": {
    "0": {
      "n": 100,
      "em": 0.1,
      "f1": 0.1678015873015873,
      "containment": 0.11,
      "latency_ms": 96.08014345169067,
      "context_chars": 0.0
    },
    "1": {
      "n": 100,
      "em": 0.3,
      "f1": 0.41279472075911705,
      "containment": 0.39,
      "latency_ms": 126.78171634674072,
      "context_chars": 638.1
    },
    "2": {
      "n": 100,
      "em": 0.29,
      "f1": 0.3929984412993566,
      "containment": 0.39,
      "latency_ms": 141.67997360229492,
      "context_chars": 1283.19
    },
    "3": {
      "n": 100,
      "em": 0.31,
      "f1": 0.40234410164587514,
      "containment": 0.39,
      "latency_ms": 162.3227310180664,
      "context_chars": 1917.06
    },
    "4": {
      "n": 100,
      "em": 0.31,
      "f1": 0.4151438433024655,
      "containment": 0.42,
      "latency_ms": 181.27116918563843,
      "context_chars": 2552.28
    },
    "5": {
      "n": 100,
      "em": 0.31,
      "f1": 0.42285941730991794,
      "containment": 0.42,
      "latency_ms": 190.46046018600464,
      "context_chars": 3197.09
    },
    "6": {
      "n": 100,
      "em": 0.35,
      "f1": 0.45943223849470405,
      "containment": 0.46,
      "latency_ms": 201.91100597381592,
      "context_chars": 3839.18
    }
  }
}