{
  "shard_index": 20,
  "shard_count": 37,
  "summary": {
    "0": {
      "n": 100,
      "em": 0.15,
      "f1": 0.2007857142857143,
      "containment": 0.17,
      "latency_ms": 76.0269045829773,
      "context_chars": 0.0
    },
    "1": {
      "n": 100,
      "em": 0.34,
      "f1": 0.41567599067599076,
      "containment": 0.36,
      "latency_ms": 92.33092784881592,
      "context_chars": 637.39
    },
    "2": {
      "n": 100,
      "em": 0.38,
      "f1": 0.4547442361560009,
      "containment": 0.4,
      "latency_ms": 105.49889087677002,
      "context_chars": 1273.82
    },
    "3": {
      "n": 100,
      "em": 0.42,
      "f1": 0.5081630036630037,
      "containment": 0.47,
      "latency_ms": 120.39949655532837,
      "context_chars": 1914.68
    },
    "4": {
      "n": 100,
      "em": 0.43,
      "f1": 0.5049285714285715,
      "containment": 0.46,
      "latency_ms": 132.52115726470947,
      "context_chars": 2560.12
    },
    "5": {
      "n": 100,
      "em": 0.39,
      "f1": 0.49249633699633705,
      "containment": 0.47,
      "latency_ms": 145.1943826675415,
      "context_chars": 3195.56
    },
    "6": {
      "n": 100,
      "em": 0.4,
      "f1": 0.503496336996337,
      "containment": 0.46,
      "latency_ms": 151.99811458587646,
      "context_chars": 3838.84
    }
  }
}