{
  "shard_index": 24,
  "shard_count": 37,
  "summary": {
    "0": {
      "n": 100,
      "em": 0.08,
      "f1": 0.12355555555555554,
      "containment": 0.12,
      "latency_ms": 71.02759122848511,
      "context_chars": 0.0
    },
    "1": {
      "n": 100,
      "em": 0.23,
      "f1": 0.31771053946053945,
      "containment": 0.32,
      "latency_ms": 100.73578357696533,
      "context_chars": 640.05
    },
    "2": {
      "n": 100,
      "em": 0.25,
      "f1": 0.32238796835348554,
      "containment": 0.32,
      "latency_ms": 119.48793172836304,
      "context_chars": 1279.61
    },
    "3": {
      "n": 100,
      "em": 0.27,
      "f1": 0.36809473859473846,
      "containment": 0.37,
      "latency_ms": 125.17911195755005,
      "context_chars": 1920.76
    },
    "4": {
      "n": 100,
      "em": 0.28,
      "f1": 0.3758753082666126,
      "containment": 0.36,
      "latency_ms": 130.58846712112427,
      "context_chars": 2569.18
    },
    "5": {
      "n": 100,
      "em": 0.27,
      "f1": 0.38088352388352376,
      "containment": 0.37,
      "latency_ms": 146.5820813179016,
      "context_chars": 3211.46
    },
    "6": {
      "n": 100,
      "em": 0.27,
      "f1": 0.37209386748517176,
      "containment": 0.35,
      "latency_ms": 152.30960369110107,
      "context_chars": 3854.03
    }
  }
}