{
  "shard_index": 15,
  "shard_count": 37,
  "summary": {
    "0": {
      "n": 100,
      "em": 0.1,
      "f1": 0.18986111111111106,
      "containment": 0.16,
      "latency_ms": 84.02439832687378,
      "context_chars": 0.0
    },
    "1": {
      "n": 100,
      "em": 0.24,
      "f1": 0.32368650793650794,
      "containment": 0.32,
      "latency_ms": 102.2406816482544,
      "context_chars": 642.54
    },
    "2": {
      "n": 100,
      "em": 0.29,
      "f1": 0.3872896825396824,
      "containment": 0.35,
      "latency_ms": 112.97306776046753,
      "context_chars": 1283.99
    },
    "3": {
      "n": 100,
      "em": 0.32,
      "f1": 0.433079365079365,
      "containment": 0.38,
      "latency_ms": 134.50740814208984,
      "context_chars": 1925.36
    },
    "4": {
      "n": 100,
      "em": 0.31,
      "f1": 0.4213155359133619,
      "containment": 0.38,
      "latency_ms": 157.08738327026367,
      "context_chars": 2567.03
    },
    "5": {
      "n": 100,
      "em": 0.33,
      "f1": 0.4555719307574146,
      "containment": 0.41,
      "latency_ms": 179.66686725616455,
      "context_chars": 3207.51
    },
    "6": {
      "n": 100,
      "em": 0.33,
      "f1": 0.4484577737077738,
      "containment": 0.38,
      "latency_ms": 174.33183431625366,
      "context_chars": 3844.49
    }
  }
}