{
  "shard_index": 9,
  "shard_count": 37,
  "summary": {
    "0": {
      "n": 100,
      "em": 0.17,
      "f1": 0.23600671550671548,
      "containment": 0.19,
      "latency_ms": 108.77853393554688,
      "context_chars": 0.0
    },
    "1": {
      "n": 100,
      "em": 0.31,
      "f1": 0.4006178266178266,
      "containment": 0.34,
      "latency_ms": 112.12827205657959,
      "context_chars": 641.64
    },
    "2": {
      "n": 100,
      "em": 0.37,
      "f1": 0.43527128427128425,
      "containment": 0.37,
      "latency_ms": 125.14257669448853,
      "context_chars": 1281.0
    },
    "3": {
      "n": 100,
      "em": 0.33,
      "f1": 0.4351984126984126,
      "containment": 0.4,
      "latency_ms": 149.82702493667603,
      "context_chars": 1922.45
    },
    "4": {
      "n": 100,
      "em": 0.33,
      "f1": 0.4178909592822636,
      "containment": 0.38,
      "latency_ms": 162.39995956420898,
      "context_chars": 2565.74
    },
    "5": {
      "n": 100,
      "em": 0.33,
      "f1": 0.435467291967292,
      "containment": 0.41,
      "latency_ms": 181.04260921478271,
      "context_chars": 3205.15
    },
    "6": {
      "n": 100,
      "em": 0.39,
      "f1": 0.4849285714285714,
      "containment": 0.44,
      "latency_ms": 193.38587760925293,
      "context_chars": 3851.97
    }
  }
}