{
  "shard_index": 18,
  "shard_count": 37,
  "summary": {
    "0": {
      "n": 100,
      "em": 0.11,
      "f1": 0.19363852813852817,
      "containment": 0.16,
      "latency_ms": 78.45350742340088,
      "context_chars": 0.0
    },
    "1": {
      "n": 100,
      "em": 0.33,
      "f1": 0.44297056277056285,
      "containment": 0.4,
      "latency_ms": 100.19918203353882,
      "context_chars": 636.01
    },
    "2": {
      "n": 100,
      "em": 0.37,
      "f1": 0.4895352007469653,
      "containment": 0.44,
      "latency_ms": 115.14570713043213,
      "context_chars": 1275.35
    },
    "3": {
      "n": 100,
      "em": 0.37,
      "f1": 0.5045179502489847,
      "containment": 0.46,
      "latency_ms": 133.3124542236328,
      "context_chars": 1921.26
    },
    "4": {
      "n": 100,
      "em": 0.38,
      "f1": 0.5207156414466759,
      "containment": 0.46,
      "latency_ms": 141.54152154922485,
      "context_chars": 2565.93
    },
    "5": {
      "n": 100,
      "em": 0.41,
      "f1": 0.5491208384208384,
      "containment": 0.5,
      "latency_ms": 155.09557485580444,
      "context_chars": 3203.75
    },
    "6": {
      "n": 100,
      "em": 0.4,
      "f1": 0.5490446886446886,
      "containment": 0.48,
      "latency_ms": 166.2250542640686,
      "context_chars": 3844.64
    }
  }
}