{
  "shard_index": 22,
  "shard_count": 37,
  "summary": {
    "0": {
      "n": 100,
      "em": 0.15,
      "f1": 0.17767502978948763,
      "containment": 0.19,
      "latency_ms": 137.68277168273926,
      "context_chars": 0.0
    },
    "1": {
      "n": 100,
      "em": 0.26,
      "f1": 0.3589010989010989,
      "containment": 0.3,
      "latency_ms": 94.86300706863403,
      "context_chars": 635.07
    },
    "2": {
      "n": 100,
      "em": 0.29,
      "f1": 0.37531277324825707,
      "containment": 0.38,
      "latency_ms": 109.9990463256836,
      "context_chars": 1277.84
    },
    "3": {
      "n": 100,
      "em": 0.32,
      "f1": 0.4130995115995115,
      "containment": 0.38,
      "latency_ms": 127.12735652923584,
      "context_chars": 1918.31
    },
    "4": {
      "n": 100,
      "em": 0.34,
      "f1": 0.4420097680097679,
      "containment": 0.44,
      "latency_ms": 132.30028629302979,
      "context_chars": 2559.65
    },
    "5": {
      "n": 100,
      "em": 0.37,
      "f1": 0.47681013431013425,
      "containment": 0.46,
      "latency_ms": 145.27920246124268,
      "context_chars": 3199.31
    },
    "6": {
      "n": 100,
      "em": 0.38,
      "f1": 0.4735624605279776,
      "containment": 0.46,
      "latency_ms": 154.78573083877563,
      "context_chars": 3833.72
    }
  }
}