{
  "shard_index": 12,
  "shard_count": 37,
  "summary": {
    "0": {
      "n": 100,
      "em": 0.11,
      "f1": 0.17149999999999996,
      "containment": 0.16,
      "latency_ms": 76.4442253112793,
      "context_chars": 0.0
    },
    "1": {
      "n": 100,
      "em": 0.29,
      "f1": 0.4070656565656565,
      "containment": 0.39,
      "latency_ms": 90.7986831665039,
      "context_chars": 634.58
    },
    "2": {
      "n": 100,
      "em": 0.32,
      "f1": 0.4241450216450216,
      "containment": 0.42,
      "latency_ms": 106.28339052200317,
      "context_chars": 1272.03
    },
    "3": {
      "n": 100,
      "em": 0.33,
      "f1": 0.43407359307359306,
      "containment": 0.41,
      "latency_ms": 124.50151920318604,
      "context_chars": 1911.17
    },
    "4": {
      "n": 100,
      "em": 0.37,
      "f1": 0.49164502164502155,
      "containment": 0.47,
      "latency_ms": 123.27881574630737,
      "context_chars": 2552.47
    },
    "5": {
      "n": 100,
      "em": 0.38,
      "f1": 0.4958672438672438,
      "containment": 0.48,
      "latency_ms": 144.10152673721313,
      "context_chars": 3195.63
    },
    "6": {
      "n": 100,
      "em": 0.39,
      "f1": 0.5024704184704184,
      "containment": 0.48,
      "latency_ms": 150.79938888549805,
      "context_chars": 3832.86
    }
  }
}