{
  "shard_index": 2,
  "shard_count": 37,
  "summary": {
    "0": {
      "n": 100,
      "em": 0.09,
      "f1": 0.15471031746031746,
      "containment": 0.14,
      "latency_ms": 103.778235912323,
      "context_chars": 0.0
    },
    "1": {
      "n": 100,
      "em": 0.22,
      "f1": 0.32799494949494956,
      "containment": 0.3,
      "latency_ms": 110.62488079071045,
      "context_chars": 631.26
    },
    "2": {
      "n": 100,
      "em": 0.21,
      "f1": 0.3398832565284179,
      "containment": 0.33,
      "latency_ms": 128.4195327758789,
      "context_chars": 1265.58
    },
    "3": {
      "n": 100,
      "em": 0.25,
      "f1": 0.35300888000888003,
      "containment": 0.31,
      "latency_ms": 150.11115550994873,
      "context_chars": 1896.38
    },
    "4": {
      "n": 100,
      "em": 0.25,
      "f1": 0.37727583527583525,
      "containment": 0.35,
      "latency_ms": 151.7725396156311,
      "context_chars": 2537.81
    },
    "5": {
      "n": 100,
      "em": 0.27,
      "f1": 0.3790165945165945,
      "containment": 0.36,
      "latency_ms": 172.02841997146606,
      "context_chars": 3174.03
    },
    "6": {
      "n": 100,
      "em": 0.29,
      "f1": 0.4113535353535353,
      "containment": 0.4,
      "latency_ms": 176.31260871887207,
      "context_chars": 3809.38
    }
  }
}