{
  "shard_index": 14,
  "shard_count": 37,
  "summary": {
    "0": {
      "n": 100,
      "em": 0.14,
      "f1": 0.2036507936507936,
      "containment": 0.15,
      "latency_ms": 75.00728130340576,
      "context_chars": 0.0
    },
    "1": {
      "n": 100,
      "em": 0.24,
      "f1": 0.3364292929292929,
      "containment": 0.29,
      "latency_ms": 103.06589603424072,
      "context_chars": 638.3
    },
    "2": {
      "n": 100,
      "em": 0.33,
      "f1": 0.43734523809523806,
      "containment": 0.37,
      "latency_ms": 110.42424201965332,
      "context_chars": 1277.53
    },
    "3": {
      "n": 100,
      "em": 0.34,
      "f1": 0.45145787545787547,
      "containment": 0.38,
      "latency_ms": 117.67606019973755,
      "context_chars": 1926.03
    },
    "4": {
      "n": 100,
      "em": 0.38,
      "f1": 0.4705040515040514,
      "containment": 0.41,
      "latency_ms": 128.49144220352173,
      "context_chars": 2570.57
    },
    "5": {
      "n": 100,
      "em": 0.37,
      "f1": 0.4832142857142857,
      "containment": 0.43,
      "latency_ms": 137.31599807739258,
      "context_chars": 3210.47
    },
    "6": {
      "n": 100,
      "em": 0.41,
      "f1": 0.5102912087912087,
      "containment": 0.46,
      "latency_ms": 144.87351179122925,
      "context_chars": 3850.3
    }
  }
}