{
  "shard_index": 30,
  "shard_count": 37,
  "summary": {
    "0": {
      "n": 100,
      "em": 0.1,
      "f1": 0.16460317460317458,
      "containment": 0.14,
      "latency_ms": 74.97565031051636,
      "context_chars": 0.0
    },
    "1": {
      "n": 100,
      "em": 0.37,
      "f1": 0.44457287157287156,
      "containment": 0.39,
      "latency_ms": 95.25219917297363,
      "context_chars": 642.56
    },
    "2": {
      "n": 100,
      "em": 0.4,
      "f1": 0.4920649350649349,
      "containment": 0.44,
      "latency_ms": 112.44640111923218,
      "context_chars": 1292.16
    },
    "3": {
      "n": 100,
      "em": 0.43,
      "f1": 0.5399841269841267,
      "containment": 0.46,
      "latency_ms": 118.98250818252563,
      "context_chars": 1935.56
    },
    "4": {
      "n": 100,
      "em": 0.46,
      "f1": 0.5532967032967031,
      "containment": 0.47,
      "latency_ms": 125.34144401550293,
      "context_chars": 2577.37
    },
    "5": {
      "n": 100,
      "em": 0.43,
      "f1": 0.531200244200244,
      "containment": 0.47,
      "latency_ms": 142.08106756210327,
      "context_chars": 3224.31
    },
    "6": {
      "n": 100,
      "em": 0.44,
      "f1": 0.5508522588522586,
      "containment": 0.49,
      "latency_ms": 147.26359367370605,
      "context_chars": 3862.87
    }
  }
}