{
  "shard_index": 25,
  "shard_count": 37,
  "summary": {
    "0": {
      "n": 100,
      "em": 0.17,
      "f1": 0.23088239538239538,
      "containment": 0.21,
      "latency_ms": 82.01808452606201,
      "context_chars": 0.0
    },
    "1": {
      "n": 100,
      "em": 0.37,
      "f1": 0.4532159507159507,
      "containment": 0.42,
      "latency_ms": 91.7677640914917,
      "context_chars": 639.04
    },
    "2": {
      "n": 100,
      "em": 0.39,
      "f1": 0.46395434985588446,
      "containment": 0.46,
      "latency_ms": 106.18454694747925,
      "context_chars": 1279.79
    },
    "3": {
      "n": 100,
      "em": 0.4,
      "f1": 0.48063780663780664,
      "containment": 0.48,
      "latency_ms": 127.17566013336182,
      "context_chars": 1913.3
    },
    "4": {
      "n": 100,
      "em": 0.39,
      "f1": 0.4627650029708854,
      "containment": 0.49,
      "latency_ms": 143.2032346725464,
      "context_chars": 2556.34
    },
    "5": {
      "n": 100,
      "em": 0.41,
      "f1": 0.4864027814290972,
      "containment": 0.5,
      "latency_ms": 155.27069807052612,
      "context_chars": 3191.28
    },
    "6": {
      "n": 100,
      "em": 0.42,
      "f1": 0.5027914307914307,
      "containment": 0.53,
      "latency_ms": 164.60023403167725,
      "context_chars": 3829.07
    }
  }
}