{
  "shard_index": 31,
  "shard_count": 37,
  "summary": {
    "0": {
      "n": 100,
      "em": 0.12,
      "f1": 0.17431746031746034,
      "containment": 0.14,
      "latency_ms": 107.64671564102173,
      "context_chars": 0.0
    },
    "1": {
      "n": 100,
      "em": 0.27,
      "f1": 0.35352509124862075,
      "containment": 0.31,
      "latency_ms": 106.73626899719238,
      "context_chars": 639.11
    },
    "2": {
      "n": 100,
      "em": 0.32,
      "f1": 0.4361839826839827,
      "containment": 0.36,
      "latency_ms": 108.73373508453369,
      "context_chars": 1278.09
    },
    "3": {
      "n": 100,
      "em": 0.34,
      "f1": 0.4518812576312575,
      "containment": 0.4,
      "latency_ms": 122.18311548233032,
      "context_chars": 1915.45
    },
    "4": {
      "n": 100,
      "em": 0.33,
      "f1": 0.4410602453102453,
      "containment": 0.39,
      "latency_ms": 126.7316222190857,
      "context_chars": 2555.94
    },
    "5": {
      "n": 100,
      "em": 0.33,
      "f1": 0.4463658008658009,
      "containment": 0.4,
      "latency_ms": 142.23069429397583,
      "context_chars": 3197.82
    },
    "6": {
      "n": 100,
      "em": 0.32,
      "f1": 0.43171928071928073,
      "containment": 0.37,
      "latency_ms": 152.84824132919312,
      "context_chars": 3832.38
    }
  }
}