{
  "shard_index": 27,
  "shard_count": 37,
  "summary": {
    "0": {
      "n": 100,
      "em": 0.19,
      "f1": 0.23137373737373734,
      "containment": 0.2,
      "latency_ms": 105.63703298568726,
      "context_chars": 0.0
    },
    "1": {
      "n": 100,
      "em": 0.31,
      "f1": 0.40498412698412684,
      "containment": 0.35,
      "latency_ms": 92.24418640136719,
      "context_chars": 637.83
    },
    "2": {
      "n": 100,
      "em": 0.37,
      "f1": 0.4639838383838384,
      "containment": 0.41,
      "latency_ms": 107.22074270248413,
      "context_chars": 1277.01
    },
    "3": {
      "n": 100,
      "em": 0.4,
      "f1": 0.4963491817779742,
      "containment": 0.44,
      "latency_ms": 122.18897342681885,
      "context_chars": 1911.12
    },
    "4": {
      "n": 100,
      "em": 0.4,
      "f1": 0.5005051778287072,
      "containment": 0.45,
      "latency_ms": 132.81027555465698,
      "context_chars": 2546.69
    },
    "5": {
      "n": 100,
      "em": 0.4,
      "f1": 0.502155971479501,
      "containment": 0.44,
      "latency_ms": 150.19628047943115,
      "context_chars": 3181.51
    },
    "6": {
      "n": 100,
      "em": 0.39,
      "f1": 0.5068010025062657,
      "containment": 0.45,
      "latency_ms": 161.89547538757324,
      "context_chars": 3813.73
    }
  }
}