{
  "dataset": "nq_test",
  "retriever": "BGE",
  "rag_variant": "BGE_Llama70B_PromptB_k0to6",
  "num_examples": 3610,
  "shots": {
    "0": {
      "n": 3610,
      "em": 0.34570637119113573,
      "f1": 0.48598838768247915,
      "containment": 0.4246537396121884,
      "latency_ms": 2303.629113696619,
      "context_chars": 0.0
    },
    "1": {
      "n": 3610,
      "em": 0.3,
      "f1": 0.3941429854617769,
      "containment": 0.3493074792243767,
      "latency_ms": 2436.291399887064,
      "context_chars": 638.1210526315789
    },
    "2": {
      "n": 3610,
      "em": 0.343213296398892,
      "f1": 0.44768167205463044,
      "containment": 0.4022160664819945,
      "latency_ms": 2488.0567691993183,
      "context_chars": 1278.0637119113574
    },
    "3": {
      "n": 3610,
      "em": 0.3670360110803324,
      "f1": 0.478741301963176,
      "containment": 0.43047091412742383,
      "latency_ms": 2500.114450758514,
      "context_chars": 1917.8537396121883
    },
    "4": {
      "n": 3610,
      "em": 0.3814404432132964,
      "f1": 0.49524268479524386,
      "containment": 0.44681440443213294,
      "latency_ms": 2532.3499309058993,
      "context_chars": 2559.081163434903
    },
    "5": {
      "n": 3610,
      "em": 0.39058171745152354,
      "f1": 0.5063681894089924,
      "containment": 0.45734072022160666,
      "latency_ms": 2537.50991484465,
      "context_chars": 3199.8304709141275
    },
    "6": {
      "n": 3610,
      "em": 0.39362880886426593,
      "f1": 0.5122051965239922,
      "containment": 0.46121883656509693,
      "latency_ms": 2534.590593401415,
      "context_chars": 3839.6720221606647
    }
  }
}