{
  "dataset": "nq_test",
  "retriever": "BM25_MonoT5",
  "rag_variant": "BM25_MonoT5_Llama70B_PromptB_k0to6",
  "num_examples": 3610,
  "shots": {
    "0": {
      "n": 3610,
      "em": 0.3448753462603878,
      "f1": 0.48557620298464466,
      "containment": 0.42437673130193904,
      "latency_ms": 2387.0475255221213,
      "context_chars": 0.0
    },
    "1": {
      "n": 3610,
      "em": 0.2709141274238227,
      "f1": 0.3590387793942378,
      "containment": 0.30969529085872577,
      "latency_ms": 2452.8893638515738,
      "context_chars": 637.5346260387812
    },
    "2": {
      "n": 3610,
      "em": 0.307202216066482,
      "f1": 0.41048599851951173,
      "containment": 0.3601108033240997,
      "latency_ms": 2515.898590801165,
      "context_chars": 1277.4872576177286
    },
    "3": {
      "n": 3610,
      "em": 0.33268698060941826,
      "f1": 0.43903070913384656,
      "containment": 0.38337950138504157,
      "latency_ms": 2526.3486086826906,
      "context_chars": 1918.236565096953
    },
    "4": {
      "n": 3610,
      "em": 0.33878116343490305,
      "f1": 0.44863251088551287,
      "containment": 0.40304709141274236,
      "latency_ms": 2584.0324049180895,
      "context_chars": 2559.2936288088645
    },
    "5": {
      "n": 3610,
      "em": 0.3473684210526316,
      "f1": 0.45977699228056074,
      "containment": 0.4110803324099723,
      "latency_ms": 2600.0404330171705,
      "context_chars": 3201.173407202216
    },
    "6": {
      "n": 3610,
      "em": 0.3479224376731302,
      "f1": 0.46466482703222767,
      "containment": 0.4193905817174515,
      "latency_ms": 2617.0816626244964,
      "context_chars": 3841.0598337950137
    }
  }
}