{
  "shard_index": 21,
  "shard_count": 37,
  "summary": {
    "0": {
      "n": 100,
      "em": 0.12,
      "f1": 0.2023700918964077,
      "containment": 0.18,
      "latency_ms": 219.2812943458557,
      "context_chars": 0.0
    },
    "1": {
      "n": 100,
      "em": 0.18,
      "f1": 0.21651010101010099,
      "containment": 0.18,
      "latency_ms": 232.16442584991455,
      "context_chars": 627.63
    },
    "2": {
      "n": 100,
      "em": 0.26,
      "f1": 0.315520424020424,
      "containment": 0.3,
      "latency_ms": 233.2131052017212,
      "context_chars": 1257.2
    },
    "3": {
      "n": 100,
      "em": 0.28,
      "f1": 0.34710696248196243,
      "containment": 0.32,
      "latency_ms": 271.6041874885559,
      "context_chars": 1888.8
    },
    "4": {
      "n": 100,
      "em": 0.27,
      "f1": 0.3542323232323231,
      "containment": 0.34,
      "latency_ms": 271.60826206207275,
      "context_chars": 2522.38
    },
    "5": {
      "n": 100,
      "em": 0.27,
      "f1": 0.361302392052392,
      "containment": 0.33,
      "latency_ms": 315.80374002456665,
      "context_chars": 3151.97
    },
    "6": {
      "n": 100,
      "em": 0.28,
      "f1": 0.37144854002206934,
      "containment": 0.34,
      "latency_ms": 325.658814907074,
      "context_chars": 3785.89
    }
  }
}