{
  "shard_index": 24,
  "shard_count": 37,
  "summary": {
    "0": {
      "n": 100,
      "em": 0.1,
      "f1": 0.16162373737373734,
      "containment": 0.15,
      "latency_ms": 189.99005317687988,
      "context_chars": 0.0
    },
    "1": {
      "n": 100,
      "em": 0.22,
      "f1": 0.2821038961038961,
      "containment": 0.27,
      "latency_ms": 200.47159671783447,
      "context_chars": 638.1
    },
    "2": {
      "n": 100,
      "em": 0.23,
      "f1": 0.2843095238095238,
      "containment": 0.28,
      "latency_ms": 220.84173202514648,
      "context_chars": 1281.12
    },
    "3": {
      "n": 100,
      "em": 0.22,
      "f1": 0.3120180375180375,
      "containment": 0.31,
      "latency_ms": 243.1669783592224,
      "context_chars": 1923.48
    },
    "4": {
      "n": 100,
      "em": 0.21,
      "f1": 0.3189118399521625,
      "containment": 0.31,
      "latency_ms": 268.952898979187,
      "context_chars": 2563.59
    },
    "5": {
      "n": 100,
      "em": 0.22,
      "f1": 0.3326834849738075,
      "containment": 0.34,
      "latency_ms": 310.3337812423706,
      "context_chars": 3208.28
    },
    "6": {
      "n": 100,
      "em": 0.22,
      "f1": 0.31752279202279193,
      "containment": 0.34,
      "latency_ms": 293.55844259262085,
      "context_chars": 3854.56
    }
  }
}