{
  "shard_index": 10,
  "shard_count": 37,
  "summary": {
    "0": {
      "n": 100,
      "em": 0.09,
      "f1": 0.21707812931749096,
      "containment": 0.15,
      "latency_ms": 216.0177230834961,
      "context_chars": 0.0
    },
    "1": {
      "n": 100,
      "em": 0.24,
      "f1": 0.2937705627705628,
      "containment": 0.22,
      "latency_ms": 216.3297724723816,
      "context_chars": 625.16
    },
    "2": {
      "n": 100,
      "em": 0.28,
      "f1": 0.3562063492063492,
      "containment": 0.26,
      "latency_ms": 237.58634328842163,
      "context_chars": 1261.5
    },
    "3": {
      "n": 100,
      "em": 0.26,
      "f1": 0.3395021645021645,
      "containment": 0.26,
      "latency_ms": 257.2244334220886,
      "context_chars": 1896.95
    },
    "4": {
      "n": 100,
      "em": 0.33,
      "f1": 0.3899315939315939,
      "containment": 0.32,
      "latency_ms": 260.84904193878174,
      "context_chars": 2536.24
    },
    "5": {
      "n": 100,
      "em": 0.33,
      "f1": 0.4024604978354978,
      "containment": 0.33,
      "latency_ms": 285.0533986091614,
      "context_chars": 3174.38
    },
    "6": {
      "n": 100,
      "em": 0.3,
      "f1": 0.38595781342840163,
      "containment": 0.33,
      "latency_ms": 309.22157526016235,
      "context_chars": 3814.51
    }
  }
}