{
  "shard_index": 28,
  "shard_count": 37,
  "summary": {
    "0": {
      "n": 100,
      "em": 0.11,
      "f1": 0.22633663505562865,
      "containment": 0.18,
      "latency_ms": 382.0033311843872,
      "context_chars": 0.0
    },
    "1": {
      "n": 100,
      "em": 0.19,
      "f1": 0.2632841953368269,
      "containment": 0.21,
      "latency_ms": 221.2877655029297,
      "context_chars": 632.07
    },
    "2": {
      "n": 100,
      "em": 0.23,
      "f1": 0.3017282608695652,
      "containment": 0.21,
      "latency_ms": 255.9923005104065,
      "context_chars": 1268.91
    },
    "3": {
      "n": 100,
      "em": 0.23,
      "f1": 0.31029794321973536,
      "containment": 0.23,
      "latency_ms": 301.42698764801025,
      "context_chars": 1907.2
    },
    "4": {
      "n": 100,
      "em": 0.24,
      "f1": 0.3207513374955986,
      "containment": 0.27,
      "latency_ms": 371.8621015548706,
      "context_chars": 2543.87
    },
    "5": {
      "n": 100,
      "em": 0.28,
      "f1": 0.3609734089439972,
      "containment": 0.32,
      "latency_ms": 395.6720471382141,
      "context_chars": 3189.75
    },
    "6": {
      "n": 100,
      "em": 0.24,
      "f1": 0.3324222315624754,
      "containment": 0.29,
      "latency_ms": 370.88268280029297,
      "context_chars": 3833.1
    }
  }
}