{
  "shard_index": 25,
  "shard_count": 37,
  "summary": {
    "0": {
      "n": 100,
      "em": 0.19,
      "f1": 0.2640642135642136,
      "containment": 0.22,
      "latency_ms": 236.4082431793213,
      "context_chars": 0.0
    },
    "1": {
      "n": 100,
      "em": 0.36,
      "f1": 0.4039805194805195,
      "containment": 0.41,
      "latency_ms": 214.95805740356445,
      "context_chars": 639.27
    },
    "2": {
      "n": 100,
      "em": 0.37,
      "f1": 0.42612801932367156,
      "containment": 0.45,
      "latency_ms": 227.48926877975464,
      "context_chars": 1284.12
    },
    "3": {
      "n": 100,
      "em": 0.37,
      "f1": 0.4473968253968254,
      "containment": 0.46,
      "latency_ms": 220.66263914108276,
      "context_chars": 1927.19
    },
    "4": {
      "n": 100,
      "em": 0.37,
      "f1": 0.43982828282828285,
      "containment": 0.46,
      "latency_ms": 264.69361305236816,
      "context_chars": 2560.49
    },
    "5": {
      "n": 100,
      "em": 0.36,
      "f1": 0.40974603174603175,
      "containment": 0.45,
      "latency_ms": 290.72062492370605,
      "context_chars": 3203.68
    },
    "6": {
      "n": 100,
      "em": 0.37,
      "f1": 0.4232822636300898,
      "containment": 0.45,
      "latency_ms": 293.2520341873169,
      "context_chars": 3848.52
    }
  }
}