{
  "shard_index": 31,
  "shard_count": 37,
  "summary": {
    "0": {
      "n": 100,
      "em": 0.14,
      "f1": 0.21446622064803883,
      "containment": 0.19,
      "latency_ms": 393.44709157943726,
      "context_chars": 0.0
    },
    "1": {
      "n": 100,
      "em": 0.2,
      "f1": 0.28221428571428575,
      "containment": 0.21,
      "latency_ms": 220.0404191017151,
      "context_chars": 632.84
    },
    "2": {
      "n": 100,
      "em": 0.21,
      "f1": 0.3029884004884005,
      "containment": 0.23,
      "latency_ms": 238.35057258605957,
      "context_chars": 1273.76
    },
    "3": {
      "n": 100,
      "em": 0.19,
      "f1": 0.27581379731379735,
      "containment": 0.22,
      "latency_ms": 252.08654403686523,
      "context_chars": 1910.66
    },
    "4": {
      "n": 100,
      "em": 0.2,
      "f1": 0.30138281979458453,
      "containment": 0.24,
      "latency_ms": 273.85571479797363,
      "context_chars": 2545.85
    },
    "5": {
      "n": 100,
      "em": 0.19,
      "f1": 0.29410158730158736,
      "containment": 0.23,
      "latency_ms": 307.669997215271,
      "context_chars": 3182.25
    },
    "6": {
      "n": 100,
      "em": 0.23,
      "f1": 0.32178412698412695,
      "containment": 0.27,
      "latency_ms": 285.18359661102295,
      "context_chars": 3820.34
    }
  }
}