{
  "shard_index": 0,
  "shard_count": 37,
  "summary": {
    "0": {
      "n": 100,
      "em": 0.12,
      "f1": 0.22542331324589387,
      "containment": 0.17,
      "latency_ms": 254.94340896606445,
      "context_chars": 0.0
    },
    "1": {
      "n": 100,
      "em": 0.17,
      "f1": 0.28027153891859774,
      "containment": 0.2,
      "latency_ms": 197.17743635177612,
      "context_chars": 632.38
    },
    "2": {
      "n": 100,
      "em": 0.17,
      "f1": 0.30456040044021787,
      "containment": 0.24,
      "latency_ms": 224.89295482635498,
      "context_chars": 1266.77
    },
    "3": {
      "n": 100,
      "em": 0.2,
      "f1": 0.3363404422375011,
      "containment": 0.28,
      "latency_ms": 249.19090032577515,
      "context_chars": 1900.75
    },
    "4": {
      "n": 100,
      "em": 0.22,
      "f1": 0.3637213946184535,
      "containment": 0.29,
      "latency_ms": 251.17526292800903,
      "context_chars": 2535.47
    },
    "5": {
      "n": 100,
      "em": 0.21,
      "f1": 0.3590431839402427,
      "containment": 0.29,
      "latency_ms": 287.4045658111572,
      "context_chars": 3174.53
    },
    "6": {
      "n": 100,
      "em": 0.21,
      "f1": 0.3692953484424073,
      "containment": 0.29,
      "latency_ms": 279.76579666137695,
      "context_chars": 3811.12
    }
  }
}