{
  "shard_index": 12,
  "shard_count": 37,
  "summary": {
    "0": {
      "n": 100,
      "em": 0.11,
      "f1": 0.18163940648723254,
      "containment": 0.17,
      "latency_ms": 209.95959758758545,
      "context_chars": 0.0
    },
    "1": {
      "n": 100,
      "em": 0.21,
      "f1": 0.26792857142857146,
      "containment": 0.23,
      "latency_ms": 205.76427459716797,
      "context_chars": 630.0
    },
    "2": {
      "n": 100,
      "em": 0.21,
      "f1": 0.30690476190476196,
      "containment": 0.27,
      "latency_ms": 202.9151177406311,
      "context_chars": 1267.48
    },
    "3": {
      "n": 100,
      "em": 0.24,
      "f1": 0.33790476190476193,
      "containment": 0.29,
      "latency_ms": 245.51390171051025,
      "context_chars": 1906.57
    },
    "4": {
      "n": 100,
      "em": 0.25,
      "f1": 0.34916666666666674,
      "containment": 0.3,
      "latency_ms": 256.1333656311035,
      "context_chars": 2542.24
    },
    "5": {
      "n": 100,
      "em": 0.25,
      "f1": 0.35295115995116,
      "containment": 0.32,
      "latency_ms": 283.18504333496094,
      "context_chars": 3182.91
    },
    "6": {
      "n": 100,
      "em": 0.28,
      "f1": 0.392,
      "containment": 0.37,
      "latency_ms": 278.9581489562988,
      "context_chars": 3821.51
    }
  }
}