{
  "shard_index": 13,
  "shard_count": 37,
  "summary": {
    "0": {
      "n": 100,
      "em": 0.14,
      "f1": 0.23632546864899806,
      "containment": 0.22,
      "latency_ms": 231.15188598632812,
      "context_chars": 0.0
    },
    "1": {
      "n": 100,
      "em": 0.18,
      "f1": 0.2630356003645477,
      "containment": 0.21,
      "latency_ms": 200.42397022247314,
      "context_chars": 632.73
    },
    "2": {
      "n": 100,
      "em": 0.24,
      "f1": 0.3364864010120177,
      "containment": 0.33,
      "latency_ms": 238.46935749053955,
      "context_chars": 1262.34
    },
    "3": {
      "n": 100,
      "em": 0.26,
      "f1": 0.3577242358031832,
      "containment": 0.33,
      "latency_ms": 293.43183040618896,
      "context_chars": 1900.3
    },
    "4": {
      "n": 100,
      "em": 0.25,
      "f1": 0.3467994026907071,
      "containment": 0.33,
      "latency_ms": 336.91766023635864,
      "context_chars": 2531.08
    },
    "5": {
      "n": 100,
      "em": 0.25,
      "f1": 0.3506427075340119,
      "containment": 0.33,
      "latency_ms": 339.26578283309937,
      "context_chars": 3168.23
    },
    "6": {
      "n": 100,
      "em": 0.27,
      "f1": 0.36268605307735746,
      "containment": 0.35,
      "latency_ms": 303.82211685180664,
      "context_chars": 3805.95
    }
  }
}