{
  "shard_index": 36,
  "shard_count": 37,
  "summary": {
    "0": {
      "n": 10,
      "em": 0.2,
      "f1": 0.36666666666666664,
      "containment": 0.4,
      "latency_ms": 153.96161079406738,
      "context_chars": 0.0
    },
    "1": {
      "n": 10,
      "em": 0.3,
      "f1": 0.5166666666666666,
      "containment": 0.6,
      "latency_ms": 171.4322805404663,
      "context_chars": 645.6
    },
    "2": {
      "n": 10,
      "em": 0.3,
      "f1": 0.5166666666666666,
      "containment": 0.6,
      "latency_ms": 225.89502334594727,
      "context_chars": 1306.3
    },
    "3": {
      "n": 10,
      "em": 0.4,
      "f1": 0.5666666666666667,
      "containment": 0.6,
      "latency_ms": 190.38336277008057,
      "context_chars": 1947.8
    },
    "4": {
      "n": 10,
      "em": 0.4,
      "f1": 0.5888888888888889,
      "containment": 0.7,
      "latency_ms": 221.94290161132812,
      "context_chars": 2583.2
    },
    "5": {
      "n": 10,
      "em": 0.4,
      "f1": 0.5288888888888887,
      "containment": 0.6,
      "latency_ms": 199.07138347625732,
      "context_chars": 3212.7
    },
    "6": {
      "n": 10,
      "em": 0.4,
      "f1": 0.5666666666666667,
      "containment": 0.6,
      "latency_ms": 237.50653266906738,
      "context_chars": 3859.8
    }
  }
}