{
  "shard_index": 18,
  "shard_count": 37,
  "summary": {
    "0": {
      "n": 100,
      "em": 0.13,
      "f1": 0.22361766011766013,
      "containment": 0.19,
      "latency_ms": 224.93645668029785,
      "context_chars": 0.0
    },
    "1": {
      "n": 100,
      "em": 0.24,
      "f1": 0.34613586413586406,
      "containment": 0.27,
      "latency_ms": 206.2540578842163,
      "context_chars": 635.14
    },
    "2": {
      "n": 100,
      "em": 0.27,
      "f1": 0.38404434162328904,
      "containment": 0.33,
      "latency_ms": 218.06493520736694,
      "context_chars": 1278.63
    },
    "3": {
      "n": 100,
      "em": 0.24,
      "f1": 0.38246656384551125,
      "containment": 0.3,
      "latency_ms": 244.98382806777954,
      "context_chars": 1923.01
    },
    "4": {
      "n": 100,
      "em": 0.25,
      "f1": 0.40242110930005665,
      "containment": 0.34,
      "latency_ms": 259.4389772415161,
      "context_chars": 2564.43
    },
    "5": {
      "n": 100,
      "em": 0.26,
      "f1": 0.3981772993088783,
      "containment": 0.34,
      "latency_ms": 289.9470019340515,
      "context_chars": 3208.98
    },
    "6": {
      "n": 100,
      "em": 0.27,
      "f1": 0.3996601731601732,
      "containment": 0.32,
      "latency_ms": 321.5387439727783,
      "context_chars": 3846.32
    }
  }
}