{
  "shard_index": 9,
  "shard_count": 37,
  "summary": {
    "0": {
      "n": 100,
      "em": 0.15,
      "f1": 0.26235382395382395,
      "containment": 0.18,
      "latency_ms": 265.0416851043701,
      "context_chars": 0.0
    },
    "1": {
      "n": 100,
      "em": 0.2,
      "f1": 0.2818888888888889,
      "containment": 0.22,
      "latency_ms": 195.23398399353027,
      "context_chars": 637.34
    },
    "2": {
      "n": 100,
      "em": 0.19,
      "f1": 0.256319530710835,
      "containment": 0.22,
      "latency_ms": 238.19635152816772,
      "context_chars": 1278.04
    },
    "3": {
      "n": 100,
      "em": 0.27,
      "f1": 0.3385309250136837,
      "containment": 0.29,
      "latency_ms": 239.56300020217896,
      "context_chars": 1916.06
    },
    "4": {
      "n": 100,
      "em": 0.24,
      "f1": 0.3128167546738976,
      "containment": 0.29,
      "latency_ms": 298.44592094421387,
      "context_chars": 2557.68
    },
    "5": {
      "n": 100,
      "em": 0.24,
      "f1": 0.3139798649773074,
      "containment": 0.29,
      "latency_ms": 325.6296420097351,
      "context_chars": 3199.33
    },
    "6": {
      "n": 100,
      "em": 0.28,
      "f1": 0.3476267728863926,
      "containment": 0.32,
      "latency_ms": 324.19511556625366,
      "context_chars": 3841.64
    }
  }
}