{
  "shard_index": 14,
  "shard_count": 37,
  "summary": {
    "0": {
      "n": 100,
      "em": 0.16,
      "f1": 0.2723968253968254,
      "containment": 0.18,
      "latency_ms": 183.09022188186646,
      "context_chars": 0.0
    },
    "1": {
      "n": 100,
      "em": 0.16,
      "f1": 0.25927835497835494,
      "containment": 0.2,
      "latency_ms": 218.71579885482788,
      "context_chars": 642.4
    },
    "2": {
      "n": 100,
      "em": 0.22,
      "f1": 0.30914430014430017,
      "containment": 0.27,
      "latency_ms": 214.2452359199524,
      "context_chars": 1282.32
    },
    "3": {
      "n": 100,
      "em": 0.29,
      "f1": 0.379797619047619,
      "containment": 0.3,
      "latency_ms": 228.7667179107666,
      "context_chars": 1923.71
    },
    "4": {
      "n": 100,
      "em": 0.29,
      "f1": 0.37773224728487875,
      "containment": 0.31,
      "latency_ms": 241.51135444641113,
      "context_chars": 2557.97
    },
    "5": {
      "n": 100,
      "em": 0.31,
      "f1": 0.3920933583959899,
      "containment": 0.32,
      "latency_ms": 284.0247702598572,
      "context_chars": 3198.0
    },
    "6": {
      "n": 100,
      "em": 0.32,
      "f1": 0.409063258636788,
      "containment": 0.33,
      "latency_ms": 278.1486177444458,
      "context_chars": 3838.77
    }
  }
}