{
  "shard_index": 7,
  "shard_count": 37,
  "summary": {
    "0": {
      "n": 100,
      "em": 0.15,
      "f1": 0.2437948051948052,
      "containment": 0.21,
      "latency_ms": 237.95694828033447,
      "context_chars": 0.0
    },
    "1": {
      "n": 100,
      "em": 0.15,
      "f1": 0.22460134310134308,
      "containment": 0.18,
      "latency_ms": 229.37230348587036,
      "context_chars": 635.27
    },
    "2": {
      "n": 100,
      "em": 0.17,
      "f1": 0.2560901598401598,
      "containment": 0.23,
      "latency_ms": 262.8442096710205,
      "context_chars": 1275.5
    },
    "3": {
      "n": 100,
      "em": 0.22,
      "f1": 0.29952813852813853,
      "containment": 0.27,
      "latency_ms": 251.22219562530518,
      "context_chars": 1915.75
    },
    "4": {
      "n": 100,
      "em": 0.2,
      "f1": 0.2940125707625707,
      "containment": 0.25,
      "latency_ms": 261.4031720161438,
      "context_chars": 2563.29
    },
    "5": {
      "n": 100,
      "em": 0.22,
      "f1": 0.3129850149850149,
      "containment": 0.27,
      "latency_ms": 272.14425802230835,
      "context_chars": 3203.37
    },
    "6": {
      "n": 100,
      "em": 0.24,
      "f1": 0.32594503535680003,
      "containment": 0.28,
      "latency_ms": 301.16443395614624,
      "context_chars": 3848.76
    }
  }
}