{
  "shard_index": 17,
  "shard_count": 37,
  "summary": {
    "0": {
      "n": 100,
      "em": 0.12,
      "f1": 0.22711355311355308,
      "containment": 0.18,
      "latency_ms": 273.22731733322144,
      "context_chars": 0.0
    },
    "1": {
      "n": 100,
      "em": 0.22,
      "f1": 0.25626190476190475,
      "containment": 0.21,
      "latency_ms": 204.75805044174194,
      "context_chars": 635.26
    },
    "2": {
      "n": 100,
      "em": 0.26,
      "f1": 0.3069136419136419,
      "containment": 0.25,
      "latency_ms": 192.1283984184265,
      "context_chars": 1276.62
    },
    "3": {
      "n": 100,
      "em": 0.32,
      "f1": 0.3632662337662338,
      "containment": 0.28,
      "latency_ms": 281.049702167511,
      "context_chars": 1914.36
    },
    "4": {
      "n": 100,
      "em": 0.3,
      "f1": 0.3581525511525512,
      "containment": 0.3,
      "latency_ms": 291.6281795501709,
      "context_chars": 2557.02
    },
    "5": {
      "n": 100,
      "em": 0.31,
      "f1": 0.36608488733488725,
      "containment": 0.33,
      "latency_ms": 291.53547048568726,
      "context_chars": 3191.55
    },
    "6": {
      "n": 100,
      "em": 0.31,
      "f1": 0.37670707070707066,
      "containment": 0.3,
      "latency_ms": 301.8799114227295,
      "context_chars": 3832.29
    }
  }
}