{
  "shard_index": 16,
  "shard_count": 37,
  "summary": {
    "0": {
      "n": 100,
      "em": 0.15,
      "f1": 0.2267157287157287,
      "containment": 0.21,
      "latency_ms": 348.77055168151855,
      "context_chars": 0.0
    },
    "1": {
      "n": 100,
      "em": 0.2,
      "f1": 0.2821293706293706,
      "containment": 0.25,
      "latency_ms": 215.34220695495605,
      "context_chars": 631.24
    },
    "2": {
      "n": 100,
      "em": 0.24,
      "f1": 0.32711796536796534,
      "containment": 0.3,
      "latency_ms": 235.36686182022095,
      "context_chars": 1271.46
    },
    "3": {
      "n": 100,
      "em": 0.25,
      "f1": 0.35113463203463197,
      "containment": 0.31,
      "latency_ms": 259.3124794960022,
      "context_chars": 1908.33
    },
    "4": {
      "n": 100,
      "em": 0.3,
      "f1": 0.39328939575491295,
      "containment": 0.34,
      "latency_ms": 273.3904528617859,
      "context_chars": 2545.67
    },
    "5": {
      "n": 100,
      "em": 0.28,
      "f1": 0.3781542021197194,
      "containment": 0.34,
      "latency_ms": 322.58596181869507,
      "context_chars": 3184.72
    },
    "6": {
      "n": 100,
      "em": 0.29,
      "f1": 0.390974298974299,
      "containment": 0.35,
      "latency_ms": 320.0128149986267,
      "context_chars": 3827.18
    }
  }
}