{
  "shard_index": 32,
  "shard_count": 37,
  "summary": {
    "0": {
      "n": 100,
      "em": 0.14,
      "f1": 0.23812601166948988,
      "containment": 0.2,
      "latency_ms": 182.18239307403564,
      "context_chars": 0.0
    },
    "1": {
      "n": 100,
      "em": 0.12,
      "f1": 0.20052136752136757,
      "containment": 0.15,
      "latency_ms": 184.1049361228943,
      "context_chars": 633.81
    },
    "2": {
      "n": 100,
      "em": 0.14,
      "f1": 0.25580116959064336,
      "containment": 0.2,
      "latency_ms": 249.24943685531616,
      "context_chars": 1262.14
    },
    "3": {
      "n": 100,
      "em": 0.16,
      "f1": 0.27814071893019265,
      "containment": 0.22,
      "latency_ms": 257.9256296157837,
      "context_chars": 1895.25
    },
    "4": {
      "n": 100,
      "em": 0.18,
      "f1": 0.29407245386192754,
      "containment": 0.24,
      "latency_ms": 277.4786424636841,
      "context_chars": 2530.31
    },
    "5": {
      "n": 100,
      "em": 0.2,
      "f1": 0.3069458941471325,
      "containment": 0.26,
      "latency_ms": 311.8081593513489,
      "context_chars": 3165.54
    },
    "6": {
      "n": 100,
      "em": 0.21,
      "f1": 0.3319454697349435,
      "containment": 0.3,
      "latency_ms": 353.1261897087097,
      "context_chars": 3799.18
    }
  }
}