{
  "shard_index": 8,
  "shard_count": 37,
  "summary": {
    "0": {
      "n": 100,
      "em": 0.16,
      "f1": 0.23864835164835163,
      "containment": 0.21,
      "latency_ms": 215.5513882637024,
      "context_chars": 0.0
    },
    "1": {
      "n": 100,
      "em": 0.18,
      "f1": 0.23829365079365086,
      "containment": 0.19,
      "latency_ms": 186.10803604125977,
      "context_chars": 633.13
    },
    "2": {
      "n": 100,
      "em": 0.23,
      "f1": 0.2860940170940171,
      "containment": 0.26,
      "latency_ms": 220.3801441192627,
      "context_chars": 1272.03
    },
    "3": {
      "n": 100,
      "em": 0.2,
      "f1": 0.2546709401709402,
      "containment": 0.23,
      "latency_ms": 214.66041803359985,
      "context_chars": 1904.37
    },
    "4": {
      "n": 100,
      "em": 0.24,
      "f1": 0.29838888888888887,
      "containment": 0.26,
      "latency_ms": 260.5850887298584,
      "context_chars": 2554.01
    },
    "5": {
      "n": 100,
      "em": 0.24,
      "f1": 0.3209332792811054,
      "containment": 0.31,
      "latency_ms": 309.4172477722168,
      "context_chars": 3194.73
    },
    "6": {
      "n": 100,
      "em": 0.25,
      "f1": 0.3585972819451081,
      "containment": 0.33,
      "latency_ms": 296.3979482650757,
      "context_chars": 3835.62
    }
  }
}