{
  "shard_index": 19,
  "shard_count": 37,
  "summary": {
    "0": {
      "n": 100,
      "em": 0.11,
      "f1": 0.2036208318563157,
      "containment": 0.19,
      "latency_ms": 280.70032358169556,
      "context_chars": 0.0
    },
    "1": {
      "n": 100,
      "em": 0.18,
      "f1": 0.24104558186911126,
      "containment": 0.19,
      "latency_ms": 207.95199394226074,
      "context_chars": 627.83
    },
    "2": {
      "n": 100,
      "em": 0.22,
      "f1": 0.30814823795130697,
      "containment": 0.26,
      "latency_ms": 231.69468641281128,
      "context_chars": 1263.9
    },
    "3": {
      "n": 100,
      "em": 0.24,
      "f1": 0.3388203038791274,
      "containment": 0.28,
      "latency_ms": 252.20001697540283,
      "context_chars": 1896.6
    },
    "4": {
      "n": 100,
      "em": 0.27,
      "f1": 0.34998142489318956,
      "containment": 0.31,
      "latency_ms": 259.65394735336304,
      "context_chars": 2526.39
    },
    "5": {
      "n": 100,
      "em": 0.27,
      "f1": 0.36473342670401493,
      "containment": 0.35,
      "latency_ms": 274.06732082366943,
      "context_chars": 3164.54
    },
    "6": {
      "n": 100,
      "em": 0.25,
      "f1": 0.3610335073423309,
      "containment": 0.33,
      "latency_ms": 295.5842185020447,
      "context_chars": 3798.82
    }
  }
}