{
  "shard_index": 34,
  "shard_count": 37,
  "summary": {
    "0": {
      "n": 100,
      "em": 0.12,
      "f1": 0.18679206349206345,
      "containment": 0.17,
      "latency_ms": 173.16505432128906,
      "context_chars": 0.0
    },
    "1": {
      "n": 100,
      "em": 0.22,
      "f1": 0.2936483516483516,
      "containment": 0.25,
      "latency_ms": 177.3326325416565,
      "context_chars": 635.28
    },
    "2": {
      "n": 100,
      "em": 0.24,
      "f1": 0.29839228255404726,
      "containment": 0.26,
      "latency_ms": 228.4835648536682,
      "context_chars": 1278.16
    },
    "3": {
      "n": 100,
      "em": 0.28,
      "f1": 0.34147309063485537,
      "containment": 0.32,
      "latency_ms": 240.33206462860107,
      "context_chars": 1917.95
    },
    "4": {
      "n": 100,
      "em": 0.3,
      "f1": 0.36516566766566766,
      "containment": 0.33,
      "latency_ms": 279.50318336486816,
      "context_chars": 2557.82
    },
    "5": {
      "n": 100,
      "em": 0.32,
      "f1": 0.38459279609279606,
      "containment": 0.34,
      "latency_ms": 272.1672797203064,
      "context_chars": 3199.59
    },
    "6": {
      "n": 100,
      "em": 0.31,
      "f1": 0.3862803862803863,
      "containment": 0.34,
      "latency_ms": 278.25892448425293,
      "context_chars": 3841.12
    }
  }
}