{
  "shard_index": 23,
  "shard_count": 37,
  "summary": {
    "0": {
      "n": 100,
      "em": 0.2,
      "f1": 0.31224025974025976,
      "containment": 0.23,
      "latency_ms": 178.5591220855713,
      "context_chars": 0.0
    },
    "1": {
      "n": 100,
      "em": 0.23,
      "f1": 0.3046991341991342,
      "containment": 0.29,
      "latency_ms": 205.6609010696411,
      "context_chars": 638.54
    },
    "2": {
      "n": 100,
      "em": 0.21,
      "f1": 0.3016986568986568,
      "containment": 0.3,
      "latency_ms": 244.11874055862427,
      "context_chars": 1282.32
    },
    "3": {
      "n": 100,
      "em": 0.26,
      "f1": 0.36500000000000005,
      "containment": 0.34,
      "latency_ms": 267.2797441482544,
      "context_chars": 1925.33
    },
    "4": {
      "n": 100,
      "em": 0.25,
      "f1": 0.37245238095238087,
      "containment": 0.35,
      "latency_ms": 268.93139839172363,
      "context_chars": 2560.38
    },
    "5": {
      "n": 100,
      "em": 0.26,
      "f1": 0.377563025210084,
      "containment": 0.34,
      "latency_ms": 283.41625690460205,
      "context_chars": 3198.44
    },
    "6": {
      "n": 100,
      "em": 0.25,
      "f1": 0.38084199134199137,
      "containment": 0.35,
      "latency_ms": 322.8369140625,
      "context_chars": 3835.33
    }
  }
}