{
  "shard_index": 1,
  "shard_count": 37,
  "summary": {
    "0": {
      "n": 100,
      "em": 0.1,
      "f1": 0.17939438339438335,
      "containment": 0.12,
      "latency_ms": 186.53631925582886,
      "context_chars": 0.0
    },
    "1": {
      "n": 100,
      "em": 0.2,
      "f1": 0.26882142857142854,
      "containment": 0.26,
      "latency_ms": 193.0216908454895,
      "context_chars": 630.88
    },
    "2": {
      "n": 100,
      "em": 0.22,
      "f1": 0.30343253968253964,
      "containment": 0.29,
      "latency_ms": 208.15699338912964,
      "context_chars": 1265.94
    },
    "3": {
      "n": 100,
      "em": 0.33,
      "f1": 0.40960714285714284,
      "containment": 0.38,
      "latency_ms": 236.5775227546692,
      "context_chars": 1904.5
    },
    "4": {
      "n": 100,
      "em": 0.33,
      "f1": 0.4293478835978835,
      "containment": 0.4,
      "latency_ms": 277.61900424957275,
      "context_chars": 2541.34
    },
    "5": {
      "n": 100,
      "em": 0.32,
      "f1": 0.41210632183908047,
      "containment": 0.4,
      "latency_ms": 301.7928099632263,
      "context_chars": 3174.9
    },
    "6": {
      "n": 100,
      "em": 0.3,
      "f1": 0.41276298701298697,
      "containment": 0.4,
      "latency_ms": 295.86278676986694,
      "context_chars": 3813.25
    }
  }
}