{
  "shard_index": 3,
  "shard_count": 37,
  "summary": {
    "0": {
      "n": 100,
      "em": 0.09,
      "f1": 0.16650865800865802,
      "containment": 0.14,
      "latency_ms": 273.04070949554443,
      "context_chars": 0.0
    },
    "1": {
      "n": 100,
      "em": 0.15,
      "f1": 0.25153846153846154,
      "containment": 0.21,
      "latency_ms": 204.55154418945312,
      "context_chars": 635.37
    },
    "2": {
      "n": 100,
      "em": 0.21,
      "f1": 0.31222222222222223,
      "containment": 0.27,
      "latency_ms": 205.79931020736694,
      "context_chars": 1283.54
    },
    "3": {
      "n": 100,
      "em": 0.24,
      "f1": 0.3224515599343185,
      "containment": 0.28,
      "latency_ms": 214.64137315750122,
      "context_chars": 1920.34
    },
    "4": {
      "n": 100,
      "em": 0.28,
      "f1": 0.36146428571428574,
      "containment": 0.34,
      "latency_ms": 246.0090947151184,
      "context_chars": 2562.14
    },
    "5": {
      "n": 100,
      "em": 0.27,
      "f1": 0.347144783377542,
      "containment": 0.33,
      "latency_ms": 347.0239520072937,
      "context_chars": 3195.9
    },
    "6": {
      "n": 100,
      "em": 0.29,
      "f1": 0.35883608058608063,
      "containment": 0.33,
      "latency_ms": 277.56675720214844,
      "context_chars": 3842.68
    }
  }
}