{
  "shard_index": 22,
  "shard_count": 37,
  "summary": {
    "0": {
      "n": 100,
      "em": 0.15,
      "f1": 0.22059199134199137,
      "containment": 0.23,
      "latency_ms": 189.4176197052002,
      "context_chars": 0.0
    },
    "1": {
      "n": 100,
      "em": 0.19,
      "f1": 0.24061538461538465,
      "containment": 0.24,
      "latency_ms": 197.9029631614685,
      "context_chars": 635.55
    },
    "2": {
      "n": 100,
      "em": 0.27,
      "f1": 0.323948717948718,
      "containment": 0.32,
      "latency_ms": 220.0716996192932,
      "context_chars": 1275.02
    },
    "3": {
      "n": 100,
      "em": 0.27,
      "f1": 0.3373296703296704,
      "containment": 0.33,
      "latency_ms": 236.76725387573242,
      "context_chars": 1912.49
    },
    "4": {
      "n": 100,
      "em": 0.25,
      "f1": 0.3223296703296703,
      "containment": 0.33,
      "latency_ms": 263.2730197906494,
      "context_chars": 2554.38
    },
    "5": {
      "n": 100,
      "em": 0.26,
      "f1": 0.332996336996337,
      "containment": 0.32,
      "latency_ms": 312.6642608642578,
      "context_chars": 3190.56
    },
    "6": {
      "n": 100,
      "em": 0.27,
      "f1": 0.3494249084249084,
      "containment": 0.33,
      "latency_ms": 295.5817985534668,
      "context_chars": 3823.78
    }
  }
}