{
  "shard_index": 29,
  "shard_count": 37,
  "summary": {
    "0": {
      "n": 100,
      "em": 0.12,
      "f1": 0.22181331533963114,
      "containment": 0.22,
      "latency_ms": 224.35115098953247,
      "context_chars": 0.0
    },
    "1": {
      "n": 100,
      "em": 0.15,
      "f1": 0.21326984126984122,
      "containment": 0.18,
      "latency_ms": 175.35192489624023,
      "context_chars": 639.77
    },
    "2": {
      "n": 100,
      "em": 0.22,
      "f1": 0.2918884220354809,
      "containment": 0.26,
      "latency_ms": 211.15556001663208,
      "context_chars": 1279.44
    },
    "3": {
      "n": 100,
      "em": 0.22,
      "f1": 0.32738784131538795,
      "containment": 0.26,
      "latency_ms": 244.02108192443848,
      "context_chars": 1920.72
    },
    "4": {
      "n": 100,
      "em": 0.24,
      "f1": 0.3588477030645293,
      "containment": 0.29,
      "latency_ms": 272.24507093429565,
      "context_chars": 2561.97
    },
    "5": {
      "n": 100,
      "em": 0.24,
      "f1": 0.3613869039182544,
      "containment": 0.29,
      "latency_ms": 278.5608148574829,
      "context_chars": 3202.15
    },
    "6": {
      "n": 100,
      "em": 0.26,
      "f1": 0.3728464052287581,
      "containment": 0.3,
      "latency_ms": 320.9179711341858,
      "context_chars": 3843.43
    }
  }
}