{
  "shard_index": 11,
  "shard_count": 37,
  "summary": {
    "0": {
      "n": 100,
      "em": 0.22,
      "f1": 0.30240079365079364,
      "containment": 0.26,
      "latency_ms": 219.6591877937317,
      "context_chars": 0.0
    },
    "1": {
      "n": 100,
      "em": 0.23,
      "f1": 0.29951540616246497,
      "containment": 0.25,
      "latency_ms": 203.01671504974365,
      "context_chars": 626.96
    },
    "2": {
      "n": 100,
      "em": 0.25,
      "f1": 0.33789766573295993,
      "containment": 0.3,
      "latency_ms": 268.23015213012695,
      "context_chars": 1259.91
    },
    "3": {
      "n": 100,
      "em": 0.26,
      "f1": 0.35658034122740007,
      "containment": 0.34,
      "latency_ms": 257.58713960647583,
      "context_chars": 1889.23
    },
    "4": {
      "n": 100,
      "em": 0.29,
      "f1": 0.3902748330101271,
      "containment": 0.38,
      "latency_ms": 293.62244844436646,
      "context_chars": 2521.09
    },
    "5": {
      "n": 100,
      "em": 0.32,
      "f1": 0.42436100500806373,
      "containment": 0.41,
      "latency_ms": 294.97692108154297,
      "context_chars": 3156.4
    },
    "6": {
      "n": 100,
      "em": 0.31,
      "f1": 0.4123591375944317,
      "containment": 0.41,
      "latency_ms": 285.21217346191406,
      "context_chars": 3798.85
    }
  }
}