{
  "shard_index": 35,
  "shard_count": 37,
  "summary": {
    "0": {
      "n": 100,
      "em": 0.15,
      "f1": 0.2059556010928962,
      "containment": 0.19,
      "latency_ms": 309.13933515548706,
      "context_chars": 0.0
    },
    "1": {
      "n": 100,
      "em": 0.18,
      "f1": 0.2261904761904762,
      "containment": 0.19,
      "latency_ms": 181.20970964431763,
      "context_chars": 644.09
    },
    "2": {
      "n": 100,
      "em": 0.22,
      "f1": 0.2764848484848485,
      "containment": 0.25,
      "latency_ms": 216.7196273803711,
      "context_chars": 1286.64
    },
    "3": {
      "n": 100,
      "em": 0.27,
      "f1": 0.32731818181818184,
      "containment": 0.27,
      "latency_ms": 242.0059323310852,
      "context_chars": 1928.82
    },
    "4": {
      "n": 100,
      "em": 0.24,
      "f1": 0.3001904761904762,
      "containment": 0.27,
      "latency_ms": 247.30762004852295,
      "context_chars": 2569.14
    },
    "5": {
      "n": 100,
      "em": 0.24,
      "f1": 0.3105238095238095,
      "containment": 0.28,
      "latency_ms": 287.0465564727783,
      "context_chars": 3211.3
    },
    "6": {
      "n": 100,
      "em": 0.27,
      "f1": 0.3405642135642135,
      "containment": 0.31,
      "latency_ms": 274.82581853866577,
      "context_chars": 3850.57
    }
  }
}