{
  "shard_index": 30,
  "shard_count": 37,
  "summary": {
    "0": {
      "n": 100,
      "em": 0.13,
      "f1": 0.2097619047619048,
      "containment": 0.15,
      "latency_ms": 196.00378036499023,
      "context_chars": 0.0
    },
    "1": {
      "n": 100,
      "em": 0.27,
      "f1": 0.3247362637362637,
      "containment": 0.3,
      "latency_ms": 222.3118281364441,
      "context_chars": 634.1
    },
    "2": {
      "n": 100,
      "em": 0.35,
      "f1": 0.40607359307359303,
      "containment": 0.37,
      "latency_ms": 211.35079860687256,
      "context_chars": 1273.77
    },
    "3": {
      "n": 100,
      "em": 0.42,
      "f1": 0.494719887955182,
      "containment": 0.43,
      "latency_ms": 198.2281255722046,
      "context_chars": 1918.69
    },
    "4": {
      "n": 100,
      "em": 0.42,
      "f1": 0.5119047619047619,
      "containment": 0.44,
      "latency_ms": 229.93388414382935,
      "context_chars": 2561.95
    },
    "5": {
      "n": 100,
      "em": 0.41,
      "f1": 0.5169330669330668,
      "containment": 0.44,
      "latency_ms": 278.8914108276367,
      "context_chars": 3208.95
    },
    "6": {
      "n": 100,
      "em": 0.43,
      "f1": 0.5216601731601731,
      "containment": 0.44,
      "latency_ms": 265.03121614456177,
      "context_chars": 3848.02
    }
  }
}