{
  "shard_index": 15,
  "shard_count": 37,
  "summary": {
    "0": {
      "n": 100,
      "em": 0.14,
      "f1": 0.25657215007215006,
      "containment": 0.19,
      "latency_ms": 203.60980987548828,
      "context_chars": 0.0
    },
    "1": {
      "n": 100,
      "em": 0.14,
      "f1": 0.22331746031746028,
      "containment": 0.21,
      "latency_ms": 245.25206089019775,
      "context_chars": 639.94
    },
    "2": {
      "n": 100,
      "em": 0.22,
      "f1": 0.3001904761904762,
      "containment": 0.28,
      "latency_ms": 251.17255687713623,
      "context_chars": 1271.69
    },
    "3": {
      "n": 100,
      "em": 0.22,
      "f1": 0.30248349548805936,
      "containment": 0.28,
      "latency_ms": 295.05789041519165,
      "context_chars": 1915.05
    },
    "4": {
      "n": 100,
      "em": 0.25,
      "f1": 0.362118649549684,
      "containment": 0.32,
      "latency_ms": 285.6207871437073,
      "context_chars": 2547.59
    },
    "5": {
      "n": 100,
      "em": 0.23,
      "f1": 0.33560233253336696,
      "containment": 0.29,
      "latency_ms": 303.491268157959,
      "context_chars": 3190.99
    },
    "6": {
      "n": 100,
      "em": 0.24,
      "f1": 0.3467794427794428,
      "containment": 0.29,
      "latency_ms": 311.96709394454956,
      "context_chars": 3835.24
    }
  }
}