{
  "shard_index": 33,
  "shard_count": 37,
  "summary": {
    "0": {
      "n": 100,
      "em": 0.14,
      "f1": 0.20758333333333334,
      "containment": 0.16,
      "latency_ms": 262.90077209472656,
      "context_chars": 0.0
    },
    "1": {
      "n": 100,
      "em": 0.23,
      "f1": 0.2843165266106442,
      "containment": 0.23,
      "latency_ms": 205.71715831756592,
      "context_chars": 630.94
    },
    "2": {
      "n": 100,
      "em": 0.24,
      "f1": 0.2964649859943977,
      "containment": 0.25,
      "latency_ms": 244.94077920913696,
      "context_chars": 1266.93
    },
    "3": {
      "n": 100,
      "em": 0.25,
      "f1": 0.317750700280112,
      "containment": 0.28,
      "latency_ms": 238.31146478652954,
      "context_chars": 1902.06
    },
    "4": {
      "n": 100,
      "em": 0.24,
      "f1": 0.3056641201935319,
      "containment": 0.28,
      "latency_ms": 275.16682147979736,
      "context_chars": 2538.89
    },
    "5": {
      "n": 100,
      "em": 0.28,
      "f1": 0.3511384444188635,
      "containment": 0.31,
      "latency_ms": 310.1845932006836,
      "context_chars": 3178.95
    },
    "6": {
      "n": 100,
      "em": 0.31,
      "f1": 0.38309082537124445,
      "containment": 0.32,
      "latency_ms": 312.2052478790283,
      "context_chars": 3810.61
    }
  }
}