{
  "shard_index": 4,
  "shard_count": 37,
  "summary": {
    "0": {
      "n": 100,
      "em": 0.14,
      "f1": 0.22661675252851726,
      "containment": 0.21,
      "latency_ms": 297.58314847946167,
      "context_chars": 0.0
    },
    "1": {
      "n": 100,
      "em": 0.17,
      "f1": 0.22906060606060608,
      "containment": 0.2,
      "latency_ms": 220.038001537323,
      "context_chars": 638.46
    },
    "2": {
      "n": 100,
      "em": 0.19,
      "f1": 0.2593830409356725,
      "containment": 0.26,
      "latency_ms": 244.61180210113525,
      "context_chars": 1273.22
    },
    "3": {
      "n": 100,
      "em": 0.23,
      "f1": 0.311367889420521,
      "containment": 0.32,
      "latency_ms": 263.1889820098877,
      "context_chars": 1917.79
    },
    "4": {
      "n": 100,
      "em": 0.27,
      "f1": 0.3427636018951808,
      "containment": 0.36,
      "latency_ms": 278.60305070877075,
      "context_chars": 2551.24
    },
    "5": {
      "n": 100,
      "em": 0.28,
      "f1": 0.3587842846867615,
      "containment": 0.35,
      "latency_ms": 289.53986167907715,
      "context_chars": 3186.47
    },
    "6": {
      "n": 100,
      "em": 0.29,
      "f1": 0.3704812633187246,
      "containment": 0.36,
      "latency_ms": 298.20919036865234,
      "context_chars": 3827.98
    }
  }
}