{
  "shard_index": 5,
  "shard_count": 37,
  "summary": {
    "0": {
      "n": 100,
      "em": 0.14,
      "f1": 0.2345753968253968,
      "containment": 0.18,
      "latency_ms": 211.0119390487671,
      "context_chars": 0.0
    },
    "1": {
      "n": 100,
      "em": 0.19,
      "f1": 0.26366666666666666,
      "containment": 0.21,
      "latency_ms": 207.39731311798096,
      "context_chars": 640.6
    },
    "2": {
      "n": 100,
      "em": 0.23,
      "f1": 0.32177838827838834,
      "containment": 0.31,
      "latency_ms": 230.4507327079773,
      "context_chars": 1286.01
    },
    "3": {
      "n": 100,
      "em": 0.24,
      "f1": 0.34012051282051287,
      "containment": 0.31,
      "latency_ms": 262.30331659317017,
      "context_chars": 1925.54
    },
    "4": {
      "n": 100,
      "em": 0.28,
      "f1": 0.3662619047619048,
      "containment": 0.35,
      "latency_ms": 258.4833025932312,
      "context_chars": 2568.7
    },
    "5": {
      "n": 100,
      "em": 0.23,
      "f1": 0.3350439560439561,
      "containment": 0.3,
      "latency_ms": 268.8638424873352,
      "context_chars": 3211.21
    },
    "6": {
      "n": 100,
      "em": 0.31,
      "f1": 0.40209523809523817,
      "containment": 0.37,
      "latency_ms": 278.43422651290894,
      "context_chars": 3855.15
    }
  }
}