{
  "shard_index": 2,
  "shard_count": 37,
  "summary": {
    "0": {
      "n": 100,
      "em": 0.1,
      "f1": 0.18051587301587305,
      "containment": 0.18,
      "latency_ms": 264.9131178855896,
      "context_chars": 0.0
    },
    "1": {
      "n": 100,
      "em": 0.13,
      "f1": 0.19203246753246755,
      "containment": 0.2,
      "latency_ms": 200.9591507911682,
      "context_chars": 629.29
    },
    "2": {
      "n": 100,
      "em": 0.18,
      "f1": 0.23653910068426204,
      "containment": 0.26,
      "latency_ms": 228.90475034713745,
      "context_chars": 1262.86
    },
    "3": {
      "n": 100,
      "em": 0.21,
      "f1": 0.2852855477855478,
      "containment": 0.29,
      "latency_ms": 242.71586418151855,
      "context_chars": 1897.61
    },
    "4": {
      "n": 100,
      "em": 0.23,
      "f1": 0.31289393939393945,
      "containment": 0.33,
      "latency_ms": 252.2994589805603,
      "context_chars": 2526.08
    },
    "5": {
      "n": 100,
      "em": 0.21,
      "f1": 0.284004137519815,
      "containment": 0.31,
      "latency_ms": 288.18275213241577,
      "context_chars": 3158.06
    },
    "6": {
      "n": 100,
      "em": 0.22,
      "f1": 0.2994674944938103,
      "containment": 0.32,
      "latency_ms": 275.20304918289185,
      "context_chars": 3793.45
    }
  }
}