{
  "shard_index": 6,
  "shard_count": 37,
  "summary": {
    "0": {
      "n": 100,
      "em": 0.11,
      "f1": 0.19863582169464522,
      "containment": 0.13,
      "latency_ms": 288.74303579330444,
      "context_chars": 0.0
    },
    "1": {
      "n": 100,
      "em": 0.2,
      "f1": 0.2910961815961816,
      "containment": 0.26,
      "latency_ms": 195.17732620239258,
      "context_chars": 636.48
    },
    "2": {
      "n": 100,
      "em": 0.23,
      "f1": 0.34497907647907655,
      "containment": 0.33,
      "latency_ms": 211.6838574409485,
      "context_chars": 1280.13
    },
    "3": {
      "n": 100,
      "em": 0.22,
      "f1": 0.3162691197691198,
      "containment": 0.3,
      "latency_ms": 266.6054964065552,
      "context_chars": 1924.59
    },
    "4": {
      "n": 100,
      "em": 0.25,
      "f1": 0.37313859910299535,
      "containment": 0.36,
      "latency_ms": 270.28642416000366,
      "context_chars": 2567.86
    },
    "5": {
      "n": 100,
      "em": 0.23,
      "f1": 0.3474065729592045,
      "containment": 0.34,
      "latency_ms": 310.80498218536377,
      "context_chars": 3210.02
    },
    "6": {
      "n": 100,
      "em": 0.26,
      "f1": 0.3959307041397433,
      "containment": 0.39,
      "latency_ms": 367.66758918762207,
      "context_chars": 3854.18
    }
  }
}