{
  "shard_index": 27,
  "shard_count": 37,
  "summary": {
    "0": {
      "n": 100,
      "em": 0.2,
      "f1": 0.26405555555555554,
      "containment": 0.22,
      "latency_ms": 175.95661640167236,
      "context_chars": 0.0
    },
    "1": {
      "n": 100,
      "em": 0.17,
      "f1": 0.2130793650793651,
      "containment": 0.19,
      "latency_ms": 200.27344226837158,
      "context_chars": 629.34
    },
    "2": {
      "n": 100,
      "em": 0.25,
      "f1": 0.31107431457431456,
      "containment": 0.29,
      "latency_ms": 245.64751148223877,
      "context_chars": 1258.43
    },
    "3": {
      "n": 100,
      "em": 0.24,
      "f1": 0.307178280783544,
      "containment": 0.28,
      "latency_ms": 262.7025318145752,
      "context_chars": 1888.91
    },
    "4": {
      "n": 100,
      "em": 0.26,
      "f1": 0.33326608187134504,
      "containment": 0.3,
      "latency_ms": 259.4618558883667,
      "context_chars": 2525.4
    },
    "5": {
      "n": 100,
      "em": 0.26,
      "f1": 0.3310914786967419,
      "containment": 0.29,
      "latency_ms": 272.2709822654724,
      "context_chars": 3156.08
    },
    "6": {
      "n": 100,
      "em": 0.28,
      "f1": 0.36159147869674185,
      "containment": 0.32,
      "latency_ms": 299.18861627578735,
      "context_chars": 3790.48
    }
  }
}