{
  "shard_index": 20,
  "shard_count": 37,
  "summary": {
    "0": {
      "n": 100,
      "em": 0.14,
      "f1": 0.20223809523809524,
      "containment": 0.17,
      "latency_ms": 158.11151504516602,
      "context_chars": 0.0
    },
    "1": {
      "n": 100,
      "em": 0.21,
      "f1": 0.2621002506265664,
      "containment": 0.21,
      "latency_ms": 192.00860977172852,
      "context_chars": 635.3
    },
    "2": {
      "n": 100,
      "em": 0.24,
      "f1": 0.29891269841269835,
      "containment": 0.25,
      "latency_ms": 211.28214597702026,
      "context_chars": 1273.12
    },
    "3": {
      "n": 100,
      "em": 0.22,
      "f1": 0.2813650793650793,
      "containment": 0.27,
      "latency_ms": 225.37781238555908,
      "context_chars": 1906.4
    },
    "4": {
      "n": 100,
      "em": 0.27,
      "f1": 0.33719576719576716,
      "containment": 0.32,
      "latency_ms": 246.7947506904602,
      "context_chars": 2541.2
    },
    "5": {
      "n": 100,
      "em": 0.25,
      "f1": 0.32635121328224775,
      "containment": 0.3,
      "latency_ms": 286.4847683906555,
      "context_chars": 3186.67
    },
    "6": {
      "n": 100,
      "em": 0.26,
      "f1": 0.3478533777844122,
      "containment": 0.33,
      "latency_ms": 287.22034454345703,
      "context_chars": 3824.62
    }
  }
}