{
  "shard_index": 26,
  "shard_count": 37,
  "summary": {
    "0": {
      "n": 100,
      "em": 0.1,
      "f1": 0.16650865800865802,
      "containment": 0.12,
      "latency_ms": 203.3831787109375,
      "context_chars": 0.0
    },
    "1": {
      "n": 100,
      "em": 0.15,
      "f1": 0.21590476190476193,
      "containment": 0.19,
      "latency_ms": 185.37344455718994,
      "context_chars": 637.46
    },
    "2": {
      "n": 100,
      "em": 0.16,
      "f1": 0.2627806637806638,
      "containment": 0.24,
      "latency_ms": 225.71255445480347,
      "context_chars": 1276.91
    },
    "3": {
      "n": 100,
      "em": 0.23,
      "f1": 0.3148349331827593,
      "containment": 0.3,
      "latency_ms": 250.1824927330017,
      "context_chars": 1918.81
    },
    "4": {
      "n": 100,
      "em": 0.26,
      "f1": 0.36258080808080817,
      "containment": 0.31,
      "latency_ms": 248.43889474868774,
      "context_chars": 2562.9
    },
    "5": {
      "n": 100,
      "em": 0.24,
      "f1": 0.34485797535797535,
      "containment": 0.32,
      "latency_ms": 291.93806409835815,
      "context_chars": 3204.22
    },
    "6": {
      "n": 100,
      "em": 0.24,
      "f1": 0.3477081252081253,
      "containment": 0.3,
      "latency_ms": 295.30738830566406,
      "context_chars": 3845.41
    }
  }
}