{
  "dataset": "nq_test",
  "retriever": "BM25",
  "rag_variant": "BM25_k0to6",
  "num_examples": 3610,
  "shots": {
    "0": {
      "n": 3610,
      "em": 0.1221606648199446,
      "f1": 0.18605422125296414,
      "containment": 0.15734072022160664,
      "latency_ms": 155.59675165160542,
      "context_chars": 0.0
    },
    "1": {
      "n": 3610,
      "em": 0.15290858725761772,
      "f1": 0.2145030878871167,
      "containment": 0.18310249307479223,
      "latency_ms": 150.69281922813266,
      "context_chars": 639.592243767313
    },
    "2": {
      "n": 3610,
      "em": 0.18947368421052632,
      "f1": 0.2601875930300057,
      "containment": 0.22409972299168976,
      "latency_ms": 167.23205528100772,
      "context_chars": 1280.87783933518
    },
    "3": {
      "n": 3610,
      "em": 0.20637119113573407,
      "f1": 0.28462634974424833,
      "containment": 0.2484764542936288,
      "latency_ms": 187.30155272497035,
      "context_chars": 1922.9160664819944
    },
    "4": {
      "n": 3610,
      "em": 0.21966759002770084,
      "f1": 0.3038536621181084,
      "containment": 0.2670360110803324,
      "latency_ms": 201.77012401274368,
      "context_chars": 2564.995567867036
    },
    "5": {
      "n": 3610,
      "em": 0.22770083102493074,
      "f1": 0.3151729431014782,
      "containment": 0.2836565096952909,
      "latency_ms": 219.77485883929393,
      "context_chars": 3206.721052631579
    },
    "6": {
      "n": 3610,
      "em": 0.23767313019390582,
      "f1": 0.3284329817809486,
      "containment": 0.29445983379501384,
      "latency_ms": 230.5572686102912,
      "context_chars": 3848.5149584487535
    }
  }
}