{
  "dataset": "nq_test",
  "retriever": "BM25_TCT",
  "rag_variant": "BM25_TCT_Llama70B_PromptB_k0to6",
  "num_examples": 3610,
  "shots": {
    "0": {
      "n": 3610,
      "em": 0.3440443213296399,
      "f1": 0.4845327884865345,
      "containment": 0.42354570637119116,
      "latency_ms": 2410.3032198639125,
      "context_chars": 0.0
    },
    "1": {
      "n": 3610,
      "em": 0.21412742382271469,
      "f1": 0.2783216894452019,
      "containment": 0.2371191135734072,
      "latency_ms": 2346.3085084740806,
      "context_chars": 634.4739612188366
    },
    "2": {
      "n": 3610,
      "em": 0.25263157894736843,
      "f1": 0.3311409859888793,
      "containment": 0.2853185595567867,
      "latency_ms": 2400.245875731069,
      "context_chars": 1272.8119113573407
    },
    "3": {
      "n": 3610,
      "em": 0.2867036011080332,
      "f1": 0.3733896046898363,
      "containment": 0.32271468144044324,
      "latency_ms": 2423.2960513424014,
      "context_chars": 1911.051246537396
    },
    "4": {
      "n": 3610,
      "em": 0.3038781163434903,
      "f1": 0.3963220254741156,
      "containment": 0.3479224376731302,
      "latency_ms": 2446.9898853275586,
      "context_chars": 2548.9299168975067
    },
    "5": {
      "n": 3610,
      "em": 0.31606648199445986,
      "f1": 0.41263075818465633,
      "containment": 0.360387811634349,
      "latency_ms": 2495.8715822557992,
      "context_chars": 3188.0573407202214
    },
    "6": {
      "n": 3610,
      "em": 0.3254847645429363,
      "f1": 0.4244418682568102,
      "containment": 0.3731301939058172,
      "latency_ms": 2512.7485622659615,
      "context_chars": 3827.8174515235455
    }
  }
}