{
  "shard_index": 1,
  "shard_count": 37,
  "summary": {
    "0": {
      "n": 100,
      "em": 0.34,
      "f1": 0.451,
      "containment": 0.37,
      "latency_ms": 2052.6440119743347,
      "context_chars": 0.0
    },
    "1": {
      "n": 100,
      "em": 0.31,
      "f1": 0.4365119047619047,
      "containment": 0.4,
      "latency_ms": 2308.0261397361755,
      "context_chars": 638.27
    },
    "2": {
      "n": 100,
      "em": 0.34,
      "f1": 0.46909126984126975,
      "containment": 0.44,
      "latency_ms": 2399.9111318588257,
      "context_chars": 1278.61
    },
    "3": {
      "n": 100,
      "em": 0.4,
      "f1": 0.5182341269841269,
      "containment": 0.47,
      "latency_ms": 2516.9184613227844,
      "context_chars": 1920.61
    },
    "4": {
      "n": 100,
      "em": 0.41,
      "f1": 0.5378062770562769,
      "containment": 0.47,
      "latency_ms": 2520.4023957252502,
      "context_chars": 2559.18
    },
    "5": {
      "n": 100,
      "em": 0.38,
      "f1": 0.512264652014652,
      "containment": 0.46,
      "latency_ms": 2690.989294052124,
      "context_chars": 3200.48
    },
    "6": {
      "n": 100,
      "em": 0.38,
      "f1": 0.5149094516594516,
      "containment": 0.47,
      "latency_ms": 2703.687026500702,
      "context_chars": 3839.67
    }
  }
}