{
  "shard_index": 30,
  "shard_count": 37,
  "summary": {
    "0": {
      "n": 100,
      "em": 0.41,
      "f1": 0.5388910533910534,
      "containment": 0.45,
      "latency_ms": 2400.229539871216,
      "context_chars": 0.0
    },
    "1": {
      "n": 100,
      "em": 0.39,
      "f1": 0.48371428571428565,
      "containment": 0.39,
      "latency_ms": 2378.9816188812256,
      "context_chars": 639.58
    },
    "2": {
      "n": 100,
      "em": 0.4,
      "f1": 0.4969999999999999,
      "containment": 0.41,
      "latency_ms": 2336.5729308128357,
      "context_chars": 1282.99
    },
    "3": {
      "n": 100,
      "em": 0.45,
      "f1": 0.5589047619047619,
      "containment": 0.46,
      "latency_ms": 2349.63308095932,
      "context_chars": 1926.13
    },
    "4": {
      "n": 100,
      "em": 0.47,
      "f1": 0.5786666666666666,
      "containment": 0.5,
      "latency_ms": 2361.020531654358,
      "context_chars": 2571.71
    },
    "5": {
      "n": 100,
      "em": 0.47,
      "f1": 0.5998095238095238,
      "containment": 0.5,
      "latency_ms": 2429.4630813598633,
      "context_chars": 3213.54
    },
    "6": {
      "n": 100,
      "em": 0.46,
      "f1": 0.5891428571428571,
      "containment": 0.49,
      "latency_ms": 2476.201112270355,
      "context_chars": 3858.35
    }
  }
}