{
  "shard_index": 19,
  "shard_count": 37,
  "summary": {
    "0": {
      "n": 100,
      "em": 0.3,
      "f1": 0.39686163836163835,
      "containment": 0.35,
      "latency_ms": 2491.046416759491,
      "context_chars": 0.0
    },
    "1": {
      "n": 100,
      "em": 0.27,
      "f1": 0.35845785586962053,
      "containment": 0.3,
      "latency_ms": 2256.5210676193237,
      "context_chars": 631.04
    },
    "2": {
      "n": 100,
      "em": 0.32,
      "f1": 0.39161484593837526,
      "containment": 0.32,
      "latency_ms": 2381.455707550049,
      "context_chars": 1263.52
    },
    "3": {
      "n": 100,
      "em": 0.34,
      "f1": 0.4264696969696969,
      "containment": 0.38,
      "latency_ms": 2367.5720167160034,
      "context_chars": 1903.43
    },
    "4": {
      "n": 100,
      "em": 0.33,
      "f1": 0.42386507936507933,
      "containment": 0.37,
      "latency_ms": 2490.3110122680664,
      "context_chars": 2540.14
    },
    "5": {
      "n": 100,
      "em": 0.37,
      "f1": 0.46123202614379066,
      "containment": 0.4,
      "latency_ms": 2470.2459931373596,
      "context_chars": 3178.32
    },
    "6": {
      "n": 100,
      "em": 0.36,
      "f1": 0.45967791358967824,
      "containment": 0.41,
      "latency_ms": 2613.229660987854,
      "context_chars": 3812.89
    }
  }
}