{
  "shard_index": 13,
  "shard_count": 37,
  "summary": {
    "0": {
      "n": 100,
      "em": 0.3,
      "f1": 0.44242857142857134,
      "containment": 0.35,
      "latency_ms": 2216.1628103256226,
      "context_chars": 0.0
    },
    "1": {
      "n": 100,
      "em": 0.27,
      "f1": 0.3601125541125541,
      "containment": 0.29,
      "latency_ms": 2479.060277938843,
      "context_chars": 632.35
    },
    "2": {
      "n": 100,
      "em": 0.3,
      "f1": 0.39562049062049054,
      "containment": 0.33,
      "latency_ms": 2570.1492166519165,
      "context_chars": 1268.19
    },
    "3": {
      "n": 100,
      "em": 0.31,
      "f1": 0.4169696969696969,
      "containment": 0.33,
      "latency_ms": 2467.435052394867,
      "context_chars": 1908.68
    },
    "4": {
      "n": 100,
      "em": 0.3,
      "f1": 0.4403030303030303,
      "containment": 0.37,
      "latency_ms": 2604.885516166687,
      "context_chars": 2542.62
    },
    "5": {
      "n": 100,
      "em": 0.25,
      "f1": 0.4127489177489177,
      "containment": 0.35,
      "latency_ms": 2679.5349407196045,
      "context_chars": 3175.7
    },
    "6": {
      "n": 100,
      "em": 0.29,
      "f1": 0.4367157287157286,
      "containment": 0.35,
      "latency_ms": 2601.3006591796875,
      "context_chars": 3818.77
    }
  }
}