{
  "shard_index": 4,
  "shard_count": 37,
  "summary": {
    "0": {
      "n": 100,
      "em": 0.4,
      "f1": 0.5078721804511277,
      "containment": 0.46,
      "latency_ms": 2181.019356250763,
      "context_chars": 0.0
    },
    "1": {
      "n": 100,
      "em": 0.26,
      "f1": 0.3293492063492064,
      "containment": 0.31,
      "latency_ms": 2244.462766647339,
      "context_chars": 635.64
    },
    "2": {
      "n": 100,
      "em": 0.29,
      "f1": 0.38303091060985794,
      "containment": 0.36,
      "latency_ms": 2554.6637988090515,
      "context_chars": 1269.46
    },
    "3": {
      "n": 100,
      "em": 0.32,
      "f1": 0.41612614870509596,
      "containment": 0.38,
      "latency_ms": 2613.905665874481,
      "context_chars": 1910.87
    },
    "4": {
      "n": 100,
      "em": 0.36,
      "f1": 0.438611111111111,
      "containment": 0.4,
      "latency_ms": 2478.7452721595764,
      "context_chars": 2546.67
    },
    "5": {
      "n": 100,
      "em": 0.37,
      "f1": 0.4522690058479531,
      "containment": 0.42,
      "latency_ms": 2605.5064249038696,
      "context_chars": 3191.41
    },
    "6": {
      "n": 100,
      "em": 0.37,
      "f1": 0.47734837092731824,
      "containment": 0.45,
      "latency_ms": 2745.0287103652954,
      "context_chars": 3830.79
    }
  }
}