{
  "shard_index": 8,
  "shard_count": 37,
  "summary": {
    "0": {
      "n": 100,
      "em": 0.32,
      "f1": 0.4396904761904761,
      "containment": 0.39,
      "latency_ms": 2167.8969645500183,
      "context_chars": 0.0
    },
    "1": {
      "n": 100,
      "em": 0.25,
      "f1": 0.3198910533910534,
      "containment": 0.26,
      "latency_ms": 2438.7381267547607,
      "context_chars": 637.47
    },
    "2": {
      "n": 100,
      "em": 0.26,
      "f1": 0.34524170274170274,
      "containment": 0.28,
      "latency_ms": 2722.1903109550476,
      "context_chars": 1281.48
    },
    "3": {
      "n": 100,
      "em": 0.28,
      "f1": 0.3792806637806638,
      "containment": 0.31,
      "latency_ms": 2638.479006290436,
      "context_chars": 1921.57
    },
    "4": {
      "n": 100,
      "em": 0.31,
      "f1": 0.4216464646464646,
      "containment": 0.37,
      "latency_ms": 2683.2804226875305,
      "context_chars": 2563.62
    },
    "5": {
      "n": 100,
      "em": 0.32,
      "f1": 0.4199321789321789,
      "containment": 0.37,
      "latency_ms": 2635.0129222869873,
      "context_chars": 3204.13
    },
    "6": {
      "n": 100,
      "em": 0.32,
      "f1": 0.4233845598845599,
      "containment": 0.38,
      "latency_ms": 2767.7017498016357,
      "context_chars": 3851.24
    }
  }
}