{
  "shard_index": 0,
  "shard_count": 37,
  "summary": {
    "0": {
      "n": 100,
      "em": 0.29,
      "f1": 0.4688492063492062,
      "containment": 0.39,
      "latency_ms": 2349.0006399154663,
      "context_chars": 0.0
    },
    "1": {
      "n": 100,
      "em": 0.23,
      "f1": 0.3708571428571429,
      "containment": 0.3,
      "latency_ms": 2097.008059024811,
      "context_chars": 633.18
    },
    "2": {
      "n": 100,
      "em": 0.23,
      "f1": 0.39131493506493503,
      "containment": 0.31,
      "latency_ms": 2346.155903339386,
      "context_chars": 1272.57
    },
    "3": {
      "n": 100,
      "em": 0.21,
      "f1": 0.3975674603174602,
      "containment": 0.34,
      "latency_ms": 2305.392966270447,
      "context_chars": 1907.36
    },
    "4": {
      "n": 100,
      "em": 0.22,
      "f1": 0.3874751082251081,
      "containment": 0.35,
      "latency_ms": 2388.006753921509,
      "context_chars": 2546.04
    },
    "5": {
      "n": 100,
      "em": 0.26,
      "f1": 0.4214321789321789,
      "containment": 0.37,
      "latency_ms": 2504.3213415145874,
      "context_chars": 3183.09
    },
    "6": {
      "n": 100,
      "em": 0.28,
      "f1": 0.45482034632034635,
      "containment": 0.39,
      "latency_ms": 2582.3944306373596,
      "context_chars": 3825.03
    }
  }
}