{
  "shard_index": 22,
  "shard_count": 37,
  "summary": {
    "0": {
      "n": 100,
      "em": 0.33,
      "f1": 0.4486190476190476,
      "containment": 0.4,
      "latency_ms": 2369.809617996216,
      "context_chars": 0.0
    },
    "1": {
      "n": 100,
      "em": 0.29,
      "f1": 0.3623772893772893,
      "containment": 0.36,
      "latency_ms": 2505.1467323303223,
      "context_chars": 636.86
    },
    "2": {
      "n": 100,
      "em": 0.36,
      "f1": 0.4533137973137972,
      "containment": 0.43,
      "latency_ms": 2486.5734434127808,
      "context_chars": 1279.89
    },
    "3": {
      "n": 100,
      "em": 0.34,
      "f1": 0.4357264957264956,
      "containment": 0.41,
      "latency_ms": 2544.569447040558,
      "context_chars": 1917.56
    },
    "4": {
      "n": 100,
      "em": 0.35,
      "f1": 0.45498046398046393,
      "containment": 0.43,
      "latency_ms": 2488.7623023986816,
      "context_chars": 2555.47
    },
    "5": {
      "n": 100,
      "em": 0.35,
      "f1": 0.4547692307692307,
      "containment": 0.43,
      "latency_ms": 2617.0313787460327,
      "context_chars": 3193.41
    },
    "6": {
      "n": 100,
      "em": 0.37,
      "f1": 0.46074525474525463,
      "containment": 0.43,
      "latency_ms": 2606.8256616592407,
      "context_chars": 3833.95
    }
  }
}