{
  "shard_index": 15,
  "shard_count": 37,
  "summary": {
    "0": {
      "n": 100,
      "em": 0.3,
      "f1": 0.4183427128427128,
      "containment": 0.33,
      "latency_ms": 2189.36763048172,
      "context_chars": 0.0
    },
    "1": {
      "n": 100,
      "em": 0.22,
      "f1": 0.31370370370370376,
      "containment": 0.26,
      "latency_ms": 2581.8601775169373,
      "context_chars": 636.32
    },
    "2": {
      "n": 100,
      "em": 0.27,
      "f1": 0.3647216471129514,
      "containment": 0.32,
      "latency_ms": 2674.8380374908447,
      "context_chars": 1274.27
    },
    "3": {
      "n": 100,
      "em": 0.3,
      "f1": 0.39292592592592585,
      "containment": 0.32,
      "latency_ms": 2538.8628482818604,
      "context_chars": 1914.16
    },
    "4": {
      "n": 100,
      "em": 0.32,
      "f1": 0.4164121233034277,
      "containment": 0.36,
      "latency_ms": 2783.641014099121,
      "context_chars": 2554.72
    },
    "5": {
      "n": 100,
      "em": 0.34,
      "f1": 0.4328645042558086,
      "containment": 0.38,
      "latency_ms": 2725.5779671669006,
      "context_chars": 3193.92
    },
    "6": {
      "n": 100,
      "em": 0.33,
      "f1": 0.43269783758914193,
      "containment": 0.38,
      "latency_ms": 2777.776165008545,
      "context_chars": 3836.57
    }
  }
}