{
  "shard_index": 9,
  "shard_count": 37,
  "summary": {
    "0": {
      "n": 100,
      "em": 0.36,
      "f1": 0.49846581196581186,
      "containment": 0.39,
      "latency_ms": 2191.872742176056,
      "context_chars": 0.0
    },
    "1": {
      "n": 100,
      "em": 0.29,
      "f1": 0.3880411255411256,
      "containment": 0.32,
      "latency_ms": 2450.4723167419434,
      "context_chars": 639.19
    },
    "2": {
      "n": 100,
      "em": 0.34,
      "f1": 0.4416998556998557,
      "containment": 0.35,
      "latency_ms": 2573.7543988227844,
      "context_chars": 1282.35
    },
    "3": {
      "n": 100,
      "em": 0.36,
      "f1": 0.4764220779220779,
      "containment": 0.37,
      "latency_ms": 2469.1696166992188,
      "context_chars": 1931.31
    },
    "4": {
      "n": 100,
      "em": 0.38,
      "f1": 0.4891998556998557,
      "containment": 0.4,
      "latency_ms": 2522.4781727790833,
      "context_chars": 2571.65
    },
    "5": {
      "n": 100,
      "em": 0.4,
      "f1": 0.5046601731601732,
      "containment": 0.41,
      "latency_ms": 2528.1270813941956,
      "context_chars": 3211.9
    },
    "6": {
      "n": 100,
      "em": 0.4,
      "f1": 0.5099458874458874,
      "containment": 0.4,
      "latency_ms": 2598.1092524528503,
      "context_chars": 3851.88
    }
  }
}