{
  "shard_index": 35,
  "shard_count": 37,
  "summary": {
    "0": {
      "n": 100,
      "em": 0.31,
      "f1": 0.39595238095238094,
      "containment": 0.36,
      "latency_ms": 1701.2868428230286,
      "context_chars": 0.0
    },
    "1": {
      "n": 100,
      "em": 0.24,
      "f1": 0.3121111111111111,
      "containment": 0.26,
      "latency_ms": 1986.9564008712769,
      "context_chars": 642.59
    },
    "2": {
      "n": 100,
      "em": 0.26,
      "f1": 0.3338809523809524,
      "containment": 0.31,
      "latency_ms": 2048.292188644409,
      "context_chars": 1284.05
    },
    "3": {
      "n": 100,
      "em": 0.32,
      "f1": 0.4026031746031746,
      "containment": 0.37,
      "latency_ms": 2084.1893315315247,
      "context_chars": 1928.7
    },
    "4": {
      "n": 100,
      "em": 0.29,
      "f1": 0.3816825396825396,
      "containment": 0.33,
      "latency_ms": 2132.301788330078,
      "context_chars": 2573.64
    },
    "5": {
      "n": 100,
      "em": 0.33,
      "f1": 0.4193174603174603,
      "containment": 0.38,
      "latency_ms": 2121.8031096458435,
      "context_chars": 3219.25
    },
    "6": {
      "n": 100,
      "em": 0.31,
      "f1": 0.41234920634920635,
      "containment": 0.36,
      "latency_ms": 2051.03276014328,
      "context_chars": 3864.78
    }
  }
}