{
  "shard_index": 31,
  "shard_count": 37,
  "summary": {
    "0": {
      "n": 100,
      "em": 0.32,
      "f1": 0.4118671679197995,
      "containment": 0.35,
      "latency_ms": 2383.9700150489807,
      "context_chars": 0.0
    },
    "1": {
      "n": 100,
      "em": 0.24,
      "f1": 0.32450793650793647,
      "containment": 0.25,
      "latency_ms": 2624.592545032501,
      "context_chars": 633.73
    },
    "2": {
      "n": 100,
      "em": 0.27,
      "f1": 0.3866984126984127,
      "containment": 0.32,
      "latency_ms": 2643.7374210357666,
      "context_chars": 1273.04
    },
    "3": {
      "n": 100,
      "em": 0.36,
      "f1": 0.4591507936507936,
      "containment": 0.37,
      "latency_ms": 2495.690550804138,
      "context_chars": 1909.96
    },
    "4": {
      "n": 100,
      "em": 0.36,
      "f1": 0.449595238095238,
      "containment": 0.38,
      "latency_ms": 2578.0680084228516,
      "context_chars": 2550.52
    },
    "5": {
      "n": 100,
      "em": 0.41,
      "f1": 0.5028095238095238,
      "containment": 0.42,
      "latency_ms": 2551.48065328598,
      "context_chars": 3189.75
    },
    "6": {
      "n": 100,
      "em": 0.39,
      "f1": 0.489063492063492,
      "containment": 0.43,
      "latency_ms": 2723.0199432373047,
      "context_chars": 3828.45
    }
  }
}