{
  "shard_index": 34,
  "shard_count": 37,
  "summary": {
    "0": {
      "n": 100,
      "em": 0.3,
      "f1": 0.41334920634920636,
      "containment": 0.33,
      "latency_ms": 2138.4912538528442,
      "context_chars": 0.0
    },
    "1": {
      "n": 100,
      "em": 0.28,
      "f1": 0.3502356532356532,
      "containment": 0.28,
      "latency_ms": 2486.6909289360046,
      "context_chars": 636.79
    },
    "2": {
      "n": 100,
      "em": 0.31,
      "f1": 0.397231684981685,
      "containment": 0.31,
      "latency_ms": 2625.413715839386,
      "context_chars": 1279.28
    },
    "3": {
      "n": 100,
      "em": 0.38,
      "f1": 0.45960073260073253,
      "containment": 0.38,
      "latency_ms": 2564.611315727234,
      "context_chars": 1922.02
    },
    "4": {
      "n": 100,
      "em": 0.4,
      "f1": 0.46921184371184366,
      "containment": 0.42,
      "latency_ms": 2775.6625366210938,
      "context_chars": 2569.54
    },
    "5": {
      "n": 100,
      "em": 0.41,
      "f1": 0.48035470085470083,
      "containment": 0.42,
      "latency_ms": 2555.63264131546,
      "context_chars": 3213.22
    },
    "6": {
      "n": 100,
      "em": 0.42,
      "f1": 0.4982118437118437,
      "containment": 0.45,
      "latency_ms": 2534.450442790985,
      "context_chars": 3854.81
    }
  }
}