{
  "shard_index": 26,
  "shard_count": 37,
  "summary": {
    "0": {
      "n": 100,
      "em": 0.34,
      "f1": 0.4650411255411255,
      "containment": 0.39,
      "latency_ms": 2259.761152267456,
      "context_chars": 0.0
    },
    "1": {
      "n": 100,
      "em": 0.25,
      "f1": 0.3504300144300144,
      "containment": 0.31,
      "latency_ms": 2438.593988418579,
      "context_chars": 642.73
    },
    "2": {
      "n": 100,
      "em": 0.3,
      "f1": 0.42266666666666663,
      "containment": 0.36,
      "latency_ms": 2519.0222477912903,
      "context_chars": 1285.71
    },
    "3": {
      "n": 100,
      "em": 0.33,
      "f1": 0.44941702741702744,
      "containment": 0.4,
      "latency_ms": 2514.8453736305237,
      "context_chars": 1932.5
    },
    "4": {
      "n": 100,
      "em": 0.37,
      "f1": 0.4864776334776335,
      "containment": 0.42,
      "latency_ms": 2388.4722566604614,
      "context_chars": 2575.29
    },
    "5": {
      "n": 100,
      "em": 0.33,
      "f1": 0.47198845598845596,
      "containment": 0.42,
      "latency_ms": 2669.4338274002075,
      "context_chars": 3218.47
    },
    "6": {
      "n": 100,
      "em": 0.32,
      "f1": 0.4724935064935064,
      "containment": 0.42,
      "latency_ms": 2552.105600833893,
      "context_chars": 3866.64
    }
  }
}