{
  "shard_index": 27,
  "shard_count": 37,
  "summary": {
    "0": {
      "n": 100,
      "em": 0.35,
      "f1": 0.46659523809523806,
      "containment": 0.37,
      "latency_ms": 2262.9557847976685,
      "context_chars": 0.0
    },
    "1": {
      "n": 100,
      "em": 0.31,
      "f1": 0.383015873015873,
      "containment": 0.32,
      "latency_ms": 2470.6874227523804,
      "context_chars": 636.02
    },
    "2": {
      "n": 100,
      "em": 0.36,
      "f1": 0.46090476190476193,
      "containment": 0.38,
      "latency_ms": 2499.1031527519226,
      "context_chars": 1271.47
    },
    "3": {
      "n": 100,
      "em": 0.42,
      "f1": 0.4990476190476191,
      "containment": 0.43,
      "latency_ms": 2528.621292114258,
      "context_chars": 1903.54
    },
    "4": {
      "n": 100,
      "em": 0.39,
      "f1": 0.4748730158730158,
      "containment": 0.41,
      "latency_ms": 2542.9967188835144,
      "context_chars": 2537.41
    },
    "5": {
      "n": 100,
      "em": 0.41,
      "f1": 0.4918253968253968,
      "containment": 0.43,
      "latency_ms": 2479.035131931305,
      "context_chars": 3177.15
    },
    "6": {
      "n": 100,
      "em": 0.41,
      "f1": 0.5040634920634921,
      "containment": 0.45,
      "latency_ms": 2572.4286317825317,
      "context_chars": 3814.26
    }
  }
}