{
  "shard_index": 18,
  "shard_count": 37,
  "summary": {
    "0": {
      "n": 100,
      "em": 0.34,
      "f1": 0.5047085137085138,
      "containment": 0.4,
      "latency_ms": 2305.407419204712,
      "context_chars": 0.0
    },
    "1": {
      "n": 100,
      "em": 0.27,
      "f1": 0.4195238095238096,
      "containment": 0.33,
      "latency_ms": 2246.557810306549,
      "context_chars": 634.04
    },
    "2": {
      "n": 100,
      "em": 0.31,
      "f1": 0.4553389355742297,
      "containment": 0.35,
      "latency_ms": 2267.2753500938416,
      "context_chars": 1272.42
    },
    "3": {
      "n": 100,
      "em": 0.35,
      "f1": 0.48764502164502155,
      "containment": 0.4,
      "latency_ms": 2370.9910225868225,
      "context_chars": 1923.38
    },
    "4": {
      "n": 100,
      "em": 0.35,
      "f1": 0.49347619047619035,
      "containment": 0.41,
      "latency_ms": 2421.539146900177,
      "context_chars": 2569.77
    },
    "5": {
      "n": 100,
      "em": 0.36,
      "f1": 0.4889340659340659,
      "containment": 0.42,
      "latency_ms": 2572.0823287963867,
      "context_chars": 3215.72
    },
    "6": {
      "n": 100,
      "em": 0.33,
      "f1": 0.48116017316017307,
      "containment": 0.41,
      "latency_ms": 2534.7135066986084,
      "context_chars": 3861.69
    }
  }
}