{
  "shard_index": 16,
  "shard_count": 37,
  "summary": {
    "0": {
      "n": 100,
      "em": 0.37,
      "f1": 0.46967748917748914,
      "containment": 0.4,
      "latency_ms": 2132.124102115631,
      "context_chars": 0.0
    },
    "1": {
      "n": 100,
      "em": 0.24,
      "f1": 0.3540572205572205,
      "containment": 0.31,
      "latency_ms": 2697.293906211853,
      "context_chars": 636.09
    },
    "2": {
      "n": 100,
      "em": 0.3,
      "f1": 0.40755722055722043,
      "containment": 0.36,
      "latency_ms": 2594.5722603797913,
      "context_chars": 1275.09
    },
    "3": {
      "n": 100,
      "em": 0.32,
      "f1": 0.4278520923520923,
      "containment": 0.36,
      "latency_ms": 2572.7770566940308,
      "context_chars": 1909.49
    },
    "4": {
      "n": 100,
      "em": 0.31,
      "f1": 0.4356597846597846,
      "containment": 0.37,
      "latency_ms": 2704.4652247428894,
      "context_chars": 2553.43
    },
    "5": {
      "n": 100,
      "em": 0.35,
      "f1": 0.4462715062715062,
      "containment": 0.37,
      "latency_ms": 2705.6365418434143,
      "context_chars": 3198.28
    },
    "6": {
      "n": 100,
      "em": 0.35,
      "f1": 0.44839971139971135,
      "containment": 0.38,
      "latency_ms": 2591.643862724304,
      "context_chars": 3842.28
    }
  }
}