{
  "shard_index": 28,
  "shard_count": 37,
  "summary": {
    "0": {
      "n": 100,
      "em": 0.34,
      "f1": 0.4756572316572317,
      "containment": 0.41,
      "latency_ms": 2384.4591569900513,
      "context_chars": 0.0
    },
    "1": {
      "n": 100,
      "em": 0.27,
      "f1": 0.36953246753246755,
      "containment": 0.32,
      "latency_ms": 2466.718716621399,
      "context_chars": 636.03
    },
    "2": {
      "n": 100,
      "em": 0.29,
      "f1": 0.3948347763347763,
      "containment": 0.33,
      "latency_ms": 2650.369975566864,
      "context_chars": 1277.31
    },
    "3": {
      "n": 100,
      "em": 0.31,
      "f1": 0.4233196248196249,
      "containment": 0.36,
      "latency_ms": 2785.9274911880493,
      "context_chars": 1917.54
    },
    "4": {
      "n": 100,
      "em": 0.31,
      "f1": 0.42351010101010106,
      "containment": 0.35,
      "latency_ms": 3184.8119139671326,
      "context_chars": 2559.99
    },
    "5": {
      "n": 100,
      "em": 0.29,
      "f1": 0.4123672438672439,
      "containment": 0.35,
      "latency_ms": 3196.106460094452,
      "context_chars": 3198.66
    },
    "6": {
      "n": 100,
      "em": 0.3,
      "f1": 0.4119862914862915,
      "containment": 0.36,
      "latency_ms": 3002.891318798065,
      "context_chars": 3842.73
    }
  }
}