{
  "shard_index": 23,
  "shard_count": 37,
  "summary": {
    "0": {
      "n": 100,
      "em": 0.43,
      "f1": 0.5213547008547009,
      "containment": 0.48,
      "latency_ms": 2276.8816423416138,
      "context_chars": 0.0
    },
    "1": {
      "n": 100,
      "em": 0.26,
      "f1": 0.38311904761904764,
      "containment": 0.33,
      "latency_ms": 2497.981216907501,
      "context_chars": 643.97
    },
    "2": {
      "n": 100,
      "em": 0.29,
      "f1": 0.4006993888464477,
      "containment": 0.4,
      "latency_ms": 2708.71045589447,
      "context_chars": 1286.59
    },
    "3": {
      "n": 100,
      "em": 0.34,
      "f1": 0.4468457775454679,
      "containment": 0.42,
      "latency_ms": 2685.382740497589,
      "context_chars": 1922.8
    },
    "4": {
      "n": 100,
      "em": 0.35,
      "f1": 0.47526190476190466,
      "containment": 0.45,
      "latency_ms": 2691.0229897499084,
      "context_chars": 2562.37
    },
    "5": {
      "n": 100,
      "em": 0.35,
      "f1": 0.46659523809523795,
      "containment": 0.44,
      "latency_ms": 2589.626612663269,
      "context_chars": 3202.06
    },
    "6": {
      "n": 100,
      "em": 0.36,
      "f1": 0.4928095238095237,
      "containment": 0.46,
      "latency_ms": 2911.034519672394,
      "context_chars": 3844.46
    }
  }
}