{
  "shard_index": 25,
  "shard_count": 37,
  "summary": {
    "0": {
      "n": 100,
      "em": 0.37,
      "f1": 0.4879523809523809,
      "containment": 0.42,
      "latency_ms": 2187.7943325042725,
      "context_chars": 0.0
    },
    "1": {
      "n": 100,
      "em": 0.34,
      "f1": 0.40394660894660894,
      "containment": 0.4,
      "latency_ms": 2502.7098655700684,
      "context_chars": 642.66
    },
    "2": {
      "n": 100,
      "em": 0.37,
      "f1": 0.45925613275613275,
      "containment": 0.43,
      "latency_ms": 2619.553678035736,
      "context_chars": 1284.34
    },
    "3": {
      "n": 100,
      "em": 0.39,
      "f1": 0.4875894660894662,
      "containment": 0.45,
      "latency_ms": 2483.5120463371277,
      "context_chars": 1926.48
    },
    "4": {
      "n": 100,
      "em": 0.4,
      "f1": 0.5033354978354978,
      "containment": 0.49,
      "latency_ms": 2659.727759361267,
      "context_chars": 2560.43
    },
    "5": {
      "n": 100,
      "em": 0.41,
      "f1": 0.5115497835497835,
      "containment": 0.49,
      "latency_ms": 2653.838782310486,
      "context_chars": 3210.73
    },
    "6": {
      "n": 100,
      "em": 0.39,
      "f1": 0.4916291486291487,
      "containment": 0.47,
      "latency_ms": 2636.8595695495605,
      "context_chars": 3848.14
    }
  }
}