{
  "shard_index": 36,
  "shard_count": 37,
  "summary": {
    "0": {
      "n": 10,
      "em": 0.5,
      "f1": 0.55,
      "containment": 0.6,
      "latency_ms": 1203.378677368164,
      "context_chars": 0.0
    },
    "1": {
      "n": 10,
      "em": 0.3,
      "f1": 0.5233333333333332,
      "containment": 0.5,
      "latency_ms": 1498.0118036270142,
      "context_chars": 641.2
    },
    "2": {
      "n": 10,
      "em": 0.3,
      "f1": 0.45666666666666667,
      "containment": 0.4,
      "latency_ms": 1569.787311553955,
      "context_chars": 1291.7
    },
    "3": {
      "n": 10,
      "em": 0.4,
      "f1": 0.5066666666666666,
      "containment": 0.5,
      "latency_ms": 1530.6103944778442,
      "context_chars": 1935.0
    },
    "4": {
      "n": 10,
      "em": 0.3,
      "f1": 0.5233333333333332,
      "containment": 0.5,
      "latency_ms": 1437.8365755081177,
      "context_chars": 2596.9
    },
    "5": {
      "n": 10,
      "em": 0.3,
      "f1": 0.5333333333333332,
      "containment": 0.6,
      "latency_ms": 1542.9534912109375,
      "context_chars": 3245.6
    },
    "6": {
      "n": 10,
      "em": 0.3,
      "f1": 0.5083333333333332,
      "containment": 0.7,
      "latency_ms": 2244.8187351226807,
      "context_chars": 3896.1
    }
  }
}