{
  "shard_index": 32,
  "shard_count": 37,
  "summary": {
    "0": {
      "n": 100,
      "em": 0.29,
      "f1": 0.44152380952380943,
      "containment": 0.38,
      "latency_ms": 2174.2711114883423,
      "context_chars": 0.0
    },
    "1": {
      "n": 100,
      "em": 0.22,
      "f1": 0.33811904761904765,
      "containment": 0.27,
      "latency_ms": 2401.264410018921,
      "context_chars": 635.64
    },
    "2": {
      "n": 100,
      "em": 0.22,
      "f1": 0.3498665223665224,
      "containment": 0.3,
      "latency_ms": 2575.788185596466,
      "context_chars": 1270.9
    },
    "3": {
      "n": 100,
      "em": 0.27,
      "f1": 0.40725957049486455,
      "containment": 0.36,
      "latency_ms": 2554.8553943634033,
      "context_chars": 1910.6
    },
    "4": {
      "n": 100,
      "em": 0.3,
      "f1": 0.4445770308123248,
      "containment": 0.41,
      "latency_ms": 2480.335638523102,
      "context_chars": 2548.65
    },
    "5": {
      "n": 100,
      "em": 0.32,
      "f1": 0.4671881419234359,
      "containment": 0.42,
      "latency_ms": 2428.6201405525208,
      "context_chars": 3188.1
    },
    "6": {
      "n": 100,
      "em": 0.32,
      "f1": 0.4738548085901024,
      "containment": 0.42,
      "latency_ms": 2542.5286865234375,
      "context_chars": 3829.5
    }
  }
}