{
  "shard_index": 5,
  "shard_count": 37,
  "summary": {
    "0": {
      "n": 100,
      "em": 0.35,
      "f1": 0.49533333333333324,
      "containment": 0.42,
      "latency_ms": 2037.4878644943237,
      "context_chars": 0.0
    },
    "1": {
      "n": 100,
      "em": 0.28,
      "f1": 0.39554761904761904,
      "containment": 0.34,
      "latency_ms": 2090.4089856147766,
      "context_chars": 645.07
    },
    "2": {
      "n": 100,
      "em": 0.3,
      "f1": 0.42092857142857143,
      "containment": 0.37,
      "latency_ms": 2184.0741205215454,
      "context_chars": 1290.06
    },
    "3": {
      "n": 100,
      "em": 0.38,
      "f1": 0.4886666666666666,
      "containment": 0.43,
      "latency_ms": 2002.0335388183594,
      "context_chars": 1939.19
    },
    "4": {
      "n": 100,
      "em": 0.35,
      "f1": 0.468095238095238,
      "containment": 0.41,
      "latency_ms": 2052.865889072418,
      "context_chars": 2574.81
    },
    "5": {
      "n": 100,
      "em": 0.38,
      "f1": 0.49783333333333324,
      "containment": 0.43,
      "latency_ms": 2162.8875017166138,
      "context_chars": 3218.98
    },
    "6": {
      "n": 100,
      "em": 0.37,
      "f1": 0.48580952380952375,
      "containment": 0.44,
      "latency_ms": 2184.4500494003296,
      "context_chars": 3859.63
    }
  }
}