{
  "shard_index": 11,
  "shard_count": 37,
  "summary": {
    "0": {
      "n": 100,
      "em": 0.39,
      "f1": 0.5044134199134199,
      "containment": 0.46,
      "latency_ms": 2091.6481280326843,
      "context_chars": 0.0
    },
    "1": {
      "n": 100,
      "em": 0.34,
      "f1": 0.3904220779220779,
      "containment": 0.38,
      "latency_ms": 2063.606505393982,
      "context_chars": 633.78
    },
    "2": {
      "n": 100,
      "em": 0.4,
      "f1": 0.4947380952380952,
      "containment": 0.47,
      "latency_ms": 2262.071692943573,
      "context_chars": 1269.35
    },
    "3": {
      "n": 100,
      "em": 0.43,
      "f1": 0.5186428571428571,
      "containment": 0.51,
      "latency_ms": 2395.410747528076,
      "context_chars": 1908.08
    },
    "4": {
      "n": 100,
      "em": 0.44,
      "f1": 0.5318650793650793,
      "containment": 0.52,
      "latency_ms": 2515.026557445526,
      "context_chars": 2540.76
    },
    "5": {
      "n": 100,
      "em": 0.44,
      "f1": 0.5466428571428571,
      "containment": 0.52,
      "latency_ms": 2492.1964383125305,
      "context_chars": 3183.66
    },
    "6": {
      "n": 100,
      "em": 0.4,
      "f1": 0.5121916857652152,
      "containment": 0.49,
      "latency_ms": 2705.6533241271973,
      "context_chars": 3826.0
    }
  }
}