{
  "shard_index": 14,
  "shard_count": 37,
  "summary": {
    "0": {
      "n": 100,
      "em": 0.38,
      "f1": 0.4928809523809523,
      "containment": 0.4,
      "latency_ms": 2008.5029339790344,
      "context_chars": 0.0
    },
    "1": {
      "n": 100,
      "em": 0.3,
      "f1": 0.39100427350427347,
      "containment": 0.34,
      "latency_ms": 2434.0333437919617,
      "context_chars": 646.4
    },
    "2": {
      "n": 100,
      "em": 0.31,
      "f1": 0.4269566544566545,
      "containment": 0.36,
      "latency_ms": 2500.030288696289,
      "context_chars": 1293.08
    },
    "3": {
      "n": 100,
      "em": 0.35,
      "f1": 0.46452813852813846,
      "containment": 0.4,
      "latency_ms": 2663.054769039154,
      "context_chars": 1939.38
    },
    "4": {
      "n": 100,
      "em": 0.36,
      "f1": 0.4910122100122099,
      "containment": 0.43,
      "latency_ms": 2627.5089859962463,
      "context_chars": 2589.43
    },
    "5": {
      "n": 100,
      "em": 0.36,
      "f1": 0.48553601953601944,
      "containment": 0.41,
      "latency_ms": 2620.7671093940735,
      "context_chars": 3231.85
    },
    "6": {
      "n": 100,
      "em": 0.37,
      "f1": 0.4997301587301586,
      "containment": 0.42,
      "latency_ms": 2516.9365429878235,
      "context_chars": 3870.94
    }
  }
}