{
  "shard_index": 21,
  "shard_count": 37,
  "summary": {
    "0": {
      "n": 100,
      "em": 0.39,
      "f1": 0.46756493506493507,
      "containment": 0.42,
      "latency_ms": 2201.5197038650513,
      "context_chars": 0.0
    },
    "1": {
      "n": 100,
      "em": 0.31,
      "f1": 0.39026984126984127,
      "containment": 0.33,
      "latency_ms": 2302.1084928512573,
      "context_chars": 621.91
    },
    "2": {
      "n": 100,
      "em": 0.32,
      "f1": 0.4229987789987789,
      "containment": 0.37,
      "latency_ms": 2465.9637117385864,
      "context_chars": 1253.07
    },
    "3": {
      "n": 100,
      "em": 0.37,
      "f1": 0.49665079365079356,
      "containment": 0.44,
      "latency_ms": 2376.235716342926,
      "context_chars": 1888.65
    },
    "4": {
      "n": 100,
      "em": 0.39,
      "f1": 0.5002380952380951,
      "containment": 0.47,
      "latency_ms": 2519.16743516922,
      "context_chars": 2524.67
    },
    "5": {
      "n": 100,
      "em": 0.41,
      "f1": 0.5349603174603174,
      "containment": 0.49,
      "latency_ms": 2599.4839310646057,
      "context_chars": 3159.22
    },
    "6": {
      "n": 100,
      "em": 0.43,
      "f1": 0.5430714285714285,
      "containment": 0.5,
      "latency_ms": 2567.90283203125,
      "context_chars": 3795.38
    }
  }
}