{
  "shard_index": 3,
  "shard_count": 37,
  "summary": {
    "0": {
      "n": 100,
      "em": 0.37,
      "f1": 0.4734047619047617,
      "containment": 0.47,
      "latency_ms": 2221.6260290145874,
      "context_chars": 0.0
    },
    "1": {
      "n": 100,
      "em": 0.33,
      "f1": 0.38831746031746034,
      "containment": 0.38,
      "latency_ms": 2317.464187145233,
      "context_chars": 641.73
    },
    "2": {
      "n": 100,
      "em": 0.31,
      "f1": 0.38755555555555554,
      "containment": 0.38,
      "latency_ms": 2312.406234741211,
      "context_chars": 1279.19
    },
    "3": {
      "n": 100,
      "em": 0.32,
      "f1": 0.3907698412698412,
      "containment": 0.38,
      "latency_ms": 2232.597517967224,
      "context_chars": 1919.85
    },
    "4": {
      "n": 100,
      "em": 0.35,
      "f1": 0.4234365079365079,
      "containment": 0.4,
      "latency_ms": 2408.736913204193,
      "context_chars": 2560.49
    },
    "5": {
      "n": 100,
      "em": 0.34,
      "f1": 0.41660317460317464,
      "containment": 0.42,
      "latency_ms": 2367.6798510551453,
      "context_chars": 3201.34
    },
    "6": {
      "n": 100,
      "em": 0.35,
      "f1": 0.4332142857142856,
      "containment": 0.42,
      "latency_ms": 2453.8137578964233,
      "context_chars": 3840.87
    }
  }
}