{
  "shard_index": 7,
  "shard_count": 37,
  "summary": {
    "0": {
      "n": 100,
      "em": 0.31,
      "f1": 0.45300649350649347,
      "containment": 0.39,
      "latency_ms": 2105.964183807373,
      "context_chars": 0.0
    },
    "1": {
      "n": 100,
      "em": 0.22,
      "f1": 0.31084126984126986,
      "containment": 0.25,
      "latency_ms": 2426.023483276367,
      "context_chars": 638.66
    },
    "2": {
      "n": 100,
      "em": 0.26,
      "f1": 0.3700335775335775,
      "containment": 0.31,
      "latency_ms": 2577.4275970458984,
      "context_chars": 1280.17
    },
    "3": {
      "n": 100,
      "em": 0.29,
      "f1": 0.4007319902319902,
      "containment": 0.36,
      "latency_ms": 2616.556770801544,
      "context_chars": 1926.2
    },
    "4": {
      "n": 100,
      "em": 0.3,
      "f1": 0.43003357753357746,
      "containment": 0.38,
      "latency_ms": 2666.0501503944397,
      "context_chars": 2565.01
    },
    "5": {
      "n": 100,
      "em": 0.29,
      "f1": 0.41688278388278377,
      "containment": 0.37,
      "latency_ms": 2646.8768191337585,
      "context_chars": 3205.52
    },
    "6": {
      "n": 100,
      "em": 0.29,
      "f1": 0.4177161172161171,
      "containment": 0.38,
      "latency_ms": 2758.9636182785034,
      "context_chars": 3849.49
    }
  }
}