{
  "shard_index": 2,
  "shard_count": 37,
  "summary": {
    "0": {
      "n": 100,
      "em": 0.39,
      "f1": 0.5216245421245419,
      "containment": 0.48,
      "latency_ms": 2115.4638361930847,
      "context_chars": 0.0
    },
    "1": {
      "n": 100,
      "em": 0.25,
      "f1": 0.3394047619047619,
      "containment": 0.28,
      "latency_ms": 2230.963888168335,
      "context_chars": 631.47
    },
    "2": {
      "n": 100,
      "em": 0.27,
      "f1": 0.3641031746031746,
      "containment": 0.32,
      "latency_ms": 2287.9716539382935,
      "context_chars": 1269.24
    },
    "3": {
      "n": 100,
      "em": 0.3,
      "f1": 0.3815880230880231,
      "containment": 0.35,
      "latency_ms": 2422.9987001419067,
      "context_chars": 1906.56
    },
    "4": {
      "n": 100,
      "em": 0.33,
      "f1": 0.42362698412698413,
      "containment": 0.4,
      "latency_ms": 2472.915885448456,
      "context_chars": 2540.61
    },
    "5": {
      "n": 100,
      "em": 0.3,
      "f1": 0.39354761904761904,
      "containment": 0.36,
      "latency_ms": 2430.6212043762207,
      "context_chars": 3175.54
    },
    "6": {
      "n": 100,
      "em": 0.3,
      "f1": 0.39955627705627705,
      "containment": 0.38,
      "latency_ms": 2583.1967091560364,
      "context_chars": 3812.52
    }
  }
}