{
  "shard_index": 20,
  "shard_count": 37,
  "summary": {
    "0": {
      "n": 100,
      "em": 0.35,
      "f1": 0.4387991452991453,
      "containment": 0.39,
      "latency_ms": 2295.6661415100098,
      "context_chars": 0.0
    },
    "1": {
      "n": 100,
      "em": 0.3,
      "f1": 0.3808888888888889,
      "containment": 0.3,
      "latency_ms": 2290.380792617798,
      "context_chars": 633.46
    },
    "2": {
      "n": 100,
      "em": 0.3,
      "f1": 0.38902411477411486,
      "containment": 0.33,
      "latency_ms": 2365.282859802246,
      "context_chars": 1271.16
    },
    "3": {
      "n": 100,
      "em": 0.37,
      "f1": 0.4514087301587301,
      "containment": 0.38,
      "latency_ms": 2311.833915710449,
      "context_chars": 1912.56
    },
    "4": {
      "n": 100,
      "em": 0.38,
      "f1": 0.46569078144078146,
      "containment": 0.4,
      "latency_ms": 2300.4326391220093,
      "context_chars": 2556.09
    },
    "5": {
      "n": 100,
      "em": 0.38,
      "f1": 0.47438522588522586,
      "containment": 0.39,
      "latency_ms": 2377.4784111976624,
      "context_chars": 3199.93
    },
    "6": {
      "n": 100,
      "em": 0.39,
      "f1": 0.49187301587301574,
      "containment": 0.42,
      "latency_ms": 2448.429787158966,
      "context_chars": 3841.35
    }
  }
}