{
  "shard_index": 24,
  "shard_count": 37,
  "summary": {
    "0": {
      "n": 100,
      "em": 0.2,
      "f1": 0.36128571428571427,
      "containment": 0.34,
      "latency_ms": 1962.1778178215027,
      "context_chars": 0.0
    },
    "1": {
      "n": 100,
      "em": 0.24,
      "f1": 0.33841558441558434,
      "containment": 0.31,
      "latency_ms": 2542.342689037323,
      "context_chars": 642.45
    },
    "2": {
      "n": 100,
      "em": 0.32,
      "f1": 0.41603601953601943,
      "containment": 0.41,
      "latency_ms": 2411.406111717224,
      "context_chars": 1292.16
    },
    "3": {
      "n": 100,
      "em": 0.31,
      "f1": 0.40675824175824166,
      "containment": 0.4,
      "latency_ms": 2401.3497591018677,
      "context_chars": 1931.68
    },
    "4": {
      "n": 100,
      "em": 0.31,
      "f1": 0.39405982905982895,
      "containment": 0.38,
      "latency_ms": 2446.189923286438,
      "context_chars": 2576.96
    },
    "5": {
      "n": 100,
      "em": 0.31,
      "f1": 0.415059829059829,
      "containment": 0.4,
      "latency_ms": 2537.2878241539,
      "context_chars": 3221.98
    },
    "6": {
      "n": 100,
      "em": 0.32,
      "f1": 0.42500427350427344,
      "containment": 0.43,
      "latency_ms": 2538.9202308654785,
      "context_chars": 3867.52
    }
  }
}