{
  "shard_index": 17,
  "shard_count": 37,
  "summary": {
    "0": {
      "n": 100,
      "em": 0.37,
      "f1": 0.47275274725274713,
      "containment": 0.39,
      "latency_ms": 2101.017711162567,
      "context_chars": 0.0
    },
    "1": {
      "n": 100,
      "em": 0.29,
      "f1": 0.3418037518037518,
      "containment": 0.31,
      "latency_ms": 2356.1608028411865,
      "context_chars": 636.48
    },
    "2": {
      "n": 100,
      "em": 0.37,
      "f1": 0.43580375180375186,
      "containment": 0.42,
      "latency_ms": 2620.149028301239,
      "context_chars": 1278.31
    },
    "3": {
      "n": 100,
      "em": 0.4,
      "f1": 0.47731623931623934,
      "containment": 0.4,
      "latency_ms": 2482.6392245292664,
      "context_chars": 1922.01
    },
    "4": {
      "n": 100,
      "em": 0.41,
      "f1": 0.48680253080253083,
      "containment": 0.4,
      "latency_ms": 2510.847282409668,
      "context_chars": 2559.9
    },
    "5": {
      "n": 100,
      "em": 0.4,
      "f1": 0.4791358641358642,
      "containment": 0.41,
      "latency_ms": 2641.845061779022,
      "context_chars": 3201.0
    },
    "6": {
      "n": 100,
      "em": 0.42,
      "f1": 0.4903566433566433,
      "containment": 0.41,
      "latency_ms": 2521.1815524101257,
      "context_chars": 3841.1
    }
  }
}