{
  "shard_index": 6,
  "shard_count": 37,
  "summary": {
    "0": {
      "n": 100,
      "em": 0.35,
      "f1": 0.4809603174603174,
      "containment": 0.4,
      "latency_ms": 2147.9408764839172,
      "context_chars": 0.0
    },
    "1": {
      "n": 100,
      "em": 0.26,
      "f1": 0.37123809523809526,
      "containment": 0.34,
      "latency_ms": 2612.010407447815,
      "context_chars": 640.86
    },
    "2": {
      "n": 100,
      "em": 0.27,
      "f1": 0.4045743145743146,
      "containment": 0.39,
      "latency_ms": 2647.657310962677,
      "context_chars": 1284.24
    },
    "3": {
      "n": 100,
      "em": 0.35,
      "f1": 0.4724227994227995,
      "containment": 0.44,
      "latency_ms": 2457.1161890029907,
      "context_chars": 1926.49
    },
    "4": {
      "n": 100,
      "em": 0.35,
      "f1": 0.47509812409812413,
      "containment": 0.45,
      "latency_ms": 2543.321087360382,
      "context_chars": 2566.45
    },
    "5": {
      "n": 100,
      "em": 0.34,
      "f1": 0.4874227994227995,
      "containment": 0.45,
      "latency_ms": 2717.9049491882324,
      "context_chars": 3208.91
    },
    "6": {
      "n": 100,
      "em": 0.37,
      "f1": 0.4997171717171717,
      "containment": 0.46,
      "latency_ms": 2729.394235610962,
      "context_chars": 3848.88
    }
  }
}