{
  "shard_index": 33,
  "shard_count": 37,
  "summary": {
    "0": {
      "n": 100,
      "em": 0.39,
      "f1": 0.4956904761904762,
      "containment": 0.4,
      "latency_ms": 2252.4451565742493,
      "context_chars": 0.0
    },
    "1": {
      "n": 100,
      "em": 0.24,
      "f1": 0.337813025210084,
      "containment": 0.26,
      "latency_ms": 2328.427631855011,
      "context_chars": 638.31
    },
    "2": {
      "n": 100,
      "em": 0.3,
      "f1": 0.4170273109243698,
      "containment": 0.32,
      "latency_ms": 2349.140796661377,
      "context_chars": 1272.34
    },
    "3": {
      "n": 100,
      "em": 0.31,
      "f1": 0.4401225490196079,
      "containment": 0.34,
      "latency_ms": 2448.2144713401794,
      "context_chars": 1910.56
    },
    "4": {
      "n": 100,
      "em": 0.33,
      "f1": 0.4484082633053221,
      "containment": 0.37,
      "latency_ms": 2466.6370272636414,
      "context_chars": 2551.35
    },
    "5": {
      "n": 100,
      "em": 0.38,
      "f1": 0.4930273109243697,
      "containment": 0.39,
      "latency_ms": 2433.9126658439636,
      "context_chars": 3195.83
    },
    "6": {
      "n": 100,
      "em": 0.38,
      "f1": 0.49732492997198874,
      "containment": 0.4,
      "latency_ms": 2433.5301184654236,
      "context_chars": 3834.86
    }
  }
}