{
  "shard_index": 29,
  "shard_count": 37,
  "summary": {
    "0": {
      "n": 100,
      "em": 0.31,
      "f1": 0.4592381579772885,
      "containment": 0.36,
      "latency_ms": 2326.6186022758484,
      "context_chars": 0.0
    },
    "1": {
      "n": 100,
      "em": 0.33,
      "f1": 0.43858363858363847,
      "containment": 0.38,
      "latency_ms": 2469.3767499923706,
      "context_chars": 642.5
    },
    "2": {
      "n": 100,
      "em": 0.38,
      "f1": 0.5187351537351536,
      "containment": 0.45,
      "latency_ms": 2561.6215682029724,
      "context_chars": 1285.22
    },
    "3": {
      "n": 100,
      "em": 0.4,
      "f1": 0.5222741147741147,
      "containment": 0.47,
      "latency_ms": 2531.416389942169,
      "context_chars": 1929.45
    },
    "4": {
      "n": 100,
      "em": 0.36,
      "f1": 0.509718559218559,
      "containment": 0.42,
      "latency_ms": 2521.363718509674,
      "context_chars": 2568.06
    },
    "5": {
      "n": 100,
      "em": 0.37,
      "f1": 0.4989407814407813,
      "containment": 0.44,
      "latency_ms": 2579.3176341056824,
      "context_chars": 3205.72
    },
    "6": {
      "n": 100,
      "em": 0.37,
      "f1": 0.504218559218559,
      "containment": 0.43,
      "latency_ms": 2515.851984024048,
      "context_chars": 3849.87
    }
  }
}