{
  "shard_index": 12,
  "shard_count": 37,
  "summary": {
    "0": {
      "n": 100,
      "em": 0.45,
      "f1": 0.5813571428571427,
      "containment": 0.53,
      "latency_ms": 2081.0969710350037,
      "context_chars": 0.0
    },
    "1": {
      "n": 100,
      "em": 0.33,
      "f1": 0.40459595959595956,
      "containment": 0.33,
      "latency_ms": 2413.92751455307,
      "context_chars": 639.78
    },
    "2": {
      "n": 100,
      "em": 0.38,
      "f1": 0.462024531024531,
      "containment": 0.41,
      "latency_ms": 2493.938958644867,
      "context_chars": 1279.39
    },
    "3": {
      "n": 100,
      "em": 0.41,
      "f1": 0.512082251082251,
      "containment": 0.47,
      "latency_ms": 2330.603790283203,
      "context_chars": 1920.17
    },
    "4": {
      "n": 100,
      "em": 0.4,
      "f1": 0.5140800865800865,
      "containment": 0.47,
      "latency_ms": 2434.4010400772095,
      "context_chars": 2554.88
    },
    "5": {
      "n": 100,
      "em": 0.42,
      "f1": 0.5322705627705627,
      "containment": 0.49,
      "latency_ms": 2503.840878009796,
      "context_chars": 3190.56
    },
    "6": {
      "n": 100,
      "em": 0.44,
      "f1": 0.5522012987012986,
      "containment": 0.51,
      "latency_ms": 2503.6902475357056,
      "context_chars": 3827.8
    }
  }
}