{
  "shard_index": 10,
  "shard_count": 37,
  "summary": {
    "0": {
      "n": 100,
      "em": 0.38,
      "f1": 0.4834963369963369,
      "containment": 0.35,
      "latency_ms": 2030.2978515625,
      "context_chars": 0.0
    },
    "1": {
      "n": 100,
      "em": 0.37,
      "f1": 0.4373067283593599,
      "containment": 0.38,
      "latency_ms": 2694.904706478119,
      "context_chars": 634.1
    },
    "2": {
      "n": 100,
      "em": 0.43,
      "f1": 0.4989174603174603,
      "containment": 0.42,
      "latency_ms": 2708.8097953796387,
      "context_chars": 1270.94
    },
    "3": {
      "n": 100,
      "em": 0.43,
      "f1": 0.5216476190476189,
      "containment": 0.43,
      "latency_ms": 2785.6190872192383,
      "context_chars": 1908.34
    },
    "4": {
      "n": 100,
      "em": 0.42,
      "f1": 0.5203142857142856,
      "containment": 0.44,
      "latency_ms": 2814.2805790901184,
      "context_chars": 2551.21
    },
    "5": {
      "n": 100,
      "em": 0.43,
      "f1": 0.5103569489334194,
      "containment": 0.45,
      "latency_ms": 3295.685429573059,
      "context_chars": 3185.09
    },
    "6": {
      "n": 100,
      "em": 0.41,
      "f1": 0.491927935222672,
      "containment": 0.45,
      "latency_ms": 3160.0874519348145,
      "context_chars": 3824.97
    }
  }
}