{
  "dataset": "nq_test",
  "retriever": "BGE",
  "rag_variant": "BGE_k0to6",
  "num_examples": 3610,
  "shots": {
    "0": {
      "n": 3610,
      "em": 0.12188365650969529,
      "f1": 0.18584271688385753,
      "containment": 0.15734072022160664,
      "latency_ms": 97.03018909676253,
      "context_chars": 0.0
    },
    "1": {
      "n": 3610,
      "em": 0.2756232686980609,
      "f1": 0.3723940327087417,
      "containment": 0.33518005540166207,
      "latency_ms": 104.4446572042238,
      "context_chars": 638.1210526315789
    },
    "2": {
      "n": 3610,
      "em": 0.30969529085872577,
      "f1": 0.4133653222135996,
      "containment": 0.3831024930747922,
      "latency_ms": 122.48126826458031,
      "context_chars": 1278.0637119113574
    },
    "3": {
      "n": 3610,
      "em": 0.3265927977839335,
      "f1": 0.43639353934865416,
      "containment": 0.4002770083102493,
      "latency_ms": 136.94674552642738,
      "context_chars": 1917.8537396121883
    },
    "4": {
      "n": 3610,
      "em": 0.3332409972299169,
      "f1": 0.4441049638473735,
      "containment": 0.41412742382271467,
      "latency_ms": 148.11876896675935,
      "context_chars": 2559.081163434903
    },
    "5": {
      "n": 3610,
      "em": 0.34044321329639887,
      "f1": 0.4553600335086239,
      "containment": 0.4257617728531856,
      "latency_ms": 163.0102694529906,
      "context_chars": 3199.8304709141275
    },
    "6": {
      "n": 3610,
      "em": 0.34986149584487536,
      "f1": 0.46654009330285046,
      "containment": 0.4329639889196676,
      "latency_ms": 172.02711382731175,
      "context_chars": 3839.6720221606647
    }
  }
}