{
  "shard_index": 14,
  "shard_count": 37,
  "summary": {
    "0": {
      "n": 100,
      "em": 0.36,
      "f1": 0.4903809523809523,
      "containment": 0.4,
      "latency_ms": 2362.313024997711,
      "context_chars": 0.0
    },
    "1": {
      "n": 100,
      "em": 0.18,
      "f1": 0.2590622710622711,
      "containment": 0.21,
      "latency_ms": 2499.1048860549927,
      "context_chars": 636.45
    },
    "2": {
      "n": 100,
      "em": 0.21,
      "f1": 0.2835476190476191,
      "containment": 0.26,
      "latency_ms": 2445.572202205658,
      "context_chars": 1273.98
    },
    "3": {
      "n": 100,
      "em": 0.25,
      "f1": 0.3361904761904762,
      "containment": 0.28,
      "latency_ms": 2449.3318343162537,
      "context_chars": 1915.55
    },
    "4": {
      "n": 100,
      "em": 0.29,
      "f1": 0.39021988795518203,
      "containment": 0.34,
      "latency_ms": 2593.569941520691,
      "context_chars": 2548.88
    },
    "5": {
      "n": 100,
      "em": 0.33,
      "f1": 0.43107142857142855,
      "containment": 0.36,
      "latency_ms": 2468.3185291290283,
      "context_chars": 3189.87
    },
    "6": {
      "n": 100,
      "em": 0.33,
      "f1": 0.421515873015873,
      "containment": 0.36,
      "latency_ms": 2468.923397064209,
      "context_chars": 3821.16
    }
  }
}