{
  "shard_index": 24,
  "shard_count": 37,
  "summary": {
    "0": {
      "n": 100,
      "em": 0.29,
      "f1": 0.4372857142857142,
      "containment": 0.42,
      "latency_ms": 2091.10680103302,
      "context_chars": 0.0
    },
    "1": {
      "n": 100,
      "em": 0.19,
      "f1": 0.252050505050505,
      "containment": 0.23,
      "latency_ms": 2440.4508447647095,
      "context_chars": 634.3
    },
    "2": {
      "n": 100,
      "em": 0.22,
      "f1": 0.28530586080586073,
      "containment": 0.28,
      "latency_ms": 2413.6528635025024,
      "context_chars": 1276.6
    },
    "3": {
      "n": 100,
      "em": 0.22,
      "f1": 0.2922979242979242,
      "containment": 0.28,
      "latency_ms": 2325.173237323761,
      "context_chars": 1914.73
    },
    "4": {
      "n": 100,
      "em": 0.22,
      "f1": 0.297607448107448,
      "containment": 0.28,
      "latency_ms": 2392.247188091278,
      "context_chars": 2556.9
    },
    "5": {
      "n": 100,
      "em": 0.22,
      "f1": 0.2814963369963369,
      "containment": 0.28,
      "latency_ms": 2399.583146572113,
      "context_chars": 3198.57
    },
    "6": {
      "n": 100,
      "em": 0.22,
      "f1": 0.2794450549450549,
      "containment": 0.29,
      "latency_ms": 2402.846736907959,
      "context_chars": 3842.98
    }
  }
}