{
  "shard_index": 5,
  "shard_count": 37,
  "summary": {
    "0": {
      "n": 100,
      "em": 0.38,
      "f1": 0.5141450216450216,
      "containment": 0.44,
      "latency_ms": 2789.904170036316,
      "context_chars": 0.0
    },
    "1": {
      "n": 100,
      "em": 0.19,
      "f1": 0.2712380952380953,
      "containment": 0.24,
      "latency_ms": 2312.801637649536,
      "context_chars": 634.51
    },
    "2": {
      "n": 100,
      "em": 0.21,
      "f1": 0.2916190476190477,
      "containment": 0.25,
      "latency_ms": 2203.3886313438416,
      "context_chars": 1280.06
    },
    "3": {
      "n": 100,
      "em": 0.27,
      "f1": 0.3440000000000001,
      "containment": 0.31,
      "latency_ms": 2277.1156191825867,
      "context_chars": 1919.76
    },
    "4": {
      "n": 100,
      "em": 0.29,
      "f1": 0.3699523809523809,
      "containment": 0.34,
      "latency_ms": 2280.0704622268677,
      "context_chars": 2555.01
    },
    "5": {
      "n": 100,
      "em": 0.33,
      "f1": 0.40721428571428575,
      "containment": 0.38,
      "latency_ms": 2277.6791524887085,
      "context_chars": 3193.35
    },
    "6": {
      "n": 100,
      "em": 0.32,
      "f1": 0.4093095238095238,
      "containment": 0.38,
      "latency_ms": 2317.579324245453,
      "context_chars": 3837.37
    }
  }
}