{
  "shard_index": 27,
  "shard_count": 37,
  "summary": {
    "0": {
      "n": 100,
      "em": 0.31,
      "f1": 0.47918925518925515,
      "containment": 0.41,
      "latency_ms": 2734.781746864319,
      "context_chars": 0.0
    },
    "1": {
      "n": 100,
      "em": 0.23,
      "f1": 0.2927936507936508,
      "containment": 0.24,
      "latency_ms": 2428.545036315918,
      "context_chars": 624.56
    },
    "2": {
      "n": 100,
      "em": 0.25,
      "f1": 0.32293650793650797,
      "containment": 0.25,
      "latency_ms": 2495.8117938041687,
      "context_chars": 1256.45
    },
    "3": {
      "n": 100,
      "em": 0.32,
      "f1": 0.40044444444444444,
      "containment": 0.33,
      "latency_ms": 2502.515137195587,
      "context_chars": 1884.39
    },
    "4": {
      "n": 100,
      "em": 0.31,
      "f1": 0.3962222222222222,
      "containment": 0.32,
      "latency_ms": 2449.185562133789,
      "context_chars": 2520.69
    },
    "5": {
      "n": 100,
      "em": 0.33,
      "f1": 0.4162222222222222,
      "containment": 0.33,
      "latency_ms": 2481.7796063423157,
      "context_chars": 3148.56
    },
    "6": {
      "n": 100,
      "em": 0.38,
      "f1": 0.46922222222222215,
      "containment": 0.4,
      "latency_ms": 2485.4214453697205,
      "context_chars": 3775.45
    }
  }
}