{
  "shard_index": 1,
  "shard_count": 37,
  "summary": {
    "0": {
      "n": 100,
      "em": 0.32,
      "f1": 0.4463333333333333,
      "containment": 0.42,
      "latency_ms": 2102.789840698242,
      "context_chars": 0.0
    },
    "1": {
      "n": 100,
      "em": 0.22,
      "f1": 0.3193690476190476,
      "containment": 0.29,
      "latency_ms": 2433.907971382141,
      "context_chars": 631.28
    },
    "2": {
      "n": 100,
      "em": 0.22,
      "f1": 0.3211013708513708,
      "containment": 0.3,
      "latency_ms": 2496.4585161209106,
      "context_chars": 1267.17
    },
    "3": {
      "n": 100,
      "em": 0.27,
      "f1": 0.3817045454545454,
      "containment": 0.35,
      "latency_ms": 2492.535674571991,
      "context_chars": 1897.97
    },
    "4": {
      "n": 100,
      "em": 0.27,
      "f1": 0.40268073593073594,
      "containment": 0.37,
      "latency_ms": 2378.6690306663513,
      "context_chars": 2531.62
    },
    "5": {
      "n": 100,
      "em": 0.28,
      "f1": 0.41160714285714284,
      "containment": 0.39,
      "latency_ms": 2422.844557762146,
      "context_chars": 3164.11
    },
    "6": {
      "n": 100,
      "em": 0.31,
      "f1": 0.44367063492063485,
      "containment": 0.42,
      "latency_ms": 2389.5799350738525,
      "context_chars": 3800.19
    }
  }
}