{
  "shard_index": 31,
  "shard_count": 37,
  "summary": {
    "0": {
      "n": 100,
      "em": 0.3,
      "f1": 0.4082857142857143,
      "containment": 0.37,
      "latency_ms": 2575.4329872131348,
      "context_chars": 0.0
    },
    "1": {
      "n": 100,
      "em": 0.23,
      "f1": 0.3127619047619048,
      "containment": 0.23,
      "latency_ms": 2552.6572155952454,
      "context_chars": 632.73
    },
    "2": {
      "n": 100,
      "em": 0.24,
      "f1": 0.36380230880230874,
      "containment": 0.27,
      "latency_ms": 2497.1222591400146,
      "context_chars": 1273.56
    },
    "3": {
      "n": 100,
      "em": 0.28,
      "f1": 0.3832871572871573,
      "containment": 0.3,
      "latency_ms": 2719.4614839553833,
      "context_chars": 1914.08
    },
    "4": {
      "n": 100,
      "em": 0.28,
      "f1": 0.37853174603174594,
      "containment": 0.3,
      "latency_ms": 2712.188835144043,
      "context_chars": 2551.78
    },
    "5": {
      "n": 100,
      "em": 0.29,
      "f1": 0.3897871572871573,
      "containment": 0.31,
      "latency_ms": 2791.4247965812683,
      "context_chars": 3182.72
    },
    "6": {
      "n": 100,
      "em": 0.29,
      "f1": 0.3901507936507936,
      "containment": 0.31,
      "latency_ms": 2827.366020679474,
      "context_chars": 3818.84
    }
  }
}