{
  "shard_index": 10,
  "shard_count": 37,
  "summary": {
    "0": {
      "n": 100,
      "em": 0.4,
      "f1": 0.520718559218559,
      "containment": 0.41,
      "latency_ms": 2463.48361492157,
      "context_chars": 0.0
    },
    "1": {
      "n": 100,
      "em": 0.23,
      "f1": 0.2905952380952381,
      "containment": 0.2,
      "latency_ms": 2472.4008083343506,
      "context_chars": 631.36
    },
    "2": {
      "n": 100,
      "em": 0.3,
      "f1": 0.35931746031746037,
      "containment": 0.26,
      "latency_ms": 2587.927737236023,
      "context_chars": 1265.56
    },
    "3": {
      "n": 100,
      "em": 0.31,
      "f1": 0.3778857142857143,
      "containment": 0.28,
      "latency_ms": 2637.2659969329834,
      "context_chars": 1905.0
    },
    "4": {
      "n": 100,
      "em": 0.33,
      "f1": 0.39307619047619047,
      "containment": 0.29,
      "latency_ms": 2714.5584177970886,
      "context_chars": 2547.91
    },
    "5": {
      "n": 100,
      "em": 0.34,
      "f1": 0.40231428571428574,
      "containment": 0.3,
      "latency_ms": 2612.2643542289734,
      "context_chars": 3183.88
    },
    "6": {
      "n": 100,
      "em": 0.34,
      "f1": 0.4103142857142857,
      "containment": 0.31,
      "latency_ms": 2656.7639350891113,
      "context_chars": 3823.29
    }
  }
}