{
  "shard_index": 7,
  "shard_count": 37,
  "summary": {
    "0": {
      "n": 100,
      "em": 0.31,
      "f1": 0.47074425574425566,
      "containment": 0.42,
      "latency_ms": 2297.158360481262,
      "context_chars": 0.0
    },
    "1": {
      "n": 100,
      "em": 0.14,
      "f1": 0.22528138528138528,
      "containment": 0.22,
      "latency_ms": 2405.1027178764343,
      "context_chars": 634.26
    },
    "2": {
      "n": 100,
      "em": 0.18,
      "f1": 0.2648766233766234,
      "containment": 0.24,
      "latency_ms": 2345.5346417427063,
      "context_chars": 1275.28
    },
    "3": {
      "n": 100,
      "em": 0.2,
      "f1": 0.2985194805194805,
      "containment": 0.27,
      "latency_ms": 2299.1925644874573,
      "context_chars": 1913.14
    },
    "4": {
      "n": 100,
      "em": 0.23,
      "f1": 0.3343528138528139,
      "containment": 0.31,
      "latency_ms": 2366.467785835266,
      "context_chars": 2549.11
    },
    "5": {
      "n": 100,
      "em": 0.22,
      "f1": 0.3510194805194805,
      "containment": 0.33,
      "latency_ms": 2472.3811054229736,
      "context_chars": 3184.93
    },
    "6": {
      "n": 100,
      "em": 0.27,
      "f1": 0.37951948051948053,
      "containment": 0.34,
      "latency_ms": 2387.8532552719116,
      "context_chars": 3821.91
    }
  }
}