{
  "shard_index": 19,
  "shard_count": 37,
  "summary": {
    "0": {
      "n": 100,
      "em": 0.29,
      "f1": 0.39538281979458445,
      "containment": 0.33,
      "latency_ms": 2584.3913555145264,
      "context_chars": 0.0
    },
    "1": {
      "n": 100,
      "em": 0.16,
      "f1": 0.21419047619047618,
      "containment": 0.17,
      "latency_ms": 2231.2422275543213,
      "context_chars": 630.03
    },
    "2": {
      "n": 100,
      "em": 0.18,
      "f1": 0.23102497502497502,
      "containment": 0.23,
      "latency_ms": 2473.8234186172485,
      "context_chars": 1264.43
    },
    "3": {
      "n": 100,
      "em": 0.27,
      "f1": 0.33066783216783224,
      "containment": 0.31,
      "latency_ms": 2419.2131423950195,
      "context_chars": 1895.46
    },
    "4": {
      "n": 100,
      "em": 0.27,
      "f1": 0.34293406593406595,
      "containment": 0.32,
      "latency_ms": 2356.025700569153,
      "context_chars": 2520.01
    },
    "5": {
      "n": 100,
      "em": 0.25,
      "f1": 0.33043406593406593,
      "containment": 0.31,
      "latency_ms": 2444.6461272239685,
      "context_chars": 3152.79
    },
    "6": {
      "n": 100,
      "em": 0.25,
      "f1": 0.324524975024975,
      "containment": 0.32,
      "latency_ms": 2482.9075384140015,
      "context_chars": 3785.07
    }
  }
}