{
  "shard_index": 29,
  "shard_count": 37,
  "summary": {
    "0": {
      "n": 100,
      "em": 0.33,
      "f1": 0.4967302214693518,
      "containment": 0.39,
      "latency_ms": 2332.6823210716248,
      "context_chars": 0.0
    },
    "1": {
      "n": 100,
      "em": 0.18,
      "f1": 0.23604761904761903,
      "containment": 0.23,
      "latency_ms": 2247.899239063263,
      "context_chars": 641.65
    },
    "2": {
      "n": 100,
      "em": 0.19,
      "f1": 0.25953968253968257,
      "containment": 0.24,
      "latency_ms": 2221.837604045868,
      "context_chars": 1282.29
    },
    "3": {
      "n": 100,
      "em": 0.2,
      "f1": 0.29298412698412696,
      "containment": 0.27,
      "latency_ms": 2331.233766078949,
      "context_chars": 1928.3
    },
    "4": {
      "n": 100,
      "em": 0.24,
      "f1": 0.3355396825396826,
      "containment": 0.29,
      "latency_ms": 2327.5503277778625,
      "context_chars": 2568.37
    },
    "5": {
      "n": 100,
      "em": 0.24,
      "f1": 0.34492063492063485,
      "containment": 0.29,
      "latency_ms": 2336.573066711426,
      "context_chars": 3209.28
    },
    "6": {
      "n": 100,
      "em": 0.26,
      "f1": 0.3618730158730159,
      "containment": 0.31,
      "latency_ms": 2310.0204014778137,
      "context_chars": 3849.65
    }
  }
}