{
  "shard_index": 13,
  "shard_count": 37,
  "summary": {
    "0": {
      "n": 100,
      "em": 0.31,
      "f1": 0.45967460317460307,
      "containment": 0.37,
      "latency_ms": 2473.502039909363,
      "context_chars": 0.0
    },
    "1": {
      "n": 100,
      "em": 0.21,
      "f1": 0.2931681096681097,
      "containment": 0.24,
      "latency_ms": 2412.9426884651184,
      "context_chars": 633.72
    },
    "2": {
      "n": 100,
      "em": 0.24,
      "f1": 0.3036324786324786,
      "containment": 0.25,
      "latency_ms": 2515.469751358032,
      "context_chars": 1260.9
    },
    "3": {
      "n": 100,
      "em": 0.31,
      "f1": 0.39902930402930403,
      "containment": 0.34,
      "latency_ms": 2507.4364161491394,
      "context_chars": 1892.21
    },
    "4": {
      "n": 100,
      "em": 0.3,
      "f1": 0.39544200244200245,
      "containment": 0.36,
      "latency_ms": 2656.946771144867,
      "context_chars": 2522.12
    },
    "5": {
      "n": 100,
      "em": 0.33,
      "f1": 0.4421562881562881,
      "containment": 0.37,
      "latency_ms": 2818.9973306655884,
      "context_chars": 3156.63
    },
    "6": {
      "n": 100,
      "em": 0.35,
      "f1": 0.4584116994116993,
      "containment": 0.42,
      "latency_ms": 2721.7679238319397,
      "context_chars": 3788.09
    }
  }
}