{
  "shard_index": 21,
  "shard_count": 37,
  "summary": {
    "0": {
      "n": 100,
      "em": 0.39,
      "f1": 0.4921031746031745,
      "containment": 0.44,
      "latency_ms": 2208.4084367752075,
      "context_chars": 0.0
    },
    "1": {
      "n": 100,
      "em": 0.2,
      "f1": 0.21755555555555553,
      "containment": 0.18,
      "latency_ms": 2287.9001235961914,
      "context_chars": 626.93
    },
    "2": {
      "n": 100,
      "em": 0.31,
      "f1": 0.3483174603174603,
      "containment": 0.3,
      "latency_ms": 2344.450159072876,
      "context_chars": 1252.79
    },
    "3": {
      "n": 100,
      "em": 0.3,
      "f1": 0.34831746031746036,
      "containment": 0.31,
      "latency_ms": 2319.975607395172,
      "context_chars": 1882.77
    },
    "4": {
      "n": 100,
      "em": 0.33,
      "f1": 0.37285714285714283,
      "containment": 0.33,
      "latency_ms": 2318.905601501465,
      "context_chars": 2515.33
    },
    "5": {
      "n": 100,
      "em": 0.34,
      "f1": 0.40204761904761904,
      "containment": 0.36,
      "latency_ms": 2327.0155668258667,
      "context_chars": 3138.03
    },
    "6": {
      "n": 100,
      "em": 0.35,
      "f1": 0.4024126984126984,
      "containment": 0.35,
      "latency_ms": 2353.41824054718,
      "context_chars": 3769.43
    }
  }
}