{
  "shard_index": 6,
  "shard_count": 37,
  "summary": {
    "0": {
      "n": 100,
      "em": 0.36,
      "f1": 0.5105238095238094,
      "containment": 0.43,
      "latency_ms": 2237.731065750122,
      "context_chars": 0.0
    },
    "1": {
      "n": 100,
      "em": 0.2,
      "f1": 0.26352380952380955,
      "containment": 0.23,
      "latency_ms": 2356.1674094200134,
      "context_chars": 634.69
    },
    "2": {
      "n": 100,
      "em": 0.26,
      "f1": 0.3373571428571428,
      "containment": 0.3,
      "latency_ms": 2454.6504831314087,
      "context_chars": 1275.31
    },
    "3": {
      "n": 100,
      "em": 0.29,
      "f1": 0.36535064935064937,
      "containment": 0.33,
      "latency_ms": 2392.4681401252747,
      "context_chars": 1917.23
    },
    "4": {
      "n": 100,
      "em": 0.29,
      "f1": 0.3712142857142857,
      "containment": 0.33,
      "latency_ms": 2420.7009768486023,
      "context_chars": 2562.77
    },
    "5": {
      "n": 100,
      "em": 0.28,
      "f1": 0.3758506493506493,
      "containment": 0.33,
      "latency_ms": 2468.765277862549,
      "context_chars": 3204.93
    },
    "6": {
      "n": 100,
      "em": 0.29,
      "f1": 0.39553196803196805,
      "containment": 0.36,
      "latency_ms": 2311.400384902954,
      "context_chars": 3849.9
    }
  }
}