{
  "shard_index": 16,
  "shard_count": 37,
  "summary": {
    "0": {
      "n": 100,
      "em": 0.34,
      "f1": 0.46467382617382597,
      "containment": 0.41,
      "latency_ms": 2384.5235085487366,
      "context_chars": 0.0
    },
    "1": {
      "n": 100,
      "em": 0.18,
      "f1": 0.2311298701298701,
      "containment": 0.19,
      "latency_ms": 2334.0665078163147,
      "context_chars": 626.5
    },
    "2": {
      "n": 100,
      "em": 0.23,
      "f1": 0.3034828113063407,
      "containment": 0.26,
      "latency_ms": 2410.1694893836975,
      "context_chars": 1259.61
    },
    "3": {
      "n": 100,
      "em": 0.26,
      "f1": 0.34586376368729305,
      "containment": 0.29,
      "latency_ms": 2564.308760166168,
      "context_chars": 1895.21
    },
    "4": {
      "n": 100,
      "em": 0.27,
      "f1": 0.3616732874968169,
      "containment": 0.29,
      "latency_ms": 2459.1484236717224,
      "context_chars": 2532.2
    },
    "5": {
      "n": 100,
      "em": 0.29,
      "f1": 0.38810185892538823,
      "containment": 0.32,
      "latency_ms": 2507.176012992859,
      "context_chars": 3169.53
    },
    "6": {
      "n": 100,
      "em": 0.32,
      "f1": 0.4257685255920549,
      "containment": 0.37,
      "latency_ms": 2466.7683124542236,
      "context_chars": 3805.52
    }
  }
}