{
  "shard_index": 25,
  "shard_count": 37,
  "summary": {
    "0": {
      "n": 100,
      "em": 0.37,
      "f1": 0.5280372670807452,
      "containment": 0.47,
      "latency_ms": 2245.4281044006348,
      "context_chars": 0.0
    },
    "1": {
      "n": 100,
      "em": 0.31,
      "f1": 0.3752481962481963,
      "containment": 0.36,
      "latency_ms": 2402.1358942985535,
      "context_chars": 638.38
    },
    "2": {
      "n": 100,
      "em": 0.34,
      "f1": 0.39447041847041847,
      "containment": 0.4,
      "latency_ms": 2427.575354576111,
      "context_chars": 1279.4
    },
    "3": {
      "n": 100,
      "em": 0.37,
      "f1": 0.44113708513708516,
      "containment": 0.45,
      "latency_ms": 2450.1416325569153,
      "context_chars": 1923.19
    },
    "4": {
      "n": 100,
      "em": 0.38,
      "f1": 0.45113708513708517,
      "containment": 0.46,
      "latency_ms": 2378.225998878479,
      "context_chars": 2554.09
    },
    "5": {
      "n": 100,
      "em": 0.36,
      "f1": 0.4402524697524698,
      "containment": 0.46,
      "latency_ms": 2600.3607177734375,
      "context_chars": 3194.17
    },
    "6": {
      "n": 100,
      "em": 0.38,
      "f1": 0.4632561327561327,
      "containment": 0.48,
      "latency_ms": 2696.3855171203613,
      "context_chars": 3835.07
    }
  }
}