{
  "shard_index": 22,
  "shard_count": 37,
  "summary": {
    "0": {
      "n": 100,
      "em": 0.32,
      "f1": 0.49583549783549785,
      "containment": 0.45,
      "latency_ms": 2601.2480187416077,
      "context_chars": 0.0
    },
    "1": {
      "n": 100,
      "em": 0.21,
      "f1": 0.27713919413919413,
      "containment": 0.25,
      "latency_ms": 2555.323383808136,
      "context_chars": 636.05
    },
    "2": {
      "n": 100,
      "em": 0.25,
      "f1": 0.3194725274725274,
      "containment": 0.32,
      "latency_ms": 2395.78355550766,
      "context_chars": 1281.05
    },
    "3": {
      "n": 100,
      "em": 0.27,
      "f1": 0.36045954045954043,
      "containment": 0.34,
      "latency_ms": 2463.7936401367188,
      "context_chars": 1916.82
    },
    "4": {
      "n": 100,
      "em": 0.31,
      "f1": 0.40065001665001654,
      "containment": 0.37,
      "latency_ms": 2507.8977942466736,
      "context_chars": 2555.91
    },
    "5": {
      "n": 100,
      "em": 0.33,
      "f1": 0.41798334998334985,
      "containment": 0.38,
      "latency_ms": 2525.919635295868,
      "context_chars": 3191.41
    },
    "6": {
      "n": 100,
      "em": 0.33,
      "f1": 0.41798334998334985,
      "containment": 0.39,
      "latency_ms": 2501.716868877411,
      "context_chars": 3829.3
    }
  }
}