{
  "shard_index": 15,
  "shard_count": 37,
  "summary": {
    "0": {
      "n": 100,
      "em": 0.28,
      "f1": 0.40673680908463516,
      "containment": 0.34,
      "latency_ms": 2683.9929461479187,
      "context_chars": 0.0
    },
    "1": {
      "n": 100,
      "em": 0.13,
      "f1": 0.22101587301587305,
      "containment": 0.18,
      "latency_ms": 2335.7666873931885,
      "context_chars": 636.66
    },
    "2": {
      "n": 100,
      "em": 0.14,
      "f1": 0.2405079365079365,
      "containment": 0.22,
      "latency_ms": 2367.845718860626,
      "context_chars": 1270.41
    },
    "3": {
      "n": 100,
      "em": 0.18,
      "f1": 0.2958115942028987,
      "containment": 0.26,
      "latency_ms": 2336.9163250923157,
      "context_chars": 1912.41
    },
    "4": {
      "n": 100,
      "em": 0.19,
      "f1": 0.30563699102829545,
      "containment": 0.29,
      "latency_ms": 2465.482156276703,
      "context_chars": 2550.85
    },
    "5": {
      "n": 100,
      "em": 0.2,
      "f1": 0.32030365769496205,
      "containment": 0.3,
      "latency_ms": 2497.5988054275513,
      "context_chars": 3187.19
    },
    "6": {
      "n": 100,
      "em": 0.22,
      "f1": 0.33880365769496207,
      "containment": 0.32,
      "latency_ms": 2530.095064640045,
      "context_chars": 3826.88
    }
  }
}