{
  "shard_index": 34,
  "shard_count": 37,
  "summary": {
    "0": {
      "n": 100,
      "em": 0.29,
      "f1": 0.4167323232323233,
      "containment": 0.35,
      "latency_ms": 2281.657130718231,
      "context_chars": 0.0
    },
    "1": {
      "n": 100,
      "em": 0.2,
      "f1": 0.2578344988344988,
      "containment": 0.22,
      "latency_ms": 2490.3963470458984,
      "context_chars": 635.06
    },
    "2": {
      "n": 100,
      "em": 0.24,
      "f1": 0.3094178321678322,
      "containment": 0.26,
      "latency_ms": 2526.895272731781,
      "context_chars": 1273.51
    },
    "3": {
      "n": 100,
      "em": 0.28,
      "f1": 0.3506122766122766,
      "containment": 0.29,
      "latency_ms": 2525.193657875061,
      "context_chars": 1912.62
    },
    "4": {
      "n": 100,
      "em": 0.26,
      "f1": 0.34256682206682215,
      "containment": 0.29,
      "latency_ms": 2588.562545776367,
      "context_chars": 2552.39
    },
    "5": {
      "n": 100,
      "em": 0.27,
      "f1": 0.35544560994561,
      "containment": 0.31,
      "latency_ms": 2600.0617051124573,
      "context_chars": 3190.79
    },
    "6": {
      "n": 100,
      "em": 0.29,
      "f1": 0.3671122766122766,
      "containment": 0.31,
      "latency_ms": 2619.8308420181274,
      "context_chars": 3832.86
    }
  }
}