{
  "shard_index": 20,
  "shard_count": 37,
  "summary": {
    "0": {
      "n": 100,
      "em": 0.34,
      "f1": 0.4676267066267065,
      "containment": 0.42,
      "latency_ms": 2414.391701221466,
      "context_chars": 0.0
    },
    "1": {
      "n": 100,
      "em": 0.25,
      "f1": 0.3181904761904762,
      "containment": 0.24,
      "latency_ms": 2189.362642765045,
      "context_chars": 633.69
    },
    "2": {
      "n": 100,
      "em": 0.25,
      "f1": 0.33232936507936506,
      "containment": 0.24,
      "latency_ms": 2324.888505935669,
      "context_chars": 1265.88
    },
    "3": {
      "n": 100,
      "em": 0.31,
      "f1": 0.37779761904761905,
      "containment": 0.3,
      "latency_ms": 2375.001459121704,
      "context_chars": 1905.74
    },
    "4": {
      "n": 100,
      "em": 0.31,
      "f1": 0.37613888888888886,
      "containment": 0.31,
      "latency_ms": 2483.238661289215,
      "context_chars": 2543.28
    },
    "5": {
      "n": 100,
      "em": 0.35,
      "f1": 0.40791666666666665,
      "containment": 0.34,
      "latency_ms": 2442.897231578827,
      "context_chars": 3172.34
    },
    "6": {
      "n": 100,
      "em": 0.34,
      "f1": 0.40833333333333327,
      "containment": 0.33,
      "latency_ms": 2302.619867324829,
      "context_chars": 3814.43
    }
  }
}