{
  "shard_index": 8,
  "shard_count": 37,
  "summary": {
    "0": {
      "n": 100,
      "em": 0.36,
      "f1": 0.4810476190476189,
      "containment": 0.43,
      "latency_ms": 2336.285560131073,
      "context_chars": 0.0
    },
    "1": {
      "n": 100,
      "em": 0.16,
      "f1": 0.2081309523809524,
      "containment": 0.17,
      "latency_ms": 2436.978278160095,
      "context_chars": 632.6
    },
    "2": {
      "n": 100,
      "em": 0.2,
      "f1": 0.26713514263514265,
      "containment": 0.22,
      "latency_ms": 2383.0642437934875,
      "context_chars": 1272.62
    },
    "3": {
      "n": 100,
      "em": 0.21,
      "f1": 0.2846269841269841,
      "containment": 0.24,
      "latency_ms": 2536.2833619117737,
      "context_chars": 1904.66
    },
    "4": {
      "n": 100,
      "em": 0.23,
      "f1": 0.30319264069264074,
      "containment": 0.26,
      "latency_ms": 2555.943605899811,
      "context_chars": 2543.37
    },
    "5": {
      "n": 100,
      "em": 0.24,
      "f1": 0.320414862914863,
      "containment": 0.28,
      "latency_ms": 2592.697560787201,
      "context_chars": 3187.02
    },
    "6": {
      "n": 100,
      "em": 0.28,
      "f1": 0.35885930735930743,
      "containment": 0.31,
      "latency_ms": 2603.9629769325256,
      "context_chars": 3826.52
    }
  }
}