{
  "shard_index": 12,
  "shard_count": 37,
  "summary": {
    "0": {
      "n": 100,
      "em": 0.43,
      "f1": 0.586547619047619,
      "containment": 0.54,
      "latency_ms": 2370.5807971954346,
      "context_chars": 0.0
    },
    "1": {
      "n": 100,
      "em": 0.28,
      "f1": 0.3468253968253968,
      "containment": 0.3,
      "latency_ms": 2343.404211997986,
      "context_chars": 631.35
    },
    "2": {
      "n": 100,
      "em": 0.28,
      "f1": 0.35695238095238097,
      "containment": 0.31,
      "latency_ms": 2449.2482209205627,
      "context_chars": 1264.45
    },
    "3": {
      "n": 100,
      "em": 0.29,
      "f1": 0.3611587301587301,
      "containment": 0.33,
      "latency_ms": 2380.170738697052,
      "context_chars": 1898.62
    },
    "4": {
      "n": 100,
      "em": 0.33,
      "f1": 0.39853968253968247,
      "containment": 0.37,
      "latency_ms": 2436.1014556884766,
      "context_chars": 2531.78
    },
    "5": {
      "n": 100,
      "em": 0.36,
      "f1": 0.43301587301587297,
      "containment": 0.4,
      "latency_ms": 2505.6300354003906,
      "context_chars": 3171.76
    },
    "6": {
      "n": 100,
      "em": 0.37,
      "f1": 0.4551111111111111,
      "containment": 0.42,
      "latency_ms": 2372.5666332244873,
      "context_chars": 3802.32
    }
  }
}