{
  "shard_index": 9,
  "shard_count": 37,
  "summary": {
    "0": {
      "n": 100,
      "em": 0.37,
      "f1": 0.5182356532356532,
      "containment": 0.4,
      "latency_ms": 2452.948319911957,
      "context_chars": 0.0
    },
    "1": {
      "n": 100,
      "em": 0.2,
      "f1": 0.2823809523809524,
      "containment": 0.23,
      "latency_ms": 2420.2941703796387,
      "context_chars": 637.13
    },
    "2": {
      "n": 100,
      "em": 0.23,
      "f1": 0.3232142857142857,
      "containment": 0.27,
      "latency_ms": 2560.975911617279,
      "context_chars": 1276.56
    },
    "3": {
      "n": 100,
      "em": 0.26,
      "f1": 0.36793650793650784,
      "containment": 0.3,
      "latency_ms": 2575.1776099205017,
      "context_chars": 1915.03
    },
    "4": {
      "n": 100,
      "em": 0.31,
      "f1": 0.39704761904761904,
      "containment": 0.32,
      "latency_ms": 2492.0981764793396,
      "context_chars": 2547.96
    },
    "5": {
      "n": 100,
      "em": 0.32,
      "f1": 0.41521428571428565,
      "containment": 0.33,
      "latency_ms": 2498.9612221717834,
      "context_chars": 3180.16
    },
    "6": {
      "n": 100,
      "em": 0.34,
      "f1": 0.4408809523809524,
      "containment": 0.35,
      "latency_ms": 2571.3856387138367,
      "context_chars": 3819.25
    }
  }
}