{
  "shard_index": 4,
  "shard_count": 37,
  "summary": {
    "0": {
      "n": 100,
      "em": 0.37,
      "f1": 0.5047857142857142,
      "containment": 0.44,
      "latency_ms": 2237.1626448631287,
      "context_chars": 0.0
    },
    "1": {
      "n": 100,
      "em": 0.14,
      "f1": 0.17207692307692304,
      "containment": 0.15,
      "latency_ms": 2263.0556321144104,
      "context_chars": 636.73
    },
    "2": {
      "n": 100,
      "em": 0.17,
      "f1": 0.2450531135531136,
      "containment": 0.23,
      "latency_ms": 2363.018867969513,
      "context_chars": 1274.39
    },
    "3": {
      "n": 100,
      "em": 0.24,
      "f1": 0.3146587301587302,
      "containment": 0.29,
      "latency_ms": 2322.2857213020325,
      "context_chars": 1912.45
    },
    "4": {
      "n": 100,
      "em": 0.31,
      "f1": 0.38091186299081037,
      "containment": 0.37,
      "latency_ms": 2445.6074619293213,
      "context_chars": 2545.55
    },
    "5": {
      "n": 100,
      "em": 0.32,
      "f1": 0.3832531328320802,
      "containment": 0.36,
      "latency_ms": 2423.199598789215,
      "context_chars": 3177.58
    },
    "6": {
      "n": 100,
      "em": 0.31,
      "f1": 0.3987076782866257,
      "containment": 0.38,
      "latency_ms": 2561.587085723877,
      "context_chars": 3809.52
    }
  }
}