{
  "shard_index": 30,
  "shard_count": 37,
  "summary": {
    "0": {
      "n": 100,
      "em": 0.4,
      "f1": 0.5372750190985485,
      "containment": 0.49,
      "latency_ms": 2381.1491990089417,
      "context_chars": 0.0
    },
    "1": {
      "n": 100,
      "em": 0.34,
      "f1": 0.3970476190476189,
      "containment": 0.34,
      "latency_ms": 2258.0248165130615,
      "context_chars": 632.26
    },
    "2": {
      "n": 100,
      "em": 0.35,
      "f1": 0.4029999999999999,
      "containment": 0.36,
      "latency_ms": 2382.5870609283447,
      "context_chars": 1267.88
    },
    "3": {
      "n": 100,
      "em": 0.41,
      "f1": 0.47961904761904756,
      "containment": 0.42,
      "latency_ms": 2165.28596162796,
      "context_chars": 1906.38
    },
    "4": {
      "n": 100,
      "em": 0.4,
      "f1": 0.4819523809523809,
      "containment": 0.43,
      "latency_ms": 2297.1917581558228,
      "context_chars": 2550.56
    },
    "5": {
      "n": 100,
      "em": 0.4,
      "f1": 0.4916666666666666,
      "containment": 0.43,
      "latency_ms": 2308.3544635772705,
      "context_chars": 3193.1
    },
    "6": {
      "n": 100,
      "em": 0.42,
      "f1": 0.5059523809523808,
      "containment": 0.45,
      "latency_ms": 2255.7866978645325,
      "context_chars": 3831.29
    }
  }
}