{
  "shard_index": 0,
  "shard_count": 37,
  "summary": {
    "0": {
      "n": 100,
      "em": 0.26,
      "f1": 0.44928643578643573,
      "containment": 0.37,
      "latency_ms": 2323.26607465744,
      "context_chars": 0.0
    },
    "1": {
      "n": 100,
      "em": 0.22,
      "f1": 0.31162121212121213,
      "containment": 0.24,
      "latency_ms": 2083.867964744568,
      "context_chars": 631.86
    },
    "2": {
      "n": 100,
      "em": 0.19,
      "f1": 0.30499999999999994,
      "containment": 0.26,
      "latency_ms": 2305.301253795624,
      "context_chars": 1266.72
    },
    "3": {
      "n": 100,
      "em": 0.2,
      "f1": 0.33495454545454545,
      "containment": 0.26,
      "latency_ms": 2252.0727276802063,
      "context_chars": 1900.26
    },
    "4": {
      "n": 100,
      "em": 0.2,
      "f1": 0.33149999999999996,
      "containment": 0.28,
      "latency_ms": 2234.505159854889,
      "context_chars": 2530.29
    },
    "5": {
      "n": 100,
      "em": 0.2,
      "f1": 0.34971645021645026,
      "containment": 0.31,
      "latency_ms": 2414.6311235427856,
      "context_chars": 3164.47
    },
    "6": {
      "n": 100,
      "em": 0.24,
      "f1": 0.3857640692640693,
      "containment": 0.3,
      "latency_ms": 2288.6479687690735,
      "context_chars": 3800.46
    }
  }
}