{
  "shard_index": 2,
  "shard_count": 37,
  "summary": {
    "0": {
      "n": 100,
      "em": 0.38,
      "f1": 0.5351483516483515,
      "containment": 0.49,
      "latency_ms": 2339.6191716194153,
      "context_chars": 0.0
    },
    "1": {
      "n": 100,
      "em": 0.19,
      "f1": 0.25888095238095243,
      "containment": 0.22,
      "latency_ms": 2434.590995311737,
      "context_chars": 630.57
    },
    "2": {
      "n": 100,
      "em": 0.21,
      "f1": 0.29682967032967034,
      "containment": 0.24,
      "latency_ms": 2444.075963497162,
      "context_chars": 1261.57
    },
    "3": {
      "n": 100,
      "em": 0.26,
      "f1": 0.34754761904761905,
      "containment": 0.31,
      "latency_ms": 2515.042552947998,
      "context_chars": 1881.3
    },
    "4": {
      "n": 100,
      "em": 0.26,
      "f1": 0.38489105339105334,
      "containment": 0.38,
      "latency_ms": 2824.03920173645,
      "context_chars": 2513.41
    },
    "5": {
      "n": 100,
      "em": 0.27,
      "f1": 0.37641486291486287,
      "containment": 0.37,
      "latency_ms": 2519.15296792984,
      "context_chars": 3147.47
    },
    "6": {
      "n": 100,
      "em": 0.25,
      "f1": 0.35974819624819626,
      "containment": 0.36,
      "latency_ms": 2534.8164200782776,
      "context_chars": 3773.05
    }
  }
}