{
  "shard_index": 17,
  "shard_count": 37,
  "summary": {
    "0": {
      "n": 100,
      "em": 0.36,
      "f1": 0.4796495726495725,
      "containment": 0.41,
      "latency_ms": 2308.5694909095764,
      "context_chars": 0.0
    },
    "1": {
      "n": 100,
      "em": 0.21,
      "f1": 0.2568809523809524,
      "containment": 0.23,
      "latency_ms": 2466.366662979126,
      "context_chars": 634.95
    },
    "2": {
      "n": 100,
      "em": 0.24,
      "f1": 0.3087936507936508,
      "containment": 0.29,
      "latency_ms": 2418.705370426178,
      "context_chars": 1277.33
    },
    "3": {
      "n": 100,
      "em": 0.25,
      "f1": 0.3154920634920635,
      "containment": 0.3,
      "latency_ms": 2566.051471233368,
      "context_chars": 1915.88
    },
    "4": {
      "n": 100,
      "em": 0.29,
      "f1": 0.36822222222222223,
      "containment": 0.34,
      "latency_ms": 2632.2149515151978,
      "context_chars": 2548.45
    },
    "5": {
      "n": 100,
      "em": 0.31,
      "f1": 0.3967777777777778,
      "containment": 0.34,
      "latency_ms": 2755.9065890312195,
      "context_chars": 3189.33
    },
    "6": {
      "n": 100,
      "em": 0.32,
      "f1": 0.41647041847041844,
      "containment": 0.36,
      "latency_ms": 2410.4484629631042,
      "context_chars": 3833.51
    }
  }
}