{
  "shard_index": 32,
  "shard_count": 37,
  "summary": {
    "0": {
      "n": 100,
      "em": 0.26,
      "f1": 0.42540685045948196,
      "containment": 0.37,
      "latency_ms": 2649.903564453125,
      "context_chars": 0.0
    },
    "1": {
      "n": 100,
      "em": 0.2,
      "f1": 0.26166666666666666,
      "containment": 0.19,
      "latency_ms": 2212.6777577400208,
      "context_chars": 629.56
    },
    "2": {
      "n": 100,
      "em": 0.22,
      "f1": 0.3012474747474748,
      "containment": 0.23,
      "latency_ms": 2356.528594493866,
      "context_chars": 1258.44
    },
    "3": {
      "n": 100,
      "em": 0.28,
      "f1": 0.3897474747474747,
      "containment": 0.31,
      "latency_ms": 2380.1151371002197,
      "context_chars": 1886.74
    },
    "4": {
      "n": 100,
      "em": 0.25,
      "f1": 0.3680808080808081,
      "containment": 0.27,
      "latency_ms": 2426.646022796631,
      "context_chars": 2516.72
    },
    "5": {
      "n": 100,
      "em": 0.27,
      "f1": 0.3904141414141414,
      "containment": 0.28,
      "latency_ms": 2430.830888748169,
      "context_chars": 3151.7
    },
    "6": {
      "n": 100,
      "em": 0.28,
      "f1": 0.4029579020013802,
      "containment": 0.3,
      "latency_ms": 2563.754472732544,
      "context_chars": 3791.35
    }
  }
}