{
  "shard_index": 26,
  "shard_count": 37,
  "summary": {
    "0": {
      "n": 100,
      "em": 0.33,
      "f1": 0.4765887445887445,
      "containment": 0.42,
      "latency_ms": 2380.2964663505554,
      "context_chars": 0.0
    },
    "1": {
      "n": 100,
      "em": 0.19,
      "f1": 0.2603896103896104,
      "containment": 0.22,
      "latency_ms": 2426.5784978866577,
      "context_chars": 637.61
    },
    "2": {
      "n": 100,
      "em": 0.23,
      "f1": 0.314984126984127,
      "containment": 0.27,
      "latency_ms": 2444.840602874756,
      "context_chars": 1277.11
    },
    "3": {
      "n": 100,
      "em": 0.26,
      "f1": 0.34584126984126984,
      "containment": 0.31,
      "latency_ms": 2374.5636582374573,
      "context_chars": 1916.43
    },
    "4": {
      "n": 100,
      "em": 0.3,
      "f1": 0.3993333333333333,
      "containment": 0.35,
      "latency_ms": 2472.7736020088196,
      "context_chars": 2556.83
    },
    "5": {
      "n": 100,
      "em": 0.31,
      "f1": 0.404671679197995,
      "containment": 0.36,
      "latency_ms": 2543.2220435142517,
      "context_chars": 3193.67
    },
    "6": {
      "n": 100,
      "em": 0.33,
      "f1": 0.42254978354978356,
      "containment": 0.37,
      "latency_ms": 2494.7469568252563,
      "context_chars": 3834.97
    }
  }
}