{
  "shard_index": 18,
  "shard_count": 37,
  "summary": {
    "0": {
      "n": 100,
      "em": 0.33,
      "f1": 0.5243037518037518,
      "containment": 0.44,
      "latency_ms": 2289.7537422180176,
      "context_chars": 0.0
    },
    "1": {
      "n": 100,
      "em": 0.23,
      "f1": 0.31032539682539684,
      "containment": 0.27,
      "latency_ms": 2240.2708435058594,
      "context_chars": 636.3
    },
    "2": {
      "n": 100,
      "em": 0.24,
      "f1": 0.36098412698412696,
      "containment": 0.31,
      "latency_ms": 2379.2214369773865,
      "context_chars": 1276.04
    },
    "3": {
      "n": 100,
      "em": 0.28,
      "f1": 0.3886767676767677,
      "containment": 0.34,
      "latency_ms": 2333.55357170105,
      "context_chars": 1916.02
    },
    "4": {
      "n": 100,
      "em": 0.28,
      "f1": 0.4067965367965368,
      "containment": 0.37,
      "latency_ms": 2414.9268341064453,
      "context_chars": 2559.08
    },
    "5": {
      "n": 100,
      "em": 0.32,
      "f1": 0.449987012987013,
      "containment": 0.41,
      "latency_ms": 2334.369044303894,
      "context_chars": 3198.02
    },
    "6": {
      "n": 100,
      "em": 0.35,
      "f1": 0.4837965367965368,
      "containment": 0.43,
      "latency_ms": 2546.8487787246704,
      "context_chars": 3835.08
    }
  }
}