{
  "shard_index": 3,
  "shard_count": 37,
  "summary": {
    "0": {
      "n": 100,
      "em": 0.38,
      "f1": 0.4844523809523808,
      "containment": 0.48,
      "latency_ms": 2194.7044253349304,
      "context_chars": 0.0
    },
    "1": {
      "n": 100,
      "em": 0.24,
      "f1": 0.2866031746031746,
      "containment": 0.28,
      "latency_ms": 2375.241644382477,
      "context_chars": 634.86
    },
    "2": {
      "n": 100,
      "em": 0.28,
      "f1": 0.3393888888888889,
      "containment": 0.32,
      "latency_ms": 2282.092740535736,
      "context_chars": 1278.44
    },
    "3": {
      "n": 100,
      "em": 0.3,
      "f1": 0.3627222222222223,
      "containment": 0.34,
      "latency_ms": 2348.8494420051575,
      "context_chars": 1915.47
    },
    "4": {
      "n": 100,
      "em": 0.33,
      "f1": 0.4008174603174603,
      "containment": 0.37,
      "latency_ms": 2290.7414317131042,
      "context_chars": 2552.87
    },
    "5": {
      "n": 100,
      "em": 0.32,
      "f1": 0.40815079365079365,
      "containment": 0.38,
      "latency_ms": 2362.1714997291565,
      "context_chars": 3185.61
    },
    "6": {
      "n": 100,
      "em": 0.36,
      "f1": 0.4543412698412697,
      "containment": 0.42,
      "latency_ms": 2318.1068420410156,
      "context_chars": 3822.01
    }
  }
}