{
  "shard_index": 33,
  "shard_count": 37,
  "summary": {
    "0": {
      "n": 100,
      "em": 0.4,
      "f1": 0.5162552910052909,
      "containment": 0.43,
      "latency_ms": 2858.177511692047,
      "context_chars": 0.0
    },
    "1": {
      "n": 100,
      "em": 0.2,
      "f1": 0.24512254901960784,
      "containment": 0.23,
      "latency_ms": 2454.4111561775208,
      "context_chars": 628.02
    },
    "2": {
      "n": 100,
      "em": 0.26,
      "f1": 0.31936064425770305,
      "containment": 0.25,
      "latency_ms": 2452.2638034820557,
      "context_chars": 1261.83
    },
    "3": {
      "n": 100,
      "em": 0.29,
      "f1": 0.3630273109243698,
      "containment": 0.27,
      "latency_ms": 2475.331506729126,
      "context_chars": 1898.51
    },
    "4": {
      "n": 100,
      "em": 0.3,
      "f1": 0.3875511204481793,
      "containment": 0.31,
      "latency_ms": 2528.362925052643,
      "context_chars": 2533.01
    },
    "5": {
      "n": 100,
      "em": 0.3,
      "f1": 0.3923606442577032,
      "containment": 0.32,
      "latency_ms": 2488.484625816345,
      "context_chars": 3171.73
    },
    "6": {
      "n": 100,
      "em": 0.32,
      "f1": 0.4083606442577032,
      "containment": 0.33,
      "latency_ms": 2538.5171914100647,
      "context_chars": 3807.79
    }
  }
}