{
  "shard_index": 35,
  "shard_count": 37,
  "summary": {
    "0": {
      "n": 100,
      "em": 0.35,
      "f1": 0.4400959595959595,
      "containment": 0.39,
      "latency_ms": 2277.216296195984,
      "context_chars": 0.0
    },
    "1": {
      "n": 100,
      "em": 0.18,
      "f1": 0.229,
      "containment": 0.2,
      "latency_ms": 2369.130892753601,
      "context_chars": 640.1
    },
    "2": {
      "n": 100,
      "em": 0.19,
      "f1": 0.2563116883116883,
      "containment": 0.23,
      "latency_ms": 2525.56077003479,
      "context_chars": 1277.49
    },
    "3": {
      "n": 100,
      "em": 0.29,
      "f1": 0.3674848484848484,
      "containment": 0.33,
      "latency_ms": 2455.5209350585938,
      "context_chars": 1917.41
    },
    "4": {
      "n": 100,
      "em": 0.27,
      "f1": 0.3528181818181818,
      "containment": 0.31,
      "latency_ms": 2654.163043498993,
      "context_chars": 2563.81
    },
    "5": {
      "n": 100,
      "em": 0.28,
      "f1": 0.3664372294372294,
      "containment": 0.33,
      "latency_ms": 2666.4819979667664,
      "context_chars": 3200.5
    },
    "6": {
      "n": 100,
      "em": 0.29,
      "f1": 0.38154834054834047,
      "containment": 0.33,
      "latency_ms": 2539.541790485382,
      "context_chars": 3843.17
    }
  }
}