{
  "shard_index": 28,
  "shard_count": 37,
  "summary": {
    "0": {
      "n": 100,
      "em": 0.35,
      "f1": 0.5091931140814282,
      "containment": 0.47,
      "latency_ms": 3030.248329639435,
      "context_chars": 0.0
    },
    "1": {
      "n": 100,
      "em": 0.21,
      "f1": 0.2747705627705628,
      "containment": 0.21,
      "latency_ms": 2482.797112464905,
      "context_chars": 632.64
    },
    "2": {
      "n": 100,
      "em": 0.26,
      "f1": 0.34580417621594095,
      "containment": 0.28,
      "latency_ms": 2773.8541960716248,
      "context_chars": 1271.86
    },
    "3": {
      "n": 100,
      "em": 0.3,
      "f1": 0.405461038961039,
      "containment": 0.35,
      "latency_ms": 2721.7934679985046,
      "context_chars": 1904.26
    },
    "4": {
      "n": 100,
      "em": 0.27,
      "f1": 0.39049278499278495,
      "containment": 0.34,
      "latency_ms": 2738.306920528412,
      "context_chars": 2541.0
    },
    "5": {
      "n": 100,
      "em": 0.3,
      "f1": 0.4228303918303917,
      "containment": 0.37,
      "latency_ms": 2807.2222232818604,
      "context_chars": 3175.53
    },
    "6": {
      "n": 100,
      "em": 0.3,
      "f1": 0.4110324675324676,
      "containment": 0.36,
      "latency_ms": 2664.572010040283,
      "context_chars": 3814.26
    }
  }
}