{
  "shard_index": 11,
  "shard_count": 37,
  "summary": {
    "0": {
      "n": 100,
      "em": 0.41,
      "f1": 0.5606746031746032,
      "containment": 0.53,
      "latency_ms": 2304.518051147461,
      "context_chars": 0.0
    },
    "1": {
      "n": 100,
      "em": 0.23,
      "f1": 0.2577380952380952,
      "containment": 0.23,
      "latency_ms": 2106.82058095932,
      "context_chars": 628.3
    },
    "2": {
      "n": 100,
      "em": 0.28,
      "f1": 0.3285,
      "containment": 0.32,
      "latency_ms": 2230.128004550934,
      "context_chars": 1259.31
    },
    "3": {
      "n": 100,
      "em": 0.3,
      "f1": 0.3614603174603175,
      "containment": 0.34,
      "latency_ms": 2363.2347345352173,
      "context_chars": 1894.37
    },
    "4": {
      "n": 100,
      "em": 0.35,
      "f1": 0.4138571428571428,
      "containment": 0.39,
      "latency_ms": 2194.9671840667725,
      "context_chars": 2525.18
    },
    "5": {
      "n": 100,
      "em": 0.36,
      "f1": 0.43065079365079356,
      "containment": 0.41,
      "latency_ms": 2191.1938285827637,
      "context_chars": 3156.96
    },
    "6": {
      "n": 100,
      "em": 0.39,
      "f1": 0.46909523809523807,
      "containment": 0.45,
      "latency_ms": 2296.771926879883,
      "context_chars": 3789.91
    }
  }
}