{
  "shard_index": 21,
  "shard_count": 37,
  "summary": {
    "0": {
      "n": 100,
      "em": 0.39,
      "f1": 0.4699285714285714,
      "containment": 0.42,
      "latency_ms": 2080.766067504883,
      "context_chars": 0.0
    },
    "1": {
      "n": 100,
      "em": 0.31,
      "f1": 0.3942698412698412,
      "containment": 0.34,
      "latency_ms": 2377.7899050712585,
      "context_chars": 623.05
    },
    "2": {
      "n": 100,
      "em": 0.3,
      "f1": 0.412998778998779,
      "containment": 0.35,
      "latency_ms": 2405.0446796417236,
      "context_chars": 1253.58
    },
    "3": {
      "n": 100,
      "em": 0.38,
      "f1": 0.5064285714285713,
      "containment": 0.44,
      "latency_ms": 2411.7326879501343,
      "context_chars": 1889.71
    },
    "4": {
      "n": 100,
      "em": 0.37,
      "f1": 0.4938809523809523,
      "containment": 0.46,
      "latency_ms": 2578.294575214386,
      "context_chars": 2526.44
    },
    "5": {
      "n": 100,
      "em": 0.39,
      "f1": 0.529579365079365,
      "containment": 0.47,
      "latency_ms": 2666.8205046653748,
      "context_chars": 3160.41
    },
    "6": {
      "n": 100,
      "em": 0.39,
      "f1": 0.5383809523809523,
      "containment": 0.48,
      "latency_ms": 2554.6582794189453,
      "context_chars": 3796.21
    }
  }
}