{
  "shard_index": 12,
  "shard_count": 37,
  "summary": {
    "0": {
      "n": 100,
      "em": 0.44,
      "f1": 0.5715476190476189,
      "containment": 0.53,
      "latency_ms": 2180.3486943244934,
      "context_chars": 0.0
    },
    "1": {
      "n": 100,
      "em": 0.35,
      "f1": 0.4253102453102453,
      "containment": 0.35,
      "latency_ms": 2317.947733402252,
      "context_chars": 640.06
    },
    "2": {
      "n": 100,
      "em": 0.35,
      "f1": 0.4504054834054834,
      "containment": 0.4,
      "latency_ms": 2340.4261231422424,
      "context_chars": 1279.4
    },
    "3": {
      "n": 100,
      "em": 0.41,
      "f1": 0.5113679653679654,
      "containment": 0.47,
      "latency_ms": 2367.8007197380066,
      "context_chars": 1920.98
    },
    "4": {
      "n": 100,
      "em": 0.41,
      "f1": 0.5317943722943723,
      "containment": 0.49,
      "latency_ms": 2412.2636198997498,
      "context_chars": 2556.16
    },
    "5": {
      "n": 100,
      "em": 0.42,
      "f1": 0.5355346320346319,
      "containment": 0.49,
      "latency_ms": 2504.231104850769,
      "context_chars": 3195.15
    },
    "6": {
      "n": 100,
      "em": 0.44,
      "f1": 0.5547640692640691,
      "containment": 0.51,
      "latency_ms": 2669.926929473877,
      "context_chars": 3831.77
    }
  }
}