{
  "shard_index": 33,
  "shard_count": 37,
  "summary": {
    "0": {
      "n": 100,
      "em": 0.39,
      "f1": 0.4956904761904762,
      "containment": 0.4,
      "latency_ms": 1823.4062242507935,
      "context_chars": 0.0
    },
    "1": {
      "n": 100,
      "em": 0.24,
      "f1": 0.32981302521008404,
      "containment": 0.26,
      "latency_ms": 2119.840965270996,
      "context_chars": 639.09
    },
    "2": {
      "n": 100,
      "em": 0.3,
      "f1": 0.4080273109243698,
      "containment": 0.3,
      "latency_ms": 2020.8267664909363,
      "context_chars": 1272.64
    },
    "3": {
      "n": 100,
      "em": 0.31,
      "f1": 0.4344558823529412,
      "containment": 0.35,
      "latency_ms": 2100.666117668152,
      "context_chars": 1917.56
    },
    "4": {
      "n": 100,
      "em": 0.35,
      "f1": 0.4677415966386554,
      "containment": 0.39,
      "latency_ms": 2144.889235496521,
      "context_chars": 2554.6
    },
    "5": {
      "n": 100,
      "em": 0.37,
      "f1": 0.48336064425770303,
      "containment": 0.4,
      "latency_ms": 2060.965003967285,
      "context_chars": 3193.79
    },
    "6": {
      "n": 100,
      "em": 0.36,
      "f1": 0.4861820728291316,
      "containment": 0.39,
      "latency_ms": 2061.548867225647,
      "context_chars": 3833.06
    }
  }
}