{
  "shard_index": 29,
  "shard_count": 37,
  "summary": {
    "0": {
      "n": 100,
      "em": 0.3,
      "f1": 0.45757149131062186,
      "containment": 0.35,
      "latency_ms": 2392.8971648216248,
      "context_chars": 0.0
    },
    "1": {
      "n": 100,
      "em": 0.36,
      "f1": 0.46810744810744803,
      "containment": 0.41,
      "latency_ms": 2421.7648029327393,
      "context_chars": 644.27
    },
    "2": {
      "n": 100,
      "em": 0.4,
      "f1": 0.5272185592185591,
      "containment": 0.44,
      "latency_ms": 2427.518332004547,
      "context_chars": 1289.62
    },
    "3": {
      "n": 100,
      "em": 0.4,
      "f1": 0.5272741147741147,
      "containment": 0.47,
      "latency_ms": 2538.0857610702515,
      "context_chars": 1930.33
    },
    "4": {
      "n": 100,
      "em": 0.38,
      "f1": 0.521718559218559,
      "containment": 0.44,
      "latency_ms": 2563.1203532218933,
      "context_chars": 2570.07
    },
    "5": {
      "n": 100,
      "em": 0.37,
      "f1": 0.505607448107448,
      "containment": 0.43,
      "latency_ms": 2483.664925098419,
      "context_chars": 3207.38
    },
    "6": {
      "n": 100,
      "em": 0.37,
      "f1": 0.5041459096459094,
      "containment": 0.44,
      "latency_ms": 2563.2655453681946,
      "context_chars": 3853.52
    }
  }
}