{
  "shard_index": 7,
  "shard_count": 37,
  "summary": {
    "0": {
      "n": 100,
      "em": 0.33,
      "f1": 0.4600064935064934,
      "containment": 0.39,
      "latency_ms": 2132.658190727234,
      "context_chars": 0.0
    },
    "1": {
      "n": 100,
      "em": 0.2,
      "f1": 0.2925079365079365,
      "containment": 0.24,
      "latency_ms": 2319.0030813217163,
      "context_chars": 637.83
    },
    "2": {
      "n": 100,
      "em": 0.24,
      "f1": 0.35567460317460314,
      "containment": 0.3,
      "latency_ms": 2467.4177598953247,
      "context_chars": 1278.29
    },
    "3": {
      "n": 100,
      "em": 0.29,
      "f1": 0.42363675213675206,
      "containment": 0.39,
      "latency_ms": 2559.1692686080933,
      "context_chars": 1923.96
    },
    "4": {
      "n": 100,
      "em": 0.29,
      "f1": 0.4043211592329239,
      "containment": 0.38,
      "latency_ms": 2684.5199608802795,
      "context_chars": 2564.51
    },
    "5": {
      "n": 100,
      "em": 0.3,
      "f1": 0.4367259211376857,
      "containment": 0.4,
      "latency_ms": 2796.124813556671,
      "context_chars": 3209.63
    },
    "6": {
      "n": 100,
      "em": 0.29,
      "f1": 0.42057326007325996,
      "containment": 0.39,
      "latency_ms": 2811.2373757362366,
      "context_chars": 3854.82
    }
  }
}