{
  "shard_index": 8,
  "shard_count": 37,
  "summary": {
    "0": {
      "n": 100,
      "em": 0.33,
      "f1": 0.4396904761904761,
      "containment": 0.4,
      "latency_ms": 2114.087703227997,
      "context_chars": 0.0
    },
    "1": {
      "n": 100,
      "em": 0.24,
      "f1": 0.31560533910533917,
      "containment": 0.25,
      "latency_ms": 2467.5199961662292,
      "context_chars": 636.66
    },
    "2": {
      "n": 100,
      "em": 0.25,
      "f1": 0.3466305916305917,
      "containment": 0.28,
      "latency_ms": 2751.511232852936,
      "context_chars": 1279.67
    },
    "3": {
      "n": 100,
      "em": 0.28,
      "f1": 0.371539405039405,
      "containment": 0.3,
      "latency_ms": 2740.4143500328064,
      "context_chars": 1923.01
    },
    "4": {
      "n": 100,
      "em": 0.32,
      "f1": 0.40871789321789315,
      "containment": 0.36,
      "latency_ms": 2646.747899055481,
      "context_chars": 2565.78
    },
    "5": {
      "n": 100,
      "em": 0.31,
      "f1": 0.40974819624819614,
      "containment": 0.38,
      "latency_ms": 2723.6360812187195,
      "context_chars": 3210.4
    },
    "6": {
      "n": 100,
      "em": 0.33,
      "f1": 0.42408152958152945,
      "containment": 0.39,
      "latency_ms": 2747.6587319374084,
      "context_chars": 3851.91
    }
  }
}