{
  "shard_index": 4,
  "shard_count": 37,
  "summary": {
    "0": {
      "n": 100,
      "em": 0.4,
      "f1": 0.5078721804511277,
      "containment": 0.46,
      "latency_ms": 2154.8781323432922,
      "context_chars": 0.0
    },
    "1": {
      "n": 100,
      "em": 0.27,
      "f1": 0.3323492063492064,
      "containment": 0.31,
      "latency_ms": 2225.1961040496826,
      "context_chars": 638.1
    },
    "2": {
      "n": 100,
      "em": 0.3,
      "f1": 0.39258730158730154,
      "containment": 0.36,
      "latency_ms": 2504.6997475624084,
      "context_chars": 1272.7
    },
    "3": {
      "n": 100,
      "em": 0.34,
      "f1": 0.4360785296574769,
      "containment": 0.4,
      "latency_ms": 2470.249719619751,
      "context_chars": 1912.66
    },
    "4": {
      "n": 100,
      "em": 0.34,
      "f1": 0.41594444444444434,
      "containment": 0.4,
      "latency_ms": 2450.9684252738953,
      "context_chars": 2549.48
    },
    "5": {
      "n": 100,
      "em": 0.36,
      "f1": 0.4472690058479531,
      "containment": 0.43,
      "latency_ms": 2621.8899035453796,
      "context_chars": 3192.14
    },
    "6": {
      "n": 100,
      "em": 0.38,
      "f1": 0.4774594820384293,
      "containment": 0.46,
      "latency_ms": 2588.8590931892395,
      "context_chars": 3829.76
    }
  }
}