{
  "shard_index": 32,
  "shard_count": 37,
  "summary": {
    "0": {
      "n": 100,
      "em": 0.29,
      "f1": 0.4403809523809523,
      "containment": 0.38,
      "latency_ms": 2233.3849596977234,
      "context_chars": 0.0
    },
    "1": {
      "n": 100,
      "em": 0.23,
      "f1": 0.34811904761904766,
      "containment": 0.28,
      "latency_ms": 2382.0430397987366,
      "context_chars": 635.37
    },
    "2": {
      "n": 100,
      "em": 0.22,
      "f1": 0.3485331890331891,
      "containment": 0.3,
      "latency_ms": 2678.6845469474792,
      "context_chars": 1272.69
    },
    "3": {
      "n": 100,
      "em": 0.28,
      "f1": 0.4204262371615311,
      "containment": 0.37,
      "latency_ms": 2542.179663181305,
      "context_chars": 1907.93
    },
    "4": {
      "n": 100,
      "em": 0.3,
      "f1": 0.4432436974789914,
      "containment": 0.39,
      "latency_ms": 2549.158990383148,
      "context_chars": 2547.35
    },
    "5": {
      "n": 100,
      "em": 0.32,
      "f1": 0.4721881419234359,
      "containment": 0.42,
      "latency_ms": 2554.3018913269043,
      "context_chars": 3188.2
    },
    "6": {
      "n": 100,
      "em": 0.33,
      "f1": 0.4731881419234359,
      "containment": 0.41,
      "latency_ms": 2549.2775988578796,
      "context_chars": 3826.97
    }
  }
}