{
  "shard_index": 10,
  "shard_count": 37,
  "summary": {
    "0": {
      "n": 100,
      "em": 0.37,
      "f1": 0.481496336996337,
      "containment": 0.36,
      "latency_ms": 2223.5748195648193,
      "context_chars": 0.0
    },
    "1": {
      "n": 100,
      "em": 0.37,
      "f1": 0.43357656962920116,
      "containment": 0.38,
      "latency_ms": 2554.344458580017,
      "context_chars": 634.45
    },
    "2": {
      "n": 100,
      "em": 0.4,
      "f1": 0.4691952380952381,
      "containment": 0.39,
      "latency_ms": 2718.3077478408813,
      "context_chars": 1271.67
    },
    "3": {
      "n": 100,
      "em": 0.44,
      "f1": 0.524647619047619,
      "containment": 0.43,
      "latency_ms": 2638.852639198303,
      "context_chars": 1908.68
    },
    "4": {
      "n": 100,
      "em": 0.42,
      "f1": 0.5156,
      "containment": 0.43,
      "latency_ms": 2582.4789214134216,
      "context_chars": 2552.78
    },
    "5": {
      "n": 100,
      "em": 0.44,
      "f1": 0.5241966386554622,
      "containment": 0.46,
      "latency_ms": 2994.6093678474426,
      "context_chars": 3190.01
    },
    "6": {
      "n": 100,
      "em": 0.4,
      "f1": 0.49188846153846144,
      "containment": 0.45,
      "latency_ms": 3177.3566699028015,
      "context_chars": 3828.41
    }
  }
}