{
  "shard_index": 35,
  "shard_count": 37,
  "summary": {
    "0": {
      "n": 100,
      "em": 0.31,
      "f1": 0.3922619047619048,
      "containment": 0.36,
      "latency_ms": 608.801429271698,
      "context_chars": 0.0
    },
    "1": {
      "n": 100,
      "em": 0.25,
      "f1": 0.32849999999999996,
      "containment": 0.28,
      "latency_ms": 745.7266998291016,
      "context_chars": 641.66
    },
    "2": {
      "n": 100,
      "em": 0.28,
      "f1": 0.35621428571428565,
      "containment": 0.32,
      "latency_ms": 827.4103116989136,
      "context_chars": 1284.67
    },
    "3": {
      "n": 100,
      "em": 0.3,
      "f1": 0.3779062049062049,
      "containment": 0.36,
      "latency_ms": 832.8493046760559,
      "context_chars": 1929.75
    },
    "4": {
      "n": 100,
      "em": 0.3,
      "f1": 0.38430158730158726,
      "containment": 0.34,
      "latency_ms": 800.9812307357788,
      "context_chars": 2581.38
    },
    "5": {
      "n": 100,
      "em": 0.32,
      "f1": 0.3935714285714286,
      "containment": 0.36,
      "latency_ms": 807.3008823394775,
      "context_chars": 3222.27
    },
    "6": {
      "n": 100,
      "em": 0.32,
      "f1": 0.39857142857142863,
      "containment": 0.36,
      "latency_ms": 827.0696902275085,
      "context_chars": 3870.39
    }
  }
}