{
  "shard_index": 31,
  "shard_count": 37,
  "summary": {
    "0": {
      "n": 100,
      "em": 0.32,
      "f1": 0.4118671679197995,
      "containment": 0.35,
      "latency_ms": 2262.1923208236694,
      "context_chars": 0.0
    },
    "1": {
      "n": 100,
      "em": 0.24,
      "f1": 0.33488888888888885,
      "containment": 0.26,
      "latency_ms": 2488.701717853546,
      "context_chars": 633.86
    },
    "2": {
      "n": 100,
      "em": 0.28,
      "f1": 0.3991507936507936,
      "containment": 0.33,
      "latency_ms": 2419.6627616882324,
      "context_chars": 1271.83
    },
    "3": {
      "n": 100,
      "em": 0.36,
      "f1": 0.45281746031746034,
      "containment": 0.37,
      "latency_ms": 2324.591679573059,
      "context_chars": 1911.78
    },
    "4": {
      "n": 100,
      "em": 0.34,
      "f1": 0.42598412698412685,
      "containment": 0.37,
      "latency_ms": 2433.10524225235,
      "context_chars": 2551.28
    },
    "5": {
      "n": 100,
      "em": 0.38,
      "f1": 0.47714285714285704,
      "containment": 0.42,
      "latency_ms": 2533.3061742782593,
      "context_chars": 3192.45
    },
    "6": {
      "n": 100,
      "em": 0.38,
      "f1": 0.47073015873015867,
      "containment": 0.42,
      "latency_ms": 2572.911283969879,
      "context_chars": 3832.96
    }
  }
}