{
  "shard_index": 15,
  "shard_count": 37,
  "summary": {
    "0": {
      "n": 100,
      "em": 0.29,
      "f1": 0.4133427128427128,
      "containment": 0.32,
      "latency_ms": 2095.4854440689087,
      "context_chars": 0.0
    },
    "1": {
      "n": 100,
      "em": 0.23,
      "f1": 0.3074814814814815,
      "containment": 0.24,
      "latency_ms": 2577.114541530609,
      "context_chars": 636.69
    },
    "2": {
      "n": 100,
      "em": 0.25,
      "f1": 0.33131481481481484,
      "containment": 0.29,
      "latency_ms": 2493.223261833191,
      "context_chars": 1272.52
    },
    "3": {
      "n": 100,
      "em": 0.29,
      "f1": 0.3786402116402116,
      "containment": 0.32,
      "latency_ms": 2603.00372838974,
      "context_chars": 1913.66
    },
    "4": {
      "n": 100,
      "em": 0.32,
      "f1": 0.4098565677478721,
      "containment": 0.35,
      "latency_ms": 2662.5745487213135,
      "context_chars": 2553.72
    },
    "5": {
      "n": 100,
      "em": 0.3,
      "f1": 0.4114359328272371,
      "containment": 0.34,
      "latency_ms": 2669.443688392639,
      "context_chars": 3195.28
    },
    "6": {
      "n": 100,
      "em": 0.31,
      "f1": 0.4158327582240625,
      "containment": 0.34,
      "latency_ms": 2619.889829158783,
      "context_chars": 3840.77
    }
  }
}