{
  "shard_index": 13,
  "shard_count": 37,
  "summary": {
    "0": {
      "n": 100,
      "em": 0.31,
      "f1": 0.45242857142857135,
      "containment": 0.36,
      "latency_ms": 2224.961473941803,
      "context_chars": 0.0
    },
    "1": {
      "n": 100,
      "em": 0.3,
      "f1": 0.3791125541125541,
      "containment": 0.3,
      "latency_ms": 2435.940957069397,
      "context_chars": 634.19
    },
    "2": {
      "n": 100,
      "em": 0.32,
      "f1": 0.4203982683982684,
      "containment": 0.36,
      "latency_ms": 2439.34800863266,
      "context_chars": 1269.78
    },
    "3": {
      "n": 100,
      "em": 0.33,
      "f1": 0.4419696969696969,
      "containment": 0.37,
      "latency_ms": 2549.9210357666016,
      "context_chars": 1910.43
    },
    "4": {
      "n": 100,
      "em": 0.29,
      "f1": 0.4414458874458875,
      "containment": 0.38,
      "latency_ms": 2632.894034385681,
      "context_chars": 2538.68
    },
    "5": {
      "n": 100,
      "em": 0.26,
      "f1": 0.41541558441558435,
      "containment": 0.35,
      "latency_ms": 2672.702066898346,
      "context_chars": 3174.07
    },
    "6": {
      "n": 100,
      "em": 0.28,
      "f1": 0.43927272727272715,
      "containment": 0.36,
      "latency_ms": 2644.4437646865845,
      "context_chars": 3814.42
    }
  }
}