{
  "shard_index": 19,
  "shard_count": 37,
  "summary": {
    "0": {
      "n": 100,
      "em": 0.3,
      "f1": 0.3997187812187811,
      "containment": 0.35,
      "latency_ms": 2555.3474020957947,
      "context_chars": 0.0
    },
    "1": {
      "n": 100,
      "em": 0.29,
      "f1": 0.36436694677871145,
      "containment": 0.3,
      "latency_ms": 2219.6719908714294,
      "context_chars": 630.7
    },
    "2": {
      "n": 100,
      "em": 0.32,
      "f1": 0.3935336134453782,
      "containment": 0.32,
      "latency_ms": 2304.8743891716003,
      "context_chars": 1263.2
    },
    "3": {
      "n": 100,
      "em": 0.34,
      "f1": 0.4364696969696969,
      "containment": 0.37,
      "latency_ms": 2453.972852230072,
      "context_chars": 1903.12
    },
    "4": {
      "n": 100,
      "em": 0.33,
      "f1": 0.44953174603174595,
      "containment": 0.38,
      "latency_ms": 2473.0755281448364,
      "context_chars": 2538.5
    },
    "5": {
      "n": 100,
      "em": 0.38,
      "f1": 0.479531746031746,
      "containment": 0.42,
      "latency_ms": 2506.014280319214,
      "context_chars": 3176.26
    },
    "6": {
      "n": 100,
      "em": 0.38,
      "f1": 0.4826081871345028,
      "containment": 0.42,
      "latency_ms": 2581.5542364120483,
      "context_chars": 3813.92
    }
  }
}