{
  "shard_index": 6,
  "shard_count": 37,
  "summary": {
    "0": {
      "n": 100,
      "em": 0.34,
      "f1": 0.4776269841269841,
      "containment": 0.4,
      "latency_ms": 2162.9609274864197,
      "context_chars": 0.0
    },
    "1": {
      "n": 100,
      "em": 0.29,
      "f1": 0.3945714285714286,
      "containment": 0.36,
      "latency_ms": 2442.9043650627136,
      "context_chars": 640.57
    },
    "2": {
      "n": 100,
      "em": 0.29,
      "f1": 0.4165743145743146,
      "containment": 0.4,
      "latency_ms": 2552.1252727508545,
      "context_chars": 1285.1
    },
    "3": {
      "n": 100,
      "em": 0.34,
      "f1": 0.4684227994227995,
      "containment": 0.44,
      "latency_ms": 2591.023714542389,
      "context_chars": 1925.17
    },
    "4": {
      "n": 100,
      "em": 0.34,
      "f1": 0.4700981240981241,
      "containment": 0.44,
      "latency_ms": 2506.241202354431,
      "context_chars": 2566.78
    },
    "5": {
      "n": 100,
      "em": 0.36,
      "f1": 0.4974227994227995,
      "containment": 0.46,
      "latency_ms": 2733.0079793930054,
      "context_chars": 3208.27
    },
    "6": {
      "n": 100,
      "em": 0.35,
      "f1": 0.4742626262626263,
      "containment": 0.44,
      "latency_ms": 2787.3258352279663,
      "context_chars": 3845.43
    }
  }
}