{
  "shard_index": 23,
  "shard_count": 37,
  "summary": {
    "0": {
      "n": 100,
      "em": 0.42,
      "f1": 0.5193547008547008,
      "containment": 0.47,
      "latency_ms": 2337.727975845337,
      "context_chars": 0.0
    },
    "1": {
      "n": 100,
      "em": 0.28,
      "f1": 0.38489826839826846,
      "containment": 0.33,
      "latency_ms": 2448.012204170227,
      "context_chars": 643.41
    },
    "2": {
      "n": 100,
      "em": 0.3,
      "f1": 0.41165176979882867,
      "containment": 0.4,
      "latency_ms": 2632.582538127899,
      "context_chars": 1286.69
    },
    "3": {
      "n": 100,
      "em": 0.35,
      "f1": 0.4683898951925268,
      "containment": 0.45,
      "latency_ms": 2612.9681992530823,
      "context_chars": 1923.98
    },
    "4": {
      "n": 100,
      "em": 0.34,
      "f1": 0.47526190476190466,
      "containment": 0.45,
      "latency_ms": 2525.772647857666,
      "context_chars": 2562.71
    },
    "5": {
      "n": 100,
      "em": 0.36,
      "f1": 0.4882619047619047,
      "containment": 0.45,
      "latency_ms": 2781.802463531494,
      "context_chars": 3201.08
    },
    "6": {
      "n": 100,
      "em": 0.36,
      "f1": 0.4935952380952379,
      "containment": 0.46,
      "latency_ms": 2846.663191318512,
      "context_chars": 3846.7
    }
  }
}