{
  "shard_index": 14,
  "shard_count": 37,
  "summary": {
    "0": {
      "n": 100,
      "em": 0.38,
      "f1": 0.4928809523809523,
      "containment": 0.4,
      "latency_ms": 2138.966188430786,
      "context_chars": 0.0
    },
    "1": {
      "n": 100,
      "em": 0.29,
      "f1": 0.3843376068376068,
      "containment": 0.34,
      "latency_ms": 2269.4354033470154,
      "context_chars": 647.0
    },
    "2": {
      "n": 100,
      "em": 0.32,
      "f1": 0.4294010989010989,
      "containment": 0.37,
      "latency_ms": 2408.9765882492065,
      "context_chars": 1293.35
    },
    "3": {
      "n": 100,
      "em": 0.37,
      "f1": 0.47517460317460314,
      "containment": 0.41,
      "latency_ms": 2503.7275624275208,
      "context_chars": 1939.19
    },
    "4": {
      "n": 100,
      "em": 0.36,
      "f1": 0.483123321123321,
      "containment": 0.42,
      "latency_ms": 2655.16925573349,
      "context_chars": 2588.86
    },
    "5": {
      "n": 100,
      "em": 0.37,
      "f1": 0.4919010989010988,
      "containment": 0.42,
      "latency_ms": 2599.2025995254517,
      "context_chars": 3231.28
    },
    "6": {
      "n": 100,
      "em": 0.38,
      "f1": 0.49984126984126975,
      "containment": 0.42,
      "latency_ms": 2530.181348323822,
      "context_chars": 3871.39
    }
  }
}