{
  "shard_index": 28,
  "shard_count": 37,
  "summary": {
    "0": {
      "n": 100,
      "em": 0.34,
      "f1": 0.4794667554667555,
      "containment": 0.41,
      "latency_ms": 2601.42404794693,
      "context_chars": 0.0
    },
    "1": {
      "n": 100,
      "em": 0.28,
      "f1": 0.3795324675324676,
      "containment": 0.31,
      "latency_ms": 2464.4882369041443,
      "context_chars": 636.07
    },
    "2": {
      "n": 100,
      "em": 0.29,
      "f1": 0.39796549528902475,
      "containment": 0.34,
      "latency_ms": 2560.1425671577454,
      "context_chars": 1278.45
    },
    "3": {
      "n": 100,
      "em": 0.29,
      "f1": 0.41111701044053994,
      "containment": 0.35,
      "latency_ms": 2897.039408683777,
      "context_chars": 1916.09
    },
    "4": {
      "n": 100,
      "em": 0.31,
      "f1": 0.43017676767676766,
      "containment": 0.36,
      "latency_ms": 3073.4634733200073,
      "context_chars": 2559.42
    },
    "5": {
      "n": 100,
      "em": 0.34,
      "f1": 0.45768843901196843,
      "containment": 0.38,
      "latency_ms": 3174.491024017334,
      "context_chars": 3199.72
    },
    "6": {
      "n": 100,
      "em": 0.34,
      "f1": 0.45078367710720657,
      "containment": 0.39,
      "latency_ms": 2880.8575296401978,
      "context_chars": 3840.72
    }
  }
}