{
  "shard_index": 0,
  "shard_count": 37,
  "summary": {
    "0": {
      "n": 100,
      "em": 0.29,
      "f1": 0.4688492063492062,
      "containment": 0.39,
      "latency_ms": 2275.1498007774353,
      "context_chars": 0.0
    },
    "1": {
      "n": 100,
      "em": 0.24,
      "f1": 0.37799999999999995,
      "containment": 0.3,
      "latency_ms": 2265.0847721099854,
      "context_chars": 635.09
    },
    "2": {
      "n": 100,
      "em": 0.25,
      "f1": 0.3996006493506494,
      "containment": 0.32,
      "latency_ms": 2219.0372228622437,
      "context_chars": 1271.26
    },
    "3": {
      "n": 100,
      "em": 0.23,
      "f1": 0.39032142857142843,
      "containment": 0.33,
      "latency_ms": 2365.4803895950317,
      "context_chars": 1909.32
    },
    "4": {
      "n": 100,
      "em": 0.24,
      "f1": 0.4112132034632034,
      "containment": 0.37,
      "latency_ms": 2473.9506483078003,
      "context_chars": 2547.33
    },
    "5": {
      "n": 100,
      "em": 0.25,
      "f1": 0.41531709956709956,
      "containment": 0.36,
      "latency_ms": 2444.076313972473,
      "context_chars": 3188.58
    },
    "6": {
      "n": 100,
      "em": 0.27,
      "f1": 0.4488917748917749,
      "containment": 0.38,
      "latency_ms": 2468.663651943207,
      "context_chars": 3824.66
    }
  }
}