{
  "shard_index": 11,
  "shard_count": 37,
  "summary": {
    "0": {
      "n": 100,
      "em": 0.39,
      "f1": 0.49378571428571433,
      "containment": 0.44,
      "latency_ms": 2082.9808831214905,
      "context_chars": 0.0
    },
    "1": {
      "n": 100,
      "em": 0.33,
      "f1": 0.39375541125541125,
      "containment": 0.4,
      "latency_ms": 2274.4066286087036,
      "context_chars": 633.64
    },
    "2": {
      "n": 100,
      "em": 0.39,
      "f1": 0.4830714285714285,
      "containment": 0.48,
      "latency_ms": 2237.267653942108,
      "context_chars": 1268.76
    },
    "3": {
      "n": 100,
      "em": 0.42,
      "f1": 0.4982857142857142,
      "containment": 0.49,
      "latency_ms": 2315.6498169898987,
      "context_chars": 1910.11
    },
    "4": {
      "n": 100,
      "em": 0.45,
      "f1": 0.5419761904761904,
      "containment": 0.52,
      "latency_ms": 2353.306679725647,
      "context_chars": 2542.77
    },
    "5": {
      "n": 100,
      "em": 0.43,
      "f1": 0.5287222222222221,
      "containment": 0.51,
      "latency_ms": 2571.1688804626465,
      "context_chars": 3180.21
    },
    "6": {
      "n": 100,
      "em": 0.42,
      "f1": 0.5240595238095237,
      "containment": 0.51,
      "latency_ms": 2723.2919430732727,
      "context_chars": 3828.77
    }
  }
}