{
  "shard_index": 16,
  "shard_count": 37,
  "summary": {
    "0": {
      "n": 100,
      "em": 0.36,
      "f1": 0.45902092352092344,
      "containment": 0.39,
      "latency_ms": 2220.4070138931274,
      "context_chars": 0.0
    },
    "1": {
      "n": 100,
      "em": 0.23,
      "f1": 0.34572388722388725,
      "containment": 0.3,
      "latency_ms": 2647.479021549225,
      "context_chars": 637.38
    },
    "2": {
      "n": 100,
      "em": 0.27,
      "f1": 0.38911277611277606,
      "containment": 0.34,
      "latency_ms": 2629.046392440796,
      "context_chars": 1274.07
    },
    "3": {
      "n": 100,
      "em": 0.31,
      "f1": 0.4151329781329781,
      "containment": 0.35,
      "latency_ms": 2743.7033128738403,
      "context_chars": 1912.42
    },
    "4": {
      "n": 100,
      "em": 0.32,
      "f1": 0.43299311799311796,
      "containment": 0.36,
      "latency_ms": 2604.3414306640625,
      "context_chars": 2552.25
    },
    "5": {
      "n": 100,
      "em": 0.34,
      "f1": 0.44778798978798984,
      "containment": 0.37,
      "latency_ms": 2667.379996776581,
      "context_chars": 3200.62
    },
    "6": {
      "n": 100,
      "em": 0.35,
      "f1": 0.4571952296069942,
      "containment": 0.4,
      "latency_ms": 2614.8676776885986,
      "context_chars": 3844.85
    }
  }
}