{
  "shard_index": 17,
  "shard_count": 37,
  "summary": {
    "0": {
      "n": 100,
      "em": 0.37,
      "f1": 0.47275274725274713,
      "containment": 0.39,
      "latency_ms": 2076.285300254822,
      "context_chars": 0.0
    },
    "1": {
      "n": 100,
      "em": 0.3,
      "f1": 0.3489466089466089,
      "containment": 0.31,
      "latency_ms": 2449.0551900863647,
      "context_chars": 638.18
    },
    "2": {
      "n": 100,
      "em": 0.38,
      "f1": 0.43556565656565654,
      "containment": 0.4,
      "latency_ms": 2696.3779425621033,
      "context_chars": 1278.53
    },
    "3": {
      "n": 100,
      "em": 0.38,
      "f1": 0.46016544566544565,
      "containment": 0.39,
      "latency_ms": 2608.808650970459,
      "context_chars": 1916.93
    },
    "4": {
      "n": 100,
      "em": 0.41,
      "f1": 0.47789776889776886,
      "containment": 0.4,
      "latency_ms": 2612.7129340171814,
      "context_chars": 2555.69
    },
    "5": {
      "n": 100,
      "em": 0.4,
      "f1": 0.47124025974025974,
      "containment": 0.41,
      "latency_ms": 2521.1202931404114,
      "context_chars": 3198.74
    },
    "6": {
      "n": 100,
      "em": 0.41,
      "f1": 0.48587012987012984,
      "containment": 0.42,
      "latency_ms": 2590.054008960724,
      "context_chars": 3840.48
    }
  }
}