{
  "shard_index": 22,
  "shard_count": 37,
  "summary": {
    "0": {
      "n": 100,
      "em": 0.33,
      "f1": 0.45028571428571434,
      "containment": 0.41,
      "latency_ms": 2283.0449557304382,
      "context_chars": 0.0
    },
    "1": {
      "n": 100,
      "em": 0.28,
      "f1": 0.34880586080586085,
      "containment": 0.34,
      "latency_ms": 2471.066782474518,
      "context_chars": 637.47
    },
    "2": {
      "n": 100,
      "em": 0.36,
      "f1": 0.4403137973137972,
      "containment": 0.42,
      "latency_ms": 2422.0481944084167,
      "context_chars": 1281.36
    },
    "3": {
      "n": 100,
      "em": 0.37,
      "f1": 0.4703296703296702,
      "containment": 0.44,
      "latency_ms": 2686.028697490692,
      "context_chars": 1919.67
    },
    "4": {
      "n": 100,
      "em": 0.35,
      "f1": 0.44710889110889107,
      "containment": 0.42,
      "latency_ms": 2499.640667438507,
      "context_chars": 2561.04
    },
    "5": {
      "n": 100,
      "em": 0.38,
      "f1": 0.4826263736263735,
      "containment": 0.46,
      "latency_ms": 2803.0857062339783,
      "context_chars": 3200.32
    },
    "6": {
      "n": 100,
      "em": 0.38,
      "f1": 0.49262637362637357,
      "containment": 0.47,
      "latency_ms": 2699.623875617981,
      "context_chars": 3838.45
    }
  }
}