{
  "shard_index": 20,
  "shard_count": 37,
  "summary": {
    "0": {
      "n": 100,
      "em": 0.34,
      "f1": 0.4287991452991453,
      "containment": 0.38,
      "latency_ms": 2252.110493183136,
      "context_chars": 0.0
    },
    "1": {
      "n": 100,
      "em": 0.31,
      "f1": 0.3866060606060606,
      "containment": 0.32,
      "latency_ms": 2404.73491191864,
      "context_chars": 632.82
    },
    "2": {
      "n": 100,
      "em": 0.32,
      "f1": 0.4091074481074481,
      "containment": 0.35,
      "latency_ms": 2402.345860004425,
      "context_chars": 1272.03
    },
    "3": {
      "n": 100,
      "em": 0.37,
      "f1": 0.4511814574314574,
      "containment": 0.39,
      "latency_ms": 2249.7746682167053,
      "context_chars": 1912.62
    },
    "4": {
      "n": 100,
      "em": 0.38,
      "f1": 0.46969078144078147,
      "containment": 0.4,
      "latency_ms": 2509.1295528411865,
      "context_chars": 2555.16
    },
    "5": {
      "n": 100,
      "em": 0.36,
      "f1": 0.4527384004884004,
      "containment": 0.38,
      "latency_ms": 2507.374885082245,
      "context_chars": 3202.44
    },
    "6": {
      "n": 100,
      "em": 0.36,
      "f1": 0.45423412698412696,
      "containment": 0.37,
      "latency_ms": 2457.0769810676575,
      "context_chars": 3842.18
    }
  }
}