{
  "shard_index": 34,
  "shard_count": 37,
  "summary": {
    "0": {
      "n": 100,
      "em": 0.3,
      "f1": 0.41334920634920636,
      "containment": 0.33,
      "latency_ms": 938.9882469177246,
      "context_chars": 0.0
    },
    "1": {
      "n": 100,
      "em": 0.27,
      "f1": 0.32718803418803416,
      "containment": 0.27,
      "latency_ms": 1261.2936472892761,
      "context_chars": 637.44
    },
    "2": {
      "n": 100,
      "em": 0.32,
      "f1": 0.3947713675213675,
      "containment": 0.31,
      "latency_ms": 1327.3465061187744,
      "context_chars": 1276.88
    },
    "3": {
      "n": 100,
      "em": 0.37,
      "f1": 0.45293406593406593,
      "containment": 0.38,
      "latency_ms": 1324.6338176727295,
      "context_chars": 1917.41
    },
    "4": {
      "n": 100,
      "em": 0.36,
      "f1": 0.4470689865689865,
      "containment": 0.38,
      "latency_ms": 1309.0477132797241,
      "context_chars": 2564.95
    },
    "5": {
      "n": 100,
      "em": 0.38,
      "f1": 0.4762637917637917,
      "containment": 0.42,
      "latency_ms": 1503.0956101417542,
      "context_chars": 3212.07
    },
    "6": {
      "n": 100,
      "em": 0.41,
      "f1": 0.4886880341880342,
      "containment": 0.44,
      "latency_ms": 1322.7244710922241,
      "context_chars": 3856.93
    }
  }
}