{
  "shard_index": 36,
  "shard_count": 37,
  "summary": {
    "0": {
      "n": 10,
      "em": 0.5,
      "f1": 0.55,
      "containment": 0.6,
      "latency_ms": 532.6968669891357,
      "context_chars": 0.0
    },
    "1": {
      "n": 10,
      "em": 0.3,
      "f1": 0.5233333333333332,
      "containment": 0.5,
      "latency_ms": 673.0463981628418,
      "context_chars": 643.7
    },
    "2": {
      "n": 10,
      "em": 0.3,
      "f1": 0.45666666666666667,
      "containment": 0.4,
      "latency_ms": 728.7804365158081,
      "context_chars": 1291.7
    },
    "3": {
      "n": 10,
      "em": 0.4,
      "f1": 0.5733333333333333,
      "containment": 0.6,
      "latency_ms": 755.7044982910156,
      "context_chars": 1936.1
    },
    "4": {
      "n": 10,
      "em": 0.4,
      "f1": 0.5733333333333333,
      "containment": 0.6,
      "latency_ms": 779.3932914733887,
      "context_chars": 2592.0
    },
    "5": {
      "n": 10,
      "em": 0.4,
      "f1": 0.5833333333333333,
      "containment": 0.7,
      "latency_ms": 751.9366979598999,
      "context_chars": 3256.9
    },
    "6": {
      "n": 10,
      "em": 0.4,
      "f1": 0.6083333333333332,
      "containment": 0.8,
      "latency_ms": 929.2103052139282,
      "context_chars": 3906.7
    }
  }
}