{
  "shard_index": 26,
  "shard_count": 37,
  "summary": {
    "0": {
      "n": 100,
      "em": 0.34,
      "f1": 0.4618744588744589,
      "containment": 0.4,
      "latency_ms": 2272.1609377861023,
      "context_chars": 0.0
    },
    "1": {
      "n": 100,
      "em": 0.25,
      "f1": 0.34814430014430015,
      "containment": 0.3,
      "latency_ms": 2473.5856413841248,
      "context_chars": 643.01
    },
    "2": {
      "n": 100,
      "em": 0.31,
      "f1": 0.4445555555555555,
      "containment": 0.39,
      "latency_ms": 2559.8156213760376,
      "context_chars": 1286.31
    },
    "3": {
      "n": 100,
      "em": 0.33,
      "f1": 0.4671046176046175,
      "containment": 0.42,
      "latency_ms": 2470.078547000885,
      "context_chars": 1934.24
    },
    "4": {
      "n": 100,
      "em": 0.38,
      "f1": 0.49138740791372376,
      "containment": 0.44,
      "latency_ms": 2544.0590381622314,
      "context_chars": 2577.68
    },
    "5": {
      "n": 100,
      "em": 0.34,
      "f1": 0.48113239538239533,
      "containment": 0.42,
      "latency_ms": 2596.1981081962585,
      "context_chars": 3221.72
    },
    "6": {
      "n": 100,
      "em": 0.33,
      "f1": 0.46043502696134275,
      "containment": 0.42,
      "latency_ms": 2585.670337677002,
      "context_chars": 3863.53
    }
  }
}