{
  "shard_index": 18,
  "shard_count": 37,
  "summary": {
    "0": {
      "n": 100,
      "em": 0.35,
      "f1": 0.51089898989899,
      "containment": 0.41,
      "latency_ms": 2154.9105834960938,
      "context_chars": 0.0
    },
    "1": {
      "n": 100,
      "em": 0.27,
      "f1": 0.4111904761904762,
      "containment": 0.33,
      "latency_ms": 2323.7081718444824,
      "context_chars": 632.18
    },
    "2": {
      "n": 100,
      "em": 0.31,
      "f1": 0.461047619047619,
      "containment": 0.35,
      "latency_ms": 2414.6286702156067,
      "context_chars": 1276.03
    },
    "3": {
      "n": 100,
      "em": 0.32,
      "f1": 0.4635670995670995,
      "containment": 0.37,
      "latency_ms": 2469.4926953315735,
      "context_chars": 1925.63
    },
    "4": {
      "n": 100,
      "em": 0.32,
      "f1": 0.46216666666666656,
      "containment": 0.38,
      "latency_ms": 2521.1424255371094,
      "context_chars": 2571.15
    },
    "5": {
      "n": 100,
      "em": 0.35,
      "f1": 0.49704761904761896,
      "containment": 0.41,
      "latency_ms": 2480.442044734955,
      "context_chars": 3216.6
    },
    "6": {
      "n": 100,
      "em": 0.36,
      "f1": 0.5128388278388277,
      "containment": 0.43,
      "latency_ms": 2468.80140542984,
      "context_chars": 3858.78
    }
  }
}