{
  "shard_index": 25,
  "shard_count": 37,
  "summary": {
    "0": {
      "n": 100,
      "em": 0.37,
      "f1": 0.4899523809523809,
      "containment": 0.42,
      "latency_ms": 2164.929382801056,
      "context_chars": 0.0
    },
    "1": {
      "n": 100,
      "em": 0.34,
      "f1": 0.3997799422799423,
      "containment": 0.4,
      "latency_ms": 2504.1078758239746,
      "context_chars": 642.03
    },
    "2": {
      "n": 100,
      "em": 0.38,
      "f1": 0.47744660894660895,
      "containment": 0.45,
      "latency_ms": 2545.887906551361,
      "context_chars": 1284.23
    },
    "3": {
      "n": 100,
      "em": 0.38,
      "f1": 0.477946608946609,
      "containment": 0.44,
      "latency_ms": 2482.8501534461975,
      "context_chars": 1926.59
    },
    "4": {
      "n": 100,
      "em": 0.39,
      "f1": 0.4893354978354978,
      "containment": 0.46,
      "latency_ms": 2496.1917400360107,
      "context_chars": 2565.01
    },
    "5": {
      "n": 100,
      "em": 0.41,
      "f1": 0.5067005772005772,
      "containment": 0.49,
      "latency_ms": 2667.020969390869,
      "context_chars": 3204.49
    },
    "6": {
      "n": 100,
      "em": 0.38,
      "f1": 0.46970057720057723,
      "containment": 0.45,
      "latency_ms": 2711.235213279724,
      "context_chars": 3846.13
    }
  }
}