{
  "shard_index": 2,
  "shard_count": 37,
  "summary": {
    "0": {
      "n": 100,
      "em": 0.38,
      "f1": 0.5182912087912086,
      "containment": 0.48,
      "latency_ms": 2134.2434763908386,
      "context_chars": 0.0
    },
    "1": {
      "n": 100,
      "em": 0.26,
      "f1": 0.3494047619047619,
      "containment": 0.29,
      "latency_ms": 2187.288601398468,
      "context_chars": 632.63
    },
    "2": {
      "n": 100,
      "em": 0.26,
      "f1": 0.36610317460317454,
      "containment": 0.33,
      "latency_ms": 2286.862666606903,
      "context_chars": 1269.58
    },
    "3": {
      "n": 100,
      "em": 0.29,
      "f1": 0.38343650793650785,
      "containment": 0.36,
      "latency_ms": 2466.4194440841675,
      "context_chars": 1906.18
    },
    "4": {
      "n": 100,
      "em": 0.3,
      "f1": 0.39435714285714285,
      "containment": 0.38,
      "latency_ms": 2555.000479221344,
      "context_chars": 2539.97
    },
    "5": {
      "n": 100,
      "em": 0.34,
      "f1": 0.4372142857142856,
      "containment": 0.42,
      "latency_ms": 2584.3303322792053,
      "context_chars": 3174.06
    },
    "6": {
      "n": 100,
      "em": 0.34,
      "f1": 0.44640476190476186,
      "containment": 0.43,
      "latency_ms": 2536.1272382736206,
      "context_chars": 3810.93
    }
  }
}