{
  "shard_index": 1,
  "shard_count": 37,
  "summary": {
    "0": {
      "n": 100,
      "em": 0.35,
      "f1": 0.45300000000000007,
      "containment": 0.38,
      "latency_ms": 2034.6842503547668,
      "context_chars": 0.0
    },
    "1": {
      "n": 100,
      "em": 0.32,
      "f1": 0.4379404761904761,
      "containment": 0.39,
      "latency_ms": 2546.8764424324036,
      "context_chars": 637.46
    },
    "2": {
      "n": 100,
      "em": 0.32,
      "f1": 0.4615357142857143,
      "containment": 0.43,
      "latency_ms": 2518.4421348571777,
      "context_chars": 1279.79
    },
    "3": {
      "n": 100,
      "em": 0.4,
      "f1": 0.5186071428571427,
      "containment": 0.47,
      "latency_ms": 2500.686388015747,
      "context_chars": 1921.09
    },
    "4": {
      "n": 100,
      "em": 0.42,
      "f1": 0.5326309523809524,
      "containment": 0.48,
      "latency_ms": 2527.6428627967834,
      "context_chars": 2562.41
    },
    "5": {
      "n": 100,
      "em": 0.39,
      "f1": 0.5338690476190474,
      "containment": 0.47,
      "latency_ms": 2740.030915737152,
      "context_chars": 3201.5
    },
    "6": {
      "n": 100,
      "em": 0.41,
      "f1": 0.5512103174603173,
      "containment": 0.5,
      "latency_ms": 2520.6848645210266,
      "context_chars": 3841.62
    }
  }
}