{
  "shard_index": 3,
  "shard_count": 37,
  "summary": {
    "0": {
      "n": 100,
      "em": 0.37,
      "f1": 0.47073809523809507,
      "containment": 0.47,
      "latency_ms": 2179.092128276825,
      "context_chars": 0.0
    },
    "1": {
      "n": 100,
      "em": 0.32,
      "f1": 0.38498412698412693,
      "containment": 0.37,
      "latency_ms": 2249.6145009994507,
      "context_chars": 640.48
    },
    "2": {
      "n": 100,
      "em": 0.29,
      "f1": 0.3633888888888889,
      "containment": 0.35,
      "latency_ms": 2291.806809902191,
      "context_chars": 1280.18
    },
    "3": {
      "n": 100,
      "em": 0.32,
      "f1": 0.3972698412698413,
      "containment": 0.39,
      "latency_ms": 2379.3873262405396,
      "context_chars": 1925.02
    },
    "4": {
      "n": 100,
      "em": 0.33,
      "f1": 0.404984126984127,
      "containment": 0.39,
      "latency_ms": 2409.892280101776,
      "context_chars": 2567.0
    },
    "5": {
      "n": 100,
      "em": 0.34,
      "f1": 0.42698412698412697,
      "containment": 0.41,
      "latency_ms": 2436.8638110160828,
      "context_chars": 3206.21
    },
    "6": {
      "n": 100,
      "em": 0.36,
      "f1": 0.44621428571428573,
      "containment": 0.44,
      "latency_ms": 2497.2495698928833,
      "context_chars": 3845.57
    }
  }
}