{
  "shard_index": 9,
  "shard_count": 37,
  "summary": {
    "0": {
      "n": 100,
      "em": 0.36,
      "f1": 0.49846581196581186,
      "containment": 0.39,
      "latency_ms": 2113.797788619995,
      "context_chars": 0.0
    },
    "1": {
      "n": 100,
      "em": 0.31,
      "f1": 0.40137445887445883,
      "containment": 0.33,
      "latency_ms": 2535.781216621399,
      "context_chars": 635.96
    },
    "2": {
      "n": 100,
      "em": 0.35,
      "f1": 0.4516998556998557,
      "containment": 0.36,
      "latency_ms": 2624.743001461029,
      "context_chars": 1282.37
    },
    "3": {
      "n": 100,
      "em": 0.36,
      "f1": 0.4714220779220779,
      "containment": 0.37,
      "latency_ms": 2534.246289730072,
      "context_chars": 1930.18
    },
    "4": {
      "n": 100,
      "em": 0.39,
      "f1": 0.5026125541125541,
      "containment": 0.41,
      "latency_ms": 2416.5309739112854,
      "context_chars": 2571.64
    },
    "5": {
      "n": 100,
      "em": 0.38,
      "f1": 0.48388178488178485,
      "containment": 0.4,
      "latency_ms": 2604.393835067749,
      "context_chars": 3207.76
    },
    "6": {
      "n": 100,
      "em": 0.42,
      "f1": 0.5319458874458874,
      "containment": 0.43,
      "latency_ms": 2522.8115248680115,
      "context_chars": 3848.86
    }
  }
}