{
  "shard_index": 24,
  "shard_count": 37,
  "summary": {
    "0": {
      "n": 100,
      "em": 0.21,
      "f1": 0.36628571428571427,
      "containment": 0.34,
      "latency_ms": 1991.228322982788,
      "context_chars": 0.0
    },
    "1": {
      "n": 100,
      "em": 0.25,
      "f1": 0.3550822510822511,
      "containment": 0.33,
      "latency_ms": 2559.960389137268,
      "context_chars": 643.68
    },
    "2": {
      "n": 100,
      "em": 0.31,
      "f1": 0.4093693528693527,
      "containment": 0.4,
      "latency_ms": 2481.4921021461487,
      "context_chars": 1290.84
    },
    "3": {
      "n": 100,
      "em": 0.31,
      "f1": 0.40470695970695963,
      "containment": 0.4,
      "latency_ms": 2533.092155456543,
      "context_chars": 1933.85
    },
    "4": {
      "n": 100,
      "em": 0.3,
      "f1": 0.39139316239316235,
      "containment": 0.39,
      "latency_ms": 2553.8435316085815,
      "context_chars": 2577.96
    },
    "5": {
      "n": 100,
      "em": 0.31,
      "f1": 0.4136153846153845,
      "containment": 0.41,
      "latency_ms": 2499.3472599983215,
      "context_chars": 3221.39
    },
    "6": {
      "n": 100,
      "em": 0.31,
      "f1": 0.41167094017094014,
      "containment": 0.43,
      "latency_ms": 2508.085768222809,
      "context_chars": 3864.95
    }
  }
}