{
  "shard_index": 5,
  "shard_count": 37,
  "summary": {
    "0": {
      "n": 100,
      "em": 0.35,
      "f1": 0.49533333333333324,
      "containment": 0.42,
      "latency_ms": 1903.0107140541077,
      "context_chars": 0.0
    },
    "1": {
      "n": 100,
      "em": 0.31,
      "f1": 0.4113809523809524,
      "containment": 0.37,
      "latency_ms": 2024.2743563652039,
      "context_chars": 644.03
    },
    "2": {
      "n": 100,
      "em": 0.33,
      "f1": 0.4317619047619048,
      "containment": 0.39,
      "latency_ms": 2086.6725873947144,
      "context_chars": 1293.31
    },
    "3": {
      "n": 100,
      "em": 0.37,
      "f1": 0.4733333333333332,
      "containment": 0.43,
      "latency_ms": 2012.0731401443481,
      "context_chars": 1934.55
    },
    "4": {
      "n": 100,
      "em": 0.34,
      "f1": 0.4508333333333333,
      "containment": 0.41,
      "latency_ms": 2113.7107253074646,
      "context_chars": 2579.03
    },
    "5": {
      "n": 100,
      "em": 0.41,
      "f1": 0.5108333333333333,
      "containment": 0.46,
      "latency_ms": 2188.6811423301697,
      "context_chars": 3223.4
    },
    "6": {
      "n": 100,
      "em": 0.38,
      "f1": 0.486547619047619,
      "containment": 0.44,
      "latency_ms": 2209.777479171753,
      "context_chars": 3868.09
    }
  }
}