{
  "shard_index": 27,
  "shard_count": 37,
  "summary": {
    "0": {
      "n": 100,
      "em": 0.36,
      "f1": 0.4699285714285714,
      "containment": 0.38,
      "latency_ms": 2143.327419757843,
      "context_chars": 0.0
    },
    "1": {
      "n": 100,
      "em": 0.31,
      "f1": 0.38968253968253963,
      "containment": 0.33,
      "latency_ms": 2632.609851360321,
      "context_chars": 636.34
    },
    "2": {
      "n": 100,
      "em": 0.37,
      "f1": 0.46423809523809534,
      "containment": 0.39,
      "latency_ms": 2537.277479171753,
      "context_chars": 1272.82
    },
    "3": {
      "n": 100,
      "em": 0.39,
      "f1": 0.4784444444444444,
      "containment": 0.41,
      "latency_ms": 2476.4708709716797,
      "context_chars": 1908.97
    },
    "4": {
      "n": 100,
      "em": 0.39,
      "f1": 0.49236507936507934,
      "containment": 0.44,
      "latency_ms": 2581.120982170105,
      "context_chars": 2546.08
    },
    "5": {
      "n": 100,
      "em": 0.41,
      "f1": 0.4972222222222221,
      "containment": 0.44,
      "latency_ms": 2519.0079855918884,
      "context_chars": 3182.02
    },
    "6": {
      "n": 100,
      "em": 0.43,
      "f1": 0.5383333333333332,
      "containment": 0.48,
      "latency_ms": 2567.903504371643,
      "context_chars": 3816.29
    }
  }
}