{
  "shard_index": 30,
  "shard_count": 37,
  "summary": {
    "0": {
      "n": 100,
      "em": 0.41,
      "f1": 0.5468203463203463,
      "containment": 0.46,
      "latency_ms": 2219.2979979515076,
      "context_chars": 0.0
    },
    "1": {
      "n": 100,
      "em": 0.41,
      "f1": 0.509095238095238,
      "containment": 0.42,
      "latency_ms": 2164.3607354164124,
      "context_chars": 639.8
    },
    "2": {
      "n": 100,
      "em": 0.4,
      "f1": 0.5082943722943724,
      "containment": 0.41,
      "latency_ms": 2317.9995465278625,
      "context_chars": 1283.39
    },
    "3": {
      "n": 100,
      "em": 0.44,
      "f1": 0.5539047619047619,
      "containment": 0.45,
      "latency_ms": 2412.3264694213867,
      "context_chars": 1925.69
    },
    "4": {
      "n": 100,
      "em": 0.49,
      "f1": 0.6036666666666666,
      "containment": 0.52,
      "latency_ms": 2319.071192741394,
      "context_chars": 2568.9
    },
    "5": {
      "n": 100,
      "em": 0.48,
      "f1": 0.6059999999999998,
      "containment": 0.51,
      "latency_ms": 2374.008927345276,
      "context_chars": 3210.49
    },
    "6": {
      "n": 100,
      "em": 0.47,
      "f1": 0.6058095238095237,
      "containment": 0.51,
      "latency_ms": 2420.1722931861877,
      "context_chars": 3854.41
    }
  }
}