{
  "dataset": "nq_test",
  "retriever": "BM25-MonoT5",
  "rag_variant": "BM25-MonoT5_PromptB_k0to6",
  "num_examples": 3610,
  "shots": {
    "0": {
      "n": 3610,
      "em": 0.13656509695290858,
      "f1": 0.22348692187700817,
      "containment": 0.18753462603878115,
      "latency_ms": 240.81331276827572,
      "context_chars": 0.0
    },
    "1": {
      "n": 3610,
      "em": 0.24958448753462603,
      "f1": 0.3377183489563447,
      "containment": 0.29473684210526313,
      "latency_ms": 216.51456217356335,
      "context_chars": 637.5346260387812
    },
    "2": {
      "n": 3610,
      "em": 0.2853185595567867,
      "f1": 0.38739726805789,
      "containment": 0.3479224376731302,
      "latency_ms": 239.33666954410373,
      "context_chars": 1277.4872576177286
    },
    "3": {
      "n": 3610,
      "em": 0.2930747922437673,
      "f1": 0.401049754871362,
      "containment": 0.3626038781163435,
      "latency_ms": 260.5196225015741,
      "context_chars": 1918.236565096953
    },
    "4": {
      "n": 3610,
      "em": 0.30193905817174516,
      "f1": 0.4115258272335899,
      "containment": 0.3797783933518006,
      "latency_ms": 281.92646569492416,
      "context_chars": 2559.2936288088645
    },
    "5": {
      "n": 3610,
      "em": 0.3041551246537396,
      "f1": 0.4129001463325922,
      "containment": 0.38199445983379504,
      "latency_ms": 304.39359012402986,
      "context_chars": 3201.173407202216
    },
    "6": {
      "n": 3610,
      "em": 0.31163434903047094,
      "f1": 0.42179408308245514,
      "containment": 0.38725761772853184,
      "latency_ms": 317.4346666256807,
      "context_chars": 3841.0598337950137
    }
  }
}