{
  "shard_index": 9,
  "shard_count": 37,
  "summary": {
    "0": {
      "n": 100,
      "em": 0.16,
      "f1": 0.22602693114013866,
      "containment": 0.18,
      "latency_ms": 136.22214555740356,
      "context_chars": 0.0
    },
    "1": {
      "n": 100,
      "em": 0.34,
      "f1": 0.40747619047619055,
      "containment": 0.33,
      "latency_ms": 130.9879231452942,
      "context_chars": 643.63
    },
    "2": {
      "n": 100,
      "em": 0.37,
      "f1": 0.442156314699793,
      "containment": 0.39,
      "latency_ms": 165.21136045455933,
      "context_chars": 1294.54
    },
    "3": {
      "n": 100,
      "em": 0.38,
      "f1": 0.4510476190476191,
      "containment": 0.38,
      "latency_ms": 154.19010639190674,
      "context_chars": 1937.32
    },
    "4": {
      "n": 100,
      "em": 0.39,
      "f1": 0.4782462537462538,
      "containment": 0.39,
      "latency_ms": 173.573899269104,
      "context_chars": 2582.78
    },
    "5": {
      "n": 100,
      "em": 0.39,
      "f1": 0.49363708513708526,
      "containment": 0.41,
      "latency_ms": 198.6918544769287,
      "context_chars": 3226.36
    },
    "6": {
      "n": 100,
      "em": 0.41,
      "f1": 0.5004816017316018,
      "containment": 0.41,
      "latency_ms": 203.48581075668335,
      "context_chars": 3867.47
    }
  }
}