{
  "shard_index": 22,
  "shard_count": 37,
  "summary": {
    "0": {
      "n": 100,
      "em": 0.13,
      "f1": 0.16081125891652207,
      "containment": 0.17,
      "latency_ms": 140.3539752960205,
      "context_chars": 0.0
    },
    "1": {
      "n": 100,
      "em": 0.27,
      "f1": 0.3833137973137973,
      "containment": 0.37,
      "latency_ms": 94.57313060760498,
      "context_chars": 637.51
    },
    "2": {
      "n": 100,
      "em": 0.33,
      "f1": 0.4367106227106226,
      "containment": 0.42,
      "latency_ms": 103.89627456665039,
      "context_chars": 1274.95
    },
    "3": {
      "n": 100,
      "em": 0.34,
      "f1": 0.4502185592185592,
      "containment": 0.42,
      "latency_ms": 123.67250442504883,
      "context_chars": 1913.46
    },
    "4": {
      "n": 100,
      "em": 0.34,
      "f1": 0.4503296703296702,
      "containment": 0.41,
      "latency_ms": 124.30418252944946,
      "context_chars": 2554.23
    },
    "5": {
      "n": 100,
      "em": 0.33,
      "f1": 0.44453674103674096,
      "containment": 0.42,
      "latency_ms": 148.2754683494568,
      "context_chars": 3192.94
    },
    "6": {
      "n": 100,
      "em": 0.33,
      "f1": 0.4513621378621378,
      "containment": 0.43,
      "latency_ms": 153.8629698753357,
      "context_chars": 3831.88
    }
  }
}