{
  "shard_index": 6,
  "shard_count": 37,
  "summary": {
    "0": {
      "n": 100,
      "em": 0.09,
      "f1": 0.15744444444444447,
      "containment": 0.1,
      "latency_ms": 117.54991292953491,
      "context_chars": 0.0
    },
    "1": {
      "n": 100,
      "em": 0.29,
      "f1": 0.4200811761338077,
      "containment": 0.39,
      "latency_ms": 141.094069480896,
      "context_chars": 643.22
    },
    "2": {
      "n": 100,
      "em": 0.31,
      "f1": 0.4379554315080631,
      "containment": 0.42,
      "latency_ms": 174.53094959259033,
      "context_chars": 1289.93
    },
    "3": {
      "n": 100,
      "em": 0.3,
      "f1": 0.41833585478848634,
      "containment": 0.4,
      "latency_ms": 187.04749822616577,
      "context_chars": 1930.02
    },
    "4": {
      "n": 100,
      "em": 0.32,
      "f1": 0.4392624115650432,
      "containment": 0.42,
      "latency_ms": 190.28947114944458,
      "context_chars": 2580.36
    },
    "5": {
      "n": 100,
      "em": 0.31,
      "f1": 0.43210863016126166,
      "containment": 0.42,
      "latency_ms": 216.93830728530884,
      "context_chars": 3226.8
    },
    "6": {
      "n": 100,
      "em": 0.32,
      "f1": 0.43544034328244846,
      "containment": 0.4,
      "latency_ms": 226.56349420547485,
      "context_chars": 3873.23
    }
  }
}