{
  "shard_index": 18,
  "shard_count": 37,
  "summary": {
    "0": {
      "n": 100,
      "em": 0.11,
      "f1": 0.19530519480519484,
      "containment": 0.16,
      "latency_ms": 113.59529256820679,
      "context_chars": 0.0
    },
    "1": {
      "n": 100,
      "em": 0.39,
      "f1": 0.5057481962481963,
      "containment": 0.45,
      "latency_ms": 138.1040072441101,
      "context_chars": 641.11
    },
    "2": {
      "n": 100,
      "em": 0.43,
      "f1": 0.5689761904761904,
      "containment": 0.5,
      "latency_ms": 150.86013317108154,
      "context_chars": 1278.26
    },
    "3": {
      "n": 100,
      "em": 0.44,
      "f1": 0.5652157287157287,
      "containment": 0.49,
      "latency_ms": 173.20508003234863,
      "context_chars": 1919.68
    },
    "4": {
      "n": 100,
      "em": 0.43,
      "f1": 0.5536006379241674,
      "containment": 0.49,
      "latency_ms": 177.00676679611206,
      "context_chars": 2560.81
    },
    "5": {
      "n": 100,
      "em": 0.44,
      "f1": 0.5755131330657647,
      "containment": 0.49,
      "latency_ms": 201.98388814926147,
      "context_chars": 3208.51
    },
    "6": {
      "n": 100,
      "em": 0.45,
      "f1": 0.5932727272727272,
      "containment": 0.5,
      "latency_ms": 205.23366451263428,
      "context_chars": 3850.45
    }
  }
}