{
  "shard_index": 4,
  "shard_count": 37,
  "summary": {
    "0": {
      "n": 100,
      "em": 0.12,
      "f1": 0.18440997890997896,
      "containment": 0.17,
      "latency_ms": 192.61609554290771,
      "context_chars": 0.0
    },
    "1": {
      "n": 100,
      "em": 0.29,
      "f1": 0.35340223665223663,
      "containment": 0.33,
      "latency_ms": 161.39058589935303,
      "context_chars": 634.29
    },
    "2": {
      "n": 100,
      "em": 0.34,
      "f1": 0.4195152595942069,
      "containment": 0.4,
      "latency_ms": 173.37955236434937,
      "context_chars": 1276.48
    },
    "3": {
      "n": 100,
      "em": 0.35,
      "f1": 0.4255172020961494,
      "containment": 0.43,
      "latency_ms": 190.14342069625854,
      "context_chars": 1917.55
    },
    "4": {
      "n": 100,
      "em": 0.33,
      "f1": 0.42405616313511046,
      "containment": 0.41,
      "latency_ms": 208.08490991592407,
      "context_chars": 2560.54
    },
    "5": {
      "n": 100,
      "em": 0.35,
      "f1": 0.4448990979780453,
      "containment": 0.43,
      "latency_ms": 212.15912103652954,
      "context_chars": 3204.12
    },
    "6": {
      "n": 100,
      "em": 0.36,
      "f1": 0.4444474385263858,
      "containment": 0.43,
      "latency_ms": 219.30161476135254,
      "context_chars": 3844.21
    }
  }
}