{
  "shard_index": 21,
  "shard_count": 37,
  "summary": {
    "0": {
      "n": 100,
      "em": 0.1,
      "f1": 0.15479072681704262,
      "containment": 0.14,
      "latency_ms": 84.92867469787598,
      "context_chars": 0.0
    },
    "1": {
      "n": 100,
      "em": 0.26,
      "f1": 0.35050360750360743,
      "containment": 0.36,
      "latency_ms": 103.03892850875854,
      "context_chars": 632.56
    },
    "2": {
      "n": 100,
      "em": 0.27,
      "f1": 0.38870775423406995,
      "containment": 0.38,
      "latency_ms": 109.8674201965332,
      "context_chars": 1267.69
    },
    "3": {
      "n": 100,
      "em": 0.32,
      "f1": 0.44016809116809114,
      "containment": 0.43,
      "latency_ms": 127.59256839752197,
      "context_chars": 1906.76
    },
    "4": {
      "n": 100,
      "em": 0.3,
      "f1": 0.4296411366411366,
      "containment": 0.43,
      "latency_ms": 132.30167865753174,
      "context_chars": 2541.63
    },
    "5": {
      "n": 100,
      "em": 0.3,
      "f1": 0.4345358602749907,
      "containment": 0.43,
      "latency_ms": 144.65161085128784,
      "context_chars": 3175.48
    },
    "6": {
      "n": 100,
      "em": 0.31,
      "f1": 0.44485470085470086,
      "containment": 0.42,
      "latency_ms": 149.19615030288696,
      "context_chars": 3807.3
    }
  }
}