{
  "shard_index": 34,
  "shard_count": 37,
  "summary": {
    "0": {
      "n": 100,
      "em": 0.15,
      "f1": 0.19727411477411472,
      "containment": 0.18,
      "latency_ms": 148.0612325668335,
      "context_chars": 0.0
    },
    "1": {
      "n": 100,
      "em": 0.32,
      "f1": 0.4021880341880341,
      "containment": 0.37,
      "latency_ms": 175.01840114593506,
      "context_chars": 641.29
    },
    "2": {
      "n": 100,
      "em": 0.36,
      "f1": 0.4691245421245421,
      "containment": 0.4,
      "latency_ms": 178.7071943283081,
      "context_chars": 1283.5
    },
    "3": {
      "n": 100,
      "em": 0.35,
      "f1": 0.45262454212454206,
      "containment": 0.39,
      "latency_ms": 195.41980981826782,
      "context_chars": 1931.64
    },
    "4": {
      "n": 100,
      "em": 0.34,
      "f1": 0.44272960372960357,
      "containment": 0.4,
      "latency_ms": 234.99866724014282,
      "context_chars": 2575.01
    },
    "5": {
      "n": 100,
      "em": 0.36,
      "f1": 0.4750824175824174,
      "containment": 0.44,
      "latency_ms": 236.33110523223877,
      "context_chars": 3222.83
    },
    "6": {
      "n": 100,
      "em": 0.37,
      "f1": 0.4795550976800975,
      "containment": 0.46,
      "latency_ms": 260.10271072387695,
      "context_chars": 3871.56
    }
  }
}