{
  "shard_index": 28,
  "shard_count": 37,
  "summary": {
    "0": {
      "n": 100,
      "em": 0.11,
      "f1": 0.1883830409356725,
      "containment": 0.15,
      "latency_ms": 234.80231285095215,
      "context_chars": 0.0
    },
    "1": {
      "n": 100,
      "em": 0.28,
      "f1": 0.3776075577566449,
      "containment": 0.32,
      "latency_ms": 239.78864192962646,
      "context_chars": 644.73
    },
    "2": {
      "n": 100,
      "em": 0.32,
      "f1": 0.4194093489994579,
      "containment": 0.34,
      "latency_ms": 248.32139253616333,
      "context_chars": 1287.26
    },
    "3": {
      "n": 100,
      "em": 0.26,
      "f1": 0.3656922429422429,
      "containment": 0.35,
      "latency_ms": 299.15279388427734,
      "context_chars": 1935.54
    },
    "4": {
      "n": 100,
      "em": 0.32,
      "f1": 0.41652056277056276,
      "containment": 0.37,
      "latency_ms": 281.3668179512024,
      "context_chars": 2584.63
    },
    "5": {
      "n": 100,
      "em": 0.34,
      "f1": 0.4386122455975397,
      "containment": 0.39,
      "latency_ms": 326.5503239631653,
      "context_chars": 3229.73
    },
    "6": {
      "n": 100,
      "em": 0.34,
      "f1": 0.4412495527348468,
      "containment": 0.41,
      "latency_ms": 336.2103819847107,
      "context_chars": 3875.69
    }
  }
}