{
  "shard_index": 33,
  "shard_count": 37,
  "summary": {
    "0": {
      "n": 100,
      "em": 0.1,
      "f1": 0.15845454545454543,
      "containment": 0.1,
      "latency_ms": 162.631995677948,
      "context_chars": 0.0
    },
    "1": {
      "n": 100,
      "em": 0.34,
      "f1": 0.43060224089635857,
      "containment": 0.34,
      "latency_ms": 185.76525688171387,
      "context_chars": 646.55
    },
    "2": {
      "n": 100,
      "em": 0.38,
      "f1": 0.47580736910148674,
      "containment": 0.38,
      "latency_ms": 195.18839120864868,
      "context_chars": 1278.02
    },
    "3": {
      "n": 100,
      "em": 0.38,
      "f1": 0.4768352941176471,
      "containment": 0.4,
      "latency_ms": 227.43637323379517,
      "context_chars": 1921.05
    },
    "4": {
      "n": 100,
      "em": 0.35,
      "f1": 0.4645495798319328,
      "containment": 0.39,
      "latency_ms": 241.71823978424072,
      "context_chars": 2558.63
    },
    "5": {
      "n": 100,
      "em": 0.32,
      "f1": 0.42607713230219624,
      "containment": 0.34,
      "latency_ms": 254.54407691955566,
      "context_chars": 3201.02
    },
    "6": {
      "n": 100,
      "em": 0.33,
      "f1": 0.44056022408963585,
      "containment": 0.37,
      "latency_ms": 262.8733563423157,
      "context_chars": 3841.47
    }
  }
}