{
  "shard_index": 26,
  "shard_count": 37,
  "summary": {
    "0": {
      "n": 100,
      "em": 0.08,
      "f1": 0.15183333333333335,
      "containment": 0.11,
      "latency_ms": 137.70346403121948,
      "context_chars": 0.0
    },
    "1": {
      "n": 100,
      "em": 0.28,
      "f1": 0.3819704184704185,
      "containment": 0.35,
      "latency_ms": 182.1284008026123,
      "context_chars": 643.5
    },
    "2": {
      "n": 100,
      "em": 0.29,
      "f1": 0.40370090054872654,
      "containment": 0.39,
      "latency_ms": 188.72159004211426,
      "context_chars": 1290.15
    },
    "3": {
      "n": 100,
      "em": 0.31,
      "f1": 0.4292360496101915,
      "containment": 0.4,
      "latency_ms": 215.11439085006714,
      "context_chars": 1937.1
    },
    "4": {
      "n": 100,
      "em": 0.33,
      "f1": 0.46108468343250947,
      "containment": 0.43,
      "latency_ms": 212.74832725524902,
      "context_chars": 2587.29
    },
    "5": {
      "n": 100,
      "em": 0.34,
      "f1": 0.45941013575796186,
      "containment": 0.42,
      "latency_ms": 248.17896127700806,
      "context_chars": 3232.94
    },
    "6": {
      "n": 100,
      "em": 0.35,
      "f1": 0.4844080919080919,
      "containment": 0.44,
      "latency_ms": 226.60155773162842,
      "context_chars": 3872.85
    }
  }
}