{
  "shard_index": 31,
  "shard_count": 37,
  "summary": {
    "0": {
      "n": 100,
      "em": 0.12,
      "f1": 0.17459969442322387,
      "containment": 0.14,
      "latency_ms": 165.64221620559692,
      "context_chars": 0.0
    },
    "1": {
      "n": 100,
      "em": 0.28,
      "f1": 0.38670214752567694,
      "containment": 0.31,
      "latency_ms": 171.62604570388794,
      "context_chars": 649.07
    },
    "2": {
      "n": 100,
      "em": 0.29,
      "f1": 0.41040903540903534,
      "containment": 0.34,
      "latency_ms": 190.38842678070068,
      "context_chars": 1289.9
    },
    "3": {
      "n": 100,
      "em": 0.36,
      "f1": 0.47298046398046395,
      "containment": 0.38,
      "latency_ms": 206.35029554367065,
      "context_chars": 1931.04
    },
    "4": {
      "n": 100,
      "em": 0.32,
      "f1": 0.4444047619047618,
      "containment": 0.36,
      "latency_ms": 214.45363998413086,
      "context_chars": 2575.47
    },
    "5": {
      "n": 100,
      "em": 0.34,
      "f1": 0.4532026862026861,
      "containment": 0.37,
      "latency_ms": 232.69241333007812,
      "context_chars": 3214.74
    },
    "6": {
      "n": 100,
      "em": 0.33,
      "f1": 0.4465836385836386,
      "containment": 0.37,
      "latency_ms": 230.81798315048218,
      "context_chars": 3854.42
    }
  }
}