{
  "shard_index": 17,
  "shard_count": 37,
  "summary": {
    "0": {
      "n": 100,
      "em": 0.12,
      "f1": 0.18103135100193923,
      "containment": 0.15,
      "latency_ms": 215.45382261276245,
      "context_chars": 0.0
    },
    "1": {
      "n": 100,
      "em": 0.37,
      "f1": 0.4464891395154553,
      "containment": 0.38,
      "latency_ms": 143.49695682525635,
      "context_chars": 645.65
    },
    "2": {
      "n": 100,
      "em": 0.4,
      "f1": 0.4663647327465666,
      "containment": 0.43,
      "latency_ms": 204.97257709503174,
      "context_chars": 1295.62
    },
    "3": {
      "n": 100,
      "em": 0.41,
      "f1": 0.4778219141969142,
      "containment": 0.41,
      "latency_ms": 170.68945169448853,
      "context_chars": 1936.77
    },
    "4": {
      "n": 100,
      "em": 0.39,
      "f1": 0.454839420010259,
      "containment": 0.41,
      "latency_ms": 211.34947538375854,
      "context_chars": 2585.69
    },
    "5": {
      "n": 100,
      "em": 0.38,
      "f1": 0.46452195952195957,
      "containment": 0.44,
      "latency_ms": 229.20692682266235,
      "context_chars": 3234.97
    },
    "6": {
      "n": 100,
      "em": 0.37,
      "f1": 0.4486036214992737,
      "containment": 0.4,
      "latency_ms": 239.5173215866089,
      "context_chars": 3884.19
    }
  }
}