{
  "shard_index": 24,
  "shard_count": 37,
  "summary": {
    "0": {
      "n": 100,
      "em": 0.08,
      "f1": 0.12755555555555553,
      "containment": 0.12,
      "latency_ms": 73.27933549880981,
      "context_chars": 0.0
    },
    "1": {
      "n": 100,
      "em": 0.22,
      "f1": 0.3052928737928738,
      "containment": 0.32,
      "latency_ms": 104.47776556015015,
      "context_chars": 641.7
    },
    "2": {
      "n": 100,
      "em": 0.29,
      "f1": 0.39609875212506795,
      "containment": 0.39,
      "latency_ms": 115.48383951187134,
      "context_chars": 1289.95
    },
    "3": {
      "n": 100,
      "em": 0.31,
      "f1": 0.40136131684407544,
      "containment": 0.41,
      "latency_ms": 131.68500423431396,
      "context_chars": 1936.04
    },
    "4": {
      "n": 100,
      "em": 0.31,
      "f1": 0.3917592860356018,
      "containment": 0.4,
      "latency_ms": 138.0448579788208,
      "context_chars": 2580.93
    },
    "5": {
      "n": 100,
      "em": 0.32,
      "f1": 0.4076164288927447,
      "containment": 0.42,
      "latency_ms": 150.7052206993103,
      "context_chars": 3219.77
    },
    "6": {
      "n": 100,
      "em": 0.33,
      "f1": 0.41974400599400596,
      "containment": 0.42,
      "latency_ms": 167.2412633895874,
      "context_chars": 3867.12
    }
  }
}