{
  "shard_index": 13,
  "shard_count": 37,
  "summary": {
    "0": {
      "n": 100,
      "em": 0.09,
      "f1": 0.1835434173669468,
      "containment": 0.17,
      "latency_ms": 126.33826971054077,
      "context_chars": 0.0
    },
    "1": {
      "n": 100,
      "em": 0.29,
      "f1": 0.39381818181818173,
      "containment": 0.33,
      "latency_ms": 129.45188999176025,
      "context_chars": 636.81
    },
    "2": {
      "n": 100,
      "em": 0.3,
      "f1": 0.412345238095238,
      "containment": 0.4,
      "latency_ms": 149.85108852386475,
      "context_chars": 1273.18
    },
    "3": {
      "n": 100,
      "em": 0.27,
      "f1": 0.4300238095238095,
      "containment": 0.4,
      "latency_ms": 172.11363315582275,
      "context_chars": 1910.71
    },
    "4": {
      "n": 100,
      "em": 0.2,
      "f1": 0.35983766233766235,
      "containment": 0.33,
      "latency_ms": 187.9633927345276,
      "context_chars": 2550.47
    },
    "5": {
      "n": 100,
      "em": 0.24,
      "f1": 0.38798953823953825,
      "containment": 0.36,
      "latency_ms": 197.20807552337646,
      "context_chars": 3190.72
    },
    "6": {
      "n": 100,
      "em": 0.23,
      "f1": 0.38074633699633703,
      "containment": 0.34,
      "latency_ms": 210.34118175506592,
      "context_chars": 3828.12
    }
  }
}