{
  "shard_index": 27,
  "shard_count": 37,
  "summary": {
    "0": {
      "n": 100,
      "em": 0.19,
      "f1": 0.22637373737373737,
      "containment": 0.2,
      "latency_ms": 199.2314648628235,
      "context_chars": 0.0
    },
    "1": {
      "n": 100,
      "em": 0.31,
      "f1": 0.3898412698412697,
      "containment": 0.35,
      "latency_ms": 180.60630321502686,
      "context_chars": 639.9
    },
    "2": {
      "n": 100,
      "em": 0.32,
      "f1": 0.4023427128427128,
      "containment": 0.34,
      "latency_ms": 189.99534845352173,
      "context_chars": 1280.01
    },
    "3": {
      "n": 100,
      "em": 0.29,
      "f1": 0.40029782790309104,
      "containment": 0.35,
      "latency_ms": 206.18112564086914,
      "context_chars": 1918.85
    },
    "4": {
      "n": 100,
      "em": 0.29,
      "f1": 0.40577401837928156,
      "containment": 0.34,
      "latency_ms": 221.8796181678772,
      "context_chars": 2554.27
    },
    "5": {
      "n": 100,
      "em": 0.32,
      "f1": 0.42673189383715704,
      "containment": 0.37,
      "latency_ms": 230.556960105896,
      "context_chars": 3196.35
    },
    "6": {
      "n": 100,
      "em": 0.31,
      "f1": 0.4132460463513095,
      "containment": 0.38,
      "latency_ms": 241.38110399246216,
      "context_chars": 3833.87
    }
  }
}