{
  "shard_index": 0,
  "shard_count": 37,
  "summary": {
    "0": {
      "n": 100,
      "em": 0.11,
      "f1": 0.19107936507936507,
      "containment": 0.16,
      "latency_ms": 2480.490152835846,
      "context_chars": 0.0
    },
    "1": {
      "n": 100,
      "em": 0.29,
      "f1": 0.4173011204481793,
      "containment": 0.36,
      "latency_ms": 3498.9175128936768,
      "context_chars": 637.31
    },
    "2": {
      "n": 100,
      "em": 0.3,
      "f1": 0.4202552580979691,
      "containment": 0.36,
      "latency_ms": 4144.744758605957,
      "context_chars": 1280.41
    },
    "3": {
      "n": 100,
      "em": 0.27,
      "f1": 0.4172605469267874,
      "containment": 0.39,
      "latency_ms": 5678.34698677063,
      "context_chars": 1919.39
    },
    "4": {
      "n": 100,
      "em": 0.28,
      "f1": 0.4247888549359138,
      "containment": 0.39,
      "latency_ms": 6310.552198886871,
      "context_chars": 2559.02
    },
    "5": {
      "n": 100,
      "em": 0.29,
      "f1": 0.43657415151068407,
      "containment": 0.4,
      "latency_ms": 6656.579656600952,
      "context_chars": 3198.34
    },
    "6": {
      "n": 100,
      "em": 0.3,
      "f1": 0.43674624841962306,
      "containment": 0.4,
      "latency_ms": 7418.522081375122,
      "context_chars": 3838.82
    }
  }
}