{
  "shard_index": 36,
  "shard_count": 37,
  "summary": {
    "0": {
      "n": 10,
      "em": 0.2,
      "f1": 0.32666666666666666,
      "containment": 0.3,
      "latency_ms": 164.05198574066162,
      "context_chars": 0.0
    },
    "1": {
      "n": 10,
      "em": 0.4,
      "f1": 0.5766666666666667,
      "containment": 0.6,
      "latency_ms": 167.79212951660156,
      "context_chars": 630.7
    },
    "2": {
      "n": 10,
      "em": 0.2,
      "f1": 0.4583333333333333,
      "containment": 0.6,
      "latency_ms": 249.53675270080566,
      "context_chars": 1272.6
    },
    "3": {
      "n": 10,
      "em": 0.3,
      "f1": 0.5555555555555556,
      "containment": 0.7,
      "latency_ms": 178.99081707000732,
      "context_chars": 1928.4
    },
    "4": {
      "n": 10,
      "em": 0.4,
      "f1": 0.5666666666666667,
      "containment": 0.6,
      "latency_ms": 180.13899326324463,
      "context_chars": 2590.2
    },
    "5": {
      "n": 10,
      "em": 0.4,
      "f1": 0.6455555555555555,
      "containment": 0.7,
      "latency_ms": 196.08447551727295,
      "context_chars": 3225.6
    },
    "6": {
      "n": 10,
      "em": 0.3,
      "f1": 0.5038888888888888,
      "containment": 0.7,
      "latency_ms": 285.3144884109497,
      "context_chars": 3873.8
    }
  }
}