{
  "shard_index": 29,
  "shard_count": 37,
  "summary": {
    "0": {
      "n": 100,
      "em": 0.11,
      "f1": 0.182335696561503,
      "containment": 0.17,
      "latency_ms": 152.9120373725891,
      "context_chars": 0.0
    },
    "1": {
      "n": 100,
      "em": 0.34,
      "f1": 0.45160668760668754,
      "containment": 0.38,
      "latency_ms": 186.57517910003662,
      "context_chars": 648.26
    },
    "2": {
      "n": 100,
      "em": 0.37,
      "f1": 0.49124190188896066,
      "containment": 0.44,
      "latency_ms": 201.79107904434204,
      "context_chars": 1297.69
    },
    "3": {
      "n": 100,
      "em": 0.37,
      "f1": 0.48135301300007177,
      "containment": 0.43,
      "latency_ms": 226.65950536727905,
      "context_chars": 1935.2
    },
    "4": {
      "n": 100,
      "em": 0.36,
      "f1": 0.4826704733175321,
      "containment": 0.43,
      "latency_ms": 224.00808334350586,
      "context_chars": 2580.61
    },
    "5": {
      "n": 100,
      "em": 0.34,
      "f1": 0.46613944878650765,
      "containment": 0.42,
      "latency_ms": 249.11540031433105,
      "context_chars": 3229.55
    },
    "6": {
      "n": 100,
      "em": 0.35,
      "f1": 0.4826361630332218,
      "containment": 0.45,
      "latency_ms": 247.71090507507324,
      "context_chars": 3879.37
    }
  }
}