{
  "shard_index": 19,
  "shard_count": 37,
  "summary": {
    "0": {
      "n": 100,
      "em": 0.08,
      "f1": 0.1603956043956044,
      "containment": 0.15,
      "latency_ms": 115.73400497436523,
      "context_chars": 0.0
    },
    "1": {
      "n": 100,
      "em": 0.33,
      "f1": 0.46915597147950067,
      "containment": 0.41,
      "latency_ms": 111.54998779296875,
      "context_chars": 635.3
    },
    "2": {
      "n": 100,
      "em": 0.32,
      "f1": 0.4495505382653719,
      "containment": 0.41,
      "latency_ms": 124.32222604751587,
      "context_chars": 1275.79
    },
    "3": {
      "n": 100,
      "em": 0.34,
      "f1": 0.47769196089502974,
      "containment": 0.43,
      "latency_ms": 163.3986735343933,
      "context_chars": 1916.73
    },
    "4": {
      "n": 100,
      "em": 0.36,
      "f1": 0.47386537818296526,
      "containment": 0.42,
      "latency_ms": 157.7238416671753,
      "context_chars": 2552.12
    },
    "5": {
      "n": 100,
      "em": 0.34,
      "f1": 0.45285133257547044,
      "containment": 0.42,
      "latency_ms": 188.03138732910156,
      "context_chars": 3190.95
    },
    "6": {
      "n": 100,
      "em": 0.31,
      "f1": 0.42569758830361415,
      "containment": 0.39,
      "latency_ms": 192.73837566375732,
      "context_chars": 3824.86
    }
  }
}