{
  "shard_index": 7,
  "shard_count": 37,
  "summary": {
    "0": {
      "n": 100,
      "em": 0.13,
      "f1": 0.19818474946106526,
      "containment": 0.18,
      "latency_ms": 137.26240158081055,
      "context_chars": 0.0
    },
    "1": {
      "n": 100,
      "em": 0.3,
      "f1": 0.41014713064713054,
      "containment": 0.36,
      "latency_ms": 142.7952003479004,
      "context_chars": 640.44
    },
    "2": {
      "n": 100,
      "em": 0.26,
      "f1": 0.37648630695070323,
      "containment": 0.34,
      "latency_ms": 168.7926745414734,
      "context_chars": 1281.79
    },
    "3": {
      "n": 100,
      "em": 0.26,
      "f1": 0.3844121559554995,
      "containment": 0.33,
      "latency_ms": 183.19292783737183,
      "context_chars": 1925.8
    },
    "4": {
      "n": 100,
      "em": 0.24,
      "f1": 0.357590870198287,
      "containment": 0.32,
      "latency_ms": 206.26067876815796,
      "context_chars": 2571.64
    },
    "5": {
      "n": 100,
      "em": 0.25,
      "f1": 0.37073684994952993,
      "containment": 0.34,
      "latency_ms": 222.37594604492188,
      "context_chars": 3215.88
    },
    "6": {
      "n": 100,
      "em": 0.25,
      "f1": 0.3670117853942022,
      "containment": 0.33,
      "latency_ms": 226.9440793991089,
      "context_chars": 3858.34
    }
  }
}