{
  "shard_index": 14,
  "shard_count": 37,
  "summary": {
    "0": {
      "n": 100,
      "em": 0.14,
      "f1": 0.2036507936507936,
      "containment": 0.15,
      "latency_ms": 113.95225048065186,
      "context_chars": 0.0
    },
    "1": {
      "n": 100,
      "em": 0.33,
      "f1": 0.44458241758241757,
      "containment": 0.4,
      "latency_ms": 160.7177758216858,
      "context_chars": 650.72
    },
    "2": {
      "n": 100,
      "em": 0.36,
      "f1": 0.4645246595509753,
      "containment": 0.41,
      "latency_ms": 156.9330334663391,
      "context_chars": 1296.53
    },
    "3": {
      "n": 100,
      "em": 0.32,
      "f1": 0.4234440167675462,
      "containment": 0.38,
      "latency_ms": 175.06683349609375,
      "context_chars": 1945.26
    },
    "4": {
      "n": 100,
      "em": 0.33,
      "f1": 0.4624806468041761,
      "containment": 0.39,
      "latency_ms": 168.70421409606934,
      "context_chars": 2592.88
    },
    "5": {
      "n": 100,
      "em": 0.32,
      "f1": 0.44093302775655707,
      "containment": 0.38,
      "latency_ms": 182.31621265411377,
      "context_chars": 3233.99
    },
    "6": {
      "n": 100,
      "em": 0.35,
      "f1": 0.48002165842413513,
      "containment": 0.41,
      "latency_ms": 193.89408588409424,
      "context_chars": 3877.56
    }
  }
}