{
  "shard_index": 16,
  "shard_count": 37,
  "summary": {
    "0": {
      "n": 100,
      "em": 0.13,
      "f1": 0.18908333333333335,
      "containment": 0.17,
      "latency_ms": 160.16833066940308,
      "context_chars": 0.0
    },
    "1": {
      "n": 100,
      "em": 0.29,
      "f1": 0.3776298701298701,
      "containment": 0.32,
      "latency_ms": 136.29764318466187,
      "context_chars": 640.05
    },
    "2": {
      "n": 100,
      "em": 0.26,
      "f1": 0.3711147186147186,
      "containment": 0.3,
      "latency_ms": 159.70072031021118,
      "context_chars": 1283.26
    },
    "3": {
      "n": 100,
      "em": 0.29,
      "f1": 0.3954233511586452,
      "containment": 0.34,
      "latency_ms": 179.78829383850098,
      "context_chars": 1920.65
    },
    "4": {
      "n": 100,
      "em": 0.28,
      "f1": 0.3976436308789249,
      "containment": 0.34,
      "latency_ms": 194.46884632110596,
      "context_chars": 2567.39
    },
    "5": {
      "n": 100,
      "em": 0.28,
      "f1": 0.4043663755671869,
      "containment": 0.35,
      "latency_ms": 209.02921676635742,
      "context_chars": 3208.89
    },
    "6": {
      "n": 100,
      "em": 0.28,
      "f1": 0.4143321645674586,
      "containment": 0.36,
      "latency_ms": 219.44457530975342,
      "context_chars": 3854.42
    }
  }
}