{
  "shard_index": 2,
  "shard_count": 37,
  "summary": {
    "0": {
      "n": 100,
      "em": 0.09,
      "f1": 0.15471031746031746,
      "containment": 0.14,
      "latency_ms": 3052.102394104004,
      "context_chars": 0.0
    },
    "1": {
      "n": 100,
      "em": 0.26,
      "f1": 0.3601457431457431,
      "containment": 0.32,
      "latency_ms": 3899.495165348053,
      "context_chars": 637.53
    },
    "2": {
      "n": 100,
      "em": 0.28,
      "f1": 0.3556848438300051,
      "containment": 0.35,
      "latency_ms": 5368.185787200928,
      "context_chars": 1272.56
    },
    "3": {
      "n": 100,
      "em": 0.26,
      "f1": 0.3502686202686202,
      "containment": 0.31,
      "latency_ms": 6270.85175037384,
      "context_chars": 1911.18
    },
    "4": {
      "n": 100,
      "em": 0.29,
      "f1": 0.3906257631257632,
      "containment": 0.35,
      "latency_ms": 5866.970746517181,
      "context_chars": 2550.09
    },
    "5": {
      "n": 100,
      "em": 0.27,
      "f1": 0.377531746031746,
      "containment": 0.36,
      "latency_ms": 7404.627885818481,
      "context_chars": 3197.38
    },
    "6": {
      "n": 100,
      "em": 0.29,
      "f1": 0.40142063492063484,
      "containment": 0.37,
      "latency_ms": 8420.512564182281,
      "context_chars": 3835.46
    }
  }
}