{
  "shard_index": 10,
  "shard_count": 37,
  "summary": {
    "0": {
      "n": 100,
      "em": 0.09,
      "f1": 0.14108333333333334,
      "containment": 0.09,
      "latency_ms": 122.68316268920898,
      "context_chars": 0.0
    },
    "1": {
      "n": 100,
      "em": 0.46,
      "f1": 0.5302298052824368,
      "containment": 0.48,
      "latency_ms": 142.84464597702026,
      "context_chars": 637.23
    },
    "2": {
      "n": 100,
      "em": 0.43,
      "f1": 0.5239010989010988,
      "containment": 0.46,
      "latency_ms": 150.41326522827148,
      "context_chars": 1279.34
    },
    "3": {
      "n": 100,
      "em": 0.45,
      "f1": 0.5379374514374514,
      "containment": 0.49,
      "latency_ms": 170.46829462051392,
      "context_chars": 1924.61
    },
    "4": {
      "n": 100,
      "em": 0.42,
      "f1": 0.5052945942945943,
      "containment": 0.46,
      "latency_ms": 169.78945970535278,
      "context_chars": 2562.25
    },
    "5": {
      "n": 100,
      "em": 0.39,
      "f1": 0.48100888000888,
      "containment": 0.45,
      "latency_ms": 185.80302000045776,
      "context_chars": 3194.78
    },
    "6": {
      "n": 100,
      "em": 0.39,
      "f1": 0.49247041847041845,
      "containment": 0.45,
      "latency_ms": 200.84701299667358,
      "context_chars": 3836.42
    }
  }
}