{
  "shard_index": 32,
  "shard_count": 37,
  "summary": {
    "0": {
      "n": 100,
      "em": 0.11,
      "f1": 0.18760737812911724,
      "containment": 0.16,
      "latency_ms": 153.77948999404907,
      "context_chars": 0.0
    },
    "1": {
      "n": 100,
      "em": 0.27,
      "f1": 0.3972681893270128,
      "containment": 0.33,
      "latency_ms": 180.78099250793457,
      "context_chars": 634.73
    },
    "2": {
      "n": 100,
      "em": 0.33,
      "f1": 0.491844430079724,
      "containment": 0.41,
      "latency_ms": 177.61634826660156,
      "context_chars": 1278.39
    },
    "3": {
      "n": 100,
      "em": 0.32,
      "f1": 0.4581204481792715,
      "containment": 0.38,
      "latency_ms": 193.2959246635437,
      "context_chars": 1918.44
    },
    "4": {
      "n": 100,
      "em": 0.32,
      "f1": 0.45839521263050664,
      "containment": 0.41,
      "latency_ms": 223.4536838531494,
      "context_chars": 2565.2
    },
    "5": {
      "n": 100,
      "em": 0.3,
      "f1": 0.4520532212885153,
      "containment": 0.37,
      "latency_ms": 225.7125449180603,
      "context_chars": 3209.69
    },
    "6": {
      "n": 100,
      "em": 0.27,
      "f1": 0.42271249318057824,
      "containment": 0.36,
      "latency_ms": 245.5346965789795,
      "context_chars": 3849.89
    }
  }
}