{
  "shard_index": 35,
  "shard_count": 37,
  "summary": {
    "0": {
      "n": 100,
      "em": 0.14,
      "f1": 0.19629166666666667,
      "containment": 0.17,
      "latency_ms": 168.7813687324524,
      "context_chars": 0.0
    },
    "1": {
      "n": 100,
      "em": 0.32,
      "f1": 0.4069329004329005,
      "containment": 0.35,
      "latency_ms": 197.63545751571655,
      "context_chars": 640.78
    },
    "2": {
      "n": 100,
      "em": 0.31,
      "f1": 0.41927922077922075,
      "containment": 0.4,
      "latency_ms": 194.34215307235718,
      "context_chars": 1286.93
    },
    "3": {
      "n": 100,
      "em": 0.32,
      "f1": 0.4293116883116883,
      "containment": 0.4,
      "latency_ms": 256.3280153274536,
      "context_chars": 1939.26
    },
    "4": {
      "n": 100,
      "em": 0.31,
      "f1": 0.40734920634920635,
      "containment": 0.38,
      "latency_ms": 261.18380546569824,
      "context_chars": 2581.46
    },
    "5": {
      "n": 100,
      "em": 0.31,
      "f1": 0.43933405483405497,
      "containment": 0.41,
      "latency_ms": 277.49582290649414,
      "context_chars": 3223.48
    },
    "6": {
      "n": 100,
      "em": 0.3,
      "f1": 0.4282222222222222,
      "containment": 0.41,
      "latency_ms": 258.4203052520752,
      "context_chars": 3867.95
    }
  }
}