{
  "shard_index": 1,
  "shard_count": 37,
  "summary": {
    "0": {
      "n": 100,
      "em": 0.06,
      "f1": 0.11729914529914529,
      "containment": 0.07,
      "latency_ms": 2817.703607082367,
      "context_chars": 0.0
    },
    "1": {
      "n": 100,
      "em": 0.3,
      "f1": 0.43671480331262935,
      "containment": 0.38,
      "latency_ms": 3709.184503555298,
      "context_chars": 639.8
    },
    "2": {
      "n": 100,
      "em": 0.32,
      "f1": 0.4623690476190476,
      "containment": 0.41,
      "latency_ms": 4340.976102352142,
      "context_chars": 1278.65
    },
    "3": {
      "n": 100,
      "em": 0.32,
      "f1": 0.4829880952380951,
      "containment": 0.44,
      "latency_ms": 5436.984927654266,
      "context_chars": 1919.82
    },
    "4": {
      "n": 100,
      "em": 0.32,
      "f1": 0.4812824120324119,
      "containment": 0.43,
      "latency_ms": 6054.092280864716,
      "context_chars": 2558.65
    },
    "5": {
      "n": 100,
      "em": 0.33,
      "f1": 0.4701735657063243,
      "containment": 0.43,
      "latency_ms": 8419.078938961029,
      "context_chars": 3203.88
    },
    "6": {
      "n": 100,
      "em": 0.33,
      "f1": 0.4801749084249083,
      "containment": 0.44,
      "latency_ms": 8401.462483406067,
      "context_chars": 3846.56
    }
  }
}