{
  "shard_index": 15,
  "shard_count": 37,
  "summary": {
    "0": {
      "n": 100,
      "em": 0.1,
      "f1": 0.18986111111111106,
      "containment": 0.16,
      "latency_ms": 122.28539705276489,
      "context_chars": 0.0
    },
    "1": {
      "n": 100,
      "em": 0.21,
      "f1": 0.3285952380952382,
      "containment": 0.27,
      "latency_ms": 156.60264492034912,
      "context_chars": 642.58
    },
    "2": {
      "n": 100,
      "em": 0.27,
      "f1": 0.3801626984126984,
      "containment": 0.33,
      "latency_ms": 165.5231809616089,
      "context_chars": 1280.84
    },
    "3": {
      "n": 100,
      "em": 0.27,
      "f1": 0.3705994283494284,
      "containment": 0.3,
      "latency_ms": 172.0076560974121,
      "context_chars": 1923.98
    },
    "4": {
      "n": 100,
      "em": 0.28,
      "f1": 0.3764007936507936,
      "containment": 0.34,
      "latency_ms": 184.73299026489258,
      "context_chars": 2561.41
    },
    "5": {
      "n": 100,
      "em": 0.27,
      "f1": 0.3695499452654624,
      "containment": 0.35,
      "latency_ms": 223.38922262191772,
      "context_chars": 3205.05
    },
    "6": {
      "n": 100,
      "em": 0.27,
      "f1": 0.37094365079365077,
      "containment": 0.34,
      "latency_ms": 236.72306776046753,
      "context_chars": 3848.63
    }
  }
}