{
  "shard_index": 8,
  "shard_count": 37,
  "summary": {
    "0": {
      "n": 100,
      "em": 0.18,
      "f1": 0.23336996336996335,
      "containment": 0.22,
      "latency_ms": 142.41117238998413,
      "context_chars": 0.0
    },
    "1": {
      "n": 100,
      "em": 0.23,
      "f1": 0.33692857142857136,
      "containment": 0.27,
      "latency_ms": 141.14007711410522,
      "context_chars": 639.39
    },
    "2": {
      "n": 100,
      "em": 0.23,
      "f1": 0.337096681096681,
      "containment": 0.3,
      "latency_ms": 160.04386186599731,
      "context_chars": 1288.53
    },
    "3": {
      "n": 100,
      "em": 0.23,
      "f1": 0.3522130647130646,
      "containment": 0.34,
      "latency_ms": 184.45671558380127,
      "context_chars": 1932.9
    },
    "4": {
      "n": 100,
      "em": 0.21,
      "f1": 0.34365895215895215,
      "containment": 0.3,
      "latency_ms": 198.65734338760376,
      "context_chars": 2575.3
    },
    "5": {
      "n": 100,
      "em": 0.25,
      "f1": 0.3781911226028872,
      "containment": 0.34,
      "latency_ms": 201.5653157234192,
      "context_chars": 3218.01
    },
    "6": {
      "n": 100,
      "em": 0.23,
      "f1": 0.35543280330780325,
      "containment": 0.31,
      "latency_ms": 219.31370496749878,
      "context_chars": 3859.39
    }
  }
}