{
  "shard_index": 5,
  "shard_count": 37,
  "summary": {
    "0": {
      "n": 100,
      "em": 0.14,
      "f1": 0.2312857142857143,
      "containment": 0.19,
      "latency_ms": 120.09663343429565,
      "context_chars": 0.0
    },
    "1": {
      "n": 100,
      "em": 0.34,
      "f1": 0.4402023809523809,
      "containment": 0.39,
      "latency_ms": 143.8107681274414,
      "context_chars": 646.2
    },
    "2": {
      "n": 100,
      "em": 0.33,
      "f1": 0.45800976800976806,
      "containment": 0.43,
      "latency_ms": 138.14101696014404,
      "context_chars": 1290.95
    },
    "3": {
      "n": 100,
      "em": 0.35,
      "f1": 0.47736263736263745,
      "containment": 0.44,
      "latency_ms": 157.40687131881714,
      "context_chars": 1942.94
    },
    "4": {
      "n": 100,
      "em": 0.33,
      "f1": 0.4697675070028011,
      "containment": 0.43,
      "latency_ms": 160.28759479522705,
      "context_chars": 2586.5
    },
    "5": {
      "n": 100,
      "em": 0.35,
      "f1": 0.46047228176020755,
      "containment": 0.44,
      "latency_ms": 191.78001165390015,
      "context_chars": 3235.07
    },
    "6": {
      "n": 100,
      "em": 0.37,
      "f1": 0.48496800825593395,
      "containment": 0.45,
      "latency_ms": 212.218918800354,
      "context_chars": 3887.8
    }
  }
}