{
  "shard_index": 11,
  "shard_count": 37,
  "summary": {
    "0": {
      "n": 100,
      "em": 0.16,
      "f1": 0.21453968253968253,
      "containment": 0.18,
      "latency_ms": 117.01119899749756,
      "context_chars": 0.0
    },
    "1": {
      "n": 100,
      "em": 0.41,
      "f1": 0.4812614379084967,
      "containment": 0.49,
      "latency_ms": 139.7122621536255,
      "context_chars": 637.41
    },
    "2": {
      "n": 100,
      "em": 0.39,
      "f1": 0.4728238950591891,
      "containment": 0.5,
      "latency_ms": 158.49114179611206,
      "context_chars": 1278.04
    },
    "3": {
      "n": 100,
      "em": 0.42,
      "f1": 0.5166089988442928,
      "containment": 0.52,
      "latency_ms": 170.33998727798462,
      "context_chars": 1920.28
    },
    "4": {
      "n": 100,
      "em": 0.41,
      "f1": 0.49498201471730874,
      "containment": 0.49,
      "latency_ms": 182.51291513442993,
      "context_chars": 2559.68
    },
    "5": {
      "n": 100,
      "em": 0.38,
      "f1": 0.4785517403133501,
      "containment": 0.5,
      "latency_ms": 207.49553680419922,
      "context_chars": 3205.69
    },
    "6": {
      "n": 100,
      "em": 0.37,
      "f1": 0.4689396681749622,
      "containment": 0.48,
      "latency_ms": 220.07413387298584,
      "context_chars": 3841.59
    }
  }
}