{
  "shard_index": 30,
  "shard_count": 37,
  "summary": {
    "0": {
      "n": 100,
      "em": 0.1,
      "f1": 0.16460317460317458,
      "containment": 0.14,
      "latency_ms": 139.67536211013794,
      "context_chars": 0.0
    },
    "1": {
      "n": 100,
      "em": 0.42,
      "f1": 0.5150952380952379,
      "containment": 0.42,
      "latency_ms": 174.50040578842163,
      "context_chars": 646.69
    },
    "2": {
      "n": 100,
      "em": 0.45,
      "f1": 0.5566277056277055,
      "containment": 0.48,
      "latency_ms": 180.30494213104248,
      "context_chars": 1290.74
    },
    "3": {
      "n": 100,
      "em": 0.46,
      "f1": 0.5717133699633699,
      "containment": 0.53,
      "latency_ms": 203.63168239593506,
      "context_chars": 1938.51
    },
    "4": {
      "n": 100,
      "em": 0.48,
      "f1": 0.5734230740020213,
      "containment": 0.55,
      "latency_ms": 215.18116235733032,
      "context_chars": 2578.89
    },
    "5": {
      "n": 100,
      "em": 0.49,
      "f1": 0.5997353757353756,
      "containment": 0.56,
      "latency_ms": 234.97204542160034,
      "context_chars": 3228.07
    },
    "6": {
      "n": 100,
      "em": 0.47,
      "f1": 0.5674415537133588,
      "containment": 0.53,
      "latency_ms": 246.5295124053955,
      "context_chars": 3870.42
    }
  }
}