{
  "shard_index": 20,
  "shard_count": 37,
  "summary": {
    "0": {
      "n": 100,
      "em": 0.15,
      "f1": 0.19649999999999998,
      "containment": 0.17,
      "latency_ms": 77.76310205459595,
      "context_chars": 0.0
    },
    "1": {
      "n": 100,
      "em": 0.37,
      "f1": 0.42400932400932406,
      "containment": 0.37,
      "latency_ms": 92.1451735496521,
      "context_chars": 642.0
    },
    "2": {
      "n": 100,
      "em": 0.37,
      "f1": 0.44160714285714286,
      "containment": 0.39,
      "latency_ms": 103.01137924194336,
      "context_chars": 1283.23
    },
    "3": {
      "n": 100,
      "em": 0.32,
      "f1": 0.41013708513708513,
      "containment": 0.35,
      "latency_ms": 118.53540658950806,
      "context_chars": 1928.08
    },
    "4": {
      "n": 100,
      "em": 0.32,
      "f1": 0.40475757575757576,
      "containment": 0.37,
      "latency_ms": 128.205406665802,
      "context_chars": 2570.77
    },
    "5": {
      "n": 100,
      "em": 0.33,
      "f1": 0.40994937469937476,
      "containment": 0.38,
      "latency_ms": 147.55898714065552,
      "context_chars": 3218.26
    },
    "6": {
      "n": 100,
      "em": 0.35,
      "f1": 0.43051755651755647,
      "containment": 0.4,
      "latency_ms": 156.8163824081421,
      "context_chars": 3861.39
    }
  }
}