{
  "shard_index": 12,
  "shard_count": 37,
  "summary": {
    "0": {
      "n": 100,
      "em": 0.11,
      "f1": 0.16921428571428565,
      "containment": 0.16,
      "latency_ms": 143.07377099990845,
      "context_chars": 0.0
    },
    "1": {
      "n": 100,
      "em": 0.37,
      "f1": 0.4487799422799423,
      "containment": 0.43,
      "latency_ms": 120.60156345367432,
      "context_chars": 637.39
    },
    "2": {
      "n": 100,
      "em": 0.35,
      "f1": 0.45444943944943944,
      "containment": 0.45,
      "latency_ms": 138.4242844581604,
      "context_chars": 1278.34
    },
    "3": {
      "n": 100,
      "em": 0.39,
      "f1": 0.4862950937950938,
      "containment": 0.45,
      "latency_ms": 151.4677095413208,
      "context_chars": 1921.35
    },
    "4": {
      "n": 100,
      "em": 0.34,
      "f1": 0.44458802308802314,
      "containment": 0.45,
      "latency_ms": 174.84257698059082,
      "context_chars": 2565.4
    },
    "5": {
      "n": 100,
      "em": 0.34,
      "f1": 0.4438968253968254,
      "containment": 0.44,
      "latency_ms": 176.1296820640564,
      "context_chars": 3206.45
    },
    "6": {
      "n": 100,
      "em": 0.36,
      "f1": 0.46996103896103897,
      "containment": 0.45,
      "latency_ms": 175.67145824432373,
      "context_chars": 3848.71
    }
  }
}