{
  "shard_index": 25,
  "shard_count": 37,
  "summary": {
    "0": {
      "n": 100,
      "em": 0.17,
      "f1": 0.23099800231881157,
      "containment": 0.21,
      "latency_ms": 181.44108772277832,
      "context_chars": 0.0
    },
    "1": {
      "n": 100,
      "em": 0.39,
      "f1": 0.4665427905427906,
      "containment": 0.42,
      "latency_ms": 114.24790143966675,
      "context_chars": 637.17
    },
    "2": {
      "n": 100,
      "em": 0.38,
      "f1": 0.4605396825396825,
      "containment": 0.43,
      "latency_ms": 127.03761339187622,
      "context_chars": 1283.0
    },
    "3": {
      "n": 100,
      "em": 0.41,
      "f1": 0.4803928571428571,
      "containment": 0.45,
      "latency_ms": 159.0512776374817,
      "context_chars": 1924.39
    },
    "4": {
      "n": 100,
      "em": 0.37,
      "f1": 0.47580948583580157,
      "containment": 0.46,
      "latency_ms": 161.21684312820435,
      "context_chars": 2567.12
    },
    "5": {
      "n": 100,
      "em": 0.39,
      "f1": 0.5018989898989897,
      "containment": 0.48,
      "latency_ms": 168.46538543701172,
      "context_chars": 3206.93
    },
    "6": {
      "n": 100,
      "em": 0.39,
      "f1": 0.49067676767676766,
      "containment": 0.47,
      "latency_ms": 176.32158994674683,
      "context_chars": 3853.13
    }
  }
}