{
  "shard_index": 23,
  "shard_count": 37,
  "summary": {
    "0": {
      "n": 100,
      "em": 0.2,
      "f1": 0.27826190476190477,
      "containment": 0.2,
      "latency_ms": 79.05835628509521,
      "context_chars": 0.0
    },
    "1": {
      "n": 100,
      "em": 0.3,
      "f1": 0.39677056277056283,
      "containment": 0.35,
      "latency_ms": 94.28209066390991,
      "context_chars": 647.03
    },
    "2": {
      "n": 100,
      "em": 0.31,
      "f1": 0.4428499278499278,
      "containment": 0.39,
      "latency_ms": 107.06413745880127,
      "context_chars": 1290.83
    },
    "3": {
      "n": 100,
      "em": 0.31,
      "f1": 0.4362777777777778,
      "containment": 0.41,
      "latency_ms": 128.59470129013062,
      "context_chars": 1939.0
    },
    "4": {
      "n": 100,
      "em": 0.31,
      "f1": 0.44724188676820253,
      "containment": 0.44,
      "latency_ms": 137.9919195175171,
      "context_chars": 2582.53
    },
    "5": {
      "n": 100,
      "em": 0.3,
      "f1": 0.43873809523809526,
      "containment": 0.42,
      "latency_ms": 149.63085651397705,
      "context_chars": 3228.86
    },
    "6": {
      "n": 100,
      "em": 0.32,
      "f1": 0.44572940040655495,
      "containment": 0.45,
      "latency_ms": 173.60438346862793,
      "context_chars": 3877.1
    }
  }
}