{
  "shard_index": 3,
  "shard_count": 37,
  "summary": {
    "0": {
      "n": 100,
      "em": 0.09,
      "f1": 0.13465151515151513,
      "containment": 0.12,
      "latency_ms": 116.44179105758667,
      "context_chars": 0.0
    },
    "1": {
      "n": 100,
      "em": 0.25,
      "f1": 0.35525793650793647,
      "containment": 0.31,
      "latency_ms": 125.01523733139038,
      "context_chars": 642.58
    },
    "2": {
      "n": 100,
      "em": 0.28,
      "f1": 0.3828198412698412,
      "containment": 0.35,
      "latency_ms": 147.66501903533936,
      "context_chars": 1284.9
    },
    "3": {
      "n": 100,
      "em": 0.28,
      "f1": 0.38834908963585435,
      "containment": 0.35,
      "latency_ms": 157.323317527771,
      "context_chars": 1927.75
    },
    "4": {
      "n": 100,
      "em": 0.3,
      "f1": 0.40701785714285704,
      "containment": 0.38,
      "latency_ms": 166.32636785507202,
      "context_chars": 2574.13
    },
    "5": {
      "n": 100,
      "em": 0.29,
      "f1": 0.39481453634085206,
      "containment": 0.38,
      "latency_ms": 185.93625783920288,
      "context_chars": 3217.13
    },
    "6": {
      "n": 100,
      "em": 0.28,
      "f1": 0.3693288220551378,
      "containment": 0.36,
      "latency_ms": 199.56300735473633,
      "context_chars": 3863.2
    }
  }
}