{
  "dataset": "nq_test",
  "retriever": "SPLADE",
  "rag_variant": "SPLADE_Llama70B_k0to6",
  "num_examples": 3610,
  "shots": {
    "0": {
      "n": 3610,
      "em": 0.34709141274238225,
      "f1": 0.46752323962492215,
      "containment": 0.3997229916897507,
      "latency_ms": 917.611406978808,
      "context_chars": 0.0
    },
    "1": {
      "n": 3610,
      "em": 0.27340720221606646,
      "f1": 0.3633743291219043,
      "containment": 0.31634349030470915,
      "latency_ms": 1145.365952058512,
      "context_chars": 637.790027700831
    },
    "2": {
      "n": 3610,
      "em": 0.3191135734072022,
      "f1": 0.42040396653199774,
      "containment": 0.37617728531855954,
      "latency_ms": 1183.1273471879827,
      "context_chars": 1278.7573407202217
    },
    "3": {
      "n": 3610,
      "em": 0.3526315789473684,
      "f1": 0.46054059108891227,
      "containment": 0.4113573407202216,
      "latency_ms": 1184.3976246022783,
      "context_chars": 1919.5894736842106
    },
    "4": {
      "n": 3610,
      "em": 0.3590027700831025,
      "f1": 0.4736443581963331,
      "containment": 0.42548476454293627,
      "latency_ms": 1187.798380389438,
      "context_chars": 2562.112188365651
    },
    "5": {
      "n": 3610,
      "em": 0.3670360110803324,
      "f1": 0.4857666950789722,
      "containment": 0.4393351800554017,
      "latency_ms": 1201.7456998455227,
      "context_chars": 3203.37811634349
    },
    "6": {
      "n": 3610,
      "em": 0.37257617728531855,
      "f1": 0.4931415368926472,
      "containment": 0.4448753462603878,
      "latency_ms": 1200.0952784044262,
      "context_chars": 3844.554293628809
    }
  }
}