{
  "shard_index": 27,
  "shard_count": 37,
  "summary": {
    "0": {
      "n": 100,
      "em": 0.2,
      "f1": 0.23637373737373735,
      "containment": 0.21,
      "latency_ms": 112.74648189544678,
      "context_chars": 0.0
    },
    "1": {
      "n": 100,
      "em": 0.32,
      "f1": 0.40347619047619043,
      "containment": 0.33,
      "latency_ms": 139.37753438949585,
      "context_chars": 636.24
    },
    "2": {
      "n": 100,
      "em": 0.34,
      "f1": 0.4539790764790764,
      "containment": 0.4,
      "latency_ms": 169.14435148239136,
      "context_chars": 1273.88
    },
    "3": {
      "n": 100,
      "em": 0.39,
      "f1": 0.48924787458843183,
      "containment": 0.45,
      "latency_ms": 190.84876537322998,
      "context_chars": 1910.6
    },
    "4": {
      "n": 100,
      "em": 0.34,
      "f1": 0.4592596505631896,
      "containment": 0.4,
      "latency_ms": 189.83782052993774,
      "context_chars": 2546.11
    },
    "5": {
      "n": 100,
      "em": 0.35,
      "f1": 0.46472059957586276,
      "containment": 0.41,
      "latency_ms": 200.71850538253784,
      "context_chars": 3182.66
    },
    "6": {
      "n": 100,
      "em": 0.34,
      "f1": 0.46881839067365383,
      "containment": 0.41,
      "latency_ms": 217.91779041290283,
      "context_chars": 3819.31
    }
  }
}