{
  "shard_index": 25,
  "shard_count": 37,
  "summary": {
    "0": {
      "n": 100,
      "em": 0.17,
      "f1": 0.22967976130683312,
      "containment": 0.21,
      "latency_ms": 158.6900496482849,
      "context_chars": 0.0
    },
    "1": {
      "n": 100,
      "em": 0.34,
      "f1": 0.4167175505653766,
      "containment": 0.38,
      "latency_ms": 137.53285884857178,
      "context_chars": 638.8
    },
    "2": {
      "n": 100,
      "em": 0.38,
      "f1": 0.47372325741890964,
      "containment": 0.45,
      "latency_ms": 159.0143895149231,
      "context_chars": 1282.22
    },
    "3": {
      "n": 100,
      "em": 0.34,
      "f1": 0.44465079365079363,
      "containment": 0.44,
      "latency_ms": 170.83223342895508,
      "context_chars": 1918.27
    },
    "4": {
      "n": 100,
      "em": 0.39,
      "f1": 0.4922957393483709,
      "containment": 0.46,
      "latency_ms": 177.40501403808594,
      "context_chars": 2560.07
    },
    "5": {
      "n": 100,
      "em": 0.37,
      "f1": 0.47903968253968254,
      "containment": 0.48,
      "latency_ms": 196.6226291656494,
      "context_chars": 3199.63
    },
    "6": {
      "n": 100,
      "em": 0.39,
      "f1": 0.4978805101708327,
      "containment": 0.46,
      "latency_ms": 201.9098687171936,
      "context_chars": 3844.08
    }
  }
}