{
  "shard_index": 30,
  "shard_count": 37,
  "summary": {
    "0": {
      "n": 100,
      "em": 0.1,
      "f1": 0.1726031746031746,
      "containment": 0.14,
      "latency_ms": 107.99071073532104,
      "context_chars": 0.0
    },
    "1": {
      "n": 100,
      "em": 0.37,
      "f1": 0.46149523809523807,
      "containment": 0.39,
      "latency_ms": 152.08447694778442,
      "context_chars": 637.73
    },
    "2": {
      "n": 100,
      "em": 0.45,
      "f1": 0.5582481203007518,
      "containment": 0.47,
      "latency_ms": 153.9565920829773,
      "context_chars": 1281.51
    },
    "3": {
      "n": 100,
      "em": 0.49,
      "f1": 0.6098134920634919,
      "containment": 0.53,
      "latency_ms": 159.10757303237915,
      "context_chars": 1926.71
    },
    "4": {
      "n": 100,
      "em": 0.47,
      "f1": 0.5778750526144858,
      "containment": 0.54,
      "latency_ms": 207.4821400642395,
      "context_chars": 2571.26
    },
    "5": {
      "n": 100,
      "em": 0.48,
      "f1": 0.6040427350427349,
      "containment": 0.54,
      "latency_ms": 192.6564884185791,
      "context_chars": 3218.98
    },
    "6": {
      "n": 100,
      "em": 0.46,
      "f1": 0.5824554334554334,
      "containment": 0.53,
      "latency_ms": 211.9935154914856,
      "context_chars": 3858.5
    }
  }
}