{
  "shard_index": 34,
  "shard_count": 37,
  "summary": {
    "0": {
      "n": 100,
      "em": 0.15,
      "f1": 0.2058015873015873,
      "containment": 0.19,
      "latency_ms": 115.91761827468872,
      "context_chars": 0.0
    },
    "1": {
      "n": 100,
      "em": 0.26,
      "f1": 0.34448565323565317,
      "containment": 0.28,
      "latency_ms": 133.51593494415283,
      "context_chars": 638.49
    },
    "2": {
      "n": 100,
      "em": 0.34,
      "f1": 0.4166775724275724,
      "containment": 0.34,
      "latency_ms": 155.89389324188232,
      "context_chars": 1275.82
    },
    "3": {
      "n": 100,
      "em": 0.38,
      "f1": 0.486344239094239,
      "containment": 0.43,
      "latency_ms": 178.92465353012085,
      "context_chars": 1921.75
    },
    "4": {
      "n": 100,
      "em": 0.31,
      "f1": 0.425233127983128,
      "containment": 0.39,
      "latency_ms": 185.27056455612183,
      "context_chars": 2566.13
    },
    "5": {
      "n": 100,
      "em": 0.32,
      "f1": 0.42465262515262514,
      "containment": 0.4,
      "latency_ms": 228.67287874221802,
      "context_chars": 3213.0
    },
    "6": {
      "n": 100,
      "em": 0.33,
      "f1": 0.44805341880341876,
      "containment": 0.43,
      "latency_ms": 239.20486450195312,
      "context_chars": 3863.6
    }
  }
}