{
  "shard_index": 1,
  "shard_count": 37,
  "summary": {
    "0": {
      "n": 100,
      "em": 0.06,
      "f1": 0.11729914529914529,
      "containment": 0.07,
      "latency_ms": 114.01596784591675,
      "context_chars": 0.0
    },
    "1": {
      "n": 100,
      "em": 0.29,
      "f1": 0.38967512077294686,
      "containment": 0.36,
      "latency_ms": 152.7271866798401,
      "context_chars": 636.76
    },
    "2": {
      "n": 100,
      "em": 0.31,
      "f1": 0.43563095238095234,
      "containment": 0.41,
      "latency_ms": 147.48241901397705,
      "context_chars": 1280.83
    },
    "3": {
      "n": 100,
      "em": 0.34,
      "f1": 0.46786300430865646,
      "containment": 0.42,
      "latency_ms": 192.56633281707764,
      "context_chars": 1919.58
    },
    "4": {
      "n": 100,
      "em": 0.35,
      "f1": 0.4623171699574137,
      "containment": 0.45,
      "latency_ms": 189.7540521621704,
      "context_chars": 2560.65
    },
    "5": {
      "n": 100,
      "em": 0.36,
      "f1": 0.4809929792429791,
      "containment": 0.47,
      "latency_ms": 218.1577491760254,
      "context_chars": 3204.02
    },
    "6": {
      "n": 100,
      "em": 0.36,
      "f1": 0.48649404761904746,
      "containment": 0.47,
      "latency_ms": 205.2502965927124,
      "context_chars": 3842.92
    }
  }
}