{
  "shard_index": 20,
  "shard_count": 37,
  "summary": {
    "0": {
      "n": 100,
      "em": 0.15,
      "f1": 0.20245238095238097,
      "containment": 0.17,
      "latency_ms": 113.8471245765686,
      "context_chars": 0.0
    },
    "1": {
      "n": 100,
      "em": 0.3,
      "f1": 0.37747754000385586,
      "containment": 0.33,
      "latency_ms": 129.09014701843262,
      "context_chars": 635.54
    },
    "2": {
      "n": 100,
      "em": 0.29,
      "f1": 0.38165266106442586,
      "containment": 0.35,
      "latency_ms": 150.96277713775635,
      "context_chars": 1274.65
    },
    "3": {
      "n": 100,
      "em": 0.32,
      "f1": 0.4025324938752931,
      "containment": 0.36,
      "latency_ms": 170.40485620498657,
      "context_chars": 1912.8
    },
    "4": {
      "n": 100,
      "em": 0.33,
      "f1": 0.42007746742026664,
      "containment": 0.39,
      "latency_ms": 177.64912128448486,
      "context_chars": 2554.08
    },
    "5": {
      "n": 100,
      "em": 0.34,
      "f1": 0.43210666185666186,
      "containment": 0.4,
      "latency_ms": 197.0183300971985,
      "context_chars": 3193.88
    },
    "6": {
      "n": 100,
      "em": 0.35,
      "f1": 0.43405429646606114,
      "containment": 0.4,
      "latency_ms": 214.33429479599,
      "context_chars": 3839.14
    }
  }
}