{
  "shard_index": 4,
  "shard_count": 37,
  "summary": {
    "0": {
      "n": 100,
      "em": 0.11,
      "f1": 0.17244028194028194,
      "containment": 0.17,
      "latency_ms": 165.3131866455078,
      "context_chars": 0.0
    },
    "1": {
      "n": 100,
      "em": 0.3,
      "f1": 0.3741165223665223,
      "containment": 0.34,
      "latency_ms": 147.9163932800293,
      "context_chars": 633.22
    },
    "2": {
      "n": 100,
      "em": 0.31,
      "f1": 0.40409480139743287,
      "containment": 0.41,
      "latency_ms": 167.2978711128235,
      "context_chars": 1272.83
    },
    "3": {
      "n": 100,
      "em": 0.29,
      "f1": 0.3702639933166249,
      "containment": 0.38,
      "latency_ms": 185.62963962554932,
      "context_chars": 1908.08
    },
    "4": {
      "n": 100,
      "em": 0.32,
      "f1": 0.4296637940662707,
      "containment": 0.44,
      "latency_ms": 192.11066007614136,
      "context_chars": 2541.82
    },
    "5": {
      "n": 100,
      "em": 0.37,
      "f1": 0.4727270828586617,
      "containment": 0.46,
      "latency_ms": 210.1883888244629,
      "context_chars": 3180.95
    },
    "6": {
      "n": 100,
      "em": 0.35,
      "f1": 0.4512109323425112,
      "containment": 0.45,
      "latency_ms": 226.71798706054688,
      "context_chars": 3824.11
    }
  }
}