{
  "shard_index": 2,
  "shard_count": 37,
  "summary": {
    "0": {
      "n": 100,
      "em": 0.09,
      "f1": 0.15471031746031746,
      "containment": 0.14,
      "latency_ms": 145.7118535041809,
      "context_chars": 0.0
    },
    "1": {
      "n": 100,
      "em": 0.21,
      "f1": 0.31509884559884566,
      "containment": 0.3,
      "latency_ms": 130.55200338363647,
      "context_chars": 633.55
    },
    "2": {
      "n": 100,
      "em": 0.2,
      "f1": 0.32161796536796544,
      "containment": 0.31,
      "latency_ms": 144.87514972686768,
      "context_chars": 1270.7
    },
    "3": {
      "n": 100,
      "em": 0.21,
      "f1": 0.33101298701298704,
      "containment": 0.32,
      "latency_ms": 167.5593900680542,
      "context_chars": 1899.83
    },
    "4": {
      "n": 100,
      "em": 0.25,
      "f1": 0.3545995291258449,
      "containment": 0.34,
      "latency_ms": 184.94760990142822,
      "context_chars": 2536.0
    },
    "5": {
      "n": 100,
      "em": 0.27,
      "f1": 0.36780659983291564,
      "containment": 0.35,
      "latency_ms": 197.46986627578735,
      "context_chars": 3175.1
    },
    "6": {
      "n": 100,
      "em": 0.28,
      "f1": 0.36367961570593155,
      "containment": 0.34,
      "latency_ms": 205.99865913391113,
      "context_chars": 3812.28
    }
  }
}