{
  "shard_index": 7,
  "shard_count": 37,
  "summary": {
    "0": {
      "n": 100,
      "em": 0.13,
      "f1": 0.19867057942057945,
      "containment": 0.18,
      "latency_ms": 130.95872163772583,
      "context_chars": 0.0
    },
    "1": {
      "n": 100,
      "em": 0.25,
      "f1": 0.3371886446886447,
      "containment": 0.29,
      "latency_ms": 133.78214836120605,
      "context_chars": 639.8
    },
    "2": {
      "n": 100,
      "em": 0.26,
      "f1": 0.3678033522033522,
      "containment": 0.29,
      "latency_ms": 169.48397636413574,
      "context_chars": 1278.64
    },
    "3": {
      "n": 100,
      "em": 0.28,
      "f1": 0.4009702127937421,
      "containment": 0.34,
      "latency_ms": 171.49999380111694,
      "context_chars": 1923.67
    },
    "4": {
      "n": 100,
      "em": 0.29,
      "f1": 0.4042081488343097,
      "containment": 0.35,
      "latency_ms": 198.25666666030884,
      "context_chars": 2563.69
    },
    "5": {
      "n": 100,
      "em": 0.26,
      "f1": 0.3812192448637682,
      "containment": 0.34,
      "latency_ms": 214.28516387939453,
      "context_chars": 3206.75
    },
    "6": {
      "n": 100,
      "em": 0.25,
      "f1": 0.3815104699222346,
      "containment": 0.34,
      "latency_ms": 210.9510350227356,
      "context_chars": 3844.31
    }
  }
}