{
  "shard_index": 3,
  "shard_count": 37,
  "summary": {
    "0": {
      "n": 100,
      "em": 0.09,
      "f1": 0.13465151515151513,
      "containment": 0.12,
      "latency_ms": 117.5028657913208,
      "context_chars": 0.0
    },
    "1": {
      "n": 100,
      "em": 0.23,
      "f1": 0.3167619047619047,
      "containment": 0.27,
      "latency_ms": 122.78106212615967,
      "context_chars": 641.81
    },
    "2": {
      "n": 100,
      "em": 0.29,
      "f1": 0.3679764705882353,
      "containment": 0.36,
      "latency_ms": 140.44732809066772,
      "context_chars": 1281.75
    },
    "3": {
      "n": 100,
      "em": 0.31,
      "f1": 0.38704441391941397,
      "containment": 0.38,
      "latency_ms": 154.18925762176514,
      "context_chars": 1921.0
    },
    "4": {
      "n": 100,
      "em": 0.32,
      "f1": 0.4117321428571427,
      "containment": 0.38,
      "latency_ms": 173.94515752792358,
      "context_chars": 2559.13
    },
    "5": {
      "n": 100,
      "em": 0.31,
      "f1": 0.40188302675585275,
      "containment": 0.4,
      "latency_ms": 200.97403526306152,
      "context_chars": 3196.74
    },
    "6": {
      "n": 100,
      "em": 0.32,
      "f1": 0.4141520743749003,
      "containment": 0.41,
      "latency_ms": 219.1727375984192,
      "context_chars": 3848.07
    }
  }
}