{
  "shard_index": 33,
  "shard_count": 37,
  "summary": {
    "0": {
      "n": 100,
      "em": 0.11,
      "f1": 0.16845454545454544,
      "containment": 0.11,
      "latency_ms": 122.49140977859497,
      "context_chars": 0.0
    },
    "1": {
      "n": 100,
      "em": 0.3,
      "f1": 0.3839355742296919,
      "containment": 0.32,
      "latency_ms": 144.53890085220337,
      "context_chars": 640.58
    },
    "2": {
      "n": 100,
      "em": 0.27,
      "f1": 0.3797983193277311,
      "containment": 0.32,
      "latency_ms": 161.73547744750977,
      "context_chars": 1274.43
    },
    "3": {
      "n": 100,
      "em": 0.34,
      "f1": 0.4542773109243698,
      "containment": 0.35,
      "latency_ms": 163.93040418624878,
      "context_chars": 1911.18
    },
    "4": {
      "n": 100,
      "em": 0.32,
      "f1": 0.42568720821662,
      "containment": 0.34,
      "latency_ms": 179.2369532585144,
      "context_chars": 2553.76
    },
    "5": {
      "n": 100,
      "em": 0.33,
      "f1": 0.4270510665804783,
      "containment": 0.36,
      "latency_ms": 199.0223503112793,
      "context_chars": 3189.38
    },
    "6": {
      "n": 100,
      "em": 0.35,
      "f1": 0.45129038281979456,
      "containment": 0.36,
      "latency_ms": 211.00532054901123,
      "context_chars": 3827.26
    }
  }
}