{
  "shard_index": 23,
  "shard_count": 37,
  "summary": {
    "0": {
      "n": 100,
      "em": 0.2,
      "f1": 0.28226190476190477,
      "containment": 0.2,
      "latency_ms": 108.68001222610474,
      "context_chars": 0.0
    },
    "1": {
      "n": 100,
      "em": 0.27,
      "f1": 0.37410389610389616,
      "containment": 0.36,
      "latency_ms": 146.68018102645874,
      "context_chars": 641.21
    },
    "2": {
      "n": 100,
      "em": 0.3,
      "f1": 0.40617715617715616,
      "containment": 0.38,
      "latency_ms": 154.22476530075073,
      "context_chars": 1290.29
    },
    "3": {
      "n": 100,
      "em": 0.3,
      "f1": 0.42690476190476184,
      "containment": 0.42,
      "latency_ms": 185.52685976028442,
      "context_chars": 1926.81
    },
    "4": {
      "n": 100,
      "em": 0.32,
      "f1": 0.44985281385281384,
      "containment": 0.44,
      "latency_ms": 192.68630027770996,
      "context_chars": 2567.82
    },
    "5": {
      "n": 100,
      "em": 0.32,
      "f1": 0.4362481962481962,
      "containment": 0.41,
      "latency_ms": 208.85634422302246,
      "context_chars": 3203.62
    },
    "6": {
      "n": 100,
      "em": 0.31,
      "f1": 0.43920129870129865,
      "containment": 0.44,
      "latency_ms": 216.74482822418213,
      "context_chars": 3846.19
    }
  }
}