{
  "shard_index": 16,
  "shard_count": 37,
  "summary": {
    "0": {
      "n": 100,
      "em": 0.13,
      "f1": 0.18908333333333335,
      "containment": 0.17,
      "latency_ms": 153.83450746536255,
      "context_chars": 0.0
    },
    "1": {
      "n": 100,
      "em": 0.26,
      "f1": 0.35740764790764795,
      "containment": 0.31,
      "latency_ms": 150.46597242355347,
      "context_chars": 637.24
    },
    "2": {
      "n": 100,
      "em": 0.23,
      "f1": 0.33754023427552843,
      "containment": 0.31,
      "latency_ms": 162.2893786430359,
      "context_chars": 1275.68
    },
    "3": {
      "n": 100,
      "em": 0.28,
      "f1": 0.4009409609997845,
      "containment": 0.34,
      "latency_ms": 171.2381362915039,
      "context_chars": 1910.6
    },
    "4": {
      "n": 100,
      "em": 0.28,
      "f1": 0.39475914281796626,
      "containment": 0.34,
      "latency_ms": 177.96072244644165,
      "context_chars": 2550.62
    },
    "5": {
      "n": 100,
      "em": 0.3,
      "f1": 0.41068597742127155,
      "containment": 0.35,
      "latency_ms": 193.5594344139099,
      "context_chars": 3194.43
    },
    "6": {
      "n": 100,
      "em": 0.31,
      "f1": 0.41446919420448824,
      "containment": 0.38,
      "latency_ms": 209.8998236656189,
      "context_chars": 3834.0
    }
  }
}