{
  "shard_index": 13,
  "shard_count": 37,
  "summary": {
    "0": {
      "n": 100,
      "em": 0.1,
      "f1": 0.18687675070028015,
      "containment": 0.18,
      "latency_ms": 123.19071054458618,
      "context_chars": 0.0
    },
    "1": {
      "n": 100,
      "em": 0.28,
      "f1": 0.38053571428571425,
      "containment": 0.34,
      "latency_ms": 126.87736988067627,
      "context_chars": 630.87
    },
    "2": {
      "n": 100,
      "em": 0.3,
      "f1": 0.41259157509157496,
      "containment": 0.4,
      "latency_ms": 147.88331508636475,
      "context_chars": 1272.38
    },
    "3": {
      "n": 100,
      "em": 0.31,
      "f1": 0.43911782661782645,
      "containment": 0.41,
      "latency_ms": 184.12673234939575,
      "context_chars": 1909.22
    },
    "4": {
      "n": 100,
      "em": 0.33,
      "f1": 0.44058970658970653,
      "containment": 0.42,
      "latency_ms": 193.88145446777344,
      "context_chars": 2537.94
    },
    "5": {
      "n": 100,
      "em": 0.29,
      "f1": 0.4158083028083027,
      "containment": 0.4,
      "latency_ms": 217.6762843132019,
      "context_chars": 3172.36
    },
    "6": {
      "n": 100,
      "em": 0.29,
      "f1": 0.41984126984126974,
      "containment": 0.4,
      "latency_ms": 217.72849559783936,
      "context_chars": 3808.98
    }
  }
}