{
  "shard_index": 22,
  "shard_count": 37,
  "summary": {
    "0": {
      "n": 100,
      "em": 0.13,
      "f1": 0.15777889352027283,
      "containment": 0.17,
      "latency_ms": 146.37121200561523,
      "context_chars": 0.0
    },
    "1": {
      "n": 100,
      "em": 0.28,
      "f1": 0.3545201465201465,
      "containment": 0.36,
      "latency_ms": 141.26546382904053,
      "context_chars": 638.11
    },
    "2": {
      "n": 100,
      "em": 0.29,
      "f1": 0.38525174825174824,
      "containment": 0.39,
      "latency_ms": 160.48869371414185,
      "context_chars": 1279.11
    },
    "3": {
      "n": 100,
      "em": 0.28,
      "f1": 0.374543956043956,
      "containment": 0.38,
      "latency_ms": 163.9544415473938,
      "context_chars": 1916.6
    },
    "4": {
      "n": 100,
      "em": 0.33,
      "f1": 0.4221500166500165,
      "containment": 0.42,
      "latency_ms": 175.8434009552002,
      "context_chars": 2556.1
    },
    "5": {
      "n": 100,
      "em": 0.37,
      "f1": 0.45987728937728933,
      "containment": 0.45,
      "latency_ms": 191.84231996536255,
      "context_chars": 3195.24
    },
    "6": {
      "n": 100,
      "em": 0.35,
      "f1": 0.46015001665001654,
      "containment": 0.43,
      "latency_ms": 209.14634227752686,
      "context_chars": 3836.91
    }
  }
}