{
  "shard_index": 26,
  "shard_count": 37,
  "summary": {
    "0": {
      "n": 100,
      "em": 0.08,
      "f1": 0.14633333333333332,
      "containment": 0.11,
      "latency_ms": 108.3149528503418,
      "context_chars": 0.0
    },
    "1": {
      "n": 100,
      "em": 0.21,
      "f1": 0.294525974025974,
      "containment": 0.25,
      "latency_ms": 129.95574951171875,
      "context_chars": 641.19
    },
    "2": {
      "n": 100,
      "em": 0.26,
      "f1": 0.38175556926733395,
      "containment": 0.34,
      "latency_ms": 162.46997833251953,
      "context_chars": 1284.87
    },
    "3": {
      "n": 100,
      "em": 0.29,
      "f1": 0.4001956902746376,
      "containment": 0.37,
      "latency_ms": 180.68447351455688,
      "context_chars": 1931.53
    },
    "4": {
      "n": 100,
      "em": 0.28,
      "f1": 0.391064536912363,
      "containment": 0.36,
      "latency_ms": 203.68292331695557,
      "context_chars": 2580.2
    },
    "5": {
      "n": 100,
      "em": 0.29,
      "f1": 0.424140016987843,
      "containment": 0.38,
      "latency_ms": 206.7208218574524,
      "context_chars": 3219.92
    },
    "6": {
      "n": 100,
      "em": 0.29,
      "f1": 0.42576562326562317,
      "containment": 0.39,
      "latency_ms": 212.81555891036987,
      "context_chars": 3865.88
    }
  }
}