{
  "shard_index": 28,
  "shard_count": 37,
  "summary": {
    "0": {
      "n": 100,
      "em": 0.1,
      "f1": 0.175234335839599,
      "containment": 0.16,
      "latency_ms": 163.17453384399414,
      "context_chars": 0.0
    },
    "1": {
      "n": 100,
      "em": 0.25,
      "f1": 0.3494358386711327,
      "containment": 0.29,
      "latency_ms": 171.17892503738403,
      "context_chars": 639.57
    },
    "2": {
      "n": 100,
      "em": 0.25,
      "f1": 0.34687406015037603,
      "containment": 0.28,
      "latency_ms": 172.01351165771484,
      "context_chars": 1283.2
    },
    "3": {
      "n": 100,
      "em": 0.28,
      "f1": 0.3848502758701254,
      "containment": 0.34,
      "latency_ms": 220.50585746765137,
      "context_chars": 1921.89
    },
    "4": {
      "n": 100,
      "em": 0.28,
      "f1": 0.39611694677871157,
      "containment": 0.34,
      "latency_ms": 230.04558563232422,
      "context_chars": 2564.41
    },
    "5": {
      "n": 100,
      "em": 0.28,
      "f1": 0.3732574370074371,
      "containment": 0.31,
      "latency_ms": 232.73212432861328,
      "context_chars": 3199.29
    },
    "6": {
      "n": 100,
      "em": 0.3,
      "f1": 0.3898027217880159,
      "containment": 0.33,
      "latency_ms": 235.9833574295044,
      "context_chars": 3840.59
    }
  }
}