{
  "shard_index": 12,
  "shard_count": 37,
  "summary": {
    "0": {
      "n": 100,
      "em": 0.11,
      "f1": 0.1759444444444444,
      "containment": 0.16,
      "latency_ms": 147.77575016021729,
      "context_chars": 0.0
    },
    "1": {
      "n": 100,
      "em": 0.28,
      "f1": 0.35939898989898983,
      "containment": 0.32,
      "latency_ms": 138.0468249320984,
      "context_chars": 638.42
    },
    "2": {
      "n": 100,
      "em": 0.31,
      "f1": 0.42398507048507045,
      "containment": 0.38,
      "latency_ms": 144.43036317825317,
      "context_chars": 1279.22
    },
    "3": {
      "n": 100,
      "em": 0.39,
      "f1": 0.4922799422799422,
      "containment": 0.44,
      "latency_ms": 152.77509927749634,
      "context_chars": 1918.17
    },
    "4": {
      "n": 100,
      "em": 0.36,
      "f1": 0.48248651348651334,
      "containment": 0.46,
      "latency_ms": 171.98009967803955,
      "context_chars": 2560.79
    },
    "5": {
      "n": 100,
      "em": 0.4,
      "f1": 0.4997099567099567,
      "containment": 0.49,
      "latency_ms": 191.01940393447876,
      "context_chars": 3196.23
    },
    "6": {
      "n": 100,
      "em": 0.42,
      "f1": 0.516064935064935,
      "containment": 0.5,
      "latency_ms": 206.88734769821167,
      "context_chars": 3834.77
    }
  }
}