{
  "shard_index": 35,
  "shard_count": 37,
  "summary": {
    "0": {
      "n": 100,
      "em": 0.14,
      "f1": 0.2000916442048518,
      "containment": 0.18,
      "latency_ms": 124.8764157295227,
      "context_chars": 0.0
    },
    "1": {
      "n": 100,
      "em": 0.26,
      "f1": 0.32359595959595955,
      "containment": 0.29,
      "latency_ms": 131.94989681243896,
      "context_chars": 644.37
    },
    "2": {
      "n": 100,
      "em": 0.3,
      "f1": 0.37627380952380945,
      "containment": 0.34,
      "latency_ms": 153.93392324447632,
      "context_chars": 1285.62
    },
    "3": {
      "n": 100,
      "em": 0.31,
      "f1": 0.4047539682539682,
      "containment": 0.35,
      "latency_ms": 161.74035549163818,
      "context_chars": 1930.44
    },
    "4": {
      "n": 100,
      "em": 0.29,
      "f1": 0.40583730158730164,
      "containment": 0.36,
      "latency_ms": 176.47048473358154,
      "context_chars": 2577.18
    },
    "5": {
      "n": 100,
      "em": 0.27,
      "f1": 0.3816443001443002,
      "containment": 0.35,
      "latency_ms": 214.0446162223816,
      "context_chars": 3226.78
    },
    "6": {
      "n": 100,
      "em": 0.28,
      "f1": 0.39296897546897547,
      "containment": 0.36,
      "latency_ms": 210.08251905441284,
      "context_chars": 3869.37
    }
  }
}