{
  "shard_index": 29,
  "shard_count": 37,
  "summary": {
    "0": {
      "n": 100,
      "em": 0.1,
      "f1": 0.17253094274146905,
      "containment": 0.16,
      "latency_ms": 126.68956756591797,
      "context_chars": 0.0
    },
    "1": {
      "n": 100,
      "em": 0.28,
      "f1": 0.3782849372849372,
      "containment": 0.33,
      "latency_ms": 135.96529483795166,
      "context_chars": 643.19
    },
    "2": {
      "n": 100,
      "em": 0.32,
      "f1": 0.4481977303742008,
      "containment": 0.41,
      "latency_ms": 166.80243730545044,
      "context_chars": 1288.98
    },
    "3": {
      "n": 100,
      "em": 0.31,
      "f1": 0.44049558284852397,
      "containment": 0.39,
      "latency_ms": 169.34553146362305,
      "context_chars": 1932.88
    },
    "4": {
      "n": 100,
      "em": 0.33,
      "f1": 0.4764073475544063,
      "containment": 0.41,
      "latency_ms": 184.68993186950684,
      "context_chars": 2573.29
    },
    "5": {
      "n": 100,
      "em": 0.33,
      "f1": 0.47208808348514225,
      "containment": 0.38,
      "latency_ms": 192.88034200668335,
      "context_chars": 3216.37
    },
    "6": {
      "n": 100,
      "em": 0.35,
      "f1": 0.4864484356652619,
      "containment": 0.42,
      "latency_ms": 207.66369819641113,
      "context_chars": 3855.8
    }
  }
}