{
  "shard_index": 14,
  "shard_count": 37,
  "summary": {
    "0": {
      "n": 100,
      "em": 0.14,
      "f1": 0.2036507936507936,
      "containment": 0.15,
      "latency_ms": 129.28411483764648,
      "context_chars": 0.0
    },
    "1": {
      "n": 100,
      "em": 0.3,
      "f1": 0.41142352092352086,
      "containment": 0.35,
      "latency_ms": 144.34505224227905,
      "context_chars": 645.56
    },
    "2": {
      "n": 100,
      "em": 0.27,
      "f1": 0.38037301587301586,
      "containment": 0.32,
      "latency_ms": 153.8237977027893,
      "context_chars": 1292.53
    },
    "3": {
      "n": 100,
      "em": 0.31,
      "f1": 0.4211356421356422,
      "containment": 0.4,
      "latency_ms": 159.93973970413208,
      "context_chars": 1941.66
    },
    "4": {
      "n": 100,
      "em": 0.31,
      "f1": 0.4341711229946524,
      "containment": 0.4,
      "latency_ms": 169.29810047149658,
      "context_chars": 2583.73
    },
    "5": {
      "n": 100,
      "em": 0.35,
      "f1": 0.46654978354978355,
      "containment": 0.43,
      "latency_ms": 186.65754318237305,
      "context_chars": 3231.62
    },
    "6": {
      "n": 100,
      "em": 0.34,
      "f1": 0.4605238095238095,
      "containment": 0.42,
      "latency_ms": 198.84193658828735,
      "context_chars": 3871.96
    }
  }
}