{
  "shard_index": 11,
  "shard_count": 37,
  "summary": {
    "0": {
      "n": 100,
      "em": 0.16,
      "f1": 0.21453968253968253,
      "containment": 0.18,
      "latency_ms": 115.03810167312622,
      "context_chars": 0.0
    },
    "1": {
      "n": 100,
      "em": 0.33,
      "f1": 0.4267073253543841,
      "containment": 0.42,
      "latency_ms": 143.45945835113525,
      "context_chars": 634.21
    },
    "2": {
      "n": 100,
      "em": 0.31,
      "f1": 0.43133493739376083,
      "containment": 0.44,
      "latency_ms": 165.67523956298828,
      "context_chars": 1267.6
    },
    "3": {
      "n": 100,
      "em": 0.34,
      "f1": 0.4546357106945342,
      "containment": 0.46,
      "latency_ms": 174.8240852355957,
      "context_chars": 1904.04
    },
    "4": {
      "n": 100,
      "em": 0.35,
      "f1": 0.4722296918767506,
      "containment": 0.47,
      "latency_ms": 200.03156185150146,
      "context_chars": 2543.04
    },
    "5": {
      "n": 100,
      "em": 0.37,
      "f1": 0.4841363211951446,
      "containment": 0.48,
      "latency_ms": 208.26204538345337,
      "context_chars": 3180.28
    },
    "6": {
      "n": 100,
      "em": 0.4,
      "f1": 0.5107394957983192,
      "containment": 0.49,
      "latency_ms": 210.52154541015625,
      "context_chars": 3824.03
    }
  }
}