{
  "shard_index": 6,
  "shard_count": 37,
  "summary": {
    "0": {
      "n": 100,
      "em": 0.1,
      "f1": 0.16744444444444448,
      "containment": 0.11,
      "latency_ms": 109.44857120513916,
      "context_chars": 0.0
    },
    "1": {
      "n": 100,
      "em": 0.26,
      "f1": 0.3495953461742935,
      "containment": 0.31,
      "latency_ms": 143.9358687400818,
      "context_chars": 638.93
    },
    "2": {
      "n": 100,
      "em": 0.24,
      "f1": 0.38018621815061443,
      "containment": 0.37,
      "latency_ms": 160.4391074180603,
      "context_chars": 1283.05
    },
    "3": {
      "n": 100,
      "em": 0.26,
      "f1": 0.39498173635789735,
      "containment": 0.39,
      "latency_ms": 176.0048508644104,
      "context_chars": 1927.52
    },
    "4": {
      "n": 100,
      "em": 0.27,
      "f1": 0.4042954618480934,
      "containment": 0.4,
      "latency_ms": 194.04685497283936,
      "context_chars": 2565.63
    },
    "5": {
      "n": 100,
      "em": 0.26,
      "f1": 0.3979592804855963,
      "containment": 0.4,
      "latency_ms": 206.48107767105103,
      "context_chars": 3206.05
    },
    "6": {
      "n": 100,
      "em": 0.3,
      "f1": 0.42519996139126576,
      "containment": 0.43,
      "latency_ms": 228.07054996490479,
      "context_chars": 3857.81
    }
  }
}