{
  "shard_index": 24,
  "shard_count": 37,
  "summary": {
    "0": {
      "n": 100,
      "em": 0.08,
      "f1": 0.12315151515151515,
      "containment": 0.12,
      "latency_ms": 106.85677289962769,
      "context_chars": 0.0
    },
    "1": {
      "n": 100,
      "em": 0.28,
      "f1": 0.3778917748917749,
      "containment": 0.36,
      "latency_ms": 136.76161766052246,
      "context_chars": 637.6
    },
    "2": {
      "n": 100,
      "em": 0.3,
      "f1": 0.3856749084249083,
      "containment": 0.4,
      "latency_ms": 152.9575490951538,
      "context_chars": 1285.42
    },
    "3": {
      "n": 100,
      "em": 0.31,
      "f1": 0.3874844322344322,
      "containment": 0.42,
      "latency_ms": 165.75888633728027,
      "context_chars": 1935.57
    },
    "4": {
      "n": 100,
      "em": 0.34,
      "f1": 0.4294987179487179,
      "containment": 0.44,
      "latency_ms": 186.07207536697388,
      "context_chars": 2578.84
    },
    "5": {
      "n": 100,
      "em": 0.31,
      "f1": 0.4050399877899878,
      "containment": 0.42,
      "latency_ms": 208.1476354598999,
      "context_chars": 3221.53
    },
    "6": {
      "n": 100,
      "em": 0.3,
      "f1": 0.4012066544566544,
      "containment": 0.43,
      "latency_ms": 225.8801007270813,
      "context_chars": 3867.09
    }
  }
}