{
  "shard_index": 0,
  "shard_count": 37,
  "summary": {
    "0": {
      "n": 100,
      "em": 0.11,
      "f1": 0.19113492063492063,
      "containment": 0.17,
      "latency_ms": 120.33527851104736,
      "context_chars": 0.0
    },
    "1": {
      "n": 100,
      "em": 0.22,
      "f1": 0.36119000933706813,
      "containment": 0.27,
      "latency_ms": 133.63834619522095,
      "context_chars": 637.31
    },
    "2": {
      "n": 100,
      "em": 0.22,
      "f1": 0.3816564595535184,
      "containment": 0.33,
      "latency_ms": 161.1236810684204,
      "context_chars": 1278.47
    },
    "3": {
      "n": 100,
      "em": 0.27,
      "f1": 0.4190739587210176,
      "containment": 0.36,
      "latency_ms": 167.76193618774414,
      "context_chars": 1911.93
    },
    "4": {
      "n": 100,
      "em": 0.24,
      "f1": 0.3860383096435729,
      "containment": 0.33,
      "latency_ms": 184.08156156539917,
      "context_chars": 2548.82
    },
    "5": {
      "n": 100,
      "em": 0.28,
      "f1": 0.4375120828304972,
      "containment": 0.37,
      "latency_ms": 213.35423469543457,
      "context_chars": 3192.44
    },
    "6": {
      "n": 100,
      "em": 0.27,
      "f1": 0.42315369185338225,
      "containment": 0.37,
      "latency_ms": 229.9076271057129,
      "context_chars": 3832.51
    }
  }
}