{
  "shard_index": 18,
  "shard_count": 37,
  "summary": {
    "0": {
      "n": 100,
      "em": 0.11,
      "f1": 0.19363852813852817,
      "containment": 0.16,
      "latency_ms": 116.67470932006836,
      "context_chars": 0.0
    },
    "1": {
      "n": 100,
      "em": 0.29,
      "f1": 0.4438263403263403,
      "containment": 0.37,
      "latency_ms": 142.27159976959229,
      "context_chars": 635.63
    },
    "2": {
      "n": 100,
      "em": 0.33,
      "f1": 0.47414646464646465,
      "containment": 0.4,
      "latency_ms": 157.25196599960327,
      "context_chars": 1274.56
    },
    "3": {
      "n": 100,
      "em": 0.35,
      "f1": 0.49899206349206343,
      "containment": 0.43,
      "latency_ms": 184.88500118255615,
      "context_chars": 1915.65
    },
    "4": {
      "n": 100,
      "em": 0.35,
      "f1": 0.5131825396825397,
      "containment": 0.43,
      "latency_ms": 180.72392225265503,
      "context_chars": 2563.27
    },
    "5": {
      "n": 100,
      "em": 0.34,
      "f1": 0.5077288430523725,
      "containment": 0.43,
      "latency_ms": 209.73135471343994,
      "context_chars": 3208.4
    },
    "6": {
      "n": 100,
      "em": 0.36,
      "f1": 0.5122395382395383,
      "containment": 0.44,
      "latency_ms": 203.7832546234131,
      "context_chars": 3852.58
    }
  }
}