{
  "shard_index": 32,
  "shard_count": 37,
  "summary": {
    "0": {
      "n": 100,
      "em": 0.11,
      "f1": 0.19260737812911727,
      "containment": 0.16,
      "latency_ms": 137.98773050308228,
      "context_chars": 0.0
    },
    "1": {
      "n": 100,
      "em": 0.19,
      "f1": 0.2976435394670689,
      "containment": 0.24,
      "latency_ms": 142.60994672775269,
      "context_chars": 631.58
    },
    "2": {
      "n": 100,
      "em": 0.24,
      "f1": 0.3834574577469313,
      "containment": 0.29,
      "latency_ms": 157.10595607757568,
      "context_chars": 1270.87
    },
    "3": {
      "n": 100,
      "em": 0.27,
      "f1": 0.3998800611153551,
      "containment": 0.32,
      "latency_ms": 170.94612836837769,
      "context_chars": 1909.83
    },
    "4": {
      "n": 100,
      "em": 0.29,
      "f1": 0.41800649058543776,
      "containment": 0.33,
      "latency_ms": 187.67947912216187,
      "context_chars": 2545.46
    },
    "5": {
      "n": 100,
      "em": 0.3,
      "f1": 0.43551475048249233,
      "containment": 0.37,
      "latency_ms": 221.07065677642822,
      "context_chars": 3186.17
    },
    "6": {
      "n": 100,
      "em": 0.31,
      "f1": 0.4595073260073258,
      "containment": 0.38,
      "latency_ms": 232.7672004699707,
      "context_chars": 3824.19
    }
  }
}