{
  "shard_index": 15,
  "shard_count": 37,
  "summary": {
    "0": {
      "n": 100,
      "em": 0.1,
      "f1": 0.18986111111111106,
      "containment": 0.16,
      "latency_ms": 118.71930122375488,
      "context_chars": 0.0
    },
    "1": {
      "n": 100,
      "em": 0.26,
      "f1": 0.34155742296918773,
      "containment": 0.3,
      "latency_ms": 146.5476131439209,
      "context_chars": 635.67
    },
    "2": {
      "n": 100,
      "em": 0.24,
      "f1": 0.3521944444444444,
      "containment": 0.3,
      "latency_ms": 158.2347822189331,
      "context_chars": 1274.76
    },
    "3": {
      "n": 100,
      "em": 0.25,
      "f1": 0.34089441114441116,
      "containment": 0.29,
      "latency_ms": 182.24341869354248,
      "context_chars": 1914.39
    },
    "4": {
      "n": 100,
      "em": 0.28,
      "f1": 0.3771944444444444,
      "containment": 0.33,
      "latency_ms": 194.70009326934814,
      "context_chars": 2552.34
    },
    "5": {
      "n": 100,
      "em": 0.27,
      "f1": 0.364813603063603,
      "containment": 0.33,
      "latency_ms": 214.55031156539917,
      "context_chars": 3195.99
    },
    "6": {
      "n": 100,
      "em": 0.29,
      "f1": 0.3867527657527657,
      "containment": 0.35,
      "latency_ms": 243.29538106918335,
      "context_chars": 3843.93
    }
  }
}