{
  "shard_index": 9,
  "shard_count": 37,
  "summary": {
    "0": {
      "n": 100,
      "em": 0.18,
      "f1": 0.24100671550671549,
      "containment": 0.2,
      "latency_ms": 123.86010646820068,
      "context_chars": 0.0
    },
    "1": {
      "n": 100,
      "em": 0.28,
      "f1": 0.3755808080808082,
      "containment": 0.28,
      "latency_ms": 127.21547603607178,
      "context_chars": 637.19
    },
    "2": {
      "n": 100,
      "em": 0.3,
      "f1": 0.4015470248705544,
      "containment": 0.32,
      "latency_ms": 164.39388275146484,
      "context_chars": 1284.57
    },
    "3": {
      "n": 100,
      "em": 0.34,
      "f1": 0.4297190957190958,
      "containment": 0.38,
      "latency_ms": 170.84815740585327,
      "context_chars": 1927.06
    },
    "4": {
      "n": 100,
      "em": 0.38,
      "f1": 0.48378138528138537,
      "containment": 0.42,
      "latency_ms": 174.47538375854492,
      "context_chars": 2572.93
    },
    "5": {
      "n": 100,
      "em": 0.37,
      "f1": 0.4742339131456779,
      "containment": 0.42,
      "latency_ms": 198.5135579109192,
      "context_chars": 3213.59
    },
    "6": {
      "n": 100,
      "em": 0.38,
      "f1": 0.4732036101153749,
      "containment": 0.42,
      "latency_ms": 210.83663940429688,
      "context_chars": 3858.66
    }
  }
}