{
  "shard_index": 19,
  "shard_count": 37,
  "summary": {
    "0": {
      "n": 100,
      "em": 0.08,
      "f1": 0.15588828640834676,
      "containment": 0.14,
      "latency_ms": 180.6258249282837,
      "context_chars": 0.0
    },
    "1": {
      "n": 100,
      "em": 0.26,
      "f1": 0.34747487479840417,
      "containment": 0.31,
      "latency_ms": 159.3408441543579,
      "context_chars": 632.36
    },
    "2": {
      "n": 100,
      "em": 0.31,
      "f1": 0.3912112631613909,
      "containment": 0.37,
      "latency_ms": 155.10282516479492,
      "context_chars": 1267.45
    },
    "3": {
      "n": 100,
      "em": 0.34,
      "f1": 0.44581325863678795,
      "containment": 0.38,
      "latency_ms": 167.5020670890808,
      "context_chars": 1903.58
    },
    "4": {
      "n": 100,
      "em": 0.34,
      "f1": 0.43989120705753565,
      "containment": 0.4,
      "latency_ms": 197.37221717834473,
      "context_chars": 2545.86
    },
    "5": {
      "n": 100,
      "em": 0.36,
      "f1": 0.4620608861726508,
      "containment": 0.42,
      "latency_ms": 206.22180223464966,
      "context_chars": 3179.27
    },
    "6": {
      "n": 100,
      "em": 0.34,
      "f1": 0.4309743900979195,
      "containment": 0.41,
      "latency_ms": 238.39075565338135,
      "context_chars": 3809.6
    }
  }
}