{
  "shard_index": 36,
  "shard_count": 37,
  "summary": {
    "0": {
      "n": 10,
      "em": 0.2,
      "f1": 0.32666666666666666,
      "containment": 0.3,
      "latency_ms": 94.27909851074219,
      "context_chars": 0.0
    },
    "1": {
      "n": 10,
      "em": 0.3,
      "f1": 0.42666666666666664,
      "containment": 0.5,
      "latency_ms": 106.27665519714355,
      "context_chars": 635.6
    },
    "2": {
      "n": 10,
      "em": 0.4,
      "f1": 0.6166666666666666,
      "containment": 0.6,
      "latency_ms": 108.68804454803467,
      "context_chars": 1284.9
    },
    "3": {
      "n": 10,
      "em": 0.3,
      "f1": 0.6055555555555555,
      "containment": 0.7,
      "latency_ms": 123.917555809021,
      "context_chars": 1932.9
    },
    "4": {
      "n": 10,
      "em": 0.3,
      "f1": 0.5955555555555556,
      "containment": 0.7,
      "latency_ms": 127.55587100982666,
      "context_chars": 2580.4
    },
    "5": {
      "n": 10,
      "em": 0.3,
      "f1": 0.5955555555555556,
      "containment": 0.7,
      "latency_ms": 142.6520824432373,
      "context_chars": 3252.5
    },
    "6": {
      "n": 10,
      "em": 0.3,
      "f1": 0.5805555555555555,
      "containment": 0.9,
      "latency_ms": 184.77048873901367,
      "context_chars": 3903.6
    }
  }
}