{
  "shard_index": 8,
  "shard_count": 37,
  "summary": {
    "0": {
      "n": 100,
      "em": 0.18,
      "f1": 0.22762372110647974,
      "containment": 0.21,
      "latency_ms": 137.86512851715088,
      "context_chars": 0.0
    },
    "1": {
      "n": 100,
      "em": 0.25,
      "f1": 0.3263730158730159,
      "containment": 0.27,
      "latency_ms": 139.1439914703369,
      "context_chars": 634.01
    },
    "2": {
      "n": 100,
      "em": 0.24,
      "f1": 0.33020886303239244,
      "containment": 0.29,
      "latency_ms": 171.69461011886597,
      "context_chars": 1273.88
    },
    "3": {
      "n": 100,
      "em": 0.27,
      "f1": 0.3718660228660229,
      "containment": 0.35,
      "latency_ms": 187.43528842926025,
      "context_chars": 1921.66
    },
    "4": {
      "n": 100,
      "em": 0.28,
      "f1": 0.38754784104784096,
      "containment": 0.34,
      "latency_ms": 197.8389072418213,
      "context_chars": 2561.43
    },
    "5": {
      "n": 100,
      "em": 0.28,
      "f1": 0.3930624930624931,
      "containment": 0.36,
      "latency_ms": 209.91050958633423,
      "context_chars": 3205.72
    },
    "6": {
      "n": 100,
      "em": 0.27,
      "f1": 0.386006216006216,
      "containment": 0.35,
      "latency_ms": 216.58864736557007,
      "context_chars": 3846.99
    }
  }
}