{
  "shard_index": 5,
  "shard_count": 37,
  "summary": {
    "0": {
      "n": 100,
      "em": 0.14,
      "f1": 0.2312857142857143,
      "containment": 0.19,
      "latency_ms": 123.89779806137085,
      "context_chars": 0.0
    },
    "1": {
      "n": 100,
      "em": 0.29,
      "f1": 0.3696666666666667,
      "containment": 0.32,
      "latency_ms": 138.23583602905273,
      "context_chars": 646.31
    },
    "2": {
      "n": 100,
      "em": 0.35,
      "f1": 0.45640537240537243,
      "containment": 0.42,
      "latency_ms": 148.42613458633423,
      "context_chars": 1289.33
    },
    "3": {
      "n": 100,
      "em": 0.37,
      "f1": 0.46845299145299135,
      "containment": 0.44,
      "latency_ms": 168.78803253173828,
      "context_chars": 1934.15
    },
    "4": {
      "n": 100,
      "em": 0.37,
      "f1": 0.47970390720390715,
      "containment": 0.46,
      "latency_ms": 172.41164445877075,
      "context_chars": 2575.64
    },
    "5": {
      "n": 100,
      "em": 0.35,
      "f1": 0.4682084027084027,
      "containment": 0.45,
      "latency_ms": 197.48726844787598,
      "context_chars": 3217.37
    },
    "6": {
      "n": 100,
      "em": 0.35,
      "f1": 0.4627515262515262,
      "containment": 0.44,
      "latency_ms": 208.86603593826294,
      "context_chars": 3861.26
    }
  }
}