{
  "shard_index": 17,
  "shard_count": 37,
  "summary": {
    "0": {
      "n": 100,
      "em": 0.13,
      "f1": 0.18833747412008284,
      "containment": 0.16,
      "latency_ms": 198.8155698776245,
      "context_chars": 0.0
    },
    "1": {
      "n": 100,
      "em": 0.35,
      "f1": 0.38444512797144376,
      "containment": 0.33,
      "latency_ms": 138.7158203125,
      "context_chars": 640.49
    },
    "2": {
      "n": 100,
      "em": 0.4,
      "f1": 0.4578718130112433,
      "containment": 0.38,
      "latency_ms": 167.12684154510498,
      "context_chars": 1281.09
    },
    "3": {
      "n": 100,
      "em": 0.39,
      "f1": 0.4627218697755782,
      "containment": 0.39,
      "latency_ms": 186.3327670097351,
      "context_chars": 1920.56
    },
    "4": {
      "n": 100,
      "em": 0.37,
      "f1": 0.4319783549783549,
      "containment": 0.37,
      "latency_ms": 189.94360446929932,
      "context_chars": 2562.73
    },
    "5": {
      "n": 100,
      "em": 0.41,
      "f1": 0.47109932883208744,
      "containment": 0.41,
      "latency_ms": 221.42985343933105,
      "context_chars": 3203.27
    },
    "6": {
      "n": 100,
      "em": 0.4,
      "f1": 0.4620042114747997,
      "containment": 0.41,
      "latency_ms": 232.2652792930603,
      "context_chars": 3852.07
    }
  }
}