{
  "shard_index": 31,
  "shard_count": 37,
  "summary": {
    "0": {
      "n": 100,
      "em": 0.12,
      "f1": 0.17459969442322387,
      "containment": 0.14,
      "latency_ms": 150.11586904525757,
      "context_chars": 0.0
    },
    "1": {
      "n": 100,
      "em": 0.25,
      "f1": 0.3432815126050421,
      "containment": 0.29,
      "latency_ms": 141.87561511993408,
      "context_chars": 640.67
    },
    "2": {
      "n": 100,
      "em": 0.31,
      "f1": 0.42734236874236864,
      "containment": 0.36,
      "latency_ms": 154.21985626220703,
      "context_chars": 1280.41
    },
    "3": {
      "n": 100,
      "em": 0.29,
      "f1": 0.4099326784326784,
      "containment": 0.36,
      "latency_ms": 181.96788549423218,
      "context_chars": 1918.06
    },
    "4": {
      "n": 100,
      "em": 0.29,
      "f1": 0.40942490842490836,
      "containment": 0.35,
      "latency_ms": 178.8856863975525,
      "context_chars": 2553.16
    },
    "5": {
      "n": 100,
      "em": 0.31,
      "f1": 0.434046842046842,
      "containment": 0.4,
      "latency_ms": 195.39260864257812,
      "context_chars": 3195.49
    },
    "6": {
      "n": 100,
      "em": 0.32,
      "f1": 0.43297130647130644,
      "containment": 0.39,
      "latency_ms": 198.52225065231323,
      "context_chars": 3833.82
    }
  }
}