{
  "shard_index": 10,
  "shard_count": 37,
  "summary": {
    "0": {
      "n": 100,
      "em": 0.1,
      "f1": 0.15108333333333332,
      "containment": 0.1,
      "latency_ms": 119.48909282684326,
      "context_chars": 0.0
    },
    "1": {
      "n": 100,
      "em": 0.38,
      "f1": 0.4613067283593599,
      "containment": 0.4,
      "latency_ms": 143.04502725601196,
      "context_chars": 632.59
    },
    "2": {
      "n": 100,
      "em": 0.4,
      "f1": 0.4944805194805194,
      "containment": 0.43,
      "latency_ms": 148.60948085784912,
      "context_chars": 1269.88
    },
    "3": {
      "n": 100,
      "em": 0.47,
      "f1": 0.5446926406926406,
      "containment": 0.47,
      "latency_ms": 167.0123791694641,
      "context_chars": 1911.18
    },
    "4": {
      "n": 100,
      "em": 0.45,
      "f1": 0.5317195027195026,
      "containment": 0.46,
      "latency_ms": 170.54360389709473,
      "context_chars": 2548.94
    },
    "5": {
      "n": 100,
      "em": 0.43,
      "f1": 0.5354487734487734,
      "containment": 0.48,
      "latency_ms": 218.25214385986328,
      "context_chars": 3187.56
    },
    "6": {
      "n": 100,
      "em": 0.43,
      "f1": 0.515895973307738,
      "containment": 0.46,
      "latency_ms": 209.99417066574097,
      "context_chars": 3826.56
    }
  }
}