{
  "shard_index": 21,
  "shard_count": 37,
  "summary": {
    "0": {
      "n": 100,
      "em": 0.11,
      "f1": 0.15826590412200717,
      "containment": 0.15,
      "latency_ms": 157.04060316085815,
      "context_chars": 0.0
    },
    "1": {
      "n": 100,
      "em": 0.3,
      "f1": 0.3928499278499279,
      "containment": 0.34,
      "latency_ms": 146.9340419769287,
      "context_chars": 623.36
    },
    "2": {
      "n": 100,
      "em": 0.28,
      "f1": 0.4159153439153438,
      "containment": 0.39,
      "latency_ms": 153.91820907592773,
      "context_chars": 1255.35
    },
    "3": {
      "n": 100,
      "em": 0.31,
      "f1": 0.43842297979797984,
      "containment": 0.4,
      "latency_ms": 170.77609062194824,
      "context_chars": 1887.79
    },
    "4": {
      "n": 100,
      "em": 0.3,
      "f1": 0.4538901653901653,
      "containment": 0.41,
      "latency_ms": 186.30115747451782,
      "context_chars": 2524.72
    },
    "5": {
      "n": 100,
      "em": 0.31,
      "f1": 0.4482224442224442,
      "containment": 0.42,
      "latency_ms": 217.7341604232788,
      "context_chars": 3156.59
    },
    "6": {
      "n": 100,
      "em": 0.32,
      "f1": 0.4494541160593792,
      "containment": 0.41,
      "latency_ms": 227.9264783859253,
      "context_chars": 3790.99
    }
  }
}