{
  "dataset": "nq_test",
  "retriever": "WRRF_RSD",
  "rag_variant": "WRRF_RSD_k0to6",
  "num_examples": 3610,
  "shots": {
    "0": {
      "n": 3610,
      "em": 0.12188365650969529,
      "f1": 0.1852342361783811,
      "containment": 0.15706371191135735,
      "latency_ms": 132.6515289554966,
      "context_chars": 0.0
    },
    "1": {
      "n": 3610,
      "em": 0.27008310249307477,
      "f1": 0.3577675279149218,
      "containment": 0.31163434903047094,
      "latency_ms": 139.834991782656,
      "context_chars": 637.5905817174515
    },
    "2": {
      "n": 3610,
      "em": 0.29058171745152356,
      "f1": 0.3905740795501235,
      "containment": 0.3481994459833795,
      "latency_ms": 158.18064173172715,
      "context_chars": 1277.7495844875345
    },
    "3": {
      "n": 3610,
      "em": 0.3038781163434903,
      "f1": 0.4119614745867789,
      "containment": 0.3739612188365651,
      "latency_ms": 173.89642465808055,
      "context_chars": 1918.8939058171745
    },
    "4": {
      "n": 3610,
      "em": 0.3124653739612188,
      "f1": 0.42250308691134436,
      "containment": 0.385595567867036,
      "latency_ms": 186.9026271260016,
      "context_chars": 2559.3828254847645
    },
    "5": {
      "n": 3610,
      "em": 0.31274238227146817,
      "f1": 0.42541668536173777,
      "containment": 0.3939058171745152,
      "latency_ms": 202.67393377679207,
      "context_chars": 3200.168975069252
    },
    "6": {
      "n": 3610,
      "em": 0.3204986149584488,
      "f1": 0.43418234333868483,
      "containment": 0.40110803324099725,
      "latency_ms": 216.72253925714466,
      "context_chars": 3841.2542936288087
    }
  }
}