{
  "shard_index": 2,
  "shard_count": 37,
  "summary": {
    "0": {
      "n": 100,
      "em": 0.11,
      "f1": 0.18076190476190476,
      "containment": 0.17,
      "latency_ms": 225.65839052200317,
      "context_chars": 0.0
    },
    "1": {
      "n": 100,
      "em": 0.15,
      "f1": 0.19792857142857145,
      "containment": 0.19,
      "latency_ms": 187.44926691055298,
      "context_chars": 641.31
    },
    "2": {
      "n": 100,
      "em": 0.19,
      "f1": 0.24079437229437237,
      "containment": 0.21,
      "latency_ms": 197.49508142471313,
      "context_chars": 1280.07
    },
    "3": {
      "n": 100,
      "em": 0.2,
      "f1": 0.2700728715728716,
      "containment": 0.24,
      "latency_ms": 261.4662265777588,
      "context_chars": 1917.91
    },
    "4": {
      "n": 100,
      "em": 0.21,
      "f1": 0.28786075036075043,
      "containment": 0.26,
      "latency_ms": 270.71463346481323,
      "context_chars": 2555.09
    },
    "5": {
      "n": 100,
      "em": 0.18,
      "f1": 0.2756385281385281,
      "containment": 0.24,
      "latency_ms": 282.5615358352661,
      "context_chars": 3190.47
    },
    "6": {
      "n": 100,
      "em": 0.16,
      "f1": 0.26023448773448776,
      "containment": 0.23,
      "latency_ms": 295.79521894454956,
      "context_chars": 3828.0
    }
  }
}