{
  "shard_index": 3,
  "shard_count": 37,
  "summary": {
    "0": {
      "n": 100,
      "em": 0.1,
      "f1": 0.1703658008658009,
      "containment": 0.14,
      "latency_ms": 256.48340463638306,
      "context_chars": 0.0
    },
    "1": {
      "n": 100,
      "em": 0.14,
      "f1": 0.19116666666666668,
      "containment": 0.16,
      "latency_ms": 206.50665283203125,
      "context_chars": 637.73
    },
    "2": {
      "n": 100,
      "em": 0.16,
      "f1": 0.21083333333333332,
      "containment": 0.19,
      "latency_ms": 216.69896125793457,
      "context_chars": 1280.34
    },
    "3": {
      "n": 100,
      "em": 0.18,
      "f1": 0.23285714285714285,
      "containment": 0.23,
      "latency_ms": 207.52299547195435,
      "context_chars": 1926.47
    },
    "4": {
      "n": 100,
      "em": 0.24,
      "f1": 0.28369047619047616,
      "containment": 0.26,
      "latency_ms": 224.64781522750854,
      "context_chars": 2570.56
    },
    "5": {
      "n": 100,
      "em": 0.23,
      "f1": 0.2974333333333334,
      "containment": 0.28,
      "latency_ms": 266.19590759277344,
      "context_chars": 3213.29
    },
    "6": {
      "n": 100,
      "em": 0.22,
      "f1": 0.29250000000000004,
      "containment": 0.28,
      "latency_ms": 269.37594413757324,
      "context_chars": 3854.67
    }
  }
}