{
  "shard_index": 9,
  "shard_count": 37,
  "summary": {
    "0": {
      "n": 100,
      "em": 0.15,
      "f1": 0.2613982683982684,
      "containment": 0.17,
      "latency_ms": 290.8140015602112,
      "context_chars": 0.0
    },
    "1": {
      "n": 100,
      "em": 0.17,
      "f1": 0.24901731601731603,
      "containment": 0.19,
      "latency_ms": 193.7764859199524,
      "context_chars": 647.0
    },
    "2": {
      "n": 100,
      "em": 0.2,
      "f1": 0.25803692386045324,
      "containment": 0.2,
      "latency_ms": 200.31789541244507,
      "context_chars": 1291.4
    },
    "3": {
      "n": 100,
      "em": 0.19,
      "f1": 0.26109423909423907,
      "containment": 0.2,
      "latency_ms": 257.12379217147827,
      "context_chars": 1931.8
    },
    "4": {
      "n": 100,
      "em": 0.22,
      "f1": 0.293017316017316,
      "containment": 0.23,
      "latency_ms": 251.3140630722046,
      "context_chars": 2579.97
    },
    "5": {
      "n": 100,
      "em": 0.27,
      "f1": 0.34319378660555133,
      "containment": 0.29,
      "latency_ms": 257.67157316207886,
      "context_chars": 3222.82
    },
    "6": {
      "n": 100,
      "em": 0.28,
      "f1": 0.3752316017316017,
      "containment": 0.31,
      "latency_ms": 273.2113218307495,
      "context_chars": 3865.51
    }
  }
}