{
  "shard_index": 0,
  "shard_count": 37,
  "summary": {
    "0": {
      "n": 100,
      "em": 0.12,
      "f1": 0.23425438450438452,
      "containment": 0.19,
      "latency_ms": 267.8534436225891,
      "context_chars": 0.0
    },
    "1": {
      "n": 100,
      "em": 0.12,
      "f1": 0.21808008658008662,
      "containment": 0.16,
      "latency_ms": 183.04940938949585,
      "context_chars": 635.6
    },
    "2": {
      "n": 100,
      "em": 0.15,
      "f1": 0.26974556489262375,
      "containment": 0.22,
      "latency_ms": 215.05270719528198,
      "context_chars": 1277.28
    },
    "3": {
      "n": 100,
      "em": 0.18,
      "f1": 0.3100821727292316,
      "containment": 0.25,
      "latency_ms": 229.9558424949646,
      "context_chars": 1922.95
    },
    "4": {
      "n": 100,
      "em": 0.2,
      "f1": 0.3414086240556829,
      "containment": 0.29,
      "latency_ms": 254.4553303718567,
      "context_chars": 2560.0
    },
    "5": {
      "n": 100,
      "em": 0.21,
      "f1": 0.36209299764562936,
      "containment": 0.32,
      "latency_ms": 288.2939577102661,
      "context_chars": 3200.15
    },
    "6": {
      "n": 100,
      "em": 0.21,
      "f1": 0.36683250572956466,
      "containment": 0.32,
      "latency_ms": 278.409423828125,
      "context_chars": 3841.21
    }
  }
}