{
  "shard_index": 22,
  "shard_count": 37,
  "summary": {
    "0": {
      "n": 100,
      "em": 0.15,
      "f1": 0.2201158008658009,
      "containment": 0.23,
      "latency_ms": 200.30911207199097,
      "context_chars": 0.0
    },
    "1": {
      "n": 100,
      "em": 0.21,
      "f1": 0.2725201465201465,
      "containment": 0.29,
      "latency_ms": 223.04092168807983,
      "context_chars": 635.89
    },
    "2": {
      "n": 100,
      "em": 0.23,
      "f1": 0.28694871794871796,
      "containment": 0.3,
      "latency_ms": 241.2916398048401,
      "context_chars": 1271.1
    },
    "3": {
      "n": 100,
      "em": 0.22,
      "f1": 0.2818495115995116,
      "containment": 0.3,
      "latency_ms": 254.42616939544678,
      "context_chars": 1912.91
    },
    "4": {
      "n": 100,
      "em": 0.24,
      "f1": 0.3144884004884005,
      "containment": 0.32,
      "latency_ms": 273.4187602996826,
      "context_chars": 2554.14
    },
    "5": {
      "n": 100,
      "em": 0.24,
      "f1": 0.31401221001221,
      "containment": 0.32,
      "latency_ms": 286.88936710357666,
      "context_chars": 3192.71
    },
    "6": {
      "n": 100,
      "em": 0.23,
      "f1": 0.31377411477411477,
      "containment": 0.31,
      "latency_ms": 283.78623247146606,
      "context_chars": 3836.78
    }
  }
}