{
  "shard_index": 7,
  "shard_count": 37,
  "summary": {
    "0": {
      "n": 100,
      "em": 0.15,
      "f1": 0.24915194805194804,
      "containment": 0.22,
      "latency_ms": 260.40072202682495,
      "context_chars": 0.0
    },
    "1": {
      "n": 100,
      "em": 0.11,
      "f1": 0.17848412698412697,
      "containment": 0.16,
      "latency_ms": 223.81713151931763,
      "context_chars": 647.04
    },
    "2": {
      "n": 100,
      "em": 0.13,
      "f1": 0.21446116628469572,
      "containment": 0.19,
      "latency_ms": 268.02497386932373,
      "context_chars": 1292.34
    },
    "3": {
      "n": 100,
      "em": 0.13,
      "f1": 0.2325402901192375,
      "containment": 0.2,
      "latency_ms": 286.03187561035156,
      "context_chars": 1934.91
    },
    "4": {
      "n": 100,
      "em": 0.16,
      "f1": 0.25518217893217887,
      "containment": 0.22,
      "latency_ms": 279.0952777862549,
      "context_chars": 2576.6
    },
    "5": {
      "n": 100,
      "em": 0.17,
      "f1": 0.2661007130124777,
      "containment": 0.23,
      "latency_ms": 296.8957495689392,
      "context_chars": 3222.45
    },
    "6": {
      "n": 100,
      "em": 0.18,
      "f1": 0.29702928444104915,
      "containment": 0.24,
      "latency_ms": 278.21117401123047,
      "context_chars": 3875.53
    }
  }
}