{
  "shard_index": 10,
  "shard_count": 37,
  "summary": {
    "0": {
      "n": 100,
      "em": 0.11,
      "f1": 0.23033680792891315,
      "containment": 0.16,
      "latency_ms": 212.10002422332764,
      "context_chars": 0.0
    },
    "1": {
      "n": 100,
      "em": 0.24,
      "f1": 0.2776776556776557,
      "containment": 0.22,
      "latency_ms": 233.15652132034302,
      "context_chars": 641.45
    },
    "2": {
      "n": 100,
      "em": 0.24,
      "f1": 0.3055909090909091,
      "containment": 0.27,
      "latency_ms": 210.57152271270752,
      "context_chars": 1277.38
    },
    "3": {
      "n": 100,
      "em": 0.25,
      "f1": 0.319843137254902,
      "containment": 0.26,
      "latency_ms": 235.14412879943848,
      "context_chars": 1907.11
    },
    "4": {
      "n": 100,
      "em": 0.28,
      "f1": 0.3621535286179249,
      "containment": 0.31,
      "latency_ms": 287.090060710907,
      "context_chars": 2548.54
    },
    "5": {
      "n": 100,
      "em": 0.26,
      "f1": 0.3302707847707847,
      "containment": 0.29,
      "latency_ms": 291.26204013824463,
      "context_chars": 3184.88
    },
    "6": {
      "n": 100,
      "em": 0.29,
      "f1": 0.3823046953046953,
      "containment": 0.35,
      "latency_ms": 310.05216121673584,
      "context_chars": 3820.32
    }
  }
}