{
  "shard_index": 32,
  "shard_count": 37,
  "summary": {
    "0": {
      "n": 100,
      "em": 0.13,
      "f1": 0.2313506493506493,
      "containment": 0.2,
      "latency_ms": 199.49962854385376,
      "context_chars": 0.0
    },
    "1": {
      "n": 100,
      "em": 0.11,
      "f1": 0.14733333333333332,
      "containment": 0.11,
      "latency_ms": 199.71854209899902,
      "context_chars": 635.61
    },
    "2": {
      "n": 100,
      "em": 0.1,
      "f1": 0.18959103641456582,
      "containment": 0.14,
      "latency_ms": 305.6683683395386,
      "context_chars": 1266.33
    },
    "3": {
      "n": 100,
      "em": 0.14,
      "f1": 0.23428571428571432,
      "containment": 0.17,
      "latency_ms": 248.81032466888428,
      "context_chars": 1904.74
    },
    "4": {
      "n": 100,
      "em": 0.15,
      "f1": 0.2569047619047619,
      "containment": 0.19,
      "latency_ms": 266.8010687828064,
      "context_chars": 2540.87
    },
    "5": {
      "n": 100,
      "em": 0.18,
      "f1": 0.2914799253034547,
      "containment": 0.23,
      "latency_ms": 294.5290279388428,
      "context_chars": 3181.48
    },
    "6": {
      "n": 100,
      "em": 0.17,
      "f1": 0.28349864732217667,
      "containment": 0.22,
      "latency_ms": 325.2780246734619,
      "context_chars": 3818.94
    }
  }
}