{
  "shard_index": 29,
  "shard_count": 37,
  "summary": {
    "0": {
      "n": 100,
      "em": 0.12,
      "f1": 0.21679888532520106,
      "containment": 0.22,
      "latency_ms": 232.4645709991455,
      "context_chars": 0.0
    },
    "1": {
      "n": 100,
      "em": 0.17,
      "f1": 0.24426906426906428,
      "containment": 0.23,
      "latency_ms": 184.56848621368408,
      "context_chars": 642.78
    },
    "2": {
      "n": 100,
      "em": 0.22,
      "f1": 0.3058212669683258,
      "containment": 0.29,
      "latency_ms": 200.88972330093384,
      "context_chars": 1284.62
    },
    "3": {
      "n": 100,
      "em": 0.24,
      "f1": 0.3118450764921353,
      "containment": 0.29,
      "latency_ms": 219.39979076385498,
      "context_chars": 1929.66
    },
    "4": {
      "n": 100,
      "em": 0.22,
      "f1": 0.3118926955397544,
      "containment": 0.3,
      "latency_ms": 250.92729806900024,
      "context_chars": 2571.72
    },
    "5": {
      "n": 100,
      "em": 0.21,
      "f1": 0.30936094950800835,
      "containment": 0.28,
      "latency_ms": 261.100070476532,
      "context_chars": 3217.79
    },
    "6": {
      "n": 100,
      "em": 0.18,
      "f1": 0.2956466637937227,
      "containment": 0.27,
      "latency_ms": 286.89090728759766,
      "context_chars": 3863.66
    }
  }
}