{
  "shard_index": 36,
  "shard_count": 37,
  "summary": {
    "0": {
      "n": 10,
      "em": 0.2,
      "f1": 0.36666666666666664,
      "containment": 0.4,
      "latency_ms": 217.88570880889893,
      "context_chars": 0.0
    },
    "1": {
      "n": 10,
      "em": 0.3,
      "f1": 0.41,
      "containment": 0.5,
      "latency_ms": 255.09238243103027,
      "context_chars": 661.0
    },
    "2": {
      "n": 10,
      "em": 0.3,
      "f1": 0.35,
      "containment": 0.4,
      "latency_ms": 308.84835720062256,
      "context_chars": 1309.7
    },
    "3": {
      "n": 10,
      "em": 0.3,
      "f1": 0.35,
      "containment": 0.4,
      "latency_ms": 265.9334659576416,
      "context_chars": 1964.4
    },
    "4": {
      "n": 10,
      "em": 0.3,
      "f1": 0.47666666666666657,
      "containment": 0.6,
      "latency_ms": 361.3891363143921,
      "context_chars": 2613.0
    },
    "5": {
      "n": 10,
      "em": 0.2,
      "f1": 0.32095238095238093,
      "containment": 0.4,
      "latency_ms": 374.82450008392334,
      "context_chars": 3258.5
    },
    "6": {
      "n": 10,
      "em": 0.4,
      "f1": 0.5066666666666666,
      "containment": 0.5,
      "latency_ms": 374.11231994628906,
      "context_chars": 3939.3
    }
  }
}