{
  "shard_index": 27,
  "shard_count": 37,
  "summary": {
    "0": {
      "n": 100,
      "em": 0.2,
      "f1": 0.2669126984126984,
      "containment": 0.22,
      "latency_ms": 194.88604307174683,
      "context_chars": 0.0
    },
    "1": {
      "n": 100,
      "em": 0.16,
      "f1": 0.18088888888888888,
      "containment": 0.18,
      "latency_ms": 202.0408034324646,
      "context_chars": 637.42
    },
    "2": {
      "n": 100,
      "em": 0.18,
      "f1": 0.22354365079365077,
      "containment": 0.21,
      "latency_ms": 230.86599349975586,
      "context_chars": 1279.67
    },
    "3": {
      "n": 100,
      "em": 0.2,
      "f1": 0.26935930735930735,
      "containment": 0.24,
      "latency_ms": 251.50858879089355,
      "context_chars": 1917.3
    },
    "4": {
      "n": 100,
      "em": 0.2,
      "f1": 0.2713294287411935,
      "containment": 0.24,
      "latency_ms": 262.9827117919922,
      "context_chars": 2556.08
    },
    "5": {
      "n": 100,
      "em": 0.23,
      "f1": 0.3013828197945844,
      "containment": 0.27,
      "latency_ms": 299.26663398742676,
      "context_chars": 3194.11
    },
    "6": {
      "n": 100,
      "em": 0.24,
      "f1": 0.3257978279030911,
      "containment": 0.3,
      "latency_ms": 300.3195571899414,
      "context_chars": 3829.73
    }
  }
}