{
  "shard_index": 18,
  "shard_count": 37,
  "summary": {
    "0": {
      "n": 100,
      "em": 0.12,
      "f1": 0.21361399711399712,
      "containment": 0.19,
      "latency_ms": 203.0069088935852,
      "context_chars": 0.0
    },
    "1": {
      "n": 100,
      "em": 0.17,
      "f1": 0.23108608058608054,
      "containment": 0.2,
      "latency_ms": 185.54470777511597,
      "context_chars": 647.6
    },
    "2": {
      "n": 100,
      "em": 0.2,
      "f1": 0.2824365079365079,
      "containment": 0.22,
      "latency_ms": 200.73226690292358,
      "context_chars": 1292.22
    },
    "3": {
      "n": 100,
      "em": 0.23,
      "f1": 0.35172222222222216,
      "containment": 0.28,
      "latency_ms": 235.7411527633667,
      "context_chars": 1937.13
    },
    "4": {
      "n": 100,
      "em": 0.22,
      "f1": 0.34768326118326115,
      "containment": 0.3,
      "latency_ms": 249.2013430595398,
      "context_chars": 2588.52
    },
    "5": {
      "n": 100,
      "em": 0.24,
      "f1": 0.38564163614163627,
      "containment": 0.32,
      "latency_ms": 262.097704410553,
      "context_chars": 3228.49
    },
    "6": {
      "n": 100,
      "em": 0.28,
      "f1": 0.41891702741702747,
      "containment": 0.35,
      "latency_ms": 299.50510025024414,
      "context_chars": 3868.7
    }
  }
}