{
  "shard_index": 35,
  "shard_count": 37,
  "summary": {
    "0": {
      "n": 100,
      "em": 0.15,
      "f1": 0.21007592380834647,
      "containment": 0.19,
      "latency_ms": 359.69647884368896,
      "context_chars": 0.0
    },
    "1": {
      "n": 100,
      "em": 0.16,
      "f1": 0.21322222222222223,
      "containment": 0.18,
      "latency_ms": 216.41425371170044,
      "context_chars": 648.1
    },
    "2": {
      "n": 100,
      "em": 0.18,
      "f1": 0.24331818181818182,
      "containment": 0.19,
      "latency_ms": 202.81609058380127,
      "context_chars": 1299.99
    },
    "3": {
      "n": 100,
      "em": 0.23,
      "f1": 0.28875898078529655,
      "containment": 0.24,
      "latency_ms": 225.64696788787842,
      "context_chars": 1950.12
    },
    "4": {
      "n": 100,
      "em": 0.23,
      "f1": 0.2969761904761905,
      "containment": 0.24,
      "latency_ms": 239.22231912612915,
      "context_chars": 2595.09
    },
    "5": {
      "n": 100,
      "em": 0.23,
      "f1": 0.3203888888888889,
      "containment": 0.28,
      "latency_ms": 270.3464961051941,
      "context_chars": 3243.53
    },
    "6": {
      "n": 100,
      "em": 0.25,
      "f1": 0.32902136752136757,
      "containment": 0.28,
      "latency_ms": 309.022433757782,
      "context_chars": 3886.15
    }
  }
}