{
  "shard_index": 4,
  "shard_count": 37,
  "summary": {
    "0": {
      "n": 100,
      "em": 0.14,
      "f1": 0.2199500858618506,
      "containment": 0.21,
      "latency_ms": 267.66382694244385,
      "context_chars": 0.0
    },
    "1": {
      "n": 100,
      "em": 0.08,
      "f1": 0.13865079365079366,
      "containment": 0.13,
      "latency_ms": 215.87199449539185,
      "context_chars": 636.8
    },
    "2": {
      "n": 100,
      "em": 0.14,
      "f1": 0.20704517704517705,
      "containment": 0.19,
      "latency_ms": 215.41527271270752,
      "context_chars": 1271.55
    },
    "3": {
      "n": 100,
      "em": 0.16,
      "f1": 0.2179594820384294,
      "containment": 0.19,
      "latency_ms": 240.6286883354187,
      "context_chars": 1910.61
    },
    "4": {
      "n": 100,
      "em": 0.21,
      "f1": 0.2895502275502276,
      "containment": 0.26,
      "latency_ms": 285.2478861808777,
      "context_chars": 2548.5
    },
    "5": {
      "n": 100,
      "em": 0.25,
      "f1": 0.33027766385661117,
      "containment": 0.3,
      "latency_ms": 304.61535453796387,
      "context_chars": 3186.1
    },
    "6": {
      "n": 100,
      "em": 0.24,
      "f1": 0.3221938491206226,
      "containment": 0.29,
      "latency_ms": 322.08086013793945,
      "context_chars": 3833.72
    }
  }
}