{
  "shard_index": 12,
  "shard_count": 37,
  "summary": {
    "0": {
      "n": 100,
      "em": 0.11,
      "f1": 0.18163940648723254,
      "containment": 0.17,
      "latency_ms": 210.52572965621948,
      "context_chars": 0.0
    },
    "1": {
      "n": 100,
      "em": 0.17,
      "f1": 0.21188095238095236,
      "containment": 0.17,
      "latency_ms": 184.67707633972168,
      "context_chars": 643.94
    },
    "2": {
      "n": 100,
      "em": 0.23,
      "f1": 0.29033233433233435,
      "containment": 0.25,
      "latency_ms": 199.78615283966064,
      "context_chars": 1282.53
    },
    "3": {
      "n": 100,
      "em": 0.22,
      "f1": 0.3105848595848596,
      "containment": 0.26,
      "latency_ms": 243.87495040893555,
      "context_chars": 1929.06
    },
    "4": {
      "n": 100,
      "em": 0.24,
      "f1": 0.3231536796536797,
      "containment": 0.29,
      "latency_ms": 248.70380878448486,
      "context_chars": 2568.96
    },
    "5": {
      "n": 100,
      "em": 0.24,
      "f1": 0.34304662004662007,
      "containment": 0.32,
      "latency_ms": 286.8884205818176,
      "context_chars": 3212.19
    },
    "6": {
      "n": 100,
      "em": 0.27,
      "f1": 0.3563225108225109,
      "containment": 0.32,
      "latency_ms": 272.70617723464966,
      "context_chars": 3854.03
    }
  }
}