{
  "shard_index": 26,
  "shard_count": 37,
  "summary": {
    "0": {
      "n": 100,
      "em": 0.11,
      "f1": 0.176508658008658,
      "containment": 0.13,
      "latency_ms": 196.64449214935303,
      "context_chars": 0.0
    },
    "1": {
      "n": 100,
      "em": 0.13,
      "f1": 0.2175238095238095,
      "containment": 0.17,
      "latency_ms": 183.30401420593262,
      "context_chars": 641.46
    },
    "2": {
      "n": 100,
      "em": 0.13,
      "f1": 0.2125808080808081,
      "containment": 0.19,
      "latency_ms": 231.13144159317017,
      "context_chars": 1285.19
    },
    "3": {
      "n": 100,
      "em": 0.14,
      "f1": 0.21677272727272726,
      "containment": 0.2,
      "latency_ms": 243.1804609298706,
      "context_chars": 1934.92
    },
    "4": {
      "n": 100,
      "em": 0.18,
      "f1": 0.2713268398268398,
      "containment": 0.24,
      "latency_ms": 242.88540124893188,
      "context_chars": 2584.05
    },
    "5": {
      "n": 100,
      "em": 0.18,
      "f1": 0.2742147001934236,
      "containment": 0.25,
      "latency_ms": 304.3332529067993,
      "context_chars": 3234.99
    },
    "6": {
      "n": 100,
      "em": 0.21,
      "f1": 0.30309090909090913,
      "containment": 0.27,
      "latency_ms": 271.6196918487549,
      "context_chars": 3876.98
    }
  }
}