{
  "shard_index": 13,
  "shard_count": 37,
  "summary": {
    "0": {
      "n": 100,
      "em": 0.14,
      "f1": 0.23730165912518852,
      "containment": 0.23,
      "latency_ms": 329.9098491668701,
      "context_chars": 0.0
    },
    "1": {
      "n": 100,
      "em": 0.12,
      "f1": 0.18985714285714284,
      "containment": 0.16,
      "latency_ms": 202.83013820648193,
      "context_chars": 637.0
    },
    "2": {
      "n": 100,
      "em": 0.18,
      "f1": 0.25392207792207794,
      "containment": 0.2,
      "latency_ms": 235.41591882705688,
      "context_chars": 1280.2
    },
    "3": {
      "n": 100,
      "em": 0.19,
      "f1": 0.274012987012987,
      "containment": 0.23,
      "latency_ms": 245.11704206466675,
      "context_chars": 1924.01
    },
    "4": {
      "n": 100,
      "em": 0.2,
      "f1": 0.29817667356797795,
      "containment": 0.26,
      "latency_ms": 260.83470821380615,
      "context_chars": 2563.14
    },
    "5": {
      "n": 100,
      "em": 0.17,
      "f1": 0.2796504723346829,
      "containment": 0.24,
      "latency_ms": 294.82600450515747,
      "context_chars": 3202.6
    },
    "6": {
      "n": 100,
      "em": 0.2,
      "f1": 0.28311319128522233,
      "containment": 0.23,
      "latency_ms": 314.5252323150635,
      "context_chars": 3844.84
    }
  }
}