{
  "shard_index": 1,
  "shard_count": 37,
  "summary": {
    "0": {
      "n": 100,
      "em": 0.1,
      "f1": 0.17548717948717946,
      "containment": 0.12,
      "latency_ms": 191.46905899047852,
      "context_chars": 0.0
    },
    "1": {
      "n": 100,
      "em": 0.17,
      "f1": 0.212,
      "containment": 0.18,
      "latency_ms": 201.5684676170349,
      "context_chars": 636.2
    },
    "2": {
      "n": 100,
      "em": 0.19,
      "f1": 0.2778650793650793,
      "containment": 0.22,
      "latency_ms": 207.53767728805542,
      "context_chars": 1272.1
    },
    "3": {
      "n": 100,
      "em": 0.19,
      "f1": 0.2627460317460317,
      "containment": 0.24,
      "latency_ms": 221.06368780136108,
      "context_chars": 1916.39
    },
    "4": {
      "n": 100,
      "em": 0.19,
      "f1": 0.2694308832425892,
      "containment": 0.25,
      "latency_ms": 253.86540174484253,
      "context_chars": 2559.18
    },
    "5": {
      "n": 100,
      "em": 0.22,
      "f1": 0.2978176691729323,
      "containment": 0.29,
      "latency_ms": 272.46723890304565,
      "context_chars": 3193.73
    },
    "6": {
      "n": 100,
      "em": 0.2,
      "f1": 0.2859189708141321,
      "containment": 0.28,
      "latency_ms": 290.77199935913086,
      "context_chars": 3836.07
    }
  }
}