{
  "shard_index": 15,
  "shard_count": 37,
  "summary": {
    "0": {
      "n": 100,
      "em": 0.14,
      "f1": 0.243524531024531,
      "containment": 0.18,
      "latency_ms": 201.79548740386963,
      "context_chars": 0.0
    },
    "1": {
      "n": 100,
      "em": 0.13,
      "f1": 0.1958083028083028,
      "containment": 0.19,
      "latency_ms": 224.11568403244019,
      "context_chars": 638.42
    },
    "2": {
      "n": 100,
      "em": 0.21,
      "f1": 0.30047619047619045,
      "containment": 0.24,
      "latency_ms": 233.50440979003906,
      "context_chars": 1275.2
    },
    "3": {
      "n": 100,
      "em": 0.22,
      "f1": 0.31244997457411644,
      "containment": 0.22,
      "latency_ms": 271.43030166625977,
      "context_chars": 1919.23
    },
    "4": {
      "n": 100,
      "em": 0.22,
      "f1": 0.2989920634920635,
      "containment": 0.22,
      "latency_ms": 279.38841342926025,
      "context_chars": 2561.69
    },
    "5": {
      "n": 100,
      "em": 0.23,
      "f1": 0.3036090102707749,
      "containment": 0.23,
      "latency_ms": 270.86347818374634,
      "context_chars": 3209.17
    },
    "6": {
      "n": 100,
      "em": 0.23,
      "f1": 0.32179639804639804,
      "containment": 0.27,
      "latency_ms": 307.45904445648193,
      "context_chars": 3856.39
    }
  }
}