{
  "shard_index": 28,
  "shard_count": 37,
  "summary": {
    "0": {
      "n": 100,
      "em": 0.11,
      "f1": 0.22164832334699877,
      "containment": 0.17,
      "latency_ms": 369.6701145172119,
      "context_chars": 0.0
    },
    "1": {
      "n": 100,
      "em": 0.14,
      "f1": 0.20065750915750916,
      "containment": 0.17,
      "latency_ms": 213.07236433029175,
      "context_chars": 636.98
    },
    "2": {
      "n": 100,
      "em": 0.17,
      "f1": 0.2285465367965368,
      "containment": 0.21,
      "latency_ms": 256.0609245300293,
      "context_chars": 1280.34
    },
    "3": {
      "n": 100,
      "em": 0.18,
      "f1": 0.23231176013155416,
      "containment": 0.22,
      "latency_ms": 276.73763275146484,
      "context_chars": 1920.26
    },
    "4": {
      "n": 100,
      "em": 0.17,
      "f1": 0.244737012987013,
      "containment": 0.22,
      "latency_ms": 294.4157409667969,
      "context_chars": 2558.76
    },
    "5": {
      "n": 100,
      "em": 0.19,
      "f1": 0.25480483405483406,
      "containment": 0.23,
      "latency_ms": 297.53711700439453,
      "context_chars": 3197.88
    },
    "6": {
      "n": 100,
      "em": 0.22,
      "f1": 0.29046861471861474,
      "containment": 0.24,
      "latency_ms": 294.06676054000854,
      "context_chars": 3838.25
    }
  }
}