{
  "shard_index": 21,
  "shard_count": 37,
  "summary": {
    "0": {
      "n": 100,
      "em": 0.12,
      "f1": 0.1948700918964077,
      "containment": 0.18,
      "latency_ms": 209.28738355636597,
      "context_chars": 0.0
    },
    "1": {
      "n": 100,
      "em": 0.12,
      "f1": 0.17339682539682538,
      "containment": 0.16,
      "latency_ms": 189.20900583267212,
      "context_chars": 634.52
    },
    "2": {
      "n": 100,
      "em": 0.2,
      "f1": 0.2601933621933622,
      "containment": 0.25,
      "latency_ms": 231.33588790893555,
      "context_chars": 1269.15
    },
    "3": {
      "n": 100,
      "em": 0.2,
      "f1": 0.2675829725829726,
      "containment": 0.25,
      "latency_ms": 251.64724588394165,
      "context_chars": 1901.74
    },
    "4": {
      "n": 100,
      "em": 0.23,
      "f1": 0.2782718253968254,
      "containment": 0.27,
      "latency_ms": 246.83722496032715,
      "context_chars": 2538.14
    },
    "5": {
      "n": 100,
      "em": 0.25,
      "f1": 0.3067837301587301,
      "containment": 0.3,
      "latency_ms": 316.9895124435425,
      "context_chars": 3172.83
    },
    "6": {
      "n": 100,
      "em": 0.23,
      "f1": 0.30511876032464263,
      "containment": 0.28,
      "latency_ms": 317.2602581977844,
      "context_chars": 3805.43
    }
  }
}