{
  "shard_index": 25,
  "shard_count": 37,
  "summary": {
    "0": {
      "n": 100,
      "em": 0.19,
      "f1": 0.2636601731601732,
      "containment": 0.22,
      "latency_ms": 213.4615659713745,
      "context_chars": 0.0
    },
    "1": {
      "n": 100,
      "em": 0.17,
      "f1": 0.24047929847929847,
      "containment": 0.23,
      "latency_ms": 252.37110376358032,
      "context_chars": 639.29
    },
    "2": {
      "n": 100,
      "em": 0.23,
      "f1": 0.31614896214896215,
      "containment": 0.3,
      "latency_ms": 273.8336133956909,
      "context_chars": 1287.94
    },
    "3": {
      "n": 100,
      "em": 0.25,
      "f1": 0.3354249639249639,
      "containment": 0.3,
      "latency_ms": 286.52876377105713,
      "context_chars": 1926.63
    },
    "4": {
      "n": 100,
      "em": 0.28,
      "f1": 0.36038200300991,
      "containment": 0.35,
      "latency_ms": 320.4581093788147,
      "context_chars": 2570.16
    },
    "5": {
      "n": 100,
      "em": 0.29,
      "f1": 0.37422005772005773,
      "containment": 0.36,
      "latency_ms": 341.1344075202942,
      "context_chars": 3204.44
    },
    "6": {
      "n": 100,
      "em": 0.3,
      "f1": 0.3892157287157288,
      "containment": 0.39,
      "latency_ms": 338.515088558197,
      "context_chars": 3840.86
    }
  }
}