{
  "shard_index": 11,
  "shard_count": 37,
  "summary": {
    "0": {
      "n": 100,
      "em": 0.22,
      "f1": 0.3028174603174603,
      "containment": 0.26,
      "latency_ms": 245.63612699508667,
      "context_chars": 0.0
    },
    "1": {
      "n": 100,
      "em": 0.17,
      "f1": 0.23040476190476192,
      "containment": 0.17,
      "latency_ms": 187.7499270439148,
      "context_chars": 628.92
    },
    "2": {
      "n": 100,
      "em": 0.18,
      "f1": 0.2606167133520075,
      "containment": 0.23,
      "latency_ms": 226.20328903198242,
      "context_chars": 1270.62
    },
    "3": {
      "n": 100,
      "em": 0.23,
      "f1": 0.3239918177797434,
      "containment": 0.3,
      "latency_ms": 264.0595746040344,
      "context_chars": 1907.86
    },
    "4": {
      "n": 100,
      "em": 0.23,
      "f1": 0.3102928784023144,
      "containment": 0.3,
      "latency_ms": 292.67032384872437,
      "context_chars": 2548.22
    },
    "5": {
      "n": 100,
      "em": 0.22,
      "f1": 0.3117613271922735,
      "containment": 0.3,
      "latency_ms": 314.9035310745239,
      "context_chars": 3185.0
    },
    "6": {
      "n": 100,
      "em": 0.24,
      "f1": 0.3146802054154995,
      "containment": 0.31,
      "latency_ms": 321.3341546058655,
      "context_chars": 3826.99
    }
  }
}