{
  "shard_index": 23,
  "shard_count": 37,
  "summary": {
    "0": {
      "n": 100,
      "em": 0.2,
      "f1": 0.31224025974025976,
      "containment": 0.23,
      "latency_ms": 193.19226741790771,
      "context_chars": 0.0
    },
    "1": {
      "n": 100,
      "em": 0.16,
      "f1": 0.20516666666666666,
      "containment": 0.19,
      "latency_ms": 216.04335069656372,
      "context_chars": 641.9
    },
    "2": {
      "n": 100,
      "em": 0.21,
      "f1": 0.2841926406926407,
      "containment": 0.26,
      "latency_ms": 235.82074403762817,
      "context_chars": 1293.78
    },
    "3": {
      "n": 100,
      "em": 0.2,
      "f1": 0.3024545454545455,
      "containment": 0.26,
      "latency_ms": 262.11687326431274,
      "context_chars": 1943.83
    },
    "4": {
      "n": 100,
      "em": 0.24,
      "f1": 0.34150216450216453,
      "containment": 0.3,
      "latency_ms": 246.6321611404419,
      "context_chars": 2589.05
    },
    "5": {
      "n": 100,
      "em": 0.27,
      "f1": 0.3611430791430792,
      "containment": 0.34,
      "latency_ms": 293.2799220085144,
      "context_chars": 3231.27
    },
    "6": {
      "n": 100,
      "em": 0.25,
      "f1": 0.3537210012210013,
      "containment": 0.32,
      "latency_ms": 296.4993166923523,
      "context_chars": 3873.08
    }
  }
}