{
  "shard_index": 19,
  "shard_count": 37,
  "summary": {
    "0": {
      "n": 100,
      "em": 0.09,
      "f1": 0.1879074889850244,
      "containment": 0.17,
      "latency_ms": 297.47960805892944,
      "context_chars": 0.0
    },
    "1": {
      "n": 100,
      "em": 0.14,
      "f1": 0.21880417621594095,
      "containment": 0.18,
      "latency_ms": 208.53264570236206,
      "context_chars": 631.02
    },
    "2": {
      "n": 100,
      "em": 0.2,
      "f1": 0.26544890077243016,
      "containment": 0.21,
      "latency_ms": 226.77549839019775,
      "context_chars": 1267.58
    },
    "3": {
      "n": 100,
      "em": 0.18,
      "f1": 0.23570512820512818,
      "containment": 0.19,
      "latency_ms": 248.26525449752808,
      "context_chars": 1900.93
    },
    "4": {
      "n": 100,
      "em": 0.22,
      "f1": 0.2876699315177576,
      "containment": 0.24,
      "latency_ms": 267.4765610694885,
      "context_chars": 2536.36
    },
    "5": {
      "n": 100,
      "em": 0.24,
      "f1": 0.29887761825377923,
      "containment": 0.24,
      "latency_ms": 304.67798233032227,
      "context_chars": 3175.44
    },
    "6": {
      "n": 100,
      "em": 0.25,
      "f1": 0.30986385836385844,
      "containment": 0.24,
      "latency_ms": 315.17099142074585,
      "context_chars": 3816.02
    }
  }
}