{
  "shard_index": 34,
  "shard_count": 37,
  "summary": {
    "0": {
      "n": 100,
      "em": 0.13,
      "f1": 0.20345873015873014,
      "containment": 0.18,
      "latency_ms": 190.3787136077881,
      "context_chars": 0.0
    },
    "1": {
      "n": 100,
      "em": 0.22,
      "f1": 0.27203361344537813,
      "containment": 0.24,
      "latency_ms": 195.58796882629395,
      "context_chars": 642.56
    },
    "2": {
      "n": 100,
      "em": 0.25,
      "f1": 0.2971111111111111,
      "containment": 0.24,
      "latency_ms": 200.11364459991455,
      "context_chars": 1279.19
    },
    "3": {
      "n": 100,
      "em": 0.26,
      "f1": 0.31866666666666665,
      "containment": 0.28,
      "latency_ms": 208.9724349975586,
      "context_chars": 1921.83
    },
    "4": {
      "n": 100,
      "em": 0.28,
      "f1": 0.35284149184149194,
      "containment": 0.3,
      "latency_ms": 222.70633220672607,
      "context_chars": 2559.79
    },
    "5": {
      "n": 100,
      "em": 0.29,
      "f1": 0.37113343965975554,
      "containment": 0.33,
      "latency_ms": 262.9515600204468,
      "context_chars": 3208.71
    },
    "6": {
      "n": 100,
      "em": 0.28,
      "f1": 0.356240519635681,
      "containment": 0.32,
      "latency_ms": 285.41682481765747,
      "context_chars": 3852.53
    }
  }
}