{
  "shard_index": 31,
  "shard_count": 37,
  "summary": {
    "0": {
      "n": 100,
      "em": 0.14,
      "f1": 0.21346622064803886,
      "containment": 0.19,
      "latency_ms": 338.32836389541626,
      "context_chars": 0.0
    },
    "1": {
      "n": 100,
      "em": 0.16,
      "f1": 0.24085006435006437,
      "containment": 0.19,
      "latency_ms": 197.65525102615356,
      "context_chars": 642.67
    },
    "2": {
      "n": 100,
      "em": 0.18,
      "f1": 0.27505555555555555,
      "containment": 0.22,
      "latency_ms": 217.40423917770386,
      "context_chars": 1285.49
    },
    "3": {
      "n": 100,
      "em": 0.2,
      "f1": 0.29462258852258855,
      "containment": 0.23,
      "latency_ms": 231.48368120193481,
      "context_chars": 1930.77
    },
    "4": {
      "n": 100,
      "em": 0.16,
      "f1": 0.2671912698412699,
      "containment": 0.21,
      "latency_ms": 264.19898748397827,
      "context_chars": 2576.0
    },
    "5": {
      "n": 100,
      "em": 0.18,
      "f1": 0.29475079365079365,
      "containment": 0.24,
      "latency_ms": 263.5148024559021,
      "context_chars": 3219.58
    },
    "6": {
      "n": 100,
      "em": 0.2,
      "f1": 0.31230634920634925,
      "containment": 0.25,
      "latency_ms": 283.07854890823364,
      "context_chars": 3859.49
    }
  }
}