{
  "shard_index": 14,
  "shard_count": 37,
  "summary": {
    "0": {
      "n": 100,
      "em": 0.15,
      "f1": 0.2583968253968254,
      "containment": 0.17,
      "latency_ms": 188.47105503082275,
      "context_chars": 0.0
    },
    "1": {
      "n": 100,
      "em": 0.13,
      "f1": 0.23491269841269843,
      "containment": 0.15,
      "latency_ms": 219.32817935943604,
      "context_chars": 648.95
    },
    "2": {
      "n": 100,
      "em": 0.18,
      "f1": 0.26366017316017315,
      "containment": 0.19,
      "latency_ms": 205.61272859573364,
      "context_chars": 1291.2
    },
    "3": {
      "n": 100,
      "em": 0.21,
      "f1": 0.3047316017316018,
      "containment": 0.23,
      "latency_ms": 250.60124158859253,
      "context_chars": 1927.84
    },
    "4": {
      "n": 100,
      "em": 0.23,
      "f1": 0.32124358974358974,
      "containment": 0.25,
      "latency_ms": 223.07138919830322,
      "context_chars": 2568.35
    },
    "5": {
      "n": 100,
      "em": 0.24,
      "f1": 0.34081501831501837,
      "containment": 0.27,
      "latency_ms": 290.49938678741455,
      "context_chars": 3207.32
    },
    "6": {
      "n": 100,
      "em": 0.28,
      "f1": 0.3885637973137973,
      "containment": 0.32,
      "latency_ms": 315.3294610977173,
      "context_chars": 3845.3
    }
  }
}