{
  "shard_index": 17,
  "shard_count": 37,
  "summary": {
    "0": {
      "n": 100,
      "em": 0.12,
      "f1": 0.21516910866910863,
      "containment": 0.17,
      "latency_ms": 268.37934494018555,
      "context_chars": 0.0
    },
    "1": {
      "n": 100,
      "em": 0.15,
      "f1": 0.19912121212121212,
      "containment": 0.16,
      "latency_ms": 207.10350036621094,
      "context_chars": 639.15
    },
    "2": {
      "n": 100,
      "em": 0.19,
      "f1": 0.23269264069264073,
      "containment": 0.22,
      "latency_ms": 232.46423482894897,
      "context_chars": 1289.89
    },
    "3": {
      "n": 100,
      "em": 0.27,
      "f1": 0.30817316017316015,
      "containment": 0.27,
      "latency_ms": 242.7478051185608,
      "context_chars": 1933.39
    },
    "4": {
      "n": 100,
      "em": 0.25,
      "f1": 0.2930383963862225,
      "containment": 0.26,
      "latency_ms": 239.4755744934082,
      "context_chars": 2578.26
    },
    "5": {
      "n": 100,
      "em": 0.25,
      "f1": 0.28405943605943607,
      "containment": 0.26,
      "latency_ms": 280.16791105270386,
      "context_chars": 3217.51
    },
    "6": {
      "n": 100,
      "em": 0.24,
      "f1": 0.2860088206367276,
      "containment": 0.26,
      "latency_ms": 305.96585750579834,
      "context_chars": 3861.09
    }
  }
}