{
  "shard_index": 30,
  "shard_count": 37,
  "summary": {
    "0": {
      "n": 100,
      "em": 0.13,
      "f1": 0.21195238095238092,
      "containment": 0.16,
      "latency_ms": 202.57736921310425,
      "context_chars": 0.0
    },
    "1": {
      "n": 100,
      "em": 0.21,
      "f1": 0.2783809523809524,
      "containment": 0.22,
      "latency_ms": 214.87892627716064,
      "context_chars": 638.92
    },
    "2": {
      "n": 100,
      "em": 0.31,
      "f1": 0.3943809523809524,
      "containment": 0.32,
      "latency_ms": 196.99952840805054,
      "context_chars": 1278.49
    },
    "3": {
      "n": 100,
      "em": 0.34,
      "f1": 0.4319229917369452,
      "containment": 0.38,
      "latency_ms": 246.54549598693848,
      "context_chars": 1923.58
    },
    "4": {
      "n": 100,
      "em": 0.32,
      "f1": 0.4286079734219268,
      "containment": 0.36,
      "latency_ms": 269.8058748245239,
      "context_chars": 2567.82
    },
    "5": {
      "n": 100,
      "em": 0.32,
      "f1": 0.42669736356394855,
      "containment": 0.38,
      "latency_ms": 311.96442127227783,
      "context_chars": 3209.63
    },
    "6": {
      "n": 100,
      "em": 0.34,
      "f1": 0.44573321123321114,
      "containment": 0.4,
      "latency_ms": 309.4304656982422,
      "context_chars": 3855.98
    }
  }
}