{
  "shard_index": 16,
  "shard_count": 37,
  "summary": {
    "0": {
      "n": 100,
      "em": 0.15,
      "f1": 0.22974603174603175,
      "containment": 0.21,
      "latency_ms": 322.3541212081909,
      "context_chars": 0.0
    },
    "1": {
      "n": 100,
      "em": 0.16,
      "f1": 0.22316666666666665,
      "containment": 0.2,
      "latency_ms": 218.31171035766602,
      "context_chars": 631.62
    },
    "2": {
      "n": 100,
      "em": 0.16,
      "f1": 0.2134292929292929,
      "containment": 0.19,
      "latency_ms": 240.68285942077637,
      "context_chars": 1275.97
    },
    "3": {
      "n": 100,
      "em": 0.19,
      "f1": 0.26795310245310244,
      "containment": 0.25,
      "latency_ms": 266.3220143318176,
      "context_chars": 1922.38
    },
    "4": {
      "n": 100,
      "em": 0.21,
      "f1": 0.2887339572192513,
      "containment": 0.25,
      "latency_ms": 289.16926622390747,
      "context_chars": 2567.19
    },
    "5": {
      "n": 100,
      "em": 0.24,
      "f1": 0.30526262626262624,
      "containment": 0.25,
      "latency_ms": 274.1277265548706,
      "context_chars": 3213.13
    },
    "6": {
      "n": 100,
      "em": 0.23,
      "f1": 0.31464052287581695,
      "containment": 0.28,
      "latency_ms": 301.5258526802063,
      "context_chars": 3855.08
    }
  }
}