{
  "shard_index": 33,
  "shard_count": 37,
  "summary": {
    "0": {
      "n": 100,
      "em": 0.14,
      "f1": 0.2081764638869902,
      "containment": 0.17,
      "latency_ms": 288.3642268180847,
      "context_chars": 0.0
    },
    "1": {
      "n": 100,
      "em": 0.15,
      "f1": 0.21508683473389356,
      "containment": 0.16,
      "latency_ms": 204.02998447418213,
      "context_chars": 636.9
    },
    "2": {
      "n": 100,
      "em": 0.19,
      "f1": 0.2656797385620914,
      "containment": 0.2,
      "latency_ms": 205.49298286437988,
      "context_chars": 1273.88
    },
    "3": {
      "n": 100,
      "em": 0.19,
      "f1": 0.2786241830065359,
      "containment": 0.24,
      "latency_ms": 240.178804397583,
      "context_chars": 1914.63
    },
    "4": {
      "n": 100,
      "em": 0.22,
      "f1": 0.31523529411764706,
      "containment": 0.26,
      "latency_ms": 254.83969926834106,
      "context_chars": 2558.57
    },
    "5": {
      "n": 100,
      "em": 0.21,
      "f1": 0.2972138188608777,
      "containment": 0.28,
      "latency_ms": 281.1709666252136,
      "context_chars": 3199.05
    },
    "6": {
      "n": 100,
      "em": 0.23,
      "f1": 0.30843442831678125,
      "containment": 0.29,
      "latency_ms": 284.2334485054016,
      "context_chars": 3838.84
    }
  }
}