{
  "shard_index": 6,
  "shard_count": 37,
  "summary": {
    "0": {
      "n": 100,
      "em": 0.11,
      "f1": 0.20090875040875042,
      "containment": 0.13,
      "latency_ms": 296.27315759658813,
      "context_chars": 0.0
    },
    "1": {
      "n": 100,
      "em": 0.16,
      "f1": 0.20362454212454217,
      "containment": 0.19,
      "latency_ms": 233.90569686889648,
      "context_chars": 646.45
    },
    "2": {
      "n": 100,
      "em": 0.18,
      "f1": 0.25837995337995345,
      "containment": 0.22,
      "latency_ms": 232.50982284545898,
      "context_chars": 1288.98
    },
    "3": {
      "n": 100,
      "em": 0.22,
      "f1": 0.30879566511919454,
      "containment": 0.28,
      "latency_ms": 264.04020071029663,
      "context_chars": 1932.8
    },
    "4": {
      "n": 100,
      "em": 0.24,
      "f1": 0.32855505780768934,
      "containment": 0.29,
      "latency_ms": 258.45874786376953,
      "context_chars": 2573.39
    },
    "5": {
      "n": 100,
      "em": 0.25,
      "f1": 0.37095859695859695,
      "containment": 0.34,
      "latency_ms": 284.85247135162354,
      "context_chars": 3217.28
    },
    "6": {
      "n": 100,
      "em": 0.24,
      "f1": 0.3718586417414004,
      "containment": 0.35,
      "latency_ms": 319.60625171661377,
      "context_chars": 3859.16
    }
  }
}