{
  "shard_index": 8,
  "shard_count": 37,
  "summary": {
    "0": {
      "n": 100,
      "em": 0.17,
      "f1": 0.23864835164835163,
      "containment": 0.21,
      "latency_ms": 208.48674774169922,
      "context_chars": 0.0
    },
    "1": {
      "n": 100,
      "em": 0.09,
      "f1": 0.13821126912303383,
      "containment": 0.13,
      "latency_ms": 183.3372926712036,
      "context_chars": 635.02
    },
    "2": {
      "n": 100,
      "em": 0.14,
      "f1": 0.20095787545787544,
      "containment": 0.19,
      "latency_ms": 206.66324377059937,
      "context_chars": 1276.91
    },
    "3": {
      "n": 100,
      "em": 0.18,
      "f1": 0.2195942390942391,
      "containment": 0.2,
      "latency_ms": 258.3628487586975,
      "context_chars": 1917.21
    },
    "4": {
      "n": 100,
      "em": 0.17,
      "f1": 0.22364835164835165,
      "containment": 0.22,
      "latency_ms": 259.47564125061035,
      "context_chars": 2559.88
    },
    "5": {
      "n": 100,
      "em": 0.16,
      "f1": 0.2281038961038961,
      "containment": 0.23,
      "latency_ms": 270.78118562698364,
      "context_chars": 3203.79
    },
    "6": {
      "n": 100,
      "em": 0.21,
      "f1": 0.28174675324675325,
      "containment": 0.27,
      "latency_ms": 268.4741473197937,
      "context_chars": 3846.82
    }
  }
}