{
  "shard_index": 20,
  "shard_count": 37,
  "summary": {
    "0": {
      "n": 100,
      "em": 0.14,
      "f1": 0.20223809523809524,
      "containment": 0.17,
      "latency_ms": 180.5135416984558,
      "context_chars": 0.0
    },
    "1": {
      "n": 100,
      "em": 0.17,
      "f1": 0.22876691729323306,
      "containment": 0.17,
      "latency_ms": 216.05584621429443,
      "context_chars": 637.28
    },
    "2": {
      "n": 100,
      "em": 0.18,
      "f1": 0.2597089381207028,
      "containment": 0.21,
      "latency_ms": 233.58388423919678,
      "context_chars": 1272.55
    },
    "3": {
      "n": 100,
      "em": 0.2,
      "f1": 0.2752849548112705,
      "containment": 0.25,
      "latency_ms": 232.64662504196167,
      "context_chars": 1911.03
    },
    "4": {
      "n": 100,
      "em": 0.25,
      "f1": 0.3240472209782555,
      "containment": 0.28,
      "latency_ms": 274.4403004646301,
      "context_chars": 2552.73
    },
    "5": {
      "n": 100,
      "em": 0.26,
      "f1": 0.3234625652125652,
      "containment": 0.29,
      "latency_ms": 272.2160744667053,
      "context_chars": 3191.73
    },
    "6": {
      "n": 100,
      "em": 0.26,
      "f1": 0.32631970806970806,
      "containment": 0.29,
      "latency_ms": 301.4266061782837,
      "context_chars": 3831.42
    }
  }
}