{
  "shard_index": 24,
  "shard_count": 37,
  "summary": {
    "0": {
      "n": 100,
      "em": 0.1,
      "f1": 0.15662373737373736,
      "containment": 0.15,
      "latency_ms": 185.3386664390564,
      "context_chars": 0.0
    },
    "1": {
      "n": 100,
      "em": 0.12,
      "f1": 0.17883333333333332,
      "containment": 0.19,
      "latency_ms": 188.54673147201538,
      "context_chars": 639.88
    },
    "2": {
      "n": 100,
      "em": 0.15,
      "f1": 0.19875974025974028,
      "containment": 0.2,
      "latency_ms": 217.1231174468994,
      "context_chars": 1284.29
    },
    "3": {
      "n": 100,
      "em": 0.17,
      "f1": 0.24142857142857146,
      "containment": 0.25,
      "latency_ms": 247.1352744102478,
      "context_chars": 1932.37
    },
    "4": {
      "n": 100,
      "em": 0.18,
      "f1": 0.24919934640522876,
      "containment": 0.25,
      "latency_ms": 278.73170375823975,
      "context_chars": 2581.15
    },
    "5": {
      "n": 100,
      "em": 0.19,
      "f1": 0.2620360195360195,
      "containment": 0.27,
      "latency_ms": 305.31123876571655,
      "context_chars": 3232.58
    },
    "6": {
      "n": 100,
      "em": 0.23,
      "f1": 0.2943589743589743,
      "containment": 0.29,
      "latency_ms": 298.3892869949341,
      "context_chars": 3881.04
    }
  }
}