{
  "shard_index": 5,
  "shard_count": 37,
  "summary": {
    "0": {
      "n": 100,
      "em": 0.13,
      "f1": 0.23124206349206347,
      "containment": 0.18,
      "latency_ms": 196.47829294204712,
      "context_chars": 0.0
    },
    "1": {
      "n": 100,
      "em": 0.17,
      "f1": 0.2172222222222222,
      "containment": 0.19,
      "latency_ms": 202.62943506240845,
      "context_chars": 639.8
    },
    "2": {
      "n": 100,
      "em": 0.24,
      "f1": 0.3119444444444445,
      "containment": 0.27,
      "latency_ms": 233.44939708709717,
      "context_chars": 1282.96
    },
    "3": {
      "n": 100,
      "em": 0.23,
      "f1": 0.31681890331890333,
      "containment": 0.29,
      "latency_ms": 236.74965381622314,
      "context_chars": 1924.52
    },
    "4": {
      "n": 100,
      "em": 0.25,
      "f1": 0.3318585858585859,
      "containment": 0.3,
      "latency_ms": 239.4425654411316,
      "context_chars": 2568.52
    },
    "5": {
      "n": 100,
      "em": 0.22,
      "f1": 0.33246176046176046,
      "containment": 0.31,
      "latency_ms": 290.2942967414856,
      "context_chars": 3218.66
    },
    "6": {
      "n": 100,
      "em": 0.26,
      "f1": 0.36464835164835163,
      "containment": 0.34,
      "latency_ms": 287.0751643180847,
      "context_chars": 3858.85
    }
  }
}