{
  "dataset": "nq_test",
  "retriever": "BM25_TCT",
  "rag_variant": "BM25_TCT_k0to6",
  "num_examples": 3610,
  "shots": {
    "0": {
      "n": 3610,
      "em": 0.12022160664819945,
      "f1": 0.18454200975343263,
      "containment": 0.1562326869806094,
      "latency_ms": 1197.0478417800734,
      "context_chars": 0.0
    },
    "1": {
      "n": 3610,
      "em": 0.19501385041551247,
      "f1": 0.26470065325014475,
      "containment": 0.2257617728531856,
      "latency_ms": 1403.4771153801366,
      "context_chars": 634.4739612188366
    },
    "2": {
      "n": 3610,
      "em": 0.2299168975069252,
      "f1": 0.30865564680328467,
      "containment": 0.27645429362880886,
      "latency_ms": 1682.6814518740964,
      "context_chars": 1272.8119113573407
    },
    "3": {
      "n": 3610,
      "em": 0.2512465373961219,
      "f1": 0.3368991447397727,
      "containment": 0.3002770083102493,
      "latency_ms": 1996.3157779292058,
      "context_chars": 1911.051246537396
    },
    "4": {
      "n": 3610,
      "em": 0.2642659279778393,
      "f1": 0.3553937177475623,
      "containment": 0.321606648199446,
      "latency_ms": 2227.12056900986,
      "context_chars": 2548.9299168975067
    },
    "5": {
      "n": 3610,
      "em": 0.2659279778393352,
      "f1": 0.3590643132145305,
      "containment": 0.3271468144044321,
      "latency_ms": 2573.9080011679525,
      "context_chars": 3188.0573407202214
    },
    "6": {
      "n": 3610,
      "em": 0.27645429362880886,
      "f1": 0.3721444940598579,
      "containment": 0.33905817174515235,
      "latency_ms": 2707.5542191058976,
      "context_chars": 3827.8174515235455
    }
  }
}