{
  "dataset": "nq_test",
  "retriever": "BM25",
  "rag_variant": "BM25_PromptB_k0to6",
  "num_examples": 3610,
  "shots": {
    "0": {
      "n": 3610,
      "em": 0.13601108033240997,
      "f1": 0.22186664302256578,
      "containment": 0.18559556786703602,
      "latency_ms": 241.48588398486953,
      "context_chars": 0.0
    },
    "1": {
      "n": 3610,
      "em": 0.15318559556786704,
      "f1": 0.21350456300341752,
      "containment": 0.18310249307479223,
      "latency_ms": 205.6872220580928,
      "context_chars": 639.592243767313
    },
    "2": {
      "n": 3610,
      "em": 0.189196675900277,
      "f1": 0.2602562557027271,
      "containment": 0.22409972299168976,
      "latency_ms": 224.82633168017105,
      "context_chars": 1280.87783933518
    },
    "3": {
      "n": 3610,
      "em": 0.20609418282548475,
      "f1": 0.2841530344804048,
      "containment": 0.24792243767313019,
      "latency_ms": 247.08608748840163,
      "context_chars": 1922.9160664819944
    },
    "4": {
      "n": 3610,
      "em": 0.22077562326869807,
      "f1": 0.30382108026574517,
      "containment": 0.2673130193905817,
      "latency_ms": 262.0288481672715,
      "context_chars": 2564.995567867036
    },
    "5": {
      "n": 3610,
      "em": 0.22797783933518007,
      "f1": 0.3158519093710082,
      "containment": 0.2836565096952909,
      "latency_ms": 287.67204370525076,
      "context_chars": 3206.721052631579
    },
    "6": {
      "n": 3610,
      "em": 0.2373961218836565,
      "f1": 0.3290254561374581,
      "containment": 0.29390581717451525,
      "latency_ms": 298.3166266676462,
      "context_chars": 3848.5149584487535
    }
  }
}