{
  "dataset": "nq_test",
  "retriever": "BM25",
  "rag_variant": "BM25_Llama70B_k0to6",
  "num_examples": 3610,
  "shots": {
    "0": {
      "n": 3610,
      "em": 0.34847645429362883,
      "f1": 0.4693195796345585,
      "containment": 0.3997229916897507,
      "latency_ms": 914.4377523512061,
      "context_chars": 0.0
    },
    "1": {
      "n": 3610,
      "em": 0.16952908587257617,
      "f1": 0.23120162860874874,
      "containment": 0.19501385041551247,
      "latency_ms": 1086.6703378857007,
      "context_chars": 639.592243767313
    },
    "2": {
      "n": 3610,
      "em": 0.203601108033241,
      "f1": 0.2788393600659263,
      "containment": 0.23628808864265927,
      "latency_ms": 1132.042906885332,
      "context_chars": 1280.87783933518
    },
    "3": {
      "n": 3610,
      "em": 0.23157894736842105,
      "f1": 0.3145724661200366,
      "containment": 0.26565096952908585,
      "latency_ms": 1137.8696357114163,
      "context_chars": 1922.9160664819944
    },
    "4": {
      "n": 3610,
      "em": 0.25346260387811637,
      "f1": 0.3424245778339582,
      "containment": 0.29473684210526313,
      "latency_ms": 1149.4277067792052,
      "context_chars": 2564.995567867036
    },
    "5": {
      "n": 3610,
      "em": 0.267590027700831,
      "f1": 0.36236750571464454,
      "containment": 0.3138504155124654,
      "latency_ms": 1172.6305689507903,
      "context_chars": 3206.721052631579
    },
    "6": {
      "n": 3610,
      "em": 0.2803324099722992,
      "f1": 0.37406487956768697,
      "containment": 0.3268698060941828,
      "latency_ms": 1182.519287349775,
      "context_chars": 3848.5149584487535
    }
  }
}