{
  "shard_index": 12,
  "shard_count": 37,
  "summary": {
    "0": {
      "n": 100,
      "em": 0.11,
      "f1": 0.1759444444444444,
      "containment": 0.16,
      "latency_ms": 1753.3240270614624,
      "context_chars": 0.0
    },
    "1": {
      "n": 100,
      "em": 0.29,
      "f1": 0.3671926406926408,
      "containment": 0.33,
      "latency_ms": 1839.158706665039,
      "context_chars": 632.93
    },
    "2": {
      "n": 100,
      "em": 0.3,
      "f1": 0.404603896103896,
      "containment": 0.36,
      "latency_ms": 2223.1621408462524,
      "context_chars": 1267.6
    },
    "3": {
      "n": 100,
      "em": 0.32,
      "f1": 0.42345238095238086,
      "containment": 0.39,
      "latency_ms": 2563.4863018989563,
      "context_chars": 1908.3
    },
    "4": {
      "n": 100,
      "em": 0.36,
      "f1": 0.4620079365079364,
      "containment": 0.43,
      "latency_ms": 2818.809506893158,
      "context_chars": 2553.59
    },
    "5": {
      "n": 100,
      "em": 0.36,
      "f1": 0.4592474747474747,
      "containment": 0.45,
      "latency_ms": 3295.772671699524,
      "context_chars": 3194.86
    },
    "6": {
      "n": 100,
      "em": 0.36,
      "f1": 0.4535591630591631,
      "containment": 0.46,
      "latency_ms": 3644.801139831543,
      "context_chars": 3833.38
    }
  }
}