{
  "shard_index": 13,
  "shard_count": 37,
  "summary": {
    "0": {
      "n": 100,
      "em": 0.1,
      "f1": 0.180733893557423,
      "containment": 0.17,
      "latency_ms": 1406.2291741371155,
      "context_chars": 0.0
    },
    "1": {
      "n": 100,
      "em": 0.17,
      "f1": 0.2810952380952381,
      "containment": 0.24,
      "latency_ms": 1819.518322944641,
      "context_chars": 633.01
    },
    "2": {
      "n": 100,
      "em": 0.2,
      "f1": 0.3191904761904762,
      "containment": 0.29,
      "latency_ms": 2229.2088556289673,
      "context_chars": 1267.64
    },
    "3": {
      "n": 100,
      "em": 0.23,
      "f1": 0.3390476190476191,
      "containment": 0.29,
      "latency_ms": 2705.65975189209,
      "context_chars": 1898.72
    },
    "4": {
      "n": 100,
      "em": 0.24,
      "f1": 0.37109122278687484,
      "containment": 0.34,
      "latency_ms": 2973.596932888031,
      "context_chars": 2533.77
    },
    "5": {
      "n": 100,
      "em": 0.24,
      "f1": 0.36840986464515874,
      "containment": 0.33,
      "latency_ms": 3480.6849241256714,
      "context_chars": 3173.58
    },
    "6": {
      "n": 100,
      "em": 0.26,
      "f1": 0.3862541902541902,
      "containment": 0.35,
      "latency_ms": 3767.9548144340515,
      "context_chars": 3810.85
    }
  }
}