{
  "shard_index": 18,
  "shard_count": 37,
  "summary": {
    "0": {
      "n": 100,
      "em": 0.11,
      "f1": 0.19363852813852817,
      "containment": 0.16,
      "latency_ms": 1435.2590656280518,
      "context_chars": 0.0
    },
    "1": {
      "n": 100,
      "em": 0.26,
      "f1": 0.40390476190476193,
      "containment": 0.33,
      "latency_ms": 1993.871033191681,
      "context_chars": 632.65
    },
    "2": {
      "n": 100,
      "em": 0.34,
      "f1": 0.46828205128205136,
      "containment": 0.39,
      "latency_ms": 2431.121940612793,
      "context_chars": 1270.94
    },
    "3": {
      "n": 100,
      "em": 0.34,
      "f1": 0.4751031746031746,
      "containment": 0.38,
      "latency_ms": 2826.787328720093,
      "context_chars": 1919.72
    },
    "4": {
      "n": 100,
      "em": 0.34,
      "f1": 0.489790670681975,
      "containment": 0.41,
      "latency_ms": 3140.437581539154,
      "context_chars": 2562.99
    },
    "5": {
      "n": 100,
      "em": 0.35,
      "f1": 0.4990888888888889,
      "containment": 0.42,
      "latency_ms": 3727.8863644599915,
      "context_chars": 3204.62
    },
    "6": {
      "n": 100,
      "em": 0.34,
      "f1": 0.4822565907522429,
      "containment": 0.41,
      "latency_ms": 4073.6538219451904,
      "context_chars": 3843.22
    }
  }
}