{
  "shard_index": 5,
  "shard_count": 37,
  "summary": {
    "0": {
      "n": 100,
      "em": 0.14,
      "f1": 0.2322857142857143,
      "containment": 0.19,
      "latency_ms": 2206.005687713623,
      "context_chars": 0.0
    },
    "1": {
      "n": 100,
      "em": 0.26,
      "f1": 0.34224675324675324,
      "containment": 0.29,
      "latency_ms": 2440.5409932136536,
      "context_chars": 639.31
    },
    "2": {
      "n": 100,
      "em": 0.3,
      "f1": 0.4038585858585859,
      "containment": 0.36,
      "latency_ms": 2971.888551712036,
      "context_chars": 1279.06
    },
    "3": {
      "n": 100,
      "em": 0.3,
      "f1": 0.4032912087912088,
      "containment": 0.35,
      "latency_ms": 3453.1923151016235,
      "context_chars": 1924.67
    },
    "4": {
      "n": 100,
      "em": 0.3,
      "f1": 0.4175769230769232,
      "containment": 0.36,
      "latency_ms": 3638.9027047157288,
      "context_chars": 2568.15
    },
    "5": {
      "n": 100,
      "em": 0.28,
      "f1": 0.4180867269984917,
      "containment": 0.36,
      "latency_ms": 4664.392926692963,
      "context_chars": 3212.06
    },
    "6": {
      "n": 100,
      "em": 0.3,
      "f1": 0.4284102564102564,
      "containment": 0.37,
      "latency_ms": 4940.384619235992,
      "context_chars": 3852.52
    }
  }
}