{
  "shard_index": 24,
  "shard_count": 37,
  "summary": {
    "0": {
      "n": 100,
      "em": 0.09,
      "f1": 0.13755555555555554,
      "containment": 0.13,
      "latency_ms": 131.36284589767456,
      "context_chars": 0.0
    },
    "1": {
      "n": 100,
      "em": 0.24,
      "f1": 0.3118831168831169,
      "containment": 0.33,
      "latency_ms": 164.4665002822876,
      "context_chars": 641.2
    },
    "2": {
      "n": 100,
      "em": 0.26,
      "f1": 0.34973904052936305,
      "containment": 0.36,
      "latency_ms": 198.34386825561523,
      "context_chars": 1285.43
    },
    "3": {
      "n": 100,
      "em": 0.3,
      "f1": 0.37673443223443215,
      "containment": 0.37,
      "latency_ms": 219.42518711090088,
      "context_chars": 1937.55
    },
    "4": {
      "n": 100,
      "em": 0.29,
      "f1": 0.3793614163614163,
      "containment": 0.4,
      "latency_ms": 220.74896335601807,
      "context_chars": 2581.81
    },
    "5": {
      "n": 100,
      "em": 0.3,
      "f1": 0.3972233768646812,
      "containment": 0.4,
      "latency_ms": 243.90936851501465,
      "context_chars": 3230.77
    },
    "6": {
      "n": 100,
      "em": 0.29,
      "f1": 0.39857808302808295,
      "containment": 0.41,
      "latency_ms": 243.60291719436646,
      "context_chars": 3871.7
    }
  }
}