{
  "shard_index": 34,
  "shard_count": 37,
  "summary": {
    "0": {
      "n": 100,
      "em": 0.14,
      "f1": 0.20038766788766785,
      "containment": 0.18,
      "latency_ms": 106.61293745040894,
      "context_chars": 0.0
    },
    "1": {
      "n": 100,
      "em": 0.28,
      "f1": 0.34553327228327224,
      "containment": 0.31,
      "latency_ms": 135.819091796875,
      "context_chars": 639.13
    },
    "2": {
      "n": 100,
      "em": 0.33,
      "f1": 0.40381898656898657,
      "containment": 0.36,
      "latency_ms": 143.24612855911255,
      "context_chars": 1281.98
    },
    "3": {
      "n": 100,
      "em": 0.35,
      "f1": 0.45080311355311353,
      "containment": 0.4,
      "latency_ms": 159.51581954956055,
      "context_chars": 1925.69
    },
    "4": {
      "n": 100,
      "em": 0.35,
      "f1": 0.4397993450739446,
      "containment": 0.41,
      "latency_ms": 175.63132524490356,
      "context_chars": 2571.12
    },
    "5": {
      "n": 100,
      "em": 0.33,
      "f1": 0.41890123385386535,
      "containment": 0.4,
      "latency_ms": 192.65327215194702,
      "context_chars": 3217.41
    },
    "6": {
      "n": 100,
      "em": 0.34,
      "f1": 0.4571821862348178,
      "containment": 0.42,
      "latency_ms": 204.60824012756348,
      "context_chars": 3856.03
    }
  }
}