{
  "shard_index": 6,
  "shard_count": 37,
  "summary": {
    "0": {
      "n": 100,
      "em": 0.1,
      "f1": 0.16619444444444448,
      "containment": 0.11,
      "latency_ms": 1330.2577638626099,
      "context_chars": 0.0
    },
    "1": {
      "n": 100,
      "em": 0.22,
      "f1": 0.3198940103584066,
      "containment": 0.31,
      "latency_ms": 1906.4752316474915,
      "context_chars": 641.61
    },
    "2": {
      "n": 100,
      "em": 0.23,
      "f1": 0.34064215991675956,
      "containment": 0.35,
      "latency_ms": 2525.7561707496643,
      "context_chars": 1284.93
    },
    "3": {
      "n": 100,
      "em": 0.23,
      "f1": 0.35701500403581193,
      "containment": 0.37,
      "latency_ms": 3065.788187980652,
      "context_chars": 1927.41
    },
    "4": {
      "n": 100,
      "em": 0.24,
      "f1": 0.3708187893977367,
      "containment": 0.38,
      "latency_ms": 3367.127890586853,
      "context_chars": 2572.75
    },
    "5": {
      "n": 100,
      "em": 0.26,
      "f1": 0.3755165609584214,
      "containment": 0.38,
      "latency_ms": 3876.7100405693054,
      "context_chars": 3209.35
    },
    "6": {
      "n": 100,
      "em": 0.26,
      "f1": 0.38385834320553,
      "containment": 0.39,
      "latency_ms": 4121.747324466705,
      "context_chars": 3850.88
    }
  }
}