{
  "shard_index": 15,
  "shard_count": 37,
  "summary": {
    "0": {
      "n": 100,
      "em": 0.1,
      "f1": 0.19319444444444442,
      "containment": 0.16,
      "latency_ms": 1406.5596890449524,
      "context_chars": 0.0
    },
    "1": {
      "n": 100,
      "em": 0.18,
      "f1": 0.2570476190476191,
      "containment": 0.22,
      "latency_ms": 1996.6361284255981,
      "context_chars": 636.14
    },
    "2": {
      "n": 100,
      "em": 0.26,
      "f1": 0.3318841334104492,
      "containment": 0.27,
      "latency_ms": 2416.1216950416565,
      "context_chars": 1273.51
    },
    "3": {
      "n": 100,
      "em": 0.25,
      "f1": 0.3323531746031746,
      "containment": 0.27,
      "latency_ms": 2864.3244099617004,
      "context_chars": 1914.45
    },
    "4": {
      "n": 100,
      "em": 0.28,
      "f1": 0.36071031746031745,
      "containment": 0.31,
      "latency_ms": 3116.0878014564514,
      "context_chars": 2555.58
    },
    "5": {
      "n": 100,
      "em": 0.28,
      "f1": 0.35993075334627056,
      "containment": 0.33,
      "latency_ms": 3722.5533986091614,
      "context_chars": 3201.43
    },
    "6": {
      "n": 100,
      "em": 0.28,
      "f1": 0.36008885152433545,
      "containment": 0.32,
      "latency_ms": 4118.753361701965,
      "context_chars": 3844.74
    }
  }
}