{
  "shard_index": 32,
  "shard_count": 37,
  "summary": {
    "0": {
      "n": 100,
      "em": 0.11,
      "f1": 0.1908363636363636,
      "containment": 0.16,
      "latency_ms": 140.1954174041748,
      "context_chars": 0.0
    },
    "1": {
      "n": 100,
      "em": 0.17,
      "f1": 0.28789517345399696,
      "containment": 0.21,
      "latency_ms": 163.00365447998047,
      "context_chars": 634.88
    },
    "2": {
      "n": 100,
      "em": 0.22,
      "f1": 0.3599855699855699,
      "containment": 0.26,
      "latency_ms": 182.84711122512817,
      "context_chars": 1270.43
    },
    "3": {
      "n": 100,
      "em": 0.23,
      "f1": 0.370096681096681,
      "containment": 0.3,
      "latency_ms": 194.0270233154297,
      "context_chars": 1909.84
    },
    "4": {
      "n": 100,
      "em": 0.26,
      "f1": 0.4016557302346776,
      "containment": 0.32,
      "latency_ms": 198.34447860717773,
      "context_chars": 2546.22
    },
    "5": {
      "n": 100,
      "em": 0.26,
      "f1": 0.38903234737407116,
      "containment": 0.33,
      "latency_ms": 244.90012645721436,
      "context_chars": 3186.63
    },
    "6": {
      "n": 100,
      "em": 0.28,
      "f1": 0.41567844596637166,
      "containment": 0.34,
      "latency_ms": 247.40813732147217,
      "context_chars": 3816.36
    }
  }
}