{
  "shard_index": 1,
  "shard_count": 37,
  "summary": {
    "0": {
      "n": 100,
      "em": 0.06,
      "f1": 0.11874603174603175,
      "containment": 0.07,
      "latency_ms": 2152.3313069343567,
      "context_chars": 0.0
    },
    "1": {
      "n": 100,
      "em": 0.23,
      "f1": 0.3404868742368742,
      "containment": 0.29,
      "latency_ms": 2940.417273044586,
      "context_chars": 636.11
    },
    "2": {
      "n": 100,
      "em": 0.24,
      "f1": 0.34821031746031744,
      "containment": 0.32,
      "latency_ms": 3273.70361328125,
      "context_chars": 1276.43
    },
    "3": {
      "n": 100,
      "em": 0.27,
      "f1": 0.39702777777777776,
      "containment": 0.37,
      "latency_ms": 3654.2278838157654,
      "context_chars": 1918.81
    },
    "4": {
      "n": 100,
      "em": 0.27,
      "f1": 0.3982233044733045,
      "containment": 0.41,
      "latency_ms": 4187.912712097168,
      "context_chars": 2556.36
    },
    "5": {
      "n": 100,
      "em": 0.28,
      "f1": 0.40117646121993944,
      "containment": 0.41,
      "latency_ms": 4893.256003856659,
      "context_chars": 3201.3
    },
    "6": {
      "n": 100,
      "em": 0.27,
      "f1": 0.3959166666666667,
      "containment": 0.39,
      "latency_ms": 4865.09272813797,
      "context_chars": 3841.6
    }
  }
}