{
  "shard_index": 33,
  "shard_count": 37,
  "summary": {
    "0": {
      "n": 100,
      "em": 0.1,
      "f1": 0.15845454545454543,
      "containment": 0.1,
      "latency_ms": 132.21410512924194,
      "context_chars": 0.0
    },
    "1": {
      "n": 100,
      "em": 0.28,
      "f1": 0.3564796918767507,
      "containment": 0.31,
      "latency_ms": 150.44074773788452,
      "context_chars": 634.89
    },
    "2": {
      "n": 100,
      "em": 0.28,
      "f1": 0.3741316526610644,
      "containment": 0.33,
      "latency_ms": 161.39696598052979,
      "context_chars": 1277.15
    },
    "3": {
      "n": 100,
      "em": 0.25,
      "f1": 0.3682472625413802,
      "containment": 0.34,
      "latency_ms": 190.72311878204346,
      "context_chars": 1913.75
    },
    "4": {
      "n": 100,
      "em": 0.32,
      "f1": 0.410781033466018,
      "containment": 0.38,
      "latency_ms": 198.33416223526,
      "context_chars": 2558.0
    },
    "5": {
      "n": 100,
      "em": 0.3,
      "f1": 0.3946903544026306,
      "containment": 0.36,
      "latency_ms": 207.95491695404053,
      "context_chars": 3195.73
    },
    "6": {
      "n": 100,
      "em": 0.31,
      "f1": 0.40817168026630946,
      "containment": 0.36,
      "latency_ms": 229.1530466079712,
      "context_chars": 3842.15
    }
  }
}