{
  "shard_index": 28,
  "shard_count": 37,
  "summary": {
    "0": {
      "n": 100,
      "em": 0.11,
      "f1": 0.1803671679197995,
      "containment": 0.15,
      "latency_ms": 220.87422609329224,
      "context_chars": 0.0
    },
    "1": {
      "n": 100,
      "em": 0.24,
      "f1": 0.3163081232492997,
      "containment": 0.3,
      "latency_ms": 235.9844422340393,
      "context_chars": 641.93
    },
    "2": {
      "n": 100,
      "em": 0.23,
      "f1": 0.32993161929884424,
      "containment": 0.28,
      "latency_ms": 311.69445753097534,
      "context_chars": 1279.08
    },
    "3": {
      "n": 100,
      "em": 0.22,
      "f1": 0.31775108225108223,
      "containment": 0.31,
      "latency_ms": 271.4553189277649,
      "context_chars": 1922.74
    },
    "4": {
      "n": 100,
      "em": 0.25,
      "f1": 0.32751219336219345,
      "containment": 0.31,
      "latency_ms": 295.54248332977295,
      "context_chars": 2567.18
    },
    "5": {
      "n": 100,
      "em": 0.23,
      "f1": 0.30930000555000553,
      "containment": 0.3,
      "latency_ms": 325.57900190353394,
      "context_chars": 3213.03
    },
    "6": {
      "n": 100,
      "em": 0.23,
      "f1": 0.3270371715487814,
      "containment": 0.31,
      "latency_ms": 329.9438452720642,
      "context_chars": 3849.07
    }
  }
}