{
  "shard_index": 31,
  "shard_count": 37,
  "summary": {
    "0": {
      "n": 100,
      "em": 0.12,
      "f1": 0.1744481792717087,
      "containment": 0.14,
      "latency_ms": 215.44353485107422,
      "context_chars": 0.0
    },
    "1": {
      "n": 100,
      "em": 0.28,
      "f1": 0.3739273504273505,
      "containment": 0.3,
      "latency_ms": 182.5130820274353,
      "context_chars": 635.66
    },
    "2": {
      "n": 100,
      "em": 0.28,
      "f1": 0.38507779063042213,
      "containment": 0.32,
      "latency_ms": 212.13022232055664,
      "context_chars": 1279.03
    },
    "3": {
      "n": 100,
      "em": 0.27,
      "f1": 0.39378205128205124,
      "containment": 0.32,
      "latency_ms": 200.23618459701538,
      "context_chars": 1918.6
    },
    "4": {
      "n": 100,
      "em": 0.26,
      "f1": 0.38141575091575086,
      "containment": 0.31,
      "latency_ms": 217.57921695709229,
      "context_chars": 2560.79
    },
    "5": {
      "n": 100,
      "em": 0.26,
      "f1": 0.381978021978022,
      "containment": 0.31,
      "latency_ms": 224.1715431213379,
      "context_chars": 3201.97
    },
    "6": {
      "n": 100,
      "em": 0.26,
      "f1": 0.36030686427238146,
      "containment": 0.31,
      "latency_ms": 250.35064935684204,
      "context_chars": 3843.46
    }
  }
}