{
  "shard_index": 23,
  "shard_count": 37,
  "summary": {
    "0": {
      "n": 100,
      "em": 0.2,
      "f1": 0.27826190476190477,
      "containment": 0.2,
      "latency_ms": 141.42552375793457,
      "context_chars": 0.0
    },
    "1": {
      "n": 100,
      "em": 0.26,
      "f1": 0.34104040404040403,
      "containment": 0.31,
      "latency_ms": 189.37958478927612,
      "context_chars": 645.13
    },
    "2": {
      "n": 100,
      "em": 0.29,
      "f1": 0.3828558470514993,
      "containment": 0.36,
      "latency_ms": 208.7013864517212,
      "context_chars": 1285.92
    },
    "3": {
      "n": 100,
      "em": 0.26,
      "f1": 0.3640550560550561,
      "containment": 0.37,
      "latency_ms": 221.8394136428833,
      "context_chars": 1926.46
    },
    "4": {
      "n": 100,
      "em": 0.28,
      "f1": 0.3864093075826822,
      "containment": 0.37,
      "latency_ms": 241.77128553390503,
      "context_chars": 2565.39
    },
    "5": {
      "n": 100,
      "em": 0.28,
      "f1": 0.3714740259740259,
      "containment": 0.35,
      "latency_ms": 266.0855793952942,
      "context_chars": 3209.55
    },
    "6": {
      "n": 100,
      "em": 0.32,
      "f1": 0.43117554112554113,
      "containment": 0.42,
      "latency_ms": 264.7924494743347,
      "context_chars": 3848.54
    }
  }
}