{
  "shard_index": 22,
  "shard_count": 37,
  "summary": {
    "0": {
      "n": 100,
      "em": 0.13,
      "f1": 0.16293406593406595,
      "containment": 0.18,
      "latency_ms": 169.39232349395752,
      "context_chars": 0.0
    },
    "1": {
      "n": 100,
      "em": 0.26,
      "f1": 0.3481868131868132,
      "containment": 0.33,
      "latency_ms": 177.79281616210938,
      "context_chars": 633.64
    },
    "2": {
      "n": 100,
      "em": 0.31,
      "f1": 0.39866300366300367,
      "containment": 0.38,
      "latency_ms": 185.297429561615,
      "context_chars": 1270.94
    },
    "3": {
      "n": 100,
      "em": 0.31,
      "f1": 0.39493040293040294,
      "containment": 0.4,
      "latency_ms": 202.3431634902954,
      "context_chars": 1913.26
    },
    "4": {
      "n": 100,
      "em": 0.3,
      "f1": 0.4054239094239094,
      "containment": 0.4,
      "latency_ms": 208.15688848495483,
      "context_chars": 2552.84
    },
    "5": {
      "n": 100,
      "em": 0.3,
      "f1": 0.40631135531135526,
      "containment": 0.4,
      "latency_ms": 234.2772650718689,
      "context_chars": 3194.9
    },
    "6": {
      "n": 100,
      "em": 0.31,
      "f1": 0.41120024420024415,
      "containment": 0.41,
      "latency_ms": 251.97287321090698,
      "context_chars": 3832.27
    }
  }
}