{
  "shard_index": 7,
  "shard_count": 37,
  "summary": {
    "0": {
      "n": 100,
      "em": 0.13,
      "f1": 0.19929084804084807,
      "containment": 0.19,
      "latency_ms": 2567.2629046440125,
      "context_chars": 0.0
    },
    "1": {
      "n": 100,
      "em": 0.24,
      "f1": 0.324521978021978,
      "containment": 0.3,
      "latency_ms": 2585.08193731308,
      "context_chars": 640.46
    },
    "2": {
      "n": 100,
      "em": 0.24,
      "f1": 0.35544114219114215,
      "containment": 0.3,
      "latency_ms": 3248.462071418762,
      "context_chars": 1279.02
    },
    "3": {
      "n": 100,
      "em": 0.23,
      "f1": 0.3521136445254092,
      "containment": 0.28,
      "latency_ms": 3682.386689186096,
      "context_chars": 1923.41
    },
    "4": {
      "n": 100,
      "em": 0.23,
      "f1": 0.3481660365778012,
      "containment": 0.29,
      "latency_ms": 4170.650494098663,
      "context_chars": 2566.84
    },
    "5": {
      "n": 100,
      "em": 0.24,
      "f1": 0.3566814100931747,
      "containment": 0.32,
      "latency_ms": 4775.120990276337,
      "context_chars": 3207.69
    },
    "6": {
      "n": 100,
      "em": 0.25,
      "f1": 0.37243537834714296,
      "containment": 0.33,
      "latency_ms": 4896.40899181366,
      "context_chars": 3848.36
    }
  }
}