{
  "shard_index": 36,
  "shard_count": 37,
  "summary": {
    "0": {
      "n": 10,
      "em": 0.2,
      "f1": 0.32666666666666666,
      "containment": 0.3,
      "latency_ms": 146.27764225006104,
      "context_chars": 0.0
    },
    "1": {
      "n": 10,
      "em": 0.4,
      "f1": 0.5566666666666666,
      "containment": 0.5,
      "latency_ms": 166.65897369384766,
      "context_chars": 645.0
    },
    "2": {
      "n": 10,
      "em": 0.4,
      "f1": 0.6266666666666667,
      "containment": 0.7,
      "latency_ms": 178.5435676574707,
      "context_chars": 1297.5
    },
    "3": {
      "n": 10,
      "em": 0.3,
      "f1": 0.5805555555555555,
      "containment": 0.8,
      "latency_ms": 214.86749649047852,
      "context_chars": 1940.6
    },
    "4": {
      "n": 10,
      "em": 0.3,
      "f1": 0.5805555555555555,
      "containment": 0.8,
      "latency_ms": 238.61587047576904,
      "context_chars": 2614.7
    },
    "5": {
      "n": 10,
      "em": 0.3,
      "f1": 0.5805555555555555,
      "containment": 0.8,
      "latency_ms": 267.8593873977661,
      "context_chars": 3272.3
    },
    "6": {
      "n": 10,
      "em": 0.3,
      "f1": 0.5805555555555555,
      "containment": 0.8,
      "latency_ms": 246.3054656982422,
      "context_chars": 3931.9
    }
  }
}