{
  "shard_index": 17,
  "shard_count": 37,
  "summary": {
    "0": {
      "n": 100,
      "em": 0.12,
      "f1": 0.17831366459627332,
      "containment": 0.15,
      "latency_ms": 2392.134976387024,
      "context_chars": 0.0
    },
    "1": {
      "n": 100,
      "em": 0.27,
      "f1": 0.32263871216502793,
      "containment": 0.28,
      "latency_ms": 2044.0143370628357,
      "context_chars": 640.84
    },
    "2": {
      "n": 100,
      "em": 0.34,
      "f1": 0.3977171717171718,
      "containment": 0.34,
      "latency_ms": 2337.6451563835144,
      "context_chars": 1281.45
    },
    "3": {
      "n": 100,
      "em": 0.34,
      "f1": 0.40376141887462647,
      "containment": 0.35,
      "latency_ms": 2797.7820897102356,
      "context_chars": 1923.1
    },
    "4": {
      "n": 100,
      "em": 0.31,
      "f1": 0.38241875901875894,
      "containment": 0.34,
      "latency_ms": 3259.8902583122253,
      "context_chars": 2570.01
    },
    "5": {
      "n": 100,
      "em": 0.37,
      "f1": 0.4372297258297258,
      "containment": 0.39,
      "latency_ms": 3768.2046008110046,
      "context_chars": 3215.96
    },
    "6": {
      "n": 100,
      "em": 0.38,
      "f1": 0.4467375145180024,
      "containment": 0.39,
      "latency_ms": 3980.7722663879395,
      "context_chars": 3857.56
    }
  }
}