{
  "shard_index": 10,
  "shard_count": 37,
  "summary": {
    "0": {
      "n": 100,
      "em": 0.09,
      "f1": 0.14719444444444443,
      "containment": 0.09,
      "latency_ms": 2198.8957738876343,
      "context_chars": 0.0
    },
    "1": {
      "n": 100,
      "em": 0.43,
      "f1": 0.5133260073260073,
      "containment": 0.46,
      "latency_ms": 2536.9636964797974,
      "context_chars": 632.3
    },
    "2": {
      "n": 100,
      "em": 0.4,
      "f1": 0.49967310467310455,
      "containment": 0.44,
      "latency_ms": 3015.160322189331,
      "context_chars": 1273.9
    },
    "3": {
      "n": 100,
      "em": 0.44,
      "f1": 0.5282164502164501,
      "containment": 0.47,
      "latency_ms": 3657.5878977775574,
      "context_chars": 1909.26
    },
    "4": {
      "n": 100,
      "em": 0.42,
      "f1": 0.5050735930735931,
      "containment": 0.45,
      "latency_ms": 3911.941878795624,
      "context_chars": 2552.66
    },
    "5": {
      "n": 100,
      "em": 0.38,
      "f1": 0.4789504004767162,
      "containment": 0.42,
      "latency_ms": 4589.481813907623,
      "context_chars": 3189.8
    },
    "6": {
      "n": 100,
      "em": 0.38,
      "f1": 0.48711754911754906,
      "containment": 0.43,
      "latency_ms": 4750.434052944183,
      "context_chars": 3820.99
    }
  }
}