{
  "shard_index": 19,
  "shard_count": 37,
  "summary": {
    "0": {
      "n": 100,
      "em": 0.08,
      "f1": 0.16512377899877898,
      "containment": 0.15,
      "latency_ms": 3196.3028144836426,
      "context_chars": 0.0
    },
    "1": {
      "n": 100,
      "em": 0.21,
      "f1": 0.29658339699516173,
      "containment": 0.24,
      "latency_ms": 3503.7753653526306,
      "context_chars": 631.58
    },
    "2": {
      "n": 100,
      "em": 0.27,
      "f1": 0.37256209043495353,
      "containment": 0.34,
      "latency_ms": 5028.457100391388,
      "context_chars": 1266.03
    },
    "3": {
      "n": 100,
      "em": 0.29,
      "f1": 0.3897198879551821,
      "containment": 0.34,
      "latency_ms": 5865.960915088654,
      "context_chars": 1903.14
    },
    "4": {
      "n": 100,
      "em": 0.3,
      "f1": 0.41196144052026396,
      "containment": 0.39,
      "latency_ms": 7744.424729347229,
      "context_chars": 2543.08
    },
    "5": {
      "n": 100,
      "em": 0.32,
      "f1": 0.40306230697407164,
      "containment": 0.38,
      "latency_ms": 8024.412095546722,
      "context_chars": 3181.75
    },
    "6": {
      "n": 100,
      "em": 0.34,
      "f1": 0.4274481629481629,
      "containment": 0.4,
      "latency_ms": 9509.911155700684,
      "context_chars": 3818.81
    }
  }
}