{
  "shard_index": 26,
  "shard_count": 37,
  "summary": {
    "0": {
      "n": 100,
      "em": 0.08,
      "f1": 0.14633333333333332,
      "containment": 0.11,
      "latency_ms": 145.30463218688965,
      "context_chars": 0.0
    },
    "1": {
      "n": 100,
      "em": 0.19,
      "f1": 0.2978275613275614,
      "containment": 0.25,
      "latency_ms": 173.78162384033203,
      "context_chars": 644.78
    },
    "2": {
      "n": 100,
      "em": 0.23,
      "f1": 0.3520038753517014,
      "containment": 0.31,
      "latency_ms": 203.8717818260193,
      "context_chars": 1291.73
    },
    "3": {
      "n": 100,
      "em": 0.26,
      "f1": 0.3923396325896325,
      "containment": 0.36,
      "latency_ms": 211.9631052017212,
      "context_chars": 1940.27
    },
    "4": {
      "n": 100,
      "em": 0.27,
      "f1": 0.38621900321900315,
      "containment": 0.36,
      "latency_ms": 233.08874130249023,
      "context_chars": 2582.64
    },
    "5": {
      "n": 100,
      "em": 0.29,
      "f1": 0.40802541902541895,
      "containment": 0.38,
      "latency_ms": 232.07297325134277,
      "context_chars": 3230.02
    },
    "6": {
      "n": 100,
      "em": 0.3,
      "f1": 0.41896481296481286,
      "containment": 0.39,
      "latency_ms": 244.40348625183105,
      "context_chars": 3871.11
    }
  }
}