{
  "shard_index": 27,
  "shard_count": 37,
  "summary": {
    "0": {
      "n": 100,
      "em": 0.19,
      "f1": 0.2292308802308802,
      "containment": 0.2,
      "latency_ms": 140.53749799728394,
      "context_chars": 0.0
    },
    "1": {
      "n": 100,
      "em": 0.23,
      "f1": 0.29276068376068376,
      "containment": 0.26,
      "latency_ms": 178.31522703170776,
      "context_chars": 639.52
    },
    "2": {
      "n": 100,
      "em": 0.31,
      "f1": 0.40039177489177497,
      "containment": 0.37,
      "latency_ms": 200.66668033599854,
      "context_chars": 1279.61
    },
    "3": {
      "n": 100,
      "em": 0.3,
      "f1": 0.4071708437761069,
      "containment": 0.37,
      "latency_ms": 232.99031496047974,
      "context_chars": 1914.29
    },
    "4": {
      "n": 100,
      "em": 0.3,
      "f1": 0.4224689508977434,
      "containment": 0.39,
      "latency_ms": 239.28739309310913,
      "context_chars": 2552.53
    },
    "5": {
      "n": 100,
      "em": 0.32,
      "f1": 0.43310735171261483,
      "containment": 0.39,
      "latency_ms": 247.22888469696045,
      "context_chars": 3191.52
    },
    "6": {
      "n": 100,
      "em": 0.32,
      "f1": 0.4274883040935672,
      "containment": 0.38,
      "latency_ms": 294.60418939590454,
      "context_chars": 3827.65
    }
  }
}