{
  "shard_index": 21,
  "shard_count": 37,
  "summary": {
    "0": {
      "n": 100,
      "em": 0.11,
      "f1": 0.16312406015037595,
      "containment": 0.15,
      "latency_ms": 1676.6697454452515,
      "context_chars": 0.0
    },
    "1": {
      "n": 100,
      "em": 0.28,
      "f1": 0.3490634920634921,
      "containment": 0.29,
      "latency_ms": 2299.3532061576843,
      "context_chars": 627.16
    },
    "2": {
      "n": 100,
      "em": 0.28,
      "f1": 0.3923428571428571,
      "containment": 0.31,
      "latency_ms": 2798.468339443207,
      "context_chars": 1257.46
    },
    "3": {
      "n": 100,
      "em": 0.27,
      "f1": 0.40419719169719165,
      "containment": 0.35,
      "latency_ms": 3599.9111008644104,
      "context_chars": 1889.2
    },
    "4": {
      "n": 100,
      "em": 0.3,
      "f1": 0.40838100788100784,
      "containment": 0.37,
      "latency_ms": 3869.0594577789307,
      "context_chars": 2526.53
    },
    "5": {
      "n": 100,
      "em": 0.31,
      "f1": 0.4081794266964545,
      "containment": 0.38,
      "latency_ms": 4867.231185436249,
      "context_chars": 3161.79
    },
    "6": {
      "n": 100,
      "em": 0.32,
      "f1": 0.4258888272030687,
      "containment": 0.39,
      "latency_ms": 5174.5984172821045,
      "context_chars": 3795.58
    }
  }
}