{
  "shard_index": 16,
  "shard_count": 37,
  "summary": {
    "0": {
      "n": 100,
      "em": 0.12,
      "f1": 0.18375865800865804,
      "containment": 0.18,
      "latency_ms": 1841.4522624015808,
      "context_chars": 0.0
    },
    "1": {
      "n": 100,
      "em": 0.23,
      "f1": 0.3129285714285714,
      "containment": 0.27,
      "latency_ms": 1865.3543615341187,
      "context_chars": 635.98
    },
    "2": {
      "n": 100,
      "em": 0.23,
      "f1": 0.34389521263050676,
      "containment": 0.32,
      "latency_ms": 2285.4042983055115,
      "context_chars": 1270.93
    },
    "3": {
      "n": 100,
      "em": 0.25,
      "f1": 0.38192882607588485,
      "containment": 0.33,
      "latency_ms": 2787.4323892593384,
      "context_chars": 1912.8
    },
    "4": {
      "n": 100,
      "em": 0.25,
      "f1": 0.3766044478397419,
      "containment": 0.34,
      "latency_ms": 3156.9481897354126,
      "context_chars": 2551.77
    },
    "5": {
      "n": 100,
      "em": 0.26,
      "f1": 0.3985721371552573,
      "containment": 0.34,
      "latency_ms": 3684.402837753296,
      "context_chars": 3191.7
    },
    "6": {
      "n": 100,
      "em": 0.25,
      "f1": 0.37797580197580194,
      "containment": 0.33,
      "latency_ms": 3850.735549926758,
      "context_chars": 3838.62
    }
  }
}