{
  "shard_index": 2,
  "shard_count": 37,
  "summary": {
    "0": {
      "n": 100,
      "em": 0.09,
      "f1": 0.15471031746031746,
      "containment": 0.14,
      "latency_ms": 2074.3332195281982,
      "context_chars": 0.0
    },
    "1": {
      "n": 100,
      "em": 0.14,
      "f1": 0.24276190476190476,
      "containment": 0.22,
      "latency_ms": 2527.6938152313232,
      "context_chars": 633.06
    },
    "2": {
      "n": 100,
      "em": 0.22,
      "f1": 0.3286202695154307,
      "containment": 0.33,
      "latency_ms": 3021.366901397705,
      "context_chars": 1273.71
    },
    "3": {
      "n": 100,
      "em": 0.23,
      "f1": 0.34255086580086574,
      "containment": 0.33,
      "latency_ms": 3903.8767528533936,
      "context_chars": 1913.56
    },
    "4": {
      "n": 100,
      "em": 0.23,
      "f1": 0.33872723475355054,
      "containment": 0.33,
      "latency_ms": 4014.8182821273804,
      "context_chars": 2553.07
    },
    "5": {
      "n": 100,
      "em": 0.26,
      "f1": 0.3685050125313283,
      "containment": 0.35,
      "latency_ms": 4616.189711093903,
      "context_chars": 3192.02
    },
    "6": {
      "n": 100,
      "em": 0.24,
      "f1": 0.3637532087795246,
      "containment": 0.34,
      "latency_ms": 4885.176336765289,
      "context_chars": 3831.66
    }
  }
}