{
  "shard_index": 14,
  "shard_count": 37,
  "summary": {
    "0": {
      "n": 100,
      "em": 0.14,
      "f1": 0.2036507936507936,
      "containment": 0.15,
      "latency_ms": 1284.8887753486633,
      "context_chars": 0.0
    },
    "1": {
      "n": 100,
      "em": 0.26,
      "f1": 0.3817021475256769,
      "containment": 0.29,
      "latency_ms": 1823.7234663963318,
      "context_chars": 646.65
    },
    "2": {
      "n": 100,
      "em": 0.33,
      "f1": 0.4381570096570097,
      "containment": 0.37,
      "latency_ms": 2204.884624481201,
      "context_chars": 1292.78
    },
    "3": {
      "n": 100,
      "em": 0.39,
      "f1": 0.5054658008658008,
      "containment": 0.43,
      "latency_ms": 2628.5850763320923,
      "context_chars": 1937.72
    },
    "4": {
      "n": 100,
      "em": 0.39,
      "f1": 0.5004007936507936,
      "containment": 0.44,
      "latency_ms": 2911.8909907341003,
      "context_chars": 2579.3
    },
    "5": {
      "n": 100,
      "em": 0.38,
      "f1": 0.5000322341057635,
      "containment": 0.44,
      "latency_ms": 3447.0501136779785,
      "context_chars": 3224.99
    },
    "6": {
      "n": 100,
      "em": 0.38,
      "f1": 0.5042775443510736,
      "containment": 0.44,
      "latency_ms": 3650.732100009918,
      "context_chars": 3862.03
    }
  }
}