{
  "shard_index": 20,
  "shard_count": 37,
  "summary": {
    "0": {
      "n": 100,
      "em": 0.15,
      "f1": 0.2007857142857143,
      "containment": 0.17,
      "latency_ms": 2715.49165725708,
      "context_chars": 0.0
    },
    "1": {
      "n": 100,
      "em": 0.28,
      "f1": 0.33967667420298997,
      "containment": 0.31,
      "latency_ms": 3925.986874103546,
      "context_chars": 638.03
    },
    "2": {
      "n": 100,
      "em": 0.31,
      "f1": 0.4016378066378066,
      "containment": 0.39,
      "latency_ms": 4958.576989173889,
      "context_chars": 1273.4
    },
    "3": {
      "n": 100,
      "em": 0.27,
      "f1": 0.36100475341651816,
      "containment": 0.35,
      "latency_ms": 6149.039673805237,
      "context_chars": 1912.87
    },
    "4": {
      "n": 100,
      "em": 0.29,
      "f1": 0.3805240208668201,
      "containment": 0.39,
      "latency_ms": 6939.468848705292,
      "context_chars": 2552.13
    },
    "5": {
      "n": 100,
      "em": 0.31,
      "f1": 0.38764286977390433,
      "containment": 0.39,
      "latency_ms": 7928.642091751099,
      "context_chars": 3193.96
    },
    "6": {
      "n": 100,
      "em": 0.31,
      "f1": 0.3881877925995573,
      "containment": 0.4,
      "latency_ms": 9265.644710063934,
      "context_chars": 3839.41
    }
  }
}