{
  "shard_index": 29,
  "shard_count": 37,
  "summary": {
    "0": {
      "n": 100,
      "em": 0.11,
      "f1": 0.17954528804528805,
      "containment": 0.17,
      "latency_ms": 146.80832624435425,
      "context_chars": 0.0
    },
    "1": {
      "n": 100,
      "em": 0.23,
      "f1": 0.33074525474525474,
      "containment": 0.26,
      "latency_ms": 187.79422044754028,
      "context_chars": 639.11
    },
    "2": {
      "n": 100,
      "em": 0.36,
      "f1": 0.468638727285786,
      "containment": 0.43,
      "latency_ms": 184.45200204849243,
      "context_chars": 1284.7
    },
    "3": {
      "n": 100,
      "em": 0.33,
      "f1": 0.43882384375661687,
      "containment": 0.38,
      "latency_ms": 217.10641145706177,
      "context_chars": 1918.42
    },
    "4": {
      "n": 100,
      "em": 0.34,
      "f1": 0.46951847716553596,
      "containment": 0.42,
      "latency_ms": 220.04124402999878,
      "context_chars": 2558.62
    },
    "5": {
      "n": 100,
      "em": 0.32,
      "f1": 0.45052395317101196,
      "containment": 0.38,
      "latency_ms": 214.53153610229492,
      "context_chars": 3199.68
    },
    "6": {
      "n": 100,
      "em": 0.33,
      "f1": 0.45602761617467485,
      "containment": 0.38,
      "latency_ms": 220.53147554397583,
      "context_chars": 3845.7
    }
  }
}