{
  "shard_index": 11,
  "shard_count": 37,
  "summary": {
    "0": {
      "n": 100,
      "em": 0.16,
      "f1": 0.21287301587301585,
      "containment": 0.18,
      "latency_ms": 1373.7535548210144,
      "context_chars": 0.0
    },
    "1": {
      "n": 100,
      "em": 0.32,
      "f1": 0.40494211017740417,
      "containment": 0.39,
      "latency_ms": 1923.178448677063,
      "context_chars": 633.05
    },
    "2": {
      "n": 100,
      "em": 0.38,
      "f1": 0.47790792214321626,
      "containment": 0.47,
      "latency_ms": 2366.991536617279,
      "context_chars": 1270.52
    },
    "3": {
      "n": 100,
      "em": 0.34,
      "f1": 0.4523884220354808,
      "containment": 0.47,
      "latency_ms": 2884.9379229545593,
      "context_chars": 1905.96
    },
    "4": {
      "n": 100,
      "em": 0.36,
      "f1": 0.4657662860015801,
      "containment": 0.5,
      "latency_ms": 3166.5270948410034,
      "context_chars": 2542.87
    },
    "5": {
      "n": 100,
      "em": 0.37,
      "f1": 0.4695553098432355,
      "containment": 0.5,
      "latency_ms": 3586.5589785575867,
      "context_chars": 3177.94
    },
    "6": {
      "n": 100,
      "em": 0.37,
      "f1": 0.4693548085901027,
      "containment": 0.5,
      "latency_ms": 3924.730191230774,
      "context_chars": 3814.31
    }
  }
}