{
  "shard_index": 4,
  "shard_count": 37,
  "summary": {
    "0": {
      "n": 100,
      "em": 0.11,
      "f1": 0.17744028194028194,
      "containment": 0.17,
      "latency_ms": 2654.550669193268,
      "context_chars": 0.0
    },
    "1": {
      "n": 100,
      "em": 0.29,
      "f1": 0.35673556998557,
      "containment": 0.34,
      "latency_ms": 2925.9056091308594,
      "context_chars": 638.44
    },
    "2": {
      "n": 100,
      "em": 0.29,
      "f1": 0.39507203615098346,
      "containment": 0.4,
      "latency_ms": 3737.1908473968506,
      "context_chars": 1280.3
    },
    "3": {
      "n": 100,
      "em": 0.33,
      "f1": 0.40923603881498616,
      "containment": 0.39,
      "latency_ms": 3960.93905210495,
      "context_chars": 1915.92
    },
    "4": {
      "n": 100,
      "em": 0.35,
      "f1": 0.4313902179691653,
      "containment": 0.42,
      "latency_ms": 4063.681330680847,
      "context_chars": 2550.85
    },
    "5": {
      "n": 100,
      "em": 0.35,
      "f1": 0.4263252829042303,
      "containment": 0.41,
      "latency_ms": 4785.6997537612915,
      "context_chars": 3187.86
    },
    "6": {
      "n": 100,
      "em": 0.32,
      "f1": 0.4108594154383628,
      "containment": 0.4,
      "latency_ms": 5131.997573375702,
      "context_chars": 3826.68
    }
  }
}