{
  "shard_index": 25,
  "shard_count": 37,
  "summary": {
    "0": {
      "n": 100,
      "em": 0.16,
      "f1": 0.22099603174603175,
      "containment": 0.2,
      "latency_ms": 202.48745203018188,
      "context_chars": 0.0
    },
    "1": {
      "n": 100,
      "em": 0.33,
      "f1": 0.387471361971362,
      "containment": 0.35,
      "latency_ms": 160.22620677947998,
      "context_chars": 631.82
    },
    "2": {
      "n": 100,
      "em": 0.39,
      "f1": 0.49181849551414764,
      "containment": 0.45,
      "latency_ms": 180.7239866256714,
      "context_chars": 1278.01
    },
    "3": {
      "n": 100,
      "em": 0.37,
      "f1": 0.46278268832616654,
      "containment": 0.45,
      "latency_ms": 206.11164569854736,
      "context_chars": 1920.28
    },
    "4": {
      "n": 100,
      "em": 0.37,
      "f1": 0.4689828643578643,
      "containment": 0.45,
      "latency_ms": 221.22387170791626,
      "context_chars": 2557.32
    },
    "5": {
      "n": 100,
      "em": 0.36,
      "f1": 0.46080422234770063,
      "containment": 0.45,
      "latency_ms": 225.95462560653687,
      "context_chars": 3203.47
    },
    "6": {
      "n": 100,
      "em": 0.38,
      "f1": 0.4916450499788507,
      "containment": 0.46,
      "latency_ms": 259.2866587638855,
      "context_chars": 3840.91
    }
  }
}