{
  "shard_index": 35,
  "shard_count": 37,
  "summary": {
    "0": {
      "n": 100,
      "em": 0.14,
      "f1": 0.1967583108715184,
      "containment": 0.17,
      "latency_ms": 136.29791736602783,
      "context_chars": 0.0
    },
    "1": {
      "n": 100,
      "em": 0.23,
      "f1": 0.2751846282372598,
      "containment": 0.24,
      "latency_ms": 141.74889087677002,
      "context_chars": 641.32
    },
    "2": {
      "n": 100,
      "em": 0.26,
      "f1": 0.32237301587301587,
      "containment": 0.29,
      "latency_ms": 148.73692750930786,
      "context_chars": 1282.71
    },
    "3": {
      "n": 100,
      "em": 0.3,
      "f1": 0.37229646084909235,
      "containment": 0.33,
      "latency_ms": 179.29805278778076,
      "context_chars": 1927.62
    },
    "4": {
      "n": 100,
      "em": 0.32,
      "f1": 0.4158650793650793,
      "containment": 0.36,
      "latency_ms": 182.6272463798523,
      "context_chars": 2569.91
    },
    "5": {
      "n": 100,
      "em": 0.3,
      "f1": 0.40692063492063496,
      "containment": 0.38,
      "latency_ms": 214.51685428619385,
      "context_chars": 3214.62
    },
    "6": {
      "n": 100,
      "em": 0.29,
      "f1": 0.3881269841269841,
      "containment": 0.36,
      "latency_ms": 223.95315647125244,
      "context_chars": 3862.4
    }
  }
}