{
  "shard_index": 3,
  "shard_count": 37,
  "summary": {
    "0": {
      "n": 100,
      "em": 0.09,
      "f1": 0.12965151515151513,
      "containment": 0.12,
      "latency_ms": 2147.630066871643,
      "context_chars": 0.0
    },
    "1": {
      "n": 100,
      "em": 0.2,
      "f1": 0.2843412698412698,
      "containment": 0.23,
      "latency_ms": 2445.133967399597,
      "context_chars": 640.02
    },
    "2": {
      "n": 100,
      "em": 0.22,
      "f1": 0.3023769230769231,
      "containment": 0.27,
      "latency_ms": 3168.9732122421265,
      "context_chars": 1280.07
    },
    "3": {
      "n": 100,
      "em": 0.23,
      "f1": 0.329717032967033,
      "containment": 0.3,
      "latency_ms": 3749.0040230751038,
      "context_chars": 1922.09
    },
    "4": {
      "n": 100,
      "em": 0.23,
      "f1": 0.34224242424242424,
      "containment": 0.32,
      "latency_ms": 4056.7784357070923,
      "context_chars": 2562.13
    },
    "5": {
      "n": 100,
      "em": 0.26,
      "f1": 0.3759179329442487,
      "containment": 0.36,
      "latency_ms": 4731.73891544342,
      "context_chars": 3210.94
    },
    "6": {
      "n": 100,
      "em": 0.27,
      "f1": 0.36827507580139157,
      "containment": 0.36,
      "latency_ms": 5064.191100597382,
      "context_chars": 3854.59
    }
  }
}