{
  "shard_index": 9,
  "shard_count": 37,
  "summary": {
    "0": {
      "n": 100,
      "em": 0.17,
      "f1": 0.23600671550671548,
      "containment": 0.19,
      "latency_ms": 2355.951085090637,
      "context_chars": 0.0
    },
    "1": {
      "n": 100,
      "em": 0.25,
      "f1": 0.34132683982683987,
      "containment": 0.26,
      "latency_ms": 2444.1541814804077,
      "context_chars": 639.32
    },
    "2": {
      "n": 100,
      "em": 0.31,
      "f1": 0.40347619047619054,
      "containment": 0.34,
      "latency_ms": 3343.7348580360413,
      "context_chars": 1284.01
    },
    "3": {
      "n": 100,
      "em": 0.32,
      "f1": 0.4353413808413809,
      "containment": 0.37,
      "latency_ms": 3496.8204379081726,
      "context_chars": 1927.06
    },
    "4": {
      "n": 100,
      "em": 0.33,
      "f1": 0.43755627705627714,
      "containment": 0.38,
      "latency_ms": 3835.351538658142,
      "context_chars": 2573.98
    },
    "5": {
      "n": 100,
      "em": 0.34,
      "f1": 0.4372198879551821,
      "containment": 0.39,
      "latency_ms": 4600.912573337555,
      "context_chars": 3215.66
    },
    "6": {
      "n": 100,
      "em": 0.33,
      "f1": 0.4376447245564893,
      "containment": 0.38,
      "latency_ms": 5018.31080198288,
      "context_chars": 3854.98
    }
  }
}