{
  "shard_index": 30,
  "shard_count": 37,
  "summary": {
    "0": {
      "n": 100,
      "em": 0.09,
      "f1": 0.15960317460317458,
      "containment": 0.13,
      "latency_ms": 145.4080295562744,
      "context_chars": 0.0
    },
    "1": {
      "n": 100,
      "em": 0.32,
      "f1": 0.45461904761904753,
      "containment": 0.35,
      "latency_ms": 218.28516721725464,
      "context_chars": 639.02
    },
    "2": {
      "n": 100,
      "em": 0.39,
      "f1": 0.5140952380952382,
      "containment": 0.43,
      "latency_ms": 196.50510787963867,
      "context_chars": 1282.4
    },
    "3": {
      "n": 100,
      "em": 0.44,
      "f1": 0.5517619047619047,
      "containment": 0.45,
      "latency_ms": 189.14623022079468,
      "context_chars": 1923.24
    },
    "4": {
      "n": 100,
      "em": 0.42,
      "f1": 0.5394285714285714,
      "containment": 0.46,
      "latency_ms": 197.3419737815857,
      "context_chars": 2567.85
    },
    "5": {
      "n": 100,
      "em": 0.43,
      "f1": 0.5619893439893439,
      "containment": 0.49,
      "latency_ms": 239.87760066986084,
      "context_chars": 3207.67
    },
    "6": {
      "n": 100,
      "em": 0.43,
      "f1": 0.5680283050283048,
      "containment": 0.5,
      "latency_ms": 264.06349897384644,
      "context_chars": 3854.51
    }
  }
}