{
  "shard_index": 0,
  "shard_count": 37,
  "summary": {
    "0": {
      "n": 100,
      "em": 0.11,
      "f1": 0.1892070707070707,
      "containment": 0.16,
      "latency_ms": 2142.6787900924683,
      "context_chars": 0.0
    },
    "1": {
      "n": 100,
      "em": 0.21,
      "f1": 0.3449063836060739,
      "containment": 0.29,
      "latency_ms": 2879.1432666778564,
      "context_chars": 638.44
    },
    "2": {
      "n": 100,
      "em": 0.2,
      "f1": 0.3390392156862746,
      "containment": 0.28,
      "latency_ms": 3468.146688938141,
      "context_chars": 1273.65
    },
    "3": {
      "n": 100,
      "em": 0.24,
      "f1": 0.3789450218683965,
      "containment": 0.31,
      "latency_ms": 3604.46515083313,
      "context_chars": 1912.17
    },
    "4": {
      "n": 100,
      "em": 0.24,
      "f1": 0.381803016790889,
      "containment": 0.33,
      "latency_ms": 4472.942636013031,
      "context_chars": 2549.69
    },
    "5": {
      "n": 100,
      "em": 0.25,
      "f1": 0.3964648430601777,
      "containment": 0.35,
      "latency_ms": 5152.666735649109,
      "context_chars": 3189.76
    },
    "6": {
      "n": 100,
      "em": 0.25,
      "f1": 0.40035565595099065,
      "containment": 0.35,
      "latency_ms": 5471.44321680069,
      "context_chars": 3829.22
    }
  }
}