{
  "shard_index": 8,
  "shard_count": 37,
  "summary": {
    "0": {
      "n": 100,
      "em": 0.18,
      "f1": 0.22830248698669753,
      "containment": 0.21,
      "latency_ms": 2460.1125264167786,
      "context_chars": 0.0
    },
    "1": {
      "n": 100,
      "em": 0.22,
      "f1": 0.3120396825396825,
      "containment": 0.25,
      "latency_ms": 2640.892815589905,
      "context_chars": 641.38
    },
    "2": {
      "n": 100,
      "em": 0.23,
      "f1": 0.3405781440781441,
      "containment": 0.32,
      "latency_ms": 3121.3981699943542,
      "context_chars": 1281.08
    },
    "3": {
      "n": 100,
      "em": 0.24,
      "f1": 0.35290204240204237,
      "containment": 0.32,
      "latency_ms": 4056.4333415031433,
      "context_chars": 1921.93
    },
    "4": {
      "n": 100,
      "em": 0.29,
      "f1": 0.40105883005883003,
      "containment": 0.37,
      "latency_ms": 4138.639817237854,
      "context_chars": 2558.71
    },
    "5": {
      "n": 100,
      "em": 0.28,
      "f1": 0.3862212232212231,
      "containment": 0.34,
      "latency_ms": 4983.184425830841,
      "context_chars": 3199.14
    },
    "6": {
      "n": 100,
      "em": 0.28,
      "f1": 0.3865667665667665,
      "containment": 0.34,
      "latency_ms": 4942.485935688019,
      "context_chars": 3837.22
    }
  }
}