{
  "dataset": "nq_test",
  "retriever": "RRF",
  "rag_variant": "RRF_k0to6",
  "num_examples": 3610,
  "shots": {
    "0": {
      "n": 3610,
      "em": 0.1221606648199446,
      "f1": 0.18527605055680832,
      "containment": 0.1562326869806094,
      "latency_ms": 131.9867907468632,
      "context_chars": 0.0
    },
    "1": {
      "n": 3610,
      "em": 0.2623268698060942,
      "f1": 0.350592953504899,
      "containment": 0.3044321329639889,
      "latency_ms": 140.110014614306,
      "context_chars": 637.4313019390581
    },
    "2": {
      "n": 3610,
      "em": 0.2886426592797784,
      "f1": 0.3893867391632935,
      "containment": 0.3493074792243767,
      "latency_ms": 159.8756645524931,
      "context_chars": 1277.3024930747922
    },
    "3": {
      "n": 3610,
      "em": 0.303601108033241,
      "f1": 0.40947764995333347,
      "containment": 0.3700831024930748,
      "latency_ms": 175.73928198986107,
      "context_chars": 1918.3202216066481
    },
    "4": {
      "n": 3610,
      "em": 0.310803324099723,
      "f1": 0.41902964121505787,
      "containment": 0.3808864265927978,
      "latency_ms": 185.1926050027652,
      "context_chars": 2558.261218836565
    },
    "5": {
      "n": 3610,
      "em": 0.3138504155124654,
      "f1": 0.4250213013830072,
      "containment": 0.38864265927977837,
      "latency_ms": 203.58435770811468,
      "context_chars": 3199.085318559557
    },
    "6": {
      "n": 3610,
      "em": 0.3171745152354571,
      "f1": 0.4282525810825214,
      "containment": 0.39362880886426593,
      "latency_ms": 215.10976827045556,
      "context_chars": 3840.378670360111
    }
  }
}