{
  "dataset": "nq_test",
  "retriever": "BM25_BGE_Reranker",
  "rag_variant": "BM25_BGE_Reranker_Llama70B_PromptB_k0to6",
  "num_examples": 3610,
  "shots": {
    "0": {
      "n": 3610,
      "em": 0.34653739612188367,
      "f1": 0.4864830200122916,
      "containment": 0.4257617728531856,
      "latency_ms": 2406.48417618136,
      "context_chars": 0.0
    },
    "1": {
      "n": 3610,
      "em": 0.3329639889196676,
      "f1": 0.43378142953162524,
      "containment": 0.38227146814404434,
      "latency_ms": 2482.3513674934156,
      "context_chars": 641.1407202216067
    },
    "2": {
      "n": 3610,
      "em": 0.360387811634349,
      "f1": 0.47236676990975807,
      "containment": 0.4188365650969529,
      "latency_ms": 2520.1455032396184,
      "context_chars": 1283.5855955678671
    },
    "3": {
      "n": 3610,
      "em": 0.3703601108033241,
      "f1": 0.4844942472257042,
      "containment": 0.42853185595567866,
      "latency_ms": 2534.479836413735,
      "context_chars": 1926.6451523545707
    },
    "4": {
      "n": 3610,
      "em": 0.37091412742382274,
      "f1": 0.48662445413457134,
      "containment": 0.4340720221606648,
      "latency_ms": 2558.1411910519373,
      "context_chars": 2569.3850415512466
    },
    "5": {
      "n": 3610,
      "em": 0.37867036011080335,
      "f1": 0.4957326063882349,
      "containment": 0.44349030470914125,
      "latency_ms": 2587.865069830517,
      "context_chars": 3212.6362880886427
    },
    "6": {
      "n": 3610,
      "em": 0.3775623268698061,
      "f1": 0.49583540090186234,
      "containment": 0.44598337950138506,
      "latency_ms": 2598.275777243511,
      "context_chars": 3855.1861495844873
    }
  }
}