{
  "dataset": "nq_test",
  "retriever": "BM25",
  "rag_variant": "BM25_Llama70B_PromptB_k0to6",
  "num_examples": 3610,
  "shots": {
    "0": {
      "n": 3610,
      "em": 0.345983379501385,
      "f1": 0.48634987338052993,
      "containment": 0.4249307479224377,
      "latency_ms": 2382.2320100012907,
      "context_chars": 0.0
    },
    "1": {
      "n": 3610,
      "em": 0.16952908587257617,
      "f1": 0.23197817585344002,
      "containment": 0.1955678670360111,
      "latency_ms": 2339.4682689386723,
      "context_chars": 639.592243767313
    },
    "2": {
      "n": 3610,
      "em": 0.20443213296398893,
      "f1": 0.27990112793125915,
      "containment": 0.2371191135734072,
      "latency_ms": 2415.860724118938,
      "context_chars": 1280.87783933518
    },
    "3": {
      "n": 3610,
      "em": 0.23185595567867037,
      "f1": 0.31553949954160443,
      "containment": 0.2667590027700831,
      "latency_ms": 2446.0332992664667,
      "context_chars": 1922.9160664819944
    },
    "4": {
      "n": 3610,
      "em": 0.25401662049861495,
      "f1": 0.3427736882495507,
      "containment": 0.29445983379501384,
      "latency_ms": 2455.0435713453635,
      "context_chars": 2564.995567867036
    },
    "5": {
      "n": 3610,
      "em": 0.26842105263157895,
      "f1": 0.36211428187112266,
      "containment": 0.314404432132964,
      "latency_ms": 2501.342045237153,
      "context_chars": 3206.721052631579
    },
    "6": {
      "n": 3610,
      "em": 0.2803324099722992,
      "f1": 0.3739748446690396,
      "containment": 0.3263157894736842,
      "latency_ms": 2507.8741535255454,
      "context_chars": 3848.5149584487535
    }
  }
}