{
  "shard_index": 1,
  "shard_count": 8,
  "summary": {
    "0": {
      "n": 500,
      "em": 0.146,
      "f1": 0.21426255280238893,
      "containment": 0.176,
      "latency_ms": 123.3226227760315,
      "context_chars": 0.0
    },
    "1": {
      "n": 500,
      "em": 0.14,
      "f1": 0.19789311222546513,
      "containment": 0.17,
      "latency_ms": 127.55865907669067,
      "context_chars": 643.062
    },
    "2": {
      "n": 500,
      "em": 0.18,
      "f1": 0.25095506258447436,
      "containment": 0.216,
      "latency_ms": 139.04514503479004,
      "context_chars": 1286.518
    },
    "3": {
      "n": 500,
      "em": 0.192,
      "f1": 0.26779380560959515,
      "containment": 0.236,
      "latency_ms": 160.70182275772095,
      "context_chars": 1928.248
    },
    "4": {
      "n": 500,
      "em": 0.206,
      "f1": 0.28715229805282444,
      "containment": 0.25,
      "latency_ms": 169.39492845535278,
      "context_chars": 2571.672
    },
    "5": {
      "n": 500,
      "em": 0.216,
      "f1": 0.30843041729512344,
      "containment": 0.28,
      "latency_ms": 185.74080657958984,
      "context_chars": 3217.0
    },
    "6": {
      "n": 500,
      "em": 0.236,
      "f1": 0.3388612384254065,
      "containment": 0.304,
      "latency_ms": 195.38512992858887,
      "context_chars": 3861.174
    }
  }
}