{
  "shard_index": 6,
  "shard_count": 8,
  "summary": {
    "0": {
      "n": 500,
      "em": 0.118,
      "f1": 0.18221907308377902,
      "containment": 0.144,
      "latency_ms": 159.64345693588257,
      "context_chars": 0.0
    },
    "1": {
      "n": 500,
      "em": 0.17,
      "f1": 0.2305800072874679,
      "containment": 0.184,
      "latency_ms": 162.60481119155884,
      "context_chars": 639.332
    },
    "2": {
      "n": 500,
      "em": 0.202,
      "f1": 0.28045098039215693,
      "containment": 0.22,
      "latency_ms": 185.6435375213623,
      "context_chars": 1276.676
    },
    "3": {
      "n": 500,
      "em": 0.224,
      "f1": 0.30967818429936084,
      "containment": 0.258,
      "latency_ms": 193.20168113708496,
      "context_chars": 1919.11
    },
    "4": {
      "n": 500,
      "em": 0.226,
      "f1": 0.32391668454120914,
      "containment": 0.264,
      "latency_ms": 219.60996532440186,
      "context_chars": 2560.61
    },
    "5": {
      "n": 500,
      "em": 0.238,
      "f1": 0.3371490069487637,
      "containment": 0.294,
      "latency_ms": 233.7101411819458,
      "context_chars": 3203.69
    },
    "6": {
      "n": 500,
      "em": 0.242,
      "f1": 0.33969565016682673,
      "containment": 0.296,
      "latency_ms": 249.06735372543335,
      "context_chars": 3845.156
    }
  }
}