{
  "shard_index": 4,
  "shard_count": 8,
  "summary": {
    "0": {
      "n": 500,
      "em": 0.134,
      "f1": 0.1857597853900486,
      "containment": 0.164,
      "latency_ms": 163.0452651977539,
      "context_chars": 0.0
    },
    "1": {
      "n": 500,
      "em": 0.156,
      "f1": 0.21427963498489822,
      "containment": 0.204,
      "latency_ms": 165.07513189315796,
      "context_chars": 637.894
    },
    "2": {
      "n": 500,
      "em": 0.192,
      "f1": 0.2590879525703057,
      "containment": 0.246,
      "latency_ms": 181.59616422653198,
      "context_chars": 1278.174
    },
    "3": {
      "n": 500,
      "em": 0.2,
      "f1": 0.2766976800976803,
      "containment": 0.266,
      "latency_ms": 205.19650506973267,
      "context_chars": 1920.376
    },
    "4": {
      "n": 500,
      "em": 0.228,
      "f1": 0.3027770016382087,
      "containment": 0.286,
      "latency_ms": 221.60381078720093,
      "context_chars": 2563.042
    },
    "5": {
      "n": 500,
      "em": 0.238,
      "f1": 0.3096811716061718,
      "containment": 0.306,
      "latency_ms": 235.32368993759155,
      "context_chars": 3204.224
    },
    "6": {
      "n": 500,
      "em": 0.242,
      "f1": 0.32110081944199603,
      "containment": 0.3,
      "latency_ms": 240.45327234268188,
      "context_chars": 3845.55
    }
  }
}