{
  "shard_index": 5,
  "shard_count": 8,
  "summary": {
    "0": {
      "n": 500,
      "em": 0.132,
      "f1": 0.19369865280917917,
      "containment": 0.17,
      "latency_ms": 167.2459840774536,
      "context_chars": 0.0
    },
    "1": {
      "n": 500,
      "em": 0.152,
      "f1": 0.2154968511021143,
      "containment": 0.194,
      "latency_ms": 171.40149354934692,
      "context_chars": 639.586
    },
    "2": {
      "n": 500,
      "em": 0.184,
      "f1": 0.254093207531315,
      "containment": 0.236,
      "latency_ms": 188.92895889282227,
      "context_chars": 1283.552
    },
    "3": {
      "n": 500,
      "em": 0.202,
      "f1": 0.27473006862343924,
      "containment": 0.25,
      "latency_ms": 206.93741846084595,
      "context_chars": 1925.754
    },
    "4": {
      "n": 500,
      "em": 0.208,
      "f1": 0.291525357104769,
      "containment": 0.266,
      "latency_ms": 228.67185974121094,
      "context_chars": 2568.154
    },
    "5": {
      "n": 500,
      "em": 0.224,
      "f1": 0.30667762463513415,
      "containment": 0.28,
      "latency_ms": 243.65225410461426,
      "context_chars": 3209.842
    },
    "6": {
      "n": 500,
      "em": 0.232,
      "f1": 0.3216534726539371,
      "containment": 0.296,
      "latency_ms": 254.56372547149658,
      "context_chars": 3849.896
    }
  }
}