{
  "shard_index": 7,
  "shard_count": 8,
  "summary": {
    "0": {
      "n": 110,
      "em": 0.14545454545454545,
      "f1": 0.20844200198708393,
      "containment": 0.18181818181818182,
      "latency_ms": 173.58949834650213,
      "context_chars": 0.0
    },
    "1": {
      "n": 110,
      "em": 0.18181818181818182,
      "f1": 0.24020202020202022,
      "containment": 0.21818181818181817,
      "latency_ms": 160.50524278120562,
      "context_chars": 649.2727272727273
    },
    "2": {
      "n": 110,
      "em": 0.19090909090909092,
      "f1": 0.2530165289256198,
      "containment": 0.20909090909090908,
      "latency_ms": 165.439003164118,
      "context_chars": 1300.8727272727272
    },
    "3": {
      "n": 110,
      "em": 0.23636363636363636,
      "f1": 0.2941958546504001,
      "containment": 0.2545454545454545,
      "latency_ms": 173.3282891186801,
      "context_chars": 1951.418181818182
    },
    "4": {
      "n": 110,
      "em": 0.23636363636363636,
      "f1": 0.3133116883116883,
      "containment": 0.2727272727272727,
      "latency_ms": 201.96469263596967,
      "context_chars": 2596.7181818181816
    },
    "5": {
      "n": 110,
      "em": 0.21818181818181817,
      "f1": 0.3113492063492064,
      "containment": 0.2818181818181818,
      "latency_ms": 219.84155611558393,
      "context_chars": 3244.890909090909
    },
    "6": {
      "n": 110,
      "em": 0.2636363636363636,
      "f1": 0.3451709401709402,
      "containment": 0.3,
      "latency_ms": 239.65439146215266,
      "context_chars": 3890.981818181818
    }
  }
}