{
  "shard_index": 2,
  "shard_count": 8,
  "summary": {
    "0": {
      "n": 500,
      "em": 0.122,
      "f1": 0.18431935286935283,
      "containment": 0.15,
      "latency_ms": 140.0041618347168,
      "context_chars": 0.0
    },
    "1": {
      "n": 500,
      "em": 0.164,
      "f1": 0.22976568986569001,
      "containment": 0.172,
      "latency_ms": 146.8009753227234,
      "context_chars": 640.052
    },
    "2": {
      "n": 500,
      "em": 0.206,
      "f1": 0.27639507649213546,
      "containment": 0.23,
      "latency_ms": 158.29346752166748,
      "context_chars": 1280.386
    },
    "3": {
      "n": 500,
      "em": 0.22,
      "f1": 0.30581424316997086,
      "containment": 0.254,
      "latency_ms": 184.74524402618408,
      "context_chars": 1919.176
    },
    "4": {
      "n": 500,
      "em": 0.236,
      "f1": 0.32354330842278084,
      "containment": 0.284,
      "latency_ms": 191.44619274139404,
      "context_chars": 2559.442
    },
    "5": {
      "n": 500,
      "em": 0.226,
      "f1": 0.3192634127706549,
      "containment": 0.284,
      "latency_ms": 217.19023180007935,
      "context_chars": 3198.398
    },
    "6": {
      "n": 500,
      "em": 0.254,
      "f1": 0.34260920518810556,
      "containment": 0.304,
      "latency_ms": 222.71393013000488,
      "context_chars": 3838.296
    }
  }
}