{
  "shard_index": 0,
  "shard_count": 8,
  "summary": {
    "0": {
      "n": 500,
      "em": 0.092,
      "f1": 0.15518769563769558,
      "containment": 0.134,
      "latency_ms": 126.87025117874146,
      "context_chars": 0.0
    },
    "1": {
      "n": 500,
      "em": 0.134,
      "f1": 0.19514617604617612,
      "containment": 0.166,
      "latency_ms": 118.1361722946167,
      "context_chars": 637.528
    },
    "2": {
      "n": 500,
      "em": 0.17,
      "f1": 0.24204241967183154,
      "containment": 0.206,
      "latency_ms": 133.22599029541016,
      "context_chars": 1276.268
    },
    "3": {
      "n": 500,
      "em": 0.184,
      "f1": 0.25982016356536497,
      "containment": 0.232,
      "latency_ms": 151.76374340057373,
      "context_chars": 1918.866
    },
    "4": {
      "n": 500,
      "em": 0.208,
      "f1": 0.2922578831154256,
      "containment": 0.262,
      "latency_ms": 164.96695137023926,
      "context_chars": 2558.666
    },
    "5": {
      "n": 500,
      "em": 0.212,
      "f1": 0.3082336437805775,
      "containment": 0.28,
      "latency_ms": 180.67001962661743,
      "context_chars": 3196.748
    },
    "6": {
      "n": 500,
      "em": 0.206,
      "f1": 0.30138040712420594,
      "containment": 0.28,
      "latency_ms": 194.6457977294922,
      "context_chars": 3838.734
    }
  }
}