{
  "shard_index": 3,
  "shard_count": 8,
  "summary": {
    "0": {
      "n": 500,
      "em": 0.106,
      "f1": 0.18200712441680184,
      "containment": 0.158,
      "latency_ms": 205.08711528778076,
      "context_chars": 0.0
    },
    "1": {
      "n": 500,
      "em": 0.148,
      "f1": 0.2127063785887317,
      "containment": 0.184,
      "latency_ms": 161.1137580871582,
      "context_chars": 637.562
    },
    "2": {
      "n": 500,
      "em": 0.192,
      "f1": 0.2598660860707921,
      "containment": 0.218,
      "latency_ms": 184.28559494018555,
      "context_chars": 1280.172
    },
    "3": {
      "n": 500,
      "em": 0.216,
      "f1": 0.2957450117649808,
      "containment": 0.242,
      "latency_ms": 211.63857221603394,
      "context_chars": 1922.612
    },
    "4": {
      "n": 500,
      "em": 0.222,
      "f1": 0.30372233618896016,
      "containment": 0.256,
      "latency_ms": 216.65435457229614,
      "context_chars": 2566.404
    },
    "5": {
      "n": 500,
      "em": 0.242,
      "f1": 0.317616546759426,
      "containment": 0.262,
      "latency_ms": 242.12219524383545,
      "context_chars": 3208.748
    },
    "6": {
      "n": 500,
      "em": 0.246,
      "f1": 0.33004772862036885,
      "containment": 0.28,
      "latency_ms": 255.07030391693115,
      "context_chars": 3851.456
    }
  }
}