{
  "dataset": "nq_test",
  "retriever": "BM25_TCT",
  "rag_variant": "BM25_TCT_Llama70B_k0to6",
  "num_examples": 3610,
  "shots": {
    "0": {
      "n": 3610,
      "em": 0.34709141274238225,
      "f1": 0.4675846648110011,
      "containment": 0.4002770083102493,
      "latency_ms": 931.1854882913943,
      "context_chars": 0.0
    },
    "1": {
      "n": 3610,
      "em": 0.21440443213296398,
      "f1": 0.27899144751108185,
      "containment": 0.2373961218836565,
      "latency_ms": 1092.9338823725311,
      "context_chars": 634.4739612188366
    },
    "2": {
      "n": 3610,
      "em": 0.2518005540166205,
      "f1": 0.3299343481617428,
      "containment": 0.2850415512465374,
      "latency_ms": 1124.8880647886492,
      "context_chars": 1272.8119113573407
    },
    "3": {
      "n": 3610,
      "em": 0.2867036011080332,
      "f1": 0.373323262363432,
      "containment": 0.3224376731301939,
      "latency_ms": 1135.5205101319627,
      "context_chars": 1911.051246537396
    },
    "4": {
      "n": 3610,
      "em": 0.3060941828254848,
      "f1": 0.3982091093048887,
      "containment": 0.34875346260387813,
      "latency_ms": 1153.8875641254838,
      "context_chars": 2548.9299168975067
    },
    "5": {
      "n": 3610,
      "em": 0.3138504155124654,
      "f1": 0.4113663031875144,
      "containment": 0.3595567867036011,
      "latency_ms": 1171.1153060115275,
      "context_chars": 3188.0573407202214
    },
    "6": {
      "n": 3610,
      "em": 0.32493074792243765,
      "f1": 0.4244425877589148,
      "containment": 0.3734072022160665,
      "latency_ms": 1166.6863841693487,
      "context_chars": 3827.8174515235455
    }
  }
}