{
  "shard_index": 25,
  "shard_count": 37,
  "summary": {
    "0": {
      "n": 100,
      "em": 0.37,
      "f1": 0.4899523809523809,
      "containment": 0.42,
      "latency_ms": 360.1458764076233,
      "context_chars": 0.0
    },
    "1": {
      "n": 100,
      "em": 0.38,
      "f1": 0.46621645021645025,
      "containment": 0.42,
      "latency_ms": 574.4451546669006,
      "context_chars": 637.17
    },
    "2": {
      "n": 100,
      "em": 0.37,
      "f1": 0.4660735930735931,
      "containment": 0.44,
      "latency_ms": 605.2592730522156,
      "context_chars": 1283.0
    },
    "3": {
      "n": 100,
      "em": 0.41,
      "f1": 0.4994069264069264,
      "containment": 0.47,
      "latency_ms": 598.4004282951355,
      "context_chars": 1924.39
    },
    "4": {
      "n": 100,
      "em": 0.37,
      "f1": 0.471978354978355,
      "containment": 0.45,
      "latency_ms": 609.3153500556946,
      "context_chars": 2567.12
    },
    "5": {
      "n": 100,
      "em": 0.38,
      "f1": 0.4912878787878788,
      "containment": 0.46,
      "latency_ms": 622.9768991470337,
      "context_chars": 3206.93
    },
    "6": {
      "n": 100,
      "em": 0.39,
      "f1": 0.4961212121212121,
      "containment": 0.46,
      "latency_ms": 616.5360260009766,
      "context_chars": 3853.13
    }
  }
}