{
  "shard_index": 11,
  "shard_count": 37,
  "summary": {
    "0": {
      "n": 100,
      "em": 0.4,
      "f1": 0.5010800865800866,
      "containment": 0.46,
      "latency_ms": 367.13078260421753,
      "context_chars": 0.0
    },
    "1": {
      "n": 100,
      "em": 0.4,
      "f1": 0.4915,
      "containment": 0.5,
      "latency_ms": 576.166729927063,
      "context_chars": 637.41
    },
    "2": {
      "n": 100,
      "em": 0.44,
      "f1": 0.5402792207792207,
      "containment": 0.53,
      "latency_ms": 592.2480344772339,
      "context_chars": 1278.04
    },
    "3": {
      "n": 100,
      "em": 0.45,
      "f1": 0.5504062049062047,
      "containment": 0.55,
      "latency_ms": 604.6882939338684,
      "context_chars": 1920.28
    },
    "4": {
      "n": 100,
      "em": 0.46,
      "f1": 0.5620173160173159,
      "containment": 0.55,
      "latency_ms": 617.7344441413879,
      "context_chars": 2559.68
    },
    "5": {
      "n": 100,
      "em": 0.44,
      "f1": 0.5274473304473304,
      "containment": 0.53,
      "latency_ms": 634.2030692100525,
      "context_chars": 3205.69
    },
    "6": {
      "n": 100,
      "em": 0.43,
      "f1": 0.533494227994228,
      "containment": 0.53,
      "latency_ms": 621.5349626541138,
      "context_chars": 3841.59
    }
  }
}