{
  "shard_index": 0,
  "shard_count": 37,
  "summary": {
    "0": {
      "n": 100,
      "em": 0.29,
      "f1": 0.46684920634920624,
      "containment": 0.39,
      "latency_ms": 449.5510792732239,
      "context_chars": 0.0
    },
    "1": {
      "n": 100,
      "em": 0.36,
      "f1": 0.4885,
      "containment": 0.4,
      "latency_ms": 596.6352796554565,
      "context_chars": 637.31
    },
    "2": {
      "n": 100,
      "em": 0.34,
      "f1": 0.4832380952380951,
      "containment": 0.41,
      "latency_ms": 611.9391775131226,
      "context_chars": 1280.41
    },
    "3": {
      "n": 100,
      "em": 0.33,
      "f1": 0.4798354978354978,
      "containment": 0.42,
      "latency_ms": 610.6439566612244,
      "context_chars": 1919.39
    },
    "4": {
      "n": 100,
      "em": 0.34,
      "f1": 0.4976940836940836,
      "containment": 0.44,
      "latency_ms": 618.1730914115906,
      "context_chars": 2559.02
    },
    "5": {
      "n": 100,
      "em": 0.36,
      "f1": 0.510979797979798,
      "containment": 0.45,
      "latency_ms": 627.7038669586182,
      "context_chars": 3198.34
    },
    "6": {
      "n": 100,
      "em": 0.35,
      "f1": 0.49500216450216444,
      "containment": 0.44,
      "latency_ms": 624.922354221344,
      "context_chars": 3838.82
    }
  }
}