{
  "shard_index": 26,
  "shard_count": 37,
  "summary": {
    "0": {
      "n": 100,
      "em": 0.35,
      "f1": 0.46170779220779223,
      "containment": 0.4,
      "latency_ms": 367.36406803131104,
      "context_chars": 0.0
    },
    "1": {
      "n": 100,
      "em": 0.31,
      "f1": 0.41347763347763355,
      "containment": 0.37,
      "latency_ms": 588.0845165252686,
      "context_chars": 643.5
    },
    "2": {
      "n": 100,
      "em": 0.38,
      "f1": 0.4891919191919192,
      "containment": 0.45,
      "latency_ms": 598.1212902069092,
      "context_chars": 1290.15
    },
    "3": {
      "n": 100,
      "em": 0.37,
      "f1": 0.4905728715728715,
      "containment": 0.43,
      "latency_ms": 598.1606459617615,
      "context_chars": 1937.1
    },
    "4": {
      "n": 100,
      "em": 0.38,
      "f1": 0.5001443001443001,
      "containment": 0.45,
      "latency_ms": 581.600444316864,
      "context_chars": 2587.29
    },
    "5": {
      "n": 100,
      "em": 0.37,
      "f1": 0.4947157287157287,
      "containment": 0.44,
      "latency_ms": 613.8909029960632,
      "context_chars": 3232.94
    },
    "6": {
      "n": 100,
      "em": 0.4,
      "f1": 0.5115490620490619,
      "containment": 0.47,
      "latency_ms": 607.1000528335571,
      "context_chars": 3872.85
    }
  }
}