{
  "shard_index": 30,
  "shard_count": 37,
  "summary": {
    "0": {
      "n": 100,
      "em": 0.41,
      "f1": 0.5401536796536797,
      "containment": 0.45,
      "latency_ms": 376.7049312591553,
      "context_chars": 0.0
    },
    "1": {
      "n": 100,
      "em": 0.46,
      "f1": 0.5292857142857141,
      "containment": 0.45,
      "latency_ms": 550.6248164176941,
      "context_chars": 646.69
    },
    "2": {
      "n": 100,
      "em": 0.47,
      "f1": 0.5588095238095238,
      "containment": 0.48,
      "latency_ms": 564.7729682922363,
      "context_chars": 1290.74
    },
    "3": {
      "n": 100,
      "em": 0.49,
      "f1": 0.6075555555555554,
      "containment": 0.52,
      "latency_ms": 582.3707795143127,
      "context_chars": 1938.51
    },
    "4": {
      "n": 100,
      "em": 0.48,
      "f1": 0.5853333333333333,
      "containment": 0.5,
      "latency_ms": 573.2880878448486,
      "context_chars": 2578.89
    },
    "5": {
      "n": 100,
      "em": 0.51,
      "f1": 0.6279999999999999,
      "containment": 0.54,
      "latency_ms": 564.5489263534546,
      "context_chars": 3228.07
    },
    "6": {
      "n": 100,
      "em": 0.51,
      "f1": 0.6127878787878787,
      "containment": 0.53,
      "latency_ms": 577.0866894721985,
      "context_chars": 3870.42
    }
  }
}