{
  "shard_index": 3,
  "shard_count": 37,
  "summary": {
    "0": {
      "n": 100,
      "em": 0.37,
      "f1": 0.4787380952380951,
      "containment": 0.47,
      "latency_ms": 349.82221603393555,
      "context_chars": 0.0
    },
    "1": {
      "n": 100,
      "em": 0.34,
      "f1": 0.43596031746031727,
      "containment": 0.42,
      "latency_ms": 552.2250032424927,
      "context_chars": 642.58
    },
    "2": {
      "n": 100,
      "em": 0.35,
      "f1": 0.4644365079365078,
      "containment": 0.46,
      "latency_ms": 577.2429728507996,
      "context_chars": 1284.9
    },
    "3": {
      "n": 100,
      "em": 0.37,
      "f1": 0.4601031746031745,
      "containment": 0.46,
      "latency_ms": 570.2291893959045,
      "context_chars": 1927.75
    },
    "4": {
      "n": 100,
      "em": 0.36,
      "f1": 0.4653412698412696,
      "containment": 0.46,
      "latency_ms": 568.0050826072693,
      "context_chars": 2574.13
    },
    "5": {
      "n": 100,
      "em": 0.36,
      "f1": 0.45343650793650786,
      "containment": 0.44,
      "latency_ms": 569.3042778968811,
      "context_chars": 3217.13
    },
    "6": {
      "n": 100,
      "em": 0.35,
      "f1": 0.45010317460317445,
      "containment": 0.44,
      "latency_ms": 576.5203499794006,
      "context_chars": 3863.2
    }
  }
}