{
  "shard_index": 18,
  "shard_count": 37,
  "summary": {
    "0": {
      "n": 100,
      "em": 0.34,
      "f1": 0.5048989898989898,
      "containment": 0.4,
      "latency_ms": 387.26353645324707,
      "context_chars": 0.0
    },
    "1": {
      "n": 100,
      "em": 0.38,
      "f1": 0.5168095238095237,
      "containment": 0.44,
      "latency_ms": 560.636510848999,
      "context_chars": 641.11
    },
    "2": {
      "n": 100,
      "em": 0.41,
      "f1": 0.5510714285714285,
      "containment": 0.48,
      "latency_ms": 580.413601398468,
      "context_chars": 1278.26
    },
    "3": {
      "n": 100,
      "em": 0.41,
      "f1": 0.5427380952380951,
      "containment": 0.47,
      "latency_ms": 587.3850536346436,
      "context_chars": 1919.68
    },
    "4": {
      "n": 100,
      "em": 0.38,
      "f1": 0.5303095238095237,
      "containment": 0.46,
      "latency_ms": 596.2747287750244,
      "context_chars": 2560.81
    },
    "5": {
      "n": 100,
      "em": 0.39,
      "f1": 0.5372619047619047,
      "containment": 0.46,
      "latency_ms": 591.8966794013977,
      "context_chars": 3208.51
    },
    "6": {
      "n": 100,
      "em": 0.4,
      "f1": 0.5487857142857142,
      "containment": 0.46,
      "latency_ms": 584.5566987991333,
      "context_chars": 3850.45
    }
  }
}