{
  "shard_index": 31,
  "shard_count": 37,
  "summary": {
    "0": {
      "n": 100,
      "em": 0.32,
      "f1": 0.4118671679197995,
      "containment": 0.35,
      "latency_ms": 391.9300580024719,
      "context_chars": 0.0
    },
    "1": {
      "n": 100,
      "em": 0.28,
      "f1": 0.3868809523809524,
      "containment": 0.31,
      "latency_ms": 611.3399505615234,
      "context_chars": 649.07
    },
    "2": {
      "n": 100,
      "em": 0.31,
      "f1": 0.42166666666666663,
      "containment": 0.33,
      "latency_ms": 613.7767291069031,
      "context_chars": 1289.9
    },
    "3": {
      "n": 100,
      "em": 0.36,
      "f1": 0.47905555555555546,
      "containment": 0.4,
      "latency_ms": 607.9541754722595,
      "context_chars": 1931.04
    },
    "4": {
      "n": 100,
      "em": 0.34,
      "f1": 0.45378571428571424,
      "containment": 0.37,
      "latency_ms": 615.3523850440979,
      "context_chars": 2575.47
    },
    "5": {
      "n": 100,
      "em": 0.37,
      "f1": 0.47567604617604614,
      "containment": 0.41,
      "latency_ms": 613.1137800216675,
      "context_chars": 3214.74
    },
    "6": {
      "n": 100,
      "em": 0.37,
      "f1": 0.4773427128427128,
      "containment": 0.42,
      "latency_ms": 611.3832783699036,
      "context_chars": 3854.42
    }
  }
}