{
  "shard_index": 33,
  "shard_count": 37,
  "summary": {
    "0": {
      "n": 100,
      "em": 0.39,
      "f1": 0.4956904761904762,
      "containment": 0.4,
      "latency_ms": 387.4022889137268,
      "context_chars": 0.0
    },
    "1": {
      "n": 100,
      "em": 0.35,
      "f1": 0.4515273109243698,
      "containment": 0.35,
      "latency_ms": 586.8550181388855,
      "context_chars": 646.55
    },
    "2": {
      "n": 100,
      "em": 0.39,
      "f1": 0.4936485230455818,
      "containment": 0.38,
      "latency_ms": 651.1343717575073,
      "context_chars": 1278.02
    },
    "3": {
      "n": 100,
      "em": 0.4,
      "f1": 0.5044612936083525,
      "containment": 0.4,
      "latency_ms": 585.623025894165,
      "context_chars": 1921.05
    },
    "4": {
      "n": 100,
      "em": 0.39,
      "f1": 0.5091939775910365,
      "containment": 0.41,
      "latency_ms": 603.5683536529541,
      "context_chars": 2558.63
    },
    "5": {
      "n": 100,
      "em": 0.37,
      "f1": 0.4764915966386555,
      "containment": 0.38,
      "latency_ms": 608.6543440818787,
      "context_chars": 3201.02
    },
    "6": {
      "n": 100,
      "em": 0.38,
      "f1": 0.4951454427925016,
      "containment": 0.4,
      "latency_ms": 624.8942923545837,
      "context_chars": 3841.47
    }
  }
}