{
  "shard_index": 24,
  "shard_count": 37,
  "summary": {
    "0": {
      "n": 100,
      "em": 0.21,
      "f1": 0.36628571428571427,
      "containment": 0.34,
      "latency_ms": 321.81488275527954,
      "context_chars": 0.0
    },
    "1": {
      "n": 100,
      "em": 0.25,
      "f1": 0.34526329226329217,
      "containment": 0.34,
      "latency_ms": 584.028480052948,
      "context_chars": 641.7
    },
    "2": {
      "n": 100,
      "em": 0.31,
      "f1": 0.43326834276834264,
      "containment": 0.42,
      "latency_ms": 589.3995046615601,
      "context_chars": 1289.95
    },
    "3": {
      "n": 100,
      "em": 0.32,
      "f1": 0.43485198135198116,
      "containment": 0.43,
      "latency_ms": 591.4660501480103,
      "context_chars": 1936.04
    },
    "4": {
      "n": 100,
      "em": 0.32,
      "f1": 0.43412975912975904,
      "containment": 0.43,
      "latency_ms": 611.9094395637512,
      "context_chars": 2580.93
    },
    "5": {
      "n": 100,
      "em": 0.3,
      "f1": 0.4146853146853146,
      "containment": 0.4,
      "latency_ms": 599.1312313079834,
      "context_chars": 3219.77
    },
    "6": {
      "n": 100,
      "em": 0.33,
      "f1": 0.4324630924630924,
      "containment": 0.42,
      "latency_ms": 645.3513979911804,
      "context_chars": 3867.12
    }
  }
}