{
  "shard_index": 17,
  "shard_count": 37,
  "summary": {
    "0": {
      "n": 100,
      "em": 0.38,
      "f1": 0.48675274725274703,
      "containment": 0.41,
      "latency_ms": 353.2789921760559,
      "context_chars": 0.0
    },
    "1": {
      "n": 100,
      "em": 0.39,
      "f1": 0.46574891774891775,
      "containment": 0.41,
      "latency_ms": 577.1108245849609,
      "context_chars": 645.65
    },
    "2": {
      "n": 100,
      "em": 0.38,
      "f1": 0.4715670995670995,
      "containment": 0.41,
      "latency_ms": 605.041971206665,
      "context_chars": 1295.62
    },
    "3": {
      "n": 100,
      "em": 0.43,
      "f1": 0.5187424242424242,
      "containment": 0.43,
      "latency_ms": 621.0636615753174,
      "context_chars": 1936.77
    },
    "4": {
      "n": 100,
      "em": 0.41,
      "f1": 0.509551948051948,
      "containment": 0.42,
      "latency_ms": 612.5521159172058,
      "context_chars": 2585.69
    },
    "5": {
      "n": 100,
      "em": 0.41,
      "f1": 0.49973073593073586,
      "containment": 0.44,
      "latency_ms": 703.8768649101257,
      "context_chars": 3234.97
    },
    "6": {
      "n": 100,
      "em": 0.45,
      "f1": 0.5420721500721499,
      "containment": 0.46,
      "latency_ms": 627.9586839675903,
      "context_chars": 3884.19
    }
  }
}