{
  "shard_index": 32,
  "shard_count": 37,
  "summary": {
    "0": {
      "n": 100,
      "em": 0.28,
      "f1": 0.4353809523809523,
      "containment": 0.38,
      "latency_ms": 374.9520254135132,
      "context_chars": 0.0
    },
    "1": {
      "n": 100,
      "em": 0.33,
      "f1": 0.4350410830999066,
      "containment": 0.35,
      "latency_ms": 588.8834309577942,
      "context_chars": 634.73
    },
    "2": {
      "n": 100,
      "em": 0.31,
      "f1": 0.4557595704948645,
      "containment": 0.38,
      "latency_ms": 609.7791719436646,
      "context_chars": 1278.39
    },
    "3": {
      "n": 100,
      "em": 0.31,
      "f1": 0.4886881419234358,
      "containment": 0.39,
      "latency_ms": 607.9024076461792,
      "context_chars": 1918.44
    },
    "4": {
      "n": 100,
      "em": 0.32,
      "f1": 0.4847077497665731,
      "containment": 0.41,
      "latency_ms": 613.9715361595154,
      "context_chars": 2565.2
    },
    "5": {
      "n": 100,
      "em": 0.32,
      "f1": 0.49532679738562074,
      "containment": 0.42,
      "latency_ms": 615.778980255127,
      "context_chars": 3209.69
    },
    "6": {
      "n": 100,
      "em": 0.33,
      "f1": 0.5047119514472453,
      "containment": 0.43,
      "latency_ms": 624.722044467926,
      "context_chars": 3849.89
    }
  }
}