{
  "shard_index": 16,
  "shard_count": 37,
  "summary": {
    "0": {
      "n": 100,
      "em": 0.37,
      "f1": 0.46967748917748914,
      "containment": 0.4,
      "latency_ms": 375.5524206161499,
      "context_chars": 0.0
    },
    "1": {
      "n": 100,
      "em": 0.29,
      "f1": 0.3907794427794427,
      "containment": 0.34,
      "latency_ms": 612.0884704589844,
      "context_chars": 640.05
    },
    "2": {
      "n": 100,
      "em": 0.32,
      "f1": 0.43244610944610934,
      "containment": 0.36,
      "latency_ms": 601.3686370849609,
      "context_chars": 1283.26
    },
    "3": {
      "n": 100,
      "em": 0.33,
      "f1": 0.4566048396048395,
      "containment": 0.39,
      "latency_ms": 603.6611127853394,
      "context_chars": 1920.65
    },
    "4": {
      "n": 100,
      "em": 0.32,
      "f1": 0.44936674436674423,
      "containment": 0.4,
      "latency_ms": 656.098313331604,
      "context_chars": 2567.39
    },
    "5": {
      "n": 100,
      "em": 0.35,
      "f1": 0.4747940947940946,
      "containment": 0.4,
      "latency_ms": 622.377450466156,
      "context_chars": 3208.89
    },
    "6": {
      "n": 100,
      "em": 0.35,
      "f1": 0.48590520590520575,
      "containment": 0.41,
      "latency_ms": 646.1064338684082,
      "context_chars": 3854.42
    }
  }
}