{
  "shard_index": 29,
  "shard_count": 37,
  "summary": {
    "0": {
      "n": 100,
      "em": 0.3,
      "f1": 0.45757149131062186,
      "containment": 0.35,
      "latency_ms": 389.35367822647095,
      "context_chars": 0.0
    },
    "1": {
      "n": 100,
      "em": 0.38,
      "f1": 0.5087741147741146,
      "containment": 0.44,
      "latency_ms": 588.7116694450378,
      "context_chars": 648.26
    },
    "2": {
      "n": 100,
      "em": 0.39,
      "f1": 0.5314407814407812,
      "containment": 0.45,
      "latency_ms": 589.7621250152588,
      "context_chars": 1297.69
    },
    "3": {
      "n": 100,
      "em": 0.41,
      "f1": 0.5476327006327004,
      "containment": 0.46,
      "latency_ms": 595.9347820281982,
      "context_chars": 1935.2
    },
    "4": {
      "n": 100,
      "em": 0.39,
      "f1": 0.5392993672993671,
      "containment": 0.45,
      "latency_ms": 599.9360847473145,
      "context_chars": 2580.61
    },
    "5": {
      "n": 100,
      "em": 0.42,
      "f1": 0.5668121878121876,
      "containment": 0.49,
      "latency_ms": 612.3392057418823,
      "context_chars": 3229.55
    },
    "6": {
      "n": 100,
      "em": 0.41,
      "f1": 0.5452993672993671,
      "containment": 0.47,
      "latency_ms": 600.1242566108704,
      "context_chars": 3879.37
    }
  }
}