{
  "shard_index": 34,
  "shard_count": 37,
  "summary": {
    "0": {
      "n": 100,
      "em": 0.3,
      "f1": 0.41334920634920636,
      "containment": 0.33,
      "latency_ms": 376.0758566856384,
      "context_chars": 0.0
    },
    "1": {
      "n": 100,
      "em": 0.35,
      "f1": 0.4309023199023199,
      "containment": 0.38,
      "latency_ms": 618.7514090538025,
      "context_chars": 641.29
    },
    "2": {
      "n": 100,
      "em": 0.38,
      "f1": 0.4819023199023198,
      "containment": 0.42,
      "latency_ms": 607.8486061096191,
      "context_chars": 1283.5
    },
    "3": {
      "n": 100,
      "em": 0.39,
      "f1": 0.5166324786324785,
      "containment": 0.44,
      "latency_ms": 612.9105567932129,
      "context_chars": 1931.64
    },
    "4": {
      "n": 100,
      "em": 0.39,
      "f1": 0.5045154748633008,
      "containment": 0.46,
      "latency_ms": 622.8557729721069,
      "context_chars": 2575.01
    },
    "5": {
      "n": 100,
      "em": 0.43,
      "f1": 0.542271885119711,
      "containment": 0.5,
      "latency_ms": 642.2904586791992,
      "context_chars": 3222.83
    },
    "6": {
      "n": 100,
      "em": 0.41,
      "f1": 0.521531392584024,
      "containment": 0.48,
      "latency_ms": 646.4734172821045,
      "context_chars": 3871.56
    }
  }
}