{
  "shard_index": 8,
  "shard_count": 37,
  "summary": {
    "0": {
      "n": 100,
      "em": 0.33,
      "f1": 0.4496904761904761,
      "containment": 0.4,
      "latency_ms": 359.4929838180542,
      "context_chars": 0.0
    },
    "1": {
      "n": 100,
      "em": 0.22,
      "f1": 0.3177619047619047,
      "containment": 0.25,
      "latency_ms": 583.0484890937805,
      "context_chars": 639.39
    },
    "2": {
      "n": 100,
      "em": 0.25,
      "f1": 0.3566443001443001,
      "containment": 0.31,
      "latency_ms": 602.9452657699585,
      "context_chars": 1288.53
    },
    "3": {
      "n": 100,
      "em": 0.29,
      "f1": 0.4071998556998556,
      "containment": 0.35,
      "latency_ms": 599.1184902191162,
      "context_chars": 1932.9
    },
    "4": {
      "n": 100,
      "em": 0.32,
      "f1": 0.42672366522366517,
      "containment": 0.37,
      "latency_ms": 591.965754032135,
      "context_chars": 2575.3
    },
    "5": {
      "n": 100,
      "em": 0.33,
      "f1": 0.4308665223665223,
      "containment": 0.38,
      "latency_ms": 599.4440746307373,
      "context_chars": 3218.01
    },
    "6": {
      "n": 100,
      "em": 0.32,
      "f1": 0.4166046176046176,
      "containment": 0.37,
      "latency_ms": 630.170373916626,
      "context_chars": 3859.39
    }
  }
}