{
  "shard_index": 14,
  "shard_count": 37,
  "summary": {
    "0": {
      "n": 100,
      "em": 0.38,
      "f1": 0.4928809523809523,
      "containment": 0.4,
      "latency_ms": 331.9371223449707,
      "context_chars": 0.0
    },
    "1": {
      "n": 100,
      "em": 0.34,
      "f1": 0.45592857142857135,
      "containment": 0.4,
      "latency_ms": 563.8197875022888,
      "context_chars": 650.72
    },
    "2": {
      "n": 100,
      "em": 0.38,
      "f1": 0.49493650793650784,
      "containment": 0.42,
      "latency_ms": 577.4088931083679,
      "context_chars": 1296.53
    },
    "3": {
      "n": 100,
      "em": 0.36,
      "f1": 0.48021978021978007,
      "containment": 0.4,
      "latency_ms": 578.5380005836487,
      "context_chars": 1945.26
    },
    "4": {
      "n": 100,
      "em": 0.39,
      "f1": 0.5142197802197801,
      "containment": 0.42,
      "latency_ms": 580.5476784706116,
      "context_chars": 2592.88
    },
    "5": {
      "n": 100,
      "em": 0.38,
      "f1": 0.509142857142857,
      "containment": 0.42,
      "latency_ms": 583.7911128997803,
      "context_chars": 3233.99
    },
    "6": {
      "n": 100,
      "em": 0.39,
      "f1": 0.5135079365079364,
      "containment": 0.43,
      "latency_ms": 594.9086833000183,
      "context_chars": 3877.56
    }
  }
}