{
  "shard_index": 28,
  "shard_count": 37,
  "summary": {
    "0": {
      "n": 100,
      "em": 0.34,
      "f1": 0.4756572316572317,
      "containment": 0.41,
      "latency_ms": 457.45793104171753,
      "context_chars": 0.0
    },
    "1": {
      "n": 100,
      "em": 0.31,
      "f1": 0.4061904761904762,
      "containment": 0.35,
      "latency_ms": 607.3768424987793,
      "context_chars": 644.73
    },
    "2": {
      "n": 100,
      "em": 0.32,
      "f1": 0.43000144300144305,
      "containment": 0.35,
      "latency_ms": 632.6161074638367,
      "context_chars": 1287.26
    },
    "3": {
      "n": 100,
      "em": 0.32,
      "f1": 0.43031746031746027,
      "containment": 0.35,
      "latency_ms": 621.9091176986694,
      "context_chars": 1935.54
    },
    "4": {
      "n": 100,
      "em": 0.33,
      "f1": 0.4483023088023088,
      "containment": 0.36,
      "latency_ms": 658.8619065284729,
      "context_chars": 2584.63
    },
    "5": {
      "n": 100,
      "em": 0.33,
      "f1": 0.43749278499278504,
      "containment": 0.36,
      "latency_ms": 660.6951928138733,
      "context_chars": 3229.73
    },
    "6": {
      "n": 100,
      "em": 0.33,
      "f1": 0.42582611832611833,
      "containment": 0.35,
      "latency_ms": 648.7174725532532,
      "context_chars": 3875.69
    }
  }
}