{
  "shard_index": 4,
  "shard_count": 37,
  "summary": {
    "0": {
      "n": 100,
      "em": 0.4,
      "f1": 0.49887218045112774,
      "containment": 0.46,
      "latency_ms": 372.35172510147095,
      "context_chars": 0.0
    },
    "1": {
      "n": 100,
      "em": 0.31,
      "f1": 0.3699206349206349,
      "containment": 0.36,
      "latency_ms": 579.513590335846,
      "context_chars": 634.29
    },
    "2": {
      "n": 100,
      "em": 0.34,
      "f1": 0.4329832915622389,
      "containment": 0.41,
      "latency_ms": 618.9822602272034,
      "context_chars": 1276.48
    },
    "3": {
      "n": 100,
      "em": 0.37,
      "f1": 0.4461737677527151,
      "containment": 0.43,
      "latency_ms": 604.4809198379517,
      "context_chars": 1917.55
    },
    "4": {
      "n": 100,
      "em": 0.37,
      "f1": 0.4602863218652693,
      "containment": 0.44,
      "latency_ms": 614.0331673622131,
      "context_chars": 2560.54
    },
    "5": {
      "n": 100,
      "em": 0.38,
      "f1": 0.4656975772765246,
      "containment": 0.44,
      "latency_ms": 611.7020583152771,
      "context_chars": 3204.12
    },
    "6": {
      "n": 100,
      "em": 0.38,
      "f1": 0.48164995822890555,
      "containment": 0.44,
      "latency_ms": 619.8795390129089,
      "context_chars": 3844.21
    }
  }
}