{
  "shard_index": 1,
  "shard_count": 37,
  "summary": {
    "0": {
      "n": 100,
      "em": 0.34,
      "f1": 0.45016666666666666,
      "containment": 0.37,
      "latency_ms": 338.60020637512207,
      "context_chars": 0.0
    },
    "1": {
      "n": 100,
      "em": 0.29,
      "f1": 0.44486904761904755,
      "containment": 0.38,
      "latency_ms": 598.5968351364136,
      "context_chars": 639.8
    },
    "2": {
      "n": 100,
      "em": 0.36,
      "f1": 0.49559126984126967,
      "containment": 0.45,
      "latency_ms": 592.3991966247559,
      "context_chars": 1278.65
    },
    "3": {
      "n": 100,
      "em": 0.38,
      "f1": 0.5184007936507936,
      "containment": 0.46,
      "latency_ms": 592.8945136070251,
      "context_chars": 1919.82
    },
    "4": {
      "n": 100,
      "em": 0.39,
      "f1": 0.5070371572871573,
      "containment": 0.49,
      "latency_ms": 613.9402079582214,
      "context_chars": 2558.65
    },
    "5": {
      "n": 100,
      "em": 0.39,
      "f1": 0.5363531746031744,
      "containment": 0.49,
      "latency_ms": 604.4294118881226,
      "context_chars": 3203.88
    },
    "6": {
      "n": 100,
      "em": 0.4,
      "f1": 0.5565198412698411,
      "containment": 0.52,
      "latency_ms": 597.209255695343,
      "context_chars": 3846.56
    }
  }
}