{
  "shard_index": 35,
  "shard_count": 37,
  "summary": {
    "0": {
      "n": 100,
      "em": 0.3,
      "f1": 0.3889285714285714,
      "containment": 0.36,
      "latency_ms": 374.3564701080322,
      "context_chars": 0.0
    },
    "1": {
      "n": 100,
      "em": 0.31,
      "f1": 0.3951746031746031,
      "containment": 0.35,
      "latency_ms": 589.1800117492676,
      "context_chars": 640.78
    },
    "2": {
      "n": 100,
      "em": 0.31,
      "f1": 0.42617460317460315,
      "containment": 0.4,
      "latency_ms": 597.4283623695374,
      "context_chars": 1286.93
    },
    "3": {
      "n": 100,
      "em": 0.31,
      "f1": 0.4222936507936509,
      "containment": 0.41,
      "latency_ms": 614.3422269821167,
      "context_chars": 1939.26
    },
    "4": {
      "n": 100,
      "em": 0.3,
      "f1": 0.4219603174603175,
      "containment": 0.4,
      "latency_ms": 636.4672684669495,
      "context_chars": 2581.46
    },
    "5": {
      "n": 100,
      "em": 0.31,
      "f1": 0.4459603174603174,
      "containment": 0.39,
      "latency_ms": 618.7402653694153,
      "context_chars": 3223.48
    },
    "6": {
      "n": 100,
      "em": 0.3,
      "f1": 0.4409603174603174,
      "containment": 0.39,
      "latency_ms": 618.8268542289734,
      "context_chars": 3867.95
    }
  }
}