{
  "shard_index": 5,
  "shard_count": 37,
  "summary": {
    "0": {
      "n": 100,
      "em": 0.35,
      "f1": 0.49533333333333324,
      "containment": 0.42,
      "latency_ms": 379.44536209106445,
      "context_chars": 0.0
    },
    "1": {
      "n": 100,
      "em": 0.34,
      "f1": 0.46414411027568925,
      "containment": 0.44,
      "latency_ms": 716.6642332077026,
      "context_chars": 646.2
    },
    "2": {
      "n": 100,
      "em": 0.39,
      "f1": 0.5085010351966874,
      "containment": 0.46,
      "latency_ms": 572.5188684463501,
      "context_chars": 1290.95
    },
    "3": {
      "n": 100,
      "em": 0.42,
      "f1": 0.542595238095238,
      "containment": 0.49,
      "latency_ms": 592.0054030418396,
      "context_chars": 1942.94
    },
    "4": {
      "n": 100,
      "em": 0.39,
      "f1": 0.5111369047619048,
      "containment": 0.47,
      "latency_ms": 596.0553336143494,
      "context_chars": 2586.5
    },
    "5": {
      "n": 100,
      "em": 0.44,
      "f1": 0.5476785714285713,
      "containment": 0.51,
      "latency_ms": 602.4053716659546,
      "context_chars": 3235.07
    },
    "6": {
      "n": 100,
      "em": 0.42,
      "f1": 0.5318831168831167,
      "containment": 0.5,
      "latency_ms": 591.1833095550537,
      "context_chars": 3887.8
    }
  }
}