{
  "shard_index": 19,
  "shard_count": 37,
  "summary": {
    "0": {
      "n": 100,
      "em": 0.3,
      "f1": 0.3997187812187811,
      "containment": 0.35,
      "latency_ms": 432.83836126327515,
      "context_chars": 0.0
    },
    "1": {
      "n": 100,
      "em": 0.35,
      "f1": 0.4697717086834733,
      "containment": 0.39,
      "latency_ms": 608.0432987213135,
      "context_chars": 635.3
    },
    "2": {
      "n": 100,
      "em": 0.38,
      "f1": 0.49699148890325345,
      "containment": 0.44,
      "latency_ms": 595.3468680381775,
      "context_chars": 1275.79
    },
    "3": {
      "n": 100,
      "em": 0.4,
      "f1": 0.49483829792079415,
      "containment": 0.43,
      "latency_ms": 645.0530385971069,
      "context_chars": 1916.73
    },
    "4": {
      "n": 100,
      "em": 0.4,
      "f1": 0.5071931869522001,
      "containment": 0.44,
      "latency_ms": 637.5614285469055,
      "context_chars": 2552.12
    },
    "5": {
      "n": 100,
      "em": 0.41,
      "f1": 0.5177450076804913,
      "containment": 0.46,
      "latency_ms": 655.5577373504639,
      "context_chars": 3190.95
    },
    "6": {
      "n": 100,
      "em": 0.37,
      "f1": 0.5056526610644255,
      "containment": 0.44,
      "latency_ms": 676.6633200645447,
      "context_chars": 3824.86
    }
  }
}