{
  "shard_index": 21,
  "shard_count": 37,
  "summary": {
    "0": {
      "n": 100,
      "em": 0.39,
      "f1": 0.4699285714285714,
      "containment": 0.42,
      "latency_ms": 346.64292573928833,
      "context_chars": 0.0
    },
    "1": {
      "n": 100,
      "em": 0.28,
      "f1": 0.37560317460317455,
      "containment": 0.35,
      "latency_ms": 570.7032060623169,
      "context_chars": 632.56
    },
    "2": {
      "n": 100,
      "em": 0.3,
      "f1": 0.41436507936507927,
      "containment": 0.38,
      "latency_ms": 594.5688629150391,
      "context_chars": 1267.69
    },
    "3": {
      "n": 100,
      "em": 0.33,
      "f1": 0.4345396825396825,
      "containment": 0.41,
      "latency_ms": 611.9948172569275,
      "context_chars": 1906.76
    },
    "4": {
      "n": 100,
      "em": 0.33,
      "f1": 0.4355800865800865,
      "containment": 0.42,
      "latency_ms": 620.2335715293884,
      "context_chars": 2541.63
    },
    "5": {
      "n": 100,
      "em": 0.35,
      "f1": 0.48222477522477514,
      "containment": 0.46,
      "latency_ms": 629.1926121711731,
      "context_chars": 3175.48
    },
    "6": {
      "n": 100,
      "em": 0.36,
      "f1": 0.4902589632589632,
      "containment": 0.45,
      "latency_ms": 618.3686327934265,
      "context_chars": 3807.3
    }
  }
}