{
  "shard_index": 12,
  "shard_count": 37,
  "summary": {
    "0": {
      "n": 100,
      "em": 0.44,
      "f1": 0.5742142857142856,
      "containment": 0.53,
      "latency_ms": 340.02137184143066,
      "context_chars": 0.0
    },
    "1": {
      "n": 100,
      "em": 0.42,
      "f1": 0.4928241758241758,
      "containment": 0.47,
      "latency_ms": 580.1761388778687,
      "context_chars": 637.39
    },
    "2": {
      "n": 100,
      "em": 0.45,
      "f1": 0.528611111111111,
      "containment": 0.5,
      "latency_ms": 553.9985036849976,
      "context_chars": 1278.34
    },
    "3": {
      "n": 100,
      "em": 0.45,
      "f1": 0.5378968253968254,
      "containment": 0.51,
      "latency_ms": 555.0403738021851,
      "context_chars": 1921.35
    },
    "4": {
      "n": 100,
      "em": 0.44,
      "f1": 0.5504047619047618,
      "containment": 0.52,
      "latency_ms": 574.000289440155,
      "context_chars": 2565.4
    },
    "5": {
      "n": 100,
      "em": 0.44,
      "f1": 0.5464285714285713,
      "containment": 0.52,
      "latency_ms": 570.4090929031372,
      "context_chars": 3206.45
    },
    "6": {
      "n": 100,
      "em": 0.44,
      "f1": 0.5507142857142856,
      "containment": 0.5,
      "latency_ms": 557.7430319786072,
      "context_chars": 3848.71
    }
  }
}