{
  "shard_index": 7,
  "shard_count": 37,
  "summary": {
    "0": {
      "n": 100,
      "em": 0.32,
      "f1": 0.45162987012987005,
      "containment": 0.39,
      "latency_ms": 356.2119698524475,
      "context_chars": 0.0
    },
    "1": {
      "n": 100,
      "em": 0.31,
      "f1": 0.43533333333333324,
      "containment": 0.39,
      "latency_ms": 596.5877771377563,
      "context_chars": 640.44
    },
    "2": {
      "n": 100,
      "em": 0.29,
      "f1": 0.43297802197802177,
      "containment": 0.4,
      "latency_ms": 620.049729347229,
      "context_chars": 1281.79
    },
    "3": {
      "n": 100,
      "em": 0.3,
      "f1": 0.43351712992889446,
      "containment": 0.39,
      "latency_ms": 629.1396021842957,
      "context_chars": 1925.8
    },
    "4": {
      "n": 100,
      "em": 0.29,
      "f1": 0.4304615743733389,
      "containment": 0.4,
      "latency_ms": 630.3750824928284,
      "context_chars": 2571.64
    },
    "5": {
      "n": 100,
      "em": 0.3,
      "f1": 0.44700732600732584,
      "containment": 0.42,
      "latency_ms": 647.8075480461121,
      "context_chars": 3215.88
    },
    "6": {
      "n": 100,
      "em": 0.29,
      "f1": 0.4397161172161171,
      "containment": 0.42,
      "latency_ms": 648.8291954994202,
      "context_chars": 3858.34
    }
  }
}