{
  "shard_index": 22,
  "shard_count": 37,
  "summary": {
    "0": {
      "n": 100,
      "em": 0.33,
      "f1": 0.4486190476190476,
      "containment": 0.41,
      "latency_ms": 383.90047550201416,
      "context_chars": 0.0
    },
    "1": {
      "n": 100,
      "em": 0.28,
      "f1": 0.38835347985347984,
      "containment": 0.38,
      "latency_ms": 592.1198606491089,
      "context_chars": 637.51
    },
    "2": {
      "n": 100,
      "em": 0.38,
      "f1": 0.5031868131868131,
      "containment": 0.47,
      "latency_ms": 605.8320307731628,
      "context_chars": 1274.95
    },
    "3": {
      "n": 100,
      "em": 0.39,
      "f1": 0.4906868131868131,
      "containment": 0.45,
      "latency_ms": 606.4551258087158,
      "context_chars": 1913.46
    },
    "4": {
      "n": 100,
      "em": 0.4,
      "f1": 0.5016868131868132,
      "containment": 0.46,
      "latency_ms": 607.2003316879272,
      "context_chars": 2554.23
    },
    "5": {
      "n": 100,
      "em": 0.39,
      "f1": 0.4887344322344322,
      "containment": 0.46,
      "latency_ms": 602.2625207901001,
      "context_chars": 3192.94
    },
    "6": {
      "n": 100,
      "em": 0.4,
      "f1": 0.5067344322344322,
      "containment": 0.46,
      "latency_ms": 611.7989301681519,
      "context_chars": 3831.88
    }
  }
}