{
  "shard_index": 27,
  "shard_count": 37,
  "summary": {
    "0": {
      "n": 100,
      "em": 0.36,
      "f1": 0.47159523809523807,
      "containment": 0.38,
      "latency_ms": 364.65383768081665,
      "context_chars": 0.0
    },
    "1": {
      "n": 100,
      "em": 0.3,
      "f1": 0.39760317460317457,
      "containment": 0.35,
      "latency_ms": 585.9859704971313,
      "context_chars": 639.9
    },
    "2": {
      "n": 100,
      "em": 0.35,
      "f1": 0.4604603174603175,
      "containment": 0.39,
      "latency_ms": 596.5825080871582,
      "context_chars": 1280.01
    },
    "3": {
      "n": 100,
      "em": 0.34,
      "f1": 0.4569047619047619,
      "containment": 0.4,
      "latency_ms": 606.7240142822266,
      "context_chars": 1918.85
    },
    "4": {
      "n": 100,
      "em": 0.36,
      "f1": 0.4797936507936507,
      "containment": 0.42,
      "latency_ms": 588.3054876327515,
      "context_chars": 2554.27
    },
    "5": {
      "n": 100,
      "em": 0.38,
      "f1": 0.4917936507936508,
      "containment": 0.43,
      "latency_ms": 589.402642250061,
      "context_chars": 3196.35
    },
    "6": {
      "n": 100,
      "em": 0.39,
      "f1": 0.49023809523809525,
      "containment": 0.43,
      "latency_ms": 609.1368412971497,
      "context_chars": 3833.87
    }
  }
}