{
  "shard_index": 23,
  "shard_count": 37,
  "summary": {
    "0": {
      "n": 100,
      "em": 0.43,
      "f1": 0.5213547008547009,
      "containment": 0.48,
      "latency_ms": 385.04942178726196,
      "context_chars": 0.0
    },
    "1": {
      "n": 100,
      "em": 0.34,
      "f1": 0.43692857142857133,
      "containment": 0.39,
      "latency_ms": 568.9418172836304,
      "context_chars": 647.03
    },
    "2": {
      "n": 100,
      "em": 0.38,
      "f1": 0.48258874458874457,
      "containment": 0.43,
      "latency_ms": 583.7667846679688,
      "context_chars": 1290.83
    },
    "3": {
      "n": 100,
      "em": 0.35,
      "f1": 0.4708690476190476,
      "containment": 0.43,
      "latency_ms": 589.7704744338989,
      "context_chars": 1939.0
    },
    "4": {
      "n": 100,
      "em": 0.38,
      "f1": 0.49221861471861467,
      "containment": 0.46,
      "latency_ms": 594.4157552719116,
      "context_chars": 2582.53
    },
    "5": {
      "n": 100,
      "em": 0.38,
      "f1": 0.5090952380952382,
      "containment": 0.46,
      "latency_ms": 593.1894540786743,
      "context_chars": 3228.86
    },
    "6": {
      "n": 100,
      "em": 0.37,
      "f1": 0.4939393939393939,
      "containment": 0.47,
      "latency_ms": 637.6022672653198,
      "context_chars": 3877.1
    }
  }
}