{
  "shard_index": 2,
  "shard_count": 37,
  "summary": {
    "0": {
      "n": 100,
      "em": 0.38,
      "f1": 0.5207912087912087,
      "containment": 0.48,
      "latency_ms": 357.3560905456543,
      "context_chars": 0.0
    },
    "1": {
      "n": 100,
      "em": 0.27,
      "f1": 0.3723275613275613,
      "containment": 0.34,
      "latency_ms": 577.8393292427063,
      "context_chars": 637.53
    },
    "2": {
      "n": 100,
      "em": 0.3,
      "f1": 0.40983333333333327,
      "containment": 0.36,
      "latency_ms": 579.8160743713379,
      "context_chars": 1272.56
    },
    "3": {
      "n": 100,
      "em": 0.3,
      "f1": 0.39062121212121204,
      "containment": 0.37,
      "latency_ms": 594.9618887901306,
      "context_chars": 1911.18
    },
    "4": {
      "n": 100,
      "em": 0.33,
      "f1": 0.42910606060606066,
      "containment": 0.41,
      "latency_ms": 605.3058052062988,
      "context_chars": 2550.09
    },
    "5": {
      "n": 100,
      "em": 0.35,
      "f1": 0.4392864357864357,
      "containment": 0.42,
      "latency_ms": 600.7128190994263,
      "context_chars": 3197.38
    },
    "6": {
      "n": 100,
      "em": 0.36,
      "f1": 0.45127272727272716,
      "containment": 0.45,
      "latency_ms": 585.6075978279114,
      "context_chars": 3835.46
    }
  }
}