{
  "shard_index": 20,
  "shard_count": 37,
  "summary": {
    "0": {
      "n": 100,
      "em": 0.35,
      "f1": 0.4337991452991453,
      "containment": 0.38,
      "latency_ms": 390.1052927970886,
      "context_chars": 0.0
    },
    "1": {
      "n": 100,
      "em": 0.38,
      "f1": 0.45804761904761904,
      "containment": 0.38,
      "latency_ms": 572.8863477706909,
      "context_chars": 642.0
    },
    "2": {
      "n": 100,
      "em": 0.38,
      "f1": 0.44581684981684977,
      "containment": 0.38,
      "latency_ms": 585.0145554542542,
      "context_chars": 1283.23
    },
    "3": {
      "n": 100,
      "em": 0.4,
      "f1": 0.47262698412698406,
      "containment": 0.38,
      "latency_ms": 570.6277441978455,
      "context_chars": 1928.08
    },
    "4": {
      "n": 100,
      "em": 0.41,
      "f1": 0.4859134199134199,
      "containment": 0.39,
      "latency_ms": 585.3080773353577,
      "context_chars": 2570.77
    },
    "5": {
      "n": 100,
      "em": 0.4,
      "f1": 0.49363564213564204,
      "containment": 0.41,
      "latency_ms": 593.4918737411499,
      "context_chars": 3218.26
    },
    "6": {
      "n": 100,
      "em": 0.39,
      "f1": 0.4706269841269841,
      "containment": 0.41,
      "latency_ms": 608.1072425842285,
      "context_chars": 3861.39
    }
  }
}