{
  "shard_index": 36,
  "shard_count": 37,
  "summary": {
    "0": {
      "n": 10,
      "em": 0.5,
      "f1": 0.55,
      "containment": 0.6,
      "latency_ms": 324.7123956680298,
      "context_chars": 0.0
    },
    "1": {
      "n": 10,
      "em": 0.3,
      "f1": 0.45666666666666667,
      "containment": 0.4,
      "latency_ms": 516.204833984375,
      "context_chars": 630.7
    },
    "2": {
      "n": 10,
      "em": 0.5,
      "f1": 0.6066666666666667,
      "containment": 0.6,
      "latency_ms": 532.0373773574829,
      "context_chars": 1272.6
    },
    "3": {
      "n": 10,
      "em": 0.4,
      "f1": 0.44000000000000006,
      "containment": 0.5,
      "latency_ms": 552.1965265274048,
      "context_chars": 1928.4
    },
    "4": {
      "n": 10,
      "em": 0.4,
      "f1": 0.5066666666666666,
      "containment": 0.6,
      "latency_ms": 553.8791418075562,
      "context_chars": 2590.2
    },
    "5": {
      "n": 10,
      "em": 0.4,
      "f1": 0.5066666666666666,
      "containment": 0.6,
      "latency_ms": 587.722635269165,
      "context_chars": 3225.6
    },
    "6": {
      "n": 10,
      "em": 0.4,
      "f1": 0.5733333333333333,
      "containment": 0.7,
      "latency_ms": 581.5833330154419,
      "context_chars": 3873.8
    }
  }
}