{
  "shard_index": 9,
  "shard_count": 37,
  "summary": {
    "0": {
      "n": 100,
      "em": 0.36,
      "f1": 0.5017991452991452,
      "containment": 0.39,
      "latency_ms": 342.16047763824463,
      "context_chars": 0.0
    },
    "1": {
      "n": 100,
      "em": 0.37,
      "f1": 0.4431111111111111,
      "containment": 0.34,
      "latency_ms": 564.5965313911438,
      "context_chars": 643.63
    },
    "2": {
      "n": 100,
      "em": 0.39,
      "f1": 0.47509523809523807,
      "containment": 0.39,
      "latency_ms": 574.8801898956299,
      "context_chars": 1294.54
    },
    "3": {
      "n": 100,
      "em": 0.41,
      "f1": 0.49215873015873024,
      "containment": 0.4,
      "latency_ms": 583.1783127784729,
      "context_chars": 1937.32
    },
    "4": {
      "n": 100,
      "em": 0.43,
      "f1": 0.5152539682539683,
      "containment": 0.42,
      "latency_ms": 568.1589388847351,
      "context_chars": 2582.78
    },
    "5": {
      "n": 100,
      "em": 0.41,
      "f1": 0.5182539682539682,
      "containment": 0.41,
      "latency_ms": 569.915623664856,
      "context_chars": 3226.36
    },
    "6": {
      "n": 100,
      "em": 0.41,
      "f1": 0.5136428571428572,
      "containment": 0.42,
      "latency_ms": 591.3369059562683,
      "context_chars": 3867.47
    }
  }
}