{
  "shard_index": 13,
  "shard_count": 37,
  "summary": {
    "0": {
      "n": 100,
      "em": 0.3,
      "f1": 0.44242857142857134,
      "containment": 0.35,
      "latency_ms": 362.8221082687378,
      "context_chars": 0.0
    },
    "1": {
      "n": 100,
      "em": 0.3,
      "f1": 0.4097272727272727,
      "containment": 0.34,
      "latency_ms": 574.1053009033203,
      "context_chars": 636.81
    },
    "2": {
      "n": 100,
      "em": 0.32,
      "f1": 0.4589696969696969,
      "containment": 0.41,
      "latency_ms": 586.6471648216248,
      "context_chars": 1273.18
    },
    "3": {
      "n": 100,
      "em": 0.3,
      "f1": 0.46775757575757576,
      "containment": 0.38,
      "latency_ms": 587.0772576332092,
      "context_chars": 1910.71
    },
    "4": {
      "n": 100,
      "em": 0.3,
      "f1": 0.46165584415584404,
      "containment": 0.4,
      "latency_ms": 594.612147808075,
      "context_chars": 2550.47
    },
    "5": {
      "n": 100,
      "em": 0.29,
      "f1": 0.44945354645354635,
      "containment": 0.38,
      "latency_ms": 628.4485864639282,
      "context_chars": 3190.72
    },
    "6": {
      "n": 100,
      "em": 0.27,
      "f1": 0.41799900099900084,
      "containment": 0.37,
      "latency_ms": 629.1747093200684,
      "context_chars": 3828.12
    }
  }
}