{
  "shard_index": 10,
  "shard_count": 37,
  "summary": {
    "0": {
      "n": 100,
      "em": 0.38,
      "f1": 0.4834963369963369,
      "containment": 0.35,
      "latency_ms": 340.4324793815613,
      "context_chars": 0.0
    },
    "1": {
      "n": 100,
      "em": 0.45,
      "f1": 0.5091663132189447,
      "containment": 0.46,
      "latency_ms": 586.7226433753967,
      "context_chars": 637.23
    },
    "2": {
      "n": 100,
      "em": 0.48,
      "f1": 0.5622774243300558,
      "containment": 0.5,
      "latency_ms": 599.1070222854614,
      "context_chars": 1279.34
    },
    "3": {
      "n": 100,
      "em": 0.45,
      "f1": 0.5393142857142855,
      "containment": 0.48,
      "latency_ms": 614.0396165847778,
      "context_chars": 1924.61
    },
    "4": {
      "n": 100,
      "em": 0.43,
      "f1": 0.5333142857142855,
      "containment": 0.49,
      "latency_ms": 617.146852016449,
      "context_chars": 2562.25
    },
    "5": {
      "n": 100,
      "em": 0.46,
      "f1": 0.5492666666666666,
      "containment": 0.49,
      "latency_ms": 614.5420622825623,
      "context_chars": 3194.78
    },
    "6": {
      "n": 100,
      "em": 0.44,
      "f1": 0.5394333333333332,
      "containment": 0.5,
      "latency_ms": 632.0910096168518,
      "context_chars": 3836.42
    }
  }
}