{
  "shard_index": 6,
  "shard_count": 37,
  "summary": {
    "0": {
      "n": 100,
      "em": 0.34,
      "f1": 0.4776269841269841,
      "containment": 0.4,
      "latency_ms": 349.2362976074219,
      "context_chars": 0.0
    },
    "1": {
      "n": 100,
      "em": 0.31,
      "f1": 0.44974603174603167,
      "containment": 0.42,
      "latency_ms": 591.65696144104,
      "context_chars": 643.22
    },
    "2": {
      "n": 100,
      "em": 0.33,
      "f1": 0.4775007215007214,
      "containment": 0.47,
      "latency_ms": 607.3030734062195,
      "context_chars": 1289.93
    },
    "3": {
      "n": 100,
      "em": 0.35,
      "f1": 0.47238095238095235,
      "containment": 0.45,
      "latency_ms": 593.913848400116,
      "context_chars": 1930.02
    },
    "4": {
      "n": 100,
      "em": 0.35,
      "f1": 0.4885396825396825,
      "containment": 0.46,
      "latency_ms": 599.4382214546204,
      "context_chars": 2580.36
    },
    "5": {
      "n": 100,
      "em": 0.37,
      "f1": 0.49449206349206354,
      "containment": 0.47,
      "latency_ms": 601.5262913703918,
      "context_chars": 3226.8
    },
    "6": {
      "n": 100,
      "em": 0.37,
      "f1": 0.4940158730158731,
      "containment": 0.47,
      "latency_ms": 603.909695148468,
      "context_chars": 3873.23
    }
  }
}