{
  "shard_index": 15,
  "shard_count": 37,
  "summary": {
    "0": {
      "n": 100,
      "em": 0.29,
      "f1": 0.40834271284271284,
      "containment": 0.32,
      "latency_ms": 363.74160528182983,
      "context_chars": 0.0
    },
    "1": {
      "n": 100,
      "em": 0.24,
      "f1": 0.3629179894179895,
      "containment": 0.29,
      "latency_ms": 611.5454864501953,
      "context_chars": 642.58
    },
    "2": {
      "n": 100,
      "em": 0.31,
      "f1": 0.4134835700362017,
      "containment": 0.37,
      "latency_ms": 651.8410134315491,
      "context_chars": 1280.84
    },
    "3": {
      "n": 100,
      "em": 0.34,
      "f1": 0.44525132275132273,
      "containment": 0.37,
      "latency_ms": 620.7556104660034,
      "context_chars": 1923.98
    },
    "4": {
      "n": 100,
      "em": 0.36,
      "f1": 0.45736243386243386,
      "containment": 0.38,
      "latency_ms": 620.445146560669,
      "context_chars": 2561.41
    },
    "5": {
      "n": 100,
      "em": 0.35,
      "f1": 0.45021957671957674,
      "containment": 0.39,
      "latency_ms": 630.2203631401062,
      "context_chars": 3205.05
    },
    "6": {
      "n": 100,
      "em": 0.34,
      "f1": 0.4479365079365079,
      "containment": 0.38,
      "latency_ms": 612.1159553527832,
      "context_chars": 3848.63
    }
  }
}