{
  "dataset": "nq_test",
  "retriever": "WRRF_RSD",
  "rag_variant": "WRRF_RSD_Llama70B_k0to6",
  "num_examples": 3610,
  "shots": {
    "0": {
      "n": 3610,
      "em": 0.34709141274238225,
      "f1": 0.46777187526136954,
      "containment": 0.4002770083102493,
      "latency_ms": 2100.188048460477,
      "context_chars": 0.0
    },
    "1": {
      "n": 3610,
      "em": 0.2869806094182826,
      "f1": 0.37608772913790833,
      "containment": 0.3238227146814404,
      "latency_ms": 2308.0343373924743,
      "context_chars": 637.5905817174515
    },
    "2": {
      "n": 3610,
      "em": 0.3146814404432133,
      "f1": 0.4183968543782787,
      "containment": 0.36454293628808865,
      "latency_ms": 2371.876979996953,
      "context_chars": 1277.7495844875345
    },
    "3": {
      "n": 3610,
      "em": 0.3462603878116344,
      "f1": 0.45296925609910316,
      "containment": 0.3988919667590028,
      "latency_ms": 2405.679271359853,
      "context_chars": 1918.8939058171745
    },
    "4": {
      "n": 3610,
      "em": 0.3520775623268698,
      "f1": 0.46187694104901167,
      "containment": 0.4110803324099723,
      "latency_ms": 2433.6286518382235,
      "context_chars": 2559.3828254847645
    },
    "5": {
      "n": 3610,
      "em": 0.3626038781163435,
      "f1": 0.47601418370938386,
      "containment": 0.42382271468144045,
      "latency_ms": 2511.5328377303654,
      "context_chars": 3200.168975069252
    },
    "6": {
      "n": 3610,
      "em": 0.36620498614958447,
      "f1": 0.4811543373327458,
      "containment": 0.4310249307479224,
      "latency_ms": 2507.823508003742,
      "context_chars": 3841.2542936288087
    }
  }
}