{
  "dataset": "nq_test",
  "retriever": "RRF",
  "rag_variant": "RRF_Llama70B_k0to6",
  "num_examples": 3610,
  "shots": {
    "0": {
      "n": 3610,
      "em": 0.3473684210526316,
      "f1": 0.4681858288055169,
      "containment": 0.3997229916897507,
      "latency_ms": 2186.046100257176,
      "context_chars": 0.0
    },
    "1": {
      "n": 3610,
      "em": 0.2803324099722992,
      "f1": 0.3717562665100467,
      "containment": 0.31939058171745155,
      "latency_ms": 2390.090466932577,
      "context_chars": 637.4313019390581
    },
    "2": {
      "n": 3610,
      "em": 0.3141274238227147,
      "f1": 0.41763735848149164,
      "containment": 0.36481994459833794,
      "latency_ms": 2484.8485864760805,
      "context_chars": 1277.3024930747922
    },
    "3": {
      "n": 3610,
      "em": 0.3479224376731302,
      "f1": 0.4533306226397919,
      "containment": 0.39667590027700833,
      "latency_ms": 2467.1491247795293,
      "context_chars": 1918.3202216066481
    },
    "4": {
      "n": 3610,
      "em": 0.3542936288088643,
      "f1": 0.46430582954609745,
      "containment": 0.4113573407202216,
      "latency_ms": 2529.763605191767,
      "context_chars": 2558.261218836565
    },
    "5": {
      "n": 3610,
      "em": 0.36177285318559554,
      "f1": 0.47277348116242424,
      "containment": 0.41911357340720223,
      "latency_ms": 2575.379161028981,
      "context_chars": 3199.085318559557
    },
    "6": {
      "n": 3610,
      "em": 0.3628808864265928,
      "f1": 0.4772896410952547,
      "containment": 0.4257617728531856,
      "latency_ms": 2603.08719077599,
      "context_chars": 3840.378670360111
    }
  }
}