{
  "shard_index": 29,
  "shard_count": 37,
  "summary": {
    "0": {
      "n": 100,
      "em": 0.32,
      "f1": 0.4950635548026851,
      "containment": 0.39,
      "latency_ms": 2461.173257827759,
      "context_chars": 0.0
    },
    "1": {
      "n": 100,
      "em": 0.28,
      "f1": 0.42028571428571415,
      "containment": 0.37,
      "latency_ms": 2583.7478733062744,
      "context_chars": 640.13
    },
    "2": {
      "n": 100,
      "em": 0.36,
      "f1": 0.501234432234432,
      "containment": 0.44,
      "latency_ms": 2609.2633080482483,
      "context_chars": 1291.65
    },
    "3": {
      "n": 100,
      "em": 0.38,
      "f1": 0.5114973721930243,
      "containment": 0.43,
      "latency_ms": 2797.518537044525,
      "context_chars": 1936.31
    },
    "4": {
      "n": 100,
      "em": 0.39,
      "f1": 0.5354973721930242,
      "containment": 0.46,
      "latency_ms": 2749.9416637420654,
      "context_chars": 2583.33
    },
    "5": {
      "n": 100,
      "em": 0.39,
      "f1": 0.5454973721930242,
      "containment": 0.48,
      "latency_ms": 2813.5069584846497,
      "context_chars": 3222.06
    },
    "6": {
      "n": 100,
      "em": 0.38,
      "f1": 0.5268614163614163,
      "containment": 0.46,
      "latency_ms": 2697.4968934059143,
      "context_chars": 3870.87
    }
  }
}