{
  "shard_index": 26,
  "shard_count": 37,
  "summary": {
    "0": {
      "n": 100,
      "em": 0.33,
      "f1": 0.4765887445887445,
      "containment": 0.42,
      "latency_ms": 2274.3411540985107,
      "context_chars": 0.0
    },
    "1": {
      "n": 100,
      "em": 0.28,
      "f1": 0.3611601731601731,
      "containment": 0.35,
      "latency_ms": 2328.8316535949707,
      "context_chars": 644.06
    },
    "2": {
      "n": 100,
      "em": 0.36,
      "f1": 0.4602142857142858,
      "containment": 0.43,
      "latency_ms": 2401.7005372047424,
      "context_chars": 1288.23
    },
    "3": {
      "n": 100,
      "em": 0.38,
      "f1": 0.5016125541125541,
      "containment": 0.47,
      "latency_ms": 2305.5601692199707,
      "context_chars": 1935.28
    },
    "4": {
      "n": 100,
      "em": 0.43,
      "f1": 0.5494761904761905,
      "containment": 0.52,
      "latency_ms": 2350.738101005554,
      "context_chars": 2578.07
    },
    "5": {
      "n": 100,
      "em": 0.44,
      "f1": 0.557142857142857,
      "containment": 0.53,
      "latency_ms": 2281.744248867035,
      "context_chars": 3226.44
    },
    "6": {
      "n": 100,
      "em": 0.43,
      "f1": 0.5768571428571427,
      "containment": 0.54,
      "latency_ms": 2541.2766456604004,
      "context_chars": 3867.21
    }
  }
}