{
  "shard_index": 21,
  "shard_count": 37,
  "summary": {
    "0": {
      "n": 100,
      "em": 0.4,
      "f1": 0.4988174603174602,
      "containment": 0.44,
      "latency_ms": 2169.148271083832,
      "context_chars": 0.0
    },
    "1": {
      "n": 100,
      "em": 0.28,
      "f1": 0.37079365079365073,
      "containment": 0.32,
      "latency_ms": 2390.2383971214294,
      "context_chars": 626.33
    },
    "2": {
      "n": 100,
      "em": 0.36,
      "f1": 0.4527720057720057,
      "containment": 0.4,
      "latency_ms": 2435.9078001976013,
      "context_chars": 1261.53
    },
    "3": {
      "n": 100,
      "em": 0.4,
      "f1": 0.48485930735930727,
      "containment": 0.44,
      "latency_ms": 2547.7735781669617,
      "context_chars": 1893.51
    },
    "4": {
      "n": 100,
      "em": 0.4,
      "f1": 0.4884466089466089,
      "containment": 0.44,
      "latency_ms": 2488.5734128952026,
      "context_chars": 2531.38
    },
    "5": {
      "n": 100,
      "em": 0.42,
      "f1": 0.5048831168831168,
      "containment": 0.46,
      "latency_ms": 2523.399591445923,
      "context_chars": 3165.84
    },
    "6": {
      "n": 100,
      "em": 0.45,
      "f1": 0.5396688311688311,
      "containment": 0.49,
      "latency_ms": 2354.5785665512085,
      "context_chars": 3799.44
    }
  }
}