{
  "shard_index": 35,
  "shard_count": 37,
  "summary": {
    "0": {
      "n": 100,
      "em": 0.35,
      "f1": 0.4400959595959595,
      "containment": 0.39,
      "latency_ms": 612.4054670333862,
      "context_chars": 0.0
    },
    "1": {
      "n": 100,
      "em": 0.27,
      "f1": 0.3379307359307359,
      "containment": 0.27,
      "latency_ms": 775.8187985420227,
      "context_chars": 639.35
    },
    "2": {
      "n": 100,
      "em": 0.31,
      "f1": 0.3992799422799422,
      "containment": 0.34,
      "latency_ms": 906.9838428497314,
      "context_chars": 1284.42
    },
    "3": {
      "n": 100,
      "em": 0.32,
      "f1": 0.4118196248196247,
      "containment": 0.37,
      "latency_ms": 911.2212085723877,
      "context_chars": 1926.25
    },
    "4": {
      "n": 100,
      "em": 0.32,
      "f1": 0.42194444444444434,
      "containment": 0.38,
      "latency_ms": 932.4864912033081,
      "context_chars": 2568.32
    },
    "5": {
      "n": 100,
      "em": 0.34,
      "f1": 0.42166233766233757,
      "containment": 0.39,
      "latency_ms": 906.2112975120544,
      "context_chars": 3217.86
    },
    "6": {
      "n": 100,
      "em": 0.35,
      "f1": 0.45039632589632583,
      "containment": 0.41,
      "latency_ms": 928.9592432975769,
      "context_chars": 3858.15
    }
  }
}