{
  "shard_index": 7,
  "shard_count": 37,
  "summary": {
    "0": {
      "n": 100,
      "em": 0.31,
      "f1": 0.47074425574425566,
      "containment": 0.42,
      "latency_ms": 2461.9893074035645,
      "context_chars": 0.0
    },
    "1": {
      "n": 100,
      "em": 0.28,
      "f1": 0.3781695526695527,
      "containment": 0.3,
      "latency_ms": 2577.4817514419556,
      "context_chars": 641.97
    },
    "2": {
      "n": 100,
      "em": 0.28,
      "f1": 0.4039877344877344,
      "containment": 0.35,
      "latency_ms": 2694.9143862724304,
      "context_chars": 1278.72
    },
    "3": {
      "n": 100,
      "em": 0.26,
      "f1": 0.39650403045230626,
      "containment": 0.34,
      "latency_ms": 2726.288664340973,
      "context_chars": 1915.55
    },
    "4": {
      "n": 100,
      "em": 0.3,
      "f1": 0.43933506493506486,
      "containment": 0.39,
      "latency_ms": 2715.6702828407288,
      "context_chars": 2551.5
    },
    "5": {
      "n": 100,
      "em": 0.28,
      "f1": 0.4265945165945165,
      "containment": 0.37,
      "latency_ms": 2636.9181537628174,
      "context_chars": 3198.21
    },
    "6": {
      "n": 100,
      "em": 0.28,
      "f1": 0.4276652236652236,
      "containment": 0.37,
      "latency_ms": 2761.967692375183,
      "context_chars": 3838.73
    }
  }
}