{
  "shard_index": 2,
  "shard_count": 37,
  "summary": {
    "0": {
      "n": 100,
      "em": 0.38,
      "f1": 0.5347912087912087,
      "containment": 0.49,
      "latency_ms": 2290.461986064911,
      "context_chars": 0.0
    },
    "1": {
      "n": 100,
      "em": 0.27,
      "f1": 0.3579285714285714,
      "containment": 0.3,
      "latency_ms": 2339.7801780700684,
      "context_chars": 631.26
    },
    "2": {
      "n": 100,
      "em": 0.27,
      "f1": 0.36134126984126985,
      "containment": 0.33,
      "latency_ms": 2547.805519104004,
      "context_chars": 1265.58
    },
    "3": {
      "n": 100,
      "em": 0.3,
      "f1": 0.40681746031746024,
      "containment": 0.37,
      "latency_ms": 2522.4783635139465,
      "context_chars": 1896.38
    },
    "4": {
      "n": 100,
      "em": 0.3,
      "f1": 0.4159603174603174,
      "containment": 0.38,
      "latency_ms": 2693.3948707580566,
      "context_chars": 2537.81
    },
    "5": {
      "n": 100,
      "em": 0.35,
      "f1": 0.4652936507936507,
      "containment": 0.43,
      "latency_ms": 2555.786714553833,
      "context_chars": 3174.03
    },
    "6": {
      "n": 100,
      "em": 0.35,
      "f1": 0.4736825396825396,
      "containment": 0.45,
      "latency_ms": 2690.248670578003,
      "context_chars": 3809.38
    }
  }
}