{
  "shard_index": 19,
  "shard_count": 37,
  "summary": {
    "0": {
      "n": 100,
      "em": 0.29,
      "f1": 0.39538281979458445,
      "containment": 0.33,
      "latency_ms": 2680.0215220451355,
      "context_chars": 0.0
    },
    "1": {
      "n": 100,
      "em": 0.32,
      "f1": 0.3943809523809524,
      "containment": 0.33,
      "latency_ms": 2663.608751296997,
      "context_chars": 634.99
    },
    "2": {
      "n": 100,
      "em": 0.31,
      "f1": 0.3988730158730157,
      "containment": 0.37,
      "latency_ms": 2779.911551475525,
      "context_chars": 1269.92
    },
    "3": {
      "n": 100,
      "em": 0.35,
      "f1": 0.4527857142857141,
      "containment": 0.41,
      "latency_ms": 2800.701005458832,
      "context_chars": 1909.03
    },
    "4": {
      "n": 100,
      "em": 0.34,
      "f1": 0.4309285714285712,
      "containment": 0.4,
      "latency_ms": 2624.9058842658997,
      "context_chars": 2546.46
    },
    "5": {
      "n": 100,
      "em": 0.37,
      "f1": 0.46559956709956685,
      "containment": 0.41,
      "latency_ms": 2850.153603553772,
      "context_chars": 3177.99
    },
    "6": {
      "n": 100,
      "em": 0.37,
      "f1": 0.4755787545787544,
      "containment": 0.41,
      "latency_ms": 2613.3355855941772,
      "context_chars": 3818.23
    }
  }
}