{
  "shard_index": 11,
  "shard_count": 37,
  "summary": {
    "0": {
      "n": 100,
      "em": 0.41,
      "f1": 0.5606746031746032,
      "containment": 0.53,
      "latency_ms": 2655.7441759109497,
      "context_chars": 0.0
    },
    "1": {
      "n": 100,
      "em": 0.39,
      "f1": 0.4597077922077921,
      "containment": 0.44,
      "latency_ms": 2764.7938656806946,
      "context_chars": 639.81
    },
    "2": {
      "n": 100,
      "em": 0.41,
      "f1": 0.4917460317460317,
      "containment": 0.47,
      "latency_ms": 2707.3428773880005,
      "context_chars": 1276.2
    },
    "3": {
      "n": 100,
      "em": 0.49,
      "f1": 0.5654807987711213,
      "containment": 0.54,
      "latency_ms": 2938.1614661216736,
      "context_chars": 1917.02
    },
    "4": {
      "n": 100,
      "em": 0.48,
      "f1": 0.5782197802197802,
      "containment": 0.58,
      "latency_ms": 2975.453119277954,
      "context_chars": 2558.69
    },
    "5": {
      "n": 100,
      "em": 0.5,
      "f1": 0.5883809523809522,
      "containment": 0.56,
      "latency_ms": 2924.425837993622,
      "context_chars": 3199.66
    },
    "6": {
      "n": 100,
      "em": 0.47,
      "f1": 0.5798744588744588,
      "containment": 0.56,
      "latency_ms": 2905.3440284729004,
      "context_chars": 3836.53
    }
  }
}