{
  "shard_index": 9,
  "shard_count": 37,
  "summary": {
    "0": {
      "n": 100,
      "em": 0.37,
      "f1": 0.5182356532356532,
      "containment": 0.39,
      "latency_ms": 2275.0267243385315,
      "context_chars": 0.0
    },
    "1": {
      "n": 100,
      "em": 0.35,
      "f1": 0.4460252525252525,
      "containment": 0.38,
      "latency_ms": 2571.1197328567505,
      "context_chars": 641.64
    },
    "2": {
      "n": 100,
      "em": 0.37,
      "f1": 0.4539545454545454,
      "containment": 0.37,
      "latency_ms": 2387.663993835449,
      "context_chars": 1281.0
    },
    "3": {
      "n": 100,
      "em": 0.39,
      "f1": 0.4959227994227994,
      "containment": 0.41,
      "latency_ms": 2432.530825138092,
      "context_chars": 1922.45
    },
    "4": {
      "n": 100,
      "em": 0.43,
      "f1": 0.5344696969696969,
      "containment": 0.44,
      "latency_ms": 2555.818386077881,
      "context_chars": 2565.74
    },
    "5": {
      "n": 100,
      "em": 0.43,
      "f1": 0.5394696969696969,
      "containment": 0.44,
      "latency_ms": 2382.4063777923584,
      "context_chars": 3205.15
    },
    "6": {
      "n": 100,
      "em": 0.43,
      "f1": 0.5472474747474747,
      "containment": 0.46,
      "latency_ms": 2506.7203664779663,
      "context_chars": 3851.97
    }
  }
}