{
  "shard_index": 31,
  "shard_count": 37,
  "summary": {
    "0": {
      "n": 100,
      "em": 0.3,
      "f1": 0.4082857142857143,
      "containment": 0.37,
      "latency_ms": 2468.4014439582825,
      "context_chars": 0.0
    },
    "1": {
      "n": 100,
      "em": 0.3,
      "f1": 0.38928174603174603,
      "containment": 0.36,
      "latency_ms": 2816.3466000556946,
      "context_chars": 639.11
    },
    "2": {
      "n": 100,
      "em": 0.34,
      "f1": 0.4616102756892229,
      "containment": 0.37,
      "latency_ms": 2658.8759303092957,
      "context_chars": 1278.09
    },
    "3": {
      "n": 100,
      "em": 0.35,
      "f1": 0.4846658312447785,
      "containment": 0.41,
      "latency_ms": 2592.558410167694,
      "context_chars": 1915.45
    },
    "4": {
      "n": 100,
      "em": 0.37,
      "f1": 0.48196741854636577,
      "containment": 0.42,
      "latency_ms": 2666.8006920814514,
      "context_chars": 2555.94
    },
    "5": {
      "n": 100,
      "em": 0.37,
      "f1": 0.4933324979114452,
      "containment": 0.44,
      "latency_ms": 2663.4027814865112,
      "context_chars": 3197.82
    },
    "6": {
      "n": 100,
      "em": 0.4,
      "f1": 0.5211190476190475,
      "containment": 0.47,
      "latency_ms": 2715.5564379692078,
      "context_chars": 3832.38
    }
  }
}