{
  "shard_index": 32,
  "shard_count": 37,
  "summary": {
    "0": {
      "n": 100,
      "em": 0.26,
      "f1": 0.42629573934837084,
      "containment": 0.37,
      "latency_ms": 2499.714620113373,
      "context_chars": 0.0
    },
    "1": {
      "n": 100,
      "em": 0.25,
      "f1": 0.37778855784738125,
      "containment": 0.33,
      "latency_ms": 2503.251144886017,
      "context_chars": 633.78
    },
    "2": {
      "n": 100,
      "em": 0.29,
      "f1": 0.423839657074951,
      "containment": 0.41,
      "latency_ms": 2716.5844345092773,
      "context_chars": 1270.57
    },
    "3": {
      "n": 100,
      "em": 0.34,
      "f1": 0.4634500466853407,
      "containment": 0.44,
      "latency_ms": 2825.29554605484,
      "context_chars": 1902.92
    },
    "4": {
      "n": 100,
      "em": 0.37,
      "f1": 0.5135452847805787,
      "containment": 0.45,
      "latency_ms": 2569.3516302108765,
      "context_chars": 2542.99
    },
    "5": {
      "n": 100,
      "em": 0.36,
      "f1": 0.5188253968253966,
      "containment": 0.45,
      "latency_ms": 2870.471670627594,
      "context_chars": 3177.55
    },
    "6": {
      "n": 100,
      "em": 0.33,
      "f1": 0.4866825396825395,
      "containment": 0.42,
      "latency_ms": 2716.6116976737976,
      "context_chars": 3814.19
    }
  }
}