{
  "shard_index": 15,
  "shard_count": 37,
  "summary": {
    "0": {
      "n": 100,
      "em": 0.29,
      "f1": 0.4177368090846351,
      "containment": 0.36,
      "latency_ms": 2666.796245574951,
      "context_chars": 0.0
    },
    "1": {
      "n": 100,
      "em": 0.21,
      "f1": 0.31259126984126984,
      "containment": 0.28,
      "latency_ms": 2507.6863288879395,
      "context_chars": 642.54
    },
    "2": {
      "n": 100,
      "em": 0.29,
      "f1": 0.3939259259259259,
      "containment": 0.35,
      "latency_ms": 2448.539774417877,
      "context_chars": 1283.99
    },
    "3": {
      "n": 100,
      "em": 0.32,
      "f1": 0.4194179894179896,
      "containment": 0.37,
      "latency_ms": 2620.119140148163,
      "context_chars": 1925.36
    },
    "4": {
      "n": 100,
      "em": 0.34,
      "f1": 0.4487765752765753,
      "containment": 0.41,
      "latency_ms": 2731.054575443268,
      "context_chars": 2567.03
    },
    "5": {
      "n": 100,
      "em": 0.33,
      "f1": 0.43696912186042625,
      "containment": 0.39,
      "latency_ms": 2639.767439365387,
      "context_chars": 3207.51
    },
    "6": {
      "n": 100,
      "em": 0.36,
      "f1": 0.47174531233661665,
      "containment": 0.42,
      "latency_ms": 2869.309525489807,
      "context_chars": 3844.49
    }
  }
}