{
  "shard_index": 22,
  "shard_count": 37,
  "summary": {
    "0": {
      "n": 100,
      "em": 0.31,
      "f1": 0.4851212121212122,
      "containment": 0.43,
      "latency_ms": 2630.3281807899475,
      "context_chars": 0.0
    },
    "1": {
      "n": 100,
      "em": 0.25,
      "f1": 0.3467545787545787,
      "containment": 0.31,
      "latency_ms": 2610.5678129196167,
      "context_chars": 635.07
    },
    "2": {
      "n": 100,
      "em": 0.36,
      "f1": 0.4835952380952381,
      "containment": 0.44,
      "latency_ms": 2650.890622138977,
      "context_chars": 1277.84
    },
    "3": {
      "n": 100,
      "em": 0.44,
      "f1": 0.5275714285714285,
      "containment": 0.5,
      "latency_ms": 2527.8650975227356,
      "context_chars": 1918.31
    },
    "4": {
      "n": 100,
      "em": 0.44,
      "f1": 0.5359523809523808,
      "containment": 0.52,
      "latency_ms": 2511.5545511245728,
      "context_chars": 2559.65
    },
    "5": {
      "n": 100,
      "em": 0.44,
      "f1": 0.5444523809523809,
      "containment": 0.52,
      "latency_ms": 2577.510402202606,
      "context_chars": 3199.31
    },
    "6": {
      "n": 100,
      "em": 0.42,
      "f1": 0.5382936507936507,
      "containment": 0.51,
      "latency_ms": 2687.377026081085,
      "context_chars": 3833.72
    }
  }
}