{
  "shard_index": 10,
  "shard_count": 37,
  "summary": {
    "0": {
      "n": 100,
      "em": 0.4,
      "f1": 0.520718559218559,
      "containment": 0.4,
      "latency_ms": 2169.904980659485,
      "context_chars": 0.0
    },
    "1": {
      "n": 100,
      "em": 0.39,
      "f1": 0.4607560568086883,
      "containment": 0.42,
      "latency_ms": 2401.475269794464,
      "context_chars": 635.87
    },
    "2": {
      "n": 100,
      "em": 0.44,
      "f1": 0.49786716791979946,
      "containment": 0.46,
      "latency_ms": 2235.7241559028625,
      "context_chars": 1279.04
    },
    "3": {
      "n": 100,
      "em": 0.44,
      "f1": 0.5074862155388471,
      "containment": 0.48,
      "latency_ms": 2349.6585154533386,
      "context_chars": 1920.13
    },
    "4": {
      "n": 100,
      "em": 0.43,
      "f1": 0.5215338345864662,
      "containment": 0.47,
      "latency_ms": 2402.826762199402,
      "context_chars": 2559.9
    },
    "5": {
      "n": 100,
      "em": 0.45,
      "f1": 0.5459862155388471,
      "containment": 0.5,
      "latency_ms": 2364.7271490097046,
      "context_chars": 3200.47
    },
    "6": {
      "n": 100,
      "em": 0.48,
      "f1": 0.5671396825396825,
      "containment": 0.51,
      "latency_ms": 2286.6587257385254,
      "context_chars": 3838.57
    }
  }
}