{
  "shard_index": 0,
  "shard_count": 37,
  "summary": {
    "0": {
      "n": 100,
      "em": 0.26,
      "f1": 0.44928643578643573,
      "containment": 0.37,
      "latency_ms": 2264.039468765259,
      "context_chars": 0.0
    },
    "1": {
      "n": 100,
      "em": 0.22,
      "f1": 0.35984920634920636,
      "containment": 0.29,
      "latency_ms": 2349.713888168335,
      "context_chars": 636.5
    },
    "2": {
      "n": 100,
      "em": 0.25,
      "f1": 0.4026666666666667,
      "containment": 0.33,
      "latency_ms": 2917.325506210327,
      "context_chars": 1274.88
    },
    "3": {
      "n": 100,
      "em": 0.27,
      "f1": 0.43766666666666665,
      "containment": 0.35,
      "latency_ms": 2422.5158619880676,
      "context_chars": 1921.09
    },
    "4": {
      "n": 100,
      "em": 0.29,
      "f1": 0.46652380952380945,
      "containment": 0.39,
      "latency_ms": 2391.3782024383545,
      "context_chars": 2560.62
    },
    "5": {
      "n": 100,
      "em": 0.31,
      "f1": 0.4941031746031745,
      "containment": 0.42,
      "latency_ms": 2451.0978722572327,
      "context_chars": 3200.54
    },
    "6": {
      "n": 100,
      "em": 0.27,
      "f1": 0.46495382395382395,
      "containment": 0.39,
      "latency_ms": 2321.030921936035,
      "context_chars": 3834.69
    }
  }
}