{
  "shard_index": 8,
  "shard_count": 37,
  "summary": {
    "0": {
      "n": 100,
      "em": 0.36,
      "f1": 0.4810476190476189,
      "containment": 0.44,
      "latency_ms": 2485.652165412903,
      "context_chars": 0.0
    },
    "1": {
      "n": 100,
      "em": 0.23,
      "f1": 0.326611111111111,
      "containment": 0.23,
      "latency_ms": 2599.3188333511353,
      "context_chars": 635.85
    },
    "2": {
      "n": 100,
      "em": 0.27,
      "f1": 0.3834206349206349,
      "containment": 0.29,
      "latency_ms": 2614.174597263336,
      "context_chars": 1276.8
    },
    "3": {
      "n": 100,
      "em": 0.31,
      "f1": 0.422111111111111,
      "containment": 0.33,
      "latency_ms": 2488.1060934066772,
      "context_chars": 1912.99
    },
    "4": {
      "n": 100,
      "em": 0.29,
      "f1": 0.40697619047619044,
      "containment": 0.32,
      "latency_ms": 2762.355992794037,
      "context_chars": 2557.47
    },
    "5": {
      "n": 100,
      "em": 0.31,
      "f1": 0.41697619047619033,
      "containment": 0.36,
      "latency_ms": 2666.606934070587,
      "context_chars": 3197.27
    },
    "6": {
      "n": 100,
      "em": 0.33,
      "f1": 0.42968771751124685,
      "containment": 0.36,
      "latency_ms": 2837.514989376068,
      "context_chars": 3837.98
    }
  }
}