{
  "shard_index": 13,
  "shard_count": 37,
  "summary": {
    "0": {
      "n": 100,
      "em": 0.33,
      "f1": 0.4739603174603173,
      "containment": 0.38,
      "latency_ms": 2276.762990951538,
      "context_chars": 0.0
    },
    "1": {
      "n": 100,
      "em": 0.37,
      "f1": 0.45801875901875894,
      "containment": 0.42,
      "latency_ms": 2415.778558254242,
      "context_chars": 638.13
    },
    "2": {
      "n": 100,
      "em": 0.34,
      "f1": 0.4533520923520923,
      "containment": 0.43,
      "latency_ms": 2530.2633237838745,
      "context_chars": 1274.84
    },
    "3": {
      "n": 100,
      "em": 0.34,
      "f1": 0.4688744588744588,
      "containment": 0.46,
      "latency_ms": 2542.1280002593994,
      "context_chars": 1916.15
    },
    "4": {
      "n": 100,
      "em": 0.29,
      "f1": 0.4243982683982683,
      "containment": 0.43,
      "latency_ms": 2645.3621435165405,
      "context_chars": 2554.73
    },
    "5": {
      "n": 100,
      "em": 0.31,
      "f1": 0.4453823953823953,
      "containment": 0.44,
      "latency_ms": 2670.0684356689453,
      "context_chars": 3193.42
    },
    "6": {
      "n": 100,
      "em": 0.31,
      "f1": 0.4352236652236652,
      "containment": 0.42,
      "latency_ms": 2690.986382961273,
      "context_chars": 3834.74
    }
  }
}