{
  "shard_index": 23,
  "shard_count": 37,
  "summary": {
    "0": {
      "n": 100,
      "em": 0.37,
      "f1": 0.5333189865689865,
      "containment": 0.48,
      "latency_ms": 2649.4618821144104,
      "context_chars": 0.0
    },
    "1": {
      "n": 100,
      "em": 0.35,
      "f1": 0.40964285714285714,
      "containment": 0.41,
      "latency_ms": 2614.636673927307,
      "context_chars": 643.64
    },
    "2": {
      "n": 100,
      "em": 0.4,
      "f1": 0.4835346320346321,
      "containment": 0.49,
      "latency_ms": 2753.7794756889343,
      "context_chars": 1289.82
    },
    "3": {
      "n": 100,
      "em": 0.38,
      "f1": 0.4854563492063491,
      "containment": 0.47,
      "latency_ms": 2656.5738344192505,
      "context_chars": 1928.14
    },
    "4": {
      "n": 100,
      "em": 0.4,
      "f1": 0.5079285714285714,
      "containment": 0.49,
      "latency_ms": 2661.6010785102844,
      "context_chars": 2570.98
    },
    "5": {
      "n": 100,
      "em": 0.39,
      "f1": 0.5079772256728776,
      "containment": 0.5,
      "latency_ms": 2834.5995664596558,
      "context_chars": 3216.96
    },
    "6": {
      "n": 100,
      "em": 0.42,
      "f1": 0.5230133053221288,
      "containment": 0.52,
      "latency_ms": 2803.93367767334,
      "context_chars": 3863.02
    }
  }
}