{
  "shard_index": 16,
  "shard_count": 37,
  "summary": {
    "0": {
      "n": 100,
      "em": 0.34,
      "f1": 0.46649200799200785,
      "containment": 0.41,
      "latency_ms": 2340.3145122528076,
      "context_chars": 0.0
    },
    "1": {
      "n": 100,
      "em": 0.33,
      "f1": 0.3884469582704877,
      "containment": 0.34,
      "latency_ms": 2448.59646320343,
      "context_chars": 635.77
    },
    "2": {
      "n": 100,
      "em": 0.32,
      "f1": 0.41163887746240674,
      "containment": 0.35,
      "latency_ms": 2596.842784881592,
      "context_chars": 1274.29
    },
    "3": {
      "n": 100,
      "em": 0.34,
      "f1": 0.44693902176255107,
      "containment": 0.41,
      "latency_ms": 2693.977086544037,
      "context_chars": 1913.09
    },
    "4": {
      "n": 100,
      "em": 0.33,
      "f1": 0.4399890828126122,
      "containment": 0.41,
      "latency_ms": 2854.5226669311523,
      "context_chars": 2552.05
    },
    "5": {
      "n": 100,
      "em": 0.38,
      "f1": 0.4845722186310421,
      "containment": 0.45,
      "latency_ms": 2828.892900943756,
      "context_chars": 3191.96
    },
    "6": {
      "n": 100,
      "em": 0.39,
      "f1": 0.5091539179774472,
      "containment": 0.47,
      "latency_ms": 2629.835045337677,
      "context_chars": 3830.52
    }
  }
}