{
  "shard_index": 20,
  "shard_count": 37,
  "summary": {
    "0": {
      "n": 100,
      "em": 0.34,
      "f1": 0.47029337329337323,
      "containment": 0.42,
      "latency_ms": 2562.644793987274,
      "context_chars": 0.0
    },
    "1": {
      "n": 100,
      "em": 0.38,
      "f1": 0.463978354978355,
      "containment": 0.41,
      "latency_ms": 2483.207423686981,
      "context_chars": 637.39
    },
    "2": {
      "n": 100,
      "em": 0.4,
      "f1": 0.49375901875901873,
      "containment": 0.42,
      "latency_ms": 2589.554581642151,
      "context_chars": 1273.82
    },
    "3": {
      "n": 100,
      "em": 0.42,
      "f1": 0.5084126984126983,
      "containment": 0.43,
      "latency_ms": 2591.13552570343,
      "context_chars": 1914.68
    },
    "4": {
      "n": 100,
      "em": 0.47,
      "f1": 0.5602698412698413,
      "containment": 0.47,
      "latency_ms": 2513.918466567993,
      "context_chars": 2560.12
    },
    "5": {
      "n": 100,
      "em": 0.46,
      "f1": 0.5557460317460318,
      "containment": 0.47,
      "latency_ms": 2622.796621322632,
      "context_chars": 3195.56
    },
    "6": {
      "n": 100,
      "em": 0.46,
      "f1": 0.5506984126984127,
      "containment": 0.47,
      "latency_ms": 2695.560004711151,
      "context_chars": 3838.84
    }
  }
}