{
  "shard_index": 12,
  "shard_count": 37,
  "summary": {
    "0": {
      "n": 100,
      "em": 0.43,
      "f1": 0.586547619047619,
      "containment": 0.54,
      "latency_ms": 2339.5441675186157,
      "context_chars": 0.0
    },
    "1": {
      "n": 100,
      "em": 0.35,
      "f1": 0.48732417582417575,
      "containment": 0.44,
      "latency_ms": 2580.2263259887695,
      "context_chars": 634.58
    },
    "2": {
      "n": 100,
      "em": 0.37,
      "f1": 0.5047460317460317,
      "containment": 0.48,
      "latency_ms": 2587.5439047813416,
      "context_chars": 1272.03
    },
    "3": {
      "n": 100,
      "em": 0.36,
      "f1": 0.4934920634920634,
      "containment": 0.49,
      "latency_ms": 2497.7286529541016,
      "context_chars": 1911.17
    },
    "4": {
      "n": 100,
      "em": 0.39,
      "f1": 0.5274920634920633,
      "containment": 0.52,
      "latency_ms": 2562.9781532287598,
      "context_chars": 2552.47
    },
    "5": {
      "n": 100,
      "em": 0.39,
      "f1": 0.5328253968253966,
      "containment": 0.52,
      "latency_ms": 2491.576108932495,
      "context_chars": 3195.63
    },
    "6": {
      "n": 100,
      "em": 0.41,
      "f1": 0.5454920634920633,
      "containment": 0.53,
      "latency_ms": 2481.9503688812256,
      "context_chars": 3832.86
    }
  }
}