{
  "shard_index": 27,
  "shard_count": 37,
  "summary": {
    "0": {
      "n": 100,
      "em": 0.31,
      "f1": 0.47918925518925515,
      "containment": 0.41,
      "latency_ms": 2382.144877910614,
      "context_chars": 0.0
    },
    "1": {
      "n": 100,
      "em": 0.34,
      "f1": 0.412015873015873,
      "containment": 0.37,
      "latency_ms": 2293.054573535919,
      "context_chars": 637.83
    },
    "2": {
      "n": 100,
      "em": 0.37,
      "f1": 0.4738492063492064,
      "containment": 0.37,
      "latency_ms": 2417.491238117218,
      "context_chars": 1277.01
    },
    "3": {
      "n": 100,
      "em": 0.44,
      "f1": 0.541015873015873,
      "containment": 0.45,
      "latency_ms": 2422.955572605133,
      "context_chars": 1911.12
    },
    "4": {
      "n": 100,
      "em": 0.44,
      "f1": 0.5302356532356531,
      "containment": 0.44,
      "latency_ms": 2490.4536271095276,
      "context_chars": 2546.69
    },
    "5": {
      "n": 100,
      "em": 0.43,
      "f1": 0.5191587301587302,
      "containment": 0.43,
      "latency_ms": 2479.1499042510986,
      "context_chars": 3181.51
    },
    "6": {
      "n": 100,
      "em": 0.43,
      "f1": 0.5218253968253967,
      "containment": 0.44,
      "latency_ms": 2412.5475120544434,
      "context_chars": 3813.73
    }
  }
}