{
  "shard_index": 18,
  "shard_count": 37,
  "summary": {
    "0": {
      "n": 100,
      "em": 0.34,
      "f1": 0.5321608946608946,
      "containment": 0.44,
      "latency_ms": 2279.171242713928,
      "context_chars": 0.0
    },
    "1": {
      "n": 100,
      "em": 0.3,
      "f1": 0.43687445887445897,
      "containment": 0.36,
      "latency_ms": 2460.3952622413635,
      "context_chars": 636.01
    },
    "2": {
      "n": 100,
      "em": 0.4,
      "f1": 0.5179523809523809,
      "containment": 0.46,
      "latency_ms": 2378.420627117157,
      "context_chars": 1275.35
    },
    "3": {
      "n": 100,
      "em": 0.42,
      "f1": 0.5437539682539682,
      "containment": 0.49,
      "latency_ms": 2473.1445932388306,
      "context_chars": 1921.26
    },
    "4": {
      "n": 100,
      "em": 0.39,
      "f1": 0.5446825396825397,
      "containment": 0.47,
      "latency_ms": 2646.9846892356873,
      "context_chars": 2565.93
    },
    "5": {
      "n": 100,
      "em": 0.4,
      "f1": 0.5408571428571428,
      "containment": 0.47,
      "latency_ms": 2437.8530502319336,
      "context_chars": 3203.75
    },
    "6": {
      "n": 100,
      "em": 0.44,
      "f1": 0.5716904761904762,
      "containment": 0.49,
      "latency_ms": 2480.0226950645447,
      "context_chars": 3844.64
    }
  }
}