{
  "shard_index": 28,
  "shard_count": 37,
  "summary": {
    "0": {
      "n": 100,
      "em": 0.37,
      "f1": 0.5141931140814281,
      "containment": 0.47,
      "latency_ms": 2950.16325712204,
      "context_chars": 0.0
    },
    "1": {
      "n": 100,
      "em": 0.28,
      "f1": 0.4074682539682539,
      "containment": 0.34,
      "latency_ms": 2846.183259487152,
      "context_chars": 637.08
    },
    "2": {
      "n": 100,
      "em": 0.33,
      "f1": 0.4403347763347763,
      "containment": 0.38,
      "latency_ms": 2857.541332244873,
      "context_chars": 1277.92
    },
    "3": {
      "n": 100,
      "em": 0.3,
      "f1": 0.4488910533910534,
      "containment": 0.34,
      "latency_ms": 2988.499186038971,
      "context_chars": 1923.36
    },
    "4": {
      "n": 100,
      "em": 0.32,
      "f1": 0.4717640692640693,
      "containment": 0.36,
      "latency_ms": 2935.282657146454,
      "context_chars": 2561.17
    },
    "5": {
      "n": 100,
      "em": 0.36,
      "f1": 0.4976529581529581,
      "containment": 0.39,
      "latency_ms": 2939.190981388092,
      "context_chars": 3204.9
    },
    "6": {
      "n": 100,
      "em": 0.36,
      "f1": 0.5165974025974026,
      "containment": 0.39,
      "latency_ms": 3001.35897397995,
      "context_chars": 3842.96
    }
  }
}