{
  "shard_index": 1,
  "shard_count": 37,
  "summary": {
    "0": {
      "n": 100,
      "em": 0.33,
      "f1": 0.4563333333333333,
      "containment": 0.43,
      "latency_ms": 2204.506196975708,
      "context_chars": 0.0
    },
    "1": {
      "n": 100,
      "em": 0.3,
      "f1": 0.4216626984126984,
      "containment": 0.4,
      "latency_ms": 2359.81064081192,
      "context_chars": 637.49
    },
    "2": {
      "n": 100,
      "em": 0.38,
      "f1": 0.4948214285714285,
      "containment": 0.45,
      "latency_ms": 2390.5615234375,
      "context_chars": 1277.15
    },
    "3": {
      "n": 100,
      "em": 0.39,
      "f1": 0.5293015873015873,
      "containment": 0.46,
      "latency_ms": 2366.783537864685,
      "context_chars": 1917.6
    },
    "4": {
      "n": 100,
      "em": 0.42,
      "f1": 0.5506468253968253,
      "containment": 0.5,
      "latency_ms": 2567.9933524131775,
      "context_chars": 2562.78
    },
    "5": {
      "n": 100,
      "em": 0.41,
      "f1": 0.5375992063492062,
      "containment": 0.49,
      "latency_ms": 2598.902277946472,
      "context_chars": 3206.85
    },
    "6": {
      "n": 100,
      "em": 0.37,
      "f1": 0.5050386002886003,
      "containment": 0.47,
      "latency_ms": 2586.068003177643,
      "context_chars": 3845.85
    }
  }
}