{
  "shard_index": 17,
  "shard_count": 37,
  "summary": {
    "0": {
      "n": 100,
      "em": 0.35,
      "f1": 0.4725598290598289,
      "containment": 0.41,
      "latency_ms": 2337.234811782837,
      "context_chars": 0.0
    },
    "1": {
      "n": 100,
      "em": 0.31,
      "f1": 0.3892772227772228,
      "containment": 0.32,
      "latency_ms": 2915.065152645111,
      "context_chars": 640.84
    },
    "2": {
      "n": 100,
      "em": 0.38,
      "f1": 0.49050216450216455,
      "containment": 0.44,
      "latency_ms": 2939.673397541046,
      "context_chars": 1281.21
    },
    "3": {
      "n": 100,
      "em": 0.4,
      "f1": 0.5114256094782409,
      "containment": 0.46,
      "latency_ms": 3029.3440437316895,
      "context_chars": 1919.06
    },
    "4": {
      "n": 100,
      "em": 0.43,
      "f1": 0.5344949494949494,
      "containment": 0.48,
      "latency_ms": 3079.744668006897,
      "context_chars": 2560.63
    },
    "5": {
      "n": 100,
      "em": 0.45,
      "f1": 0.5666498510450122,
      "containment": 0.49,
      "latency_ms": 3254.575045108795,
      "context_chars": 3198.99
    },
    "6": {
      "n": 100,
      "em": 0.43,
      "f1": 0.5568124098124096,
      "containment": 0.49,
      "latency_ms": 3018.8586473464966,
      "context_chars": 3845.04
    }
  }
}