{
  "shard_index": 30,
  "shard_count": 37,
  "summary": {
    "0": {
      "n": 100,
      "em": 0.39,
      "f1": 0.5356083524318819,
      "containment": 0.48,
      "latency_ms": 2443.221049308777,
      "context_chars": 0.0
    },
    "1": {
      "n": 100,
      "em": 0.39,
      "f1": 0.44562049062049064,
      "containment": 0.41,
      "latency_ms": 2677.5278425216675,
      "context_chars": 642.56
    },
    "2": {
      "n": 100,
      "em": 0.41,
      "f1": 0.5027936507936507,
      "containment": 0.46,
      "latency_ms": 2866.4205169677734,
      "context_chars": 1292.16
    },
    "3": {
      "n": 100,
      "em": 0.46,
      "f1": 0.5712753357753355,
      "containment": 0.5,
      "latency_ms": 2693.8700437545776,
      "context_chars": 1935.56
    },
    "4": {
      "n": 100,
      "em": 0.5,
      "f1": 0.5965317460317459,
      "containment": 0.53,
      "latency_ms": 2518.9557671546936,
      "context_chars": 2577.37
    },
    "5": {
      "n": 100,
      "em": 0.47,
      "f1": 0.5755793650793649,
      "containment": 0.5,
      "latency_ms": 2579.4717264175415,
      "context_chars": 3224.31
    },
    "6": {
      "n": 100,
      "em": 0.46,
      "f1": 0.5791626984126982,
      "containment": 0.5,
      "latency_ms": 2677.6453614234924,
      "context_chars": 3862.87
    }
  }
}