{
  "shard_index": 6,
  "shard_count": 37,
  "summary": {
    "0": {
      "n": 100,
      "em": 0.35,
      "f1": 0.5005238095238095,
      "containment": 0.43,
      "latency_ms": 2151.899118423462,
      "context_chars": 0.0
    },
    "1": {
      "n": 100,
      "em": 0.33,
      "f1": 0.41416688866688867,
      "containment": 0.41,
      "latency_ms": 2479.384915828705,
      "context_chars": 638.1
    },
    "2": {
      "n": 100,
      "em": 0.34,
      "f1": 0.44734267486899065,
      "containment": 0.43,
      "latency_ms": 2542.6200342178345,
      "context_chars": 1283.19
    },
    "3": {
      "n": 100,
      "em": 0.37,
      "f1": 0.473978354978355,
      "containment": 0.48,
      "latency_ms": 2578.505575656891,
      "context_chars": 1917.06
    },
    "4": {
      "n": 100,
      "em": 0.41,
      "f1": 0.5194989898989898,
      "containment": 0.5,
      "latency_ms": 2725.895462036133,
      "context_chars": 2552.28
    },
    "5": {
      "n": 100,
      "em": 0.41,
      "f1": 0.5234672438672439,
      "containment": 0.49,
      "latency_ms": 2578.86127948761,
      "context_chars": 3197.09
    },
    "6": {
      "n": 100,
      "em": 0.39,
      "f1": 0.5204119214119214,
      "containment": 0.48,
      "latency_ms": 2676.3970065116882,
      "context_chars": 3839.18
    }
  }
}