{
  "shard_index": 33,
  "shard_count": 37,
  "summary": {
    "0": {
      "n": 100,
      "em": 0.4,
      "f1": 0.5140719576719576,
      "containment": 0.43,
      "latency_ms": 2353.9241218566895,
      "context_chars": 0.0
    },
    "1": {
      "n": 100,
      "em": 0.25,
      "f1": 0.34216868709206166,
      "containment": 0.25,
      "latency_ms": 2433.4013986587524,
      "context_chars": 636.0
    },
    "2": {
      "n": 100,
      "em": 0.34,
      "f1": 0.4531463585434174,
      "containment": 0.37,
      "latency_ms": 2179.1519117355347,
      "context_chars": 1275.0
    },
    "3": {
      "n": 100,
      "em": 0.37,
      "f1": 0.4913606442577031,
      "containment": 0.38,
      "latency_ms": 2253.7981128692627,
      "context_chars": 1913.4
    },
    "4": {
      "n": 100,
      "em": 0.39,
      "f1": 0.49602731092436975,
      "containment": 0.38,
      "latency_ms": 2255.792980194092,
      "context_chars": 2549.7
    },
    "5": {
      "n": 100,
      "em": 0.38,
      "f1": 0.4954717553688141,
      "containment": 0.37,
      "latency_ms": 2313.348352909088,
      "context_chars": 3188.17
    },
    "6": {
      "n": 100,
      "em": 0.4,
      "f1": 0.505610644257703,
      "containment": 0.38,
      "latency_ms": 2248.061146736145,
      "context_chars": 3832.13
    }
  }
}