{
  "shard_index": 14,
  "shard_count": 37,
  "summary": {
    "0": {
      "n": 100,
      "em": 0.37,
      "f1": 0.5003809523809523,
      "containment": 0.41,
      "latency_ms": 2101.5068411827087,
      "context_chars": 0.0
    },
    "1": {
      "n": 100,
      "em": 0.25,
      "f1": 0.3591984126984127,
      "containment": 0.29,
      "latency_ms": 2421.812152862549,
      "context_chars": 638.3
    },
    "2": {
      "n": 100,
      "em": 0.36,
      "f1": 0.4506245421245421,
      "containment": 0.39,
      "latency_ms": 2450.716140270233,
      "context_chars": 1277.53
    },
    "3": {
      "n": 100,
      "em": 0.37,
      "f1": 0.4807849062702003,
      "containment": 0.42,
      "latency_ms": 2376.6216707229614,
      "context_chars": 1926.03
    },
    "4": {
      "n": 100,
      "em": 0.4,
      "f1": 0.5093388278388278,
      "containment": 0.44,
      "latency_ms": 2355.67645072937,
      "context_chars": 2570.57
    },
    "5": {
      "n": 100,
      "em": 0.4,
      "f1": 0.5062015729368671,
      "containment": 0.44,
      "latency_ms": 2445.0072503089905,
      "context_chars": 3210.47
    },
    "6": {
      "n": 100,
      "em": 0.41,
      "f1": 0.520201572936867,
      "containment": 0.45,
      "latency_ms": 2440.7309103012085,
      "context_chars": 3850.3
    }
  }
}