{
  "shard_index": 3,
  "shard_count": 37,
  "summary": {
    "0": {
      "n": 100,
      "em": 0.38,
      "f1": 0.4846746031746031,
      "containment": 0.48,
      "latency_ms": 2213.86554479599,
      "context_chars": 0.0
    },
    "1": {
      "n": 100,
      "em": 0.29,
      "f1": 0.36229365079365083,
      "containment": 0.34,
      "latency_ms": 2277.8744053840637,
      "context_chars": 636.31
    },
    "2": {
      "n": 100,
      "em": 0.34,
      "f1": 0.4092698412698413,
      "containment": 0.41,
      "latency_ms": 2492.2812819480896,
      "context_chars": 1275.37
    },
    "3": {
      "n": 100,
      "em": 0.31,
      "f1": 0.4037936507936507,
      "containment": 0.4,
      "latency_ms": 2421.905961036682,
      "context_chars": 1922.32
    },
    "4": {
      "n": 100,
      "em": 0.34,
      "f1": 0.4551802054154994,
      "containment": 0.44,
      "latency_ms": 2446.401789188385,
      "context_chars": 2559.89
    },
    "5": {
      "n": 100,
      "em": 0.36,
      "f1": 0.4835928226363007,
      "containment": 0.49,
      "latency_ms": 2535.2667474746704,
      "context_chars": 3205.08
    },
    "6": {
      "n": 100,
      "em": 0.37,
      "f1": 0.4904841269841269,
      "containment": 0.49,
      "latency_ms": 2479.555244445801,
      "context_chars": 3838.52
    }
  }
}