{
  "shard_index": 25,
  "shard_count": 37,
  "summary": {
    "0": {
      "n": 100,
      "em": 0.36,
      "f1": 0.5073706004140786,
      "containment": 0.45,
      "latency_ms": 2366.998155117035,
      "context_chars": 0.0
    },
    "1": {
      "n": 100,
      "em": 0.38,
      "f1": 0.44878954378954383,
      "containment": 0.42,
      "latency_ms": 2512.1436047554016,
      "context_chars": 639.04
    },
    "2": {
      "n": 100,
      "em": 0.41,
      "f1": 0.48290259740259733,
      "containment": 0.45,
      "latency_ms": 2536.6880440711975,
      "context_chars": 1279.79
    },
    "3": {
      "n": 100,
      "em": 0.38,
      "f1": 0.4608939393939394,
      "containment": 0.43,
      "latency_ms": 2651.9492387771606,
      "context_chars": 1913.3
    },
    "4": {
      "n": 100,
      "em": 0.39,
      "f1": 0.46422727272727277,
      "containment": 0.44,
      "latency_ms": 2793.040759563446,
      "context_chars": 2556.34
    },
    "5": {
      "n": 100,
      "em": 0.43,
      "f1": 0.507525974025974,
      "containment": 0.48,
      "latency_ms": 2689.021589756012,
      "context_chars": 3191.28
    },
    "6": {
      "n": 100,
      "em": 0.44,
      "f1": 0.5164595404595405,
      "containment": 0.49,
      "latency_ms": 2743.1874346733093,
      "context_chars": 3829.07
    }
  }
}