{
  "shard_index": 4,
  "shard_count": 37,
  "summary": {
    "0": {
      "n": 100,
      "em": 0.37,
      "f1": 0.5087857142857141,
      "containment": 0.44,
      "latency_ms": 2313.33025932312,
      "context_chars": 0.0
    },
    "1": {
      "n": 100,
      "em": 0.21,
      "f1": 0.3121587301587302,
      "containment": 0.28,
      "latency_ms": 2390.20592212677,
      "context_chars": 642.15
    },
    "2": {
      "n": 100,
      "em": 0.23,
      "f1": 0.34163492063492074,
      "containment": 0.33,
      "latency_ms": 2539.5651483535767,
      "context_chars": 1275.79
    },
    "3": {
      "n": 100,
      "em": 0.3,
      "f1": 0.43319047619047607,
      "containment": 0.43,
      "latency_ms": 2611.752188205719,
      "context_chars": 1907.6
    },
    "4": {
      "n": 100,
      "em": 0.34,
      "f1": 0.4404436090225563,
      "containment": 0.44,
      "latency_ms": 2629.1527700424194,
      "context_chars": 2544.73
    },
    "5": {
      "n": 100,
      "em": 0.38,
      "f1": 0.4818880534670008,
      "containment": 0.49,
      "latency_ms": 2656.400318145752,
      "context_chars": 3189.03
    },
    "6": {
      "n": 100,
      "em": 0.36,
      "f1": 0.4709674185463659,
      "containment": 0.48,
      "latency_ms": 2577.7562308311462,
      "context_chars": 3832.54
    }
  }
}