{
  "shard_index": 34,
  "shard_count": 37,
  "summary": {
    "0": {
      "n": 100,
      "em": 0.3,
      "f1": 0.42673232323232324,
      "containment": 0.36,
      "latency_ms": 1053.6598253250122,
      "context_chars": 0.0
    },
    "1": {
      "n": 100,
      "em": 0.26,
      "f1": 0.3624855699855701,
      "containment": 0.31,
      "latency_ms": 1350.600790977478,
      "context_chars": 641.94
    },
    "2": {
      "n": 100,
      "em": 0.32,
      "f1": 0.4267849927849928,
      "containment": 0.37,
      "latency_ms": 1447.223379611969,
      "context_chars": 1280.62
    },
    "3": {
      "n": 100,
      "em": 0.43,
      "f1": 0.536949494949495,
      "containment": 0.47,
      "latency_ms": 1314.2600989341736,
      "context_chars": 1919.76
    },
    "4": {
      "n": 100,
      "em": 0.41,
      "f1": 0.5192828282828283,
      "containment": 0.46,
      "latency_ms": 1370.2279353141785,
      "context_chars": 2562.8
    },
    "5": {
      "n": 100,
      "em": 0.41,
      "f1": 0.5236161616161616,
      "containment": 0.48,
      "latency_ms": 1381.0299181938171,
      "context_chars": 3204.26
    },
    "6": {
      "n": 100,
      "em": 0.42,
      "f1": 0.5202471972471971,
      "containment": 0.48,
      "latency_ms": 1304.353449344635,
      "context_chars": 3850.29
    }
  }
}