{
  "shard_index": 36,
  "shard_count": 37,
  "summary": {
    "0": {
      "n": 10,
      "em": 0.4,
      "f1": 0.5666666666666667,
      "containment": 0.7,
      "latency_ms": 438.2708549499512,
      "context_chars": 0.0
    },
    "1": {
      "n": 10,
      "em": 0.3,
      "f1": 0.41666666666666663,
      "containment": 0.5,
      "latency_ms": 591.9338226318359,
      "context_chars": 648.1
    },
    "2": {
      "n": 10,
      "em": 0.4,
      "f1": 0.4833333333333334,
      "containment": 0.6,
      "latency_ms": 640.4122352600098,
      "context_chars": 1278.1
    },
    "3": {
      "n": 10,
      "em": 0.4,
      "f1": 0.5166666666666666,
      "containment": 0.6,
      "latency_ms": 543.5153484344482,
      "context_chars": 1919.2
    },
    "4": {
      "n": 10,
      "em": 0.4,
      "f1": 0.5166666666666666,
      "containment": 0.6,
      "latency_ms": 613.0308866500854,
      "context_chars": 2571.6
    },
    "5": {
      "n": 10,
      "em": 0.5,
      "f1": 0.6666666666666666,
      "containment": 0.8,
      "latency_ms": 636.1468315124512,
      "context_chars": 3218.6
    },
    "6": {
      "n": 10,
      "em": 0.5,
      "f1": 0.6666666666666666,
      "containment": 0.8,
      "latency_ms": 619.1049575805664,
      "context_chars": 3861.0
    }
  }
}