{
  "shard_index": 5,
  "shard_count": 37,
  "summary": {
    "0": {
      "n": 100,
      "em": 0.37,
      "f1": 0.5031450216450216,
      "containment": 0.43,
      "latency_ms": 2600.137403011322,
      "context_chars": 0.0
    },
    "1": {
      "n": 100,
      "em": 0.32,
      "f1": 0.436047619047619,
      "containment": 0.44,
      "latency_ms": 2542.5695085525513,
      "context_chars": 639.89
    },
    "2": {
      "n": 100,
      "em": 0.39,
      "f1": 0.5128205128205127,
      "containment": 0.51,
      "latency_ms": 2456.336636543274,
      "context_chars": 1279.33
    },
    "3": {
      "n": 100,
      "em": 0.42,
      "f1": 0.5469871794871793,
      "containment": 0.5,
      "latency_ms": 2610.908577442169,
      "context_chars": 1923.15
    },
    "4": {
      "n": 100,
      "em": 0.47,
      "f1": 0.5896117216117214,
      "containment": 0.56,
      "latency_ms": 2639.830117225647,
      "context_chars": 2570.36
    },
    "5": {
      "n": 100,
      "em": 0.46,
      "f1": 0.5798681318681317,
      "containment": 0.54,
      "latency_ms": 2541.6309928894043,
      "context_chars": 3213.63
    },
    "6": {
      "n": 100,
      "em": 0.48,
      "f1": 0.5898681318681317,
      "containment": 0.54,
      "latency_ms": 2597.995867729187,
      "context_chars": 3858.4
    }
  }
}