{
  "shard_index": 24,
  "shard_count": 37,
  "summary": {
    "0": {
      "n": 100,
      "em": 0.3,
      "f1": 0.4422857142857142,
      "containment": 0.42,
      "latency_ms": 2131.5438961982727,
      "context_chars": 0.0
    },
    "1": {
      "n": 100,
      "em": 0.24,
      "f1": 0.3292409812409812,
      "containment": 0.32,
      "latency_ms": 2604.670398235321,
      "context_chars": 640.05
    },
    "2": {
      "n": 100,
      "em": 0.25,
      "f1": 0.3508354978354978,
      "containment": 0.32,
      "latency_ms": 2488.5240244865417,
      "context_chars": 1279.61
    },
    "3": {
      "n": 100,
      "em": 0.27,
      "f1": 0.36444871794871786,
      "containment": 0.35,
      "latency_ms": 2615.586154460907,
      "context_chars": 1920.76
    },
    "4": {
      "n": 100,
      "em": 0.28,
      "f1": 0.3749963369963369,
      "containment": 0.34,
      "latency_ms": 2540.409264564514,
      "context_chars": 2569.18
    },
    "5": {
      "n": 100,
      "em": 0.28,
      "f1": 0.3824236874236873,
      "containment": 0.35,
      "latency_ms": 2554.7131419181824,
      "context_chars": 3211.46
    },
    "6": {
      "n": 100,
      "em": 0.31,
      "f1": 0.39752808302808296,
      "containment": 0.36,
      "latency_ms": 2456.018946170807,
      "context_chars": 3854.03
    }
  }
}