{
  "shard_index": 23,
  "shard_count": 37,
  "summary": {
    "0": {
      "n": 100,
      "em": 0.21,
      "f1": 0.3197402597402597,
      "containment": 0.24,
      "latency_ms": 180.2009677886963,
      "context_chars": 0.0
    },
    "1": {
      "n": 100,
      "em": 0.3,
      "f1": 0.39677056277056283,
      "containment": 0.35,
      "latency_ms": 207.64705657958984,
      "context_chars": 647.03
    },
    "2": {
      "n": 100,
      "em": 0.31,
      "f1": 0.4388499278499278,
      "containment": 0.39,
      "latency_ms": 218.57295751571655,
      "context_chars": 1290.83
    },
    "3": {
      "n": 100,
      "em": 0.31,
      "f1": 0.44142063492063494,
      "containment": 0.41,
      "latency_ms": 268.4716534614563,
      "context_chars": 1939.0
    },
    "4": {
      "n": 100,
      "em": 0.31,
      "f1": 0.4427974423237581,
      "containment": 0.44,
      "latency_ms": 302.8322911262512,
      "context_chars": 2582.53
    },
    "5": {
      "n": 100,
      "em": 0.3,
      "f1": 0.44340476190476197,
      "containment": 0.42,
      "latency_ms": 318.76460313796997,
      "context_chars": 3228.86
    },
    "6": {
      "n": 100,
      "em": 0.32,
      "f1": 0.4439391190766317,
      "containment": 0.44,
      "latency_ms": 325.8603024482727,
      "context_chars": 3877.1
    }
  }
}