{
  "shard_index": 33,
  "shard_count": 37,
  "summary": {
    "0": {
      "n": 100,
      "em": 0.14,
      "f1": 0.20722408293460925,
      "containment": 0.16,
      "latency_ms": 250.3272271156311,
      "context_chars": 0.0
    },
    "1": {
      "n": 100,
      "em": 0.33,
      "f1": 0.4206022408963586,
      "containment": 0.33,
      "latency_ms": 207.11913585662842,
      "context_chars": 646.55
    },
    "2": {
      "n": 100,
      "em": 0.37,
      "f1": 0.46580736910148673,
      "containment": 0.38,
      "latency_ms": 218.03884267807007,
      "context_chars": 1278.02
    },
    "3": {
      "n": 100,
      "em": 0.38,
      "f1": 0.4718352941176471,
      "containment": 0.38,
      "latency_ms": 269.7231864929199,
      "context_chars": 1921.05
    },
    "4": {
      "n": 100,
      "em": 0.35,
      "f1": 0.4645495798319328,
      "containment": 0.39,
      "latency_ms": 279.9526596069336,
      "context_chars": 2558.63
    },
    "5": {
      "n": 100,
      "em": 0.32,
      "f1": 0.42607713230219624,
      "containment": 0.34,
      "latency_ms": 308.2412362098694,
      "context_chars": 3201.02
    },
    "6": {
      "n": 100,
      "em": 0.33,
      "f1": 0.44456022408963586,
      "containment": 0.37,
      "latency_ms": 334.60834980010986,
      "context_chars": 3841.47
    }
  }
}