{
  "shard_index": 26,
  "shard_count": 37,
  "summary": {
    "0": {
      "n": 100,
      "em": 0.1,
      "f1": 0.16719047619047622,
      "containment": 0.12,
      "latency_ms": 194.44936990737915,
      "context_chars": 0.0
    },
    "1": {
      "n": 100,
      "em": 0.28,
      "f1": 0.3819704184704185,
      "containment": 0.35,
      "latency_ms": 229.78664636611938,
      "context_chars": 643.5
    },
    "2": {
      "n": 100,
      "em": 0.29,
      "f1": 0.406504940952767,
      "containment": 0.4,
      "latency_ms": 282.00549602508545,
      "context_chars": 1290.15
    },
    "3": {
      "n": 100,
      "em": 0.31,
      "f1": 0.4299027162768582,
      "containment": 0.39,
      "latency_ms": 258.684241771698,
      "context_chars": 1937.1
    },
    "4": {
      "n": 100,
      "em": 0.33,
      "f1": 0.46108468343250947,
      "containment": 0.43,
      "latency_ms": 258.22824001312256,
      "context_chars": 2587.29
    },
    "5": {
      "n": 100,
      "em": 0.34,
      "f1": 0.4605212468690729,
      "containment": 0.42,
      "latency_ms": 276.2636709213257,
      "context_chars": 3232.94
    },
    "6": {
      "n": 100,
      "em": 0.35,
      "f1": 0.48207475857475857,
      "containment": 0.43,
      "latency_ms": 275.1890993118286,
      "context_chars": 3872.85
    }
  }
}