{
  "shard_index": 30,
  "shard_count": 37,
  "summary": {
    "0": {
      "n": 100,
      "em": 0.14,
      "f1": 0.21376190476190474,
      "containment": 0.15,
      "latency_ms": 194.02908086776733,
      "context_chars": 0.0
    },
    "1": {
      "n": 100,
      "em": 0.42,
      "f1": 0.5139841269841269,
      "containment": 0.42,
      "latency_ms": 201.25216245651245,
      "context_chars": 646.69
    },
    "2": {
      "n": 100,
      "em": 0.45,
      "f1": 0.556151515151515,
      "containment": 0.47,
      "latency_ms": 224.4079303741455,
      "context_chars": 1290.74
    },
    "3": {
      "n": 100,
      "em": 0.46,
      "f1": 0.5717133699633699,
      "containment": 0.53,
      "latency_ms": 240.4263186454773,
      "context_chars": 1938.51
    },
    "4": {
      "n": 100,
      "em": 0.48,
      "f1": 0.5792095097884571,
      "containment": 0.55,
      "latency_ms": 271.96805238723755,
      "context_chars": 2578.89
    },
    "5": {
      "n": 100,
      "em": 0.49,
      "f1": 0.5975131535131534,
      "containment": 0.55,
      "latency_ms": 282.30836153030396,
      "context_chars": 3228.07
    },
    "6": {
      "n": 100,
      "em": 0.47,
      "f1": 0.5674415537133588,
      "containment": 0.53,
      "latency_ms": 300.61500310897827,
      "context_chars": 3870.42
    }
  }
}