{
  "shard_index": 24,
  "shard_count": 37,
  "summary": {
    "0": {
      "n": 100,
      "em": 0.1,
      "f1": 0.16162373737373734,
      "containment": 0.15,
      "latency_ms": 197.2096037864685,
      "context_chars": 0.0
    },
    "1": {
      "n": 100,
      "em": 0.22,
      "f1": 0.3052928737928738,
      "containment": 0.32,
      "latency_ms": 249.97772216796875,
      "context_chars": 641.7
    },
    "2": {
      "n": 100,
      "em": 0.29,
      "f1": 0.39609875212506795,
      "containment": 0.39,
      "latency_ms": 255.53109645843506,
      "context_chars": 1289.95
    },
    "3": {
      "n": 100,
      "em": 0.31,
      "f1": 0.4005431350258936,
      "containment": 0.41,
      "latency_ms": 290.489444732666,
      "context_chars": 1936.04
    },
    "4": {
      "n": 100,
      "em": 0.31,
      "f1": 0.38775928603560184,
      "containment": 0.4,
      "latency_ms": 281.4076900482178,
      "context_chars": 2580.93
    },
    "5": {
      "n": 100,
      "em": 0.31,
      "f1": 0.394949762226078,
      "containment": 0.41,
      "latency_ms": 303.69208574295044,
      "context_chars": 3219.77
    },
    "6": {
      "n": 100,
      "em": 0.33,
      "f1": 0.419771726021726,
      "containment": 0.42,
      "latency_ms": 342.677001953125,
      "context_chars": 3867.12
    }
  }
}