{
  "shard_index": 29,
  "shard_count": 37,
  "summary": {
    "0": {
      "n": 100,
      "em": 0.13,
      "f1": 0.22532960606644814,
      "containment": 0.22,
      "latency_ms": 295.72415828704834,
      "context_chars": 0.0
    },
    "1": {
      "n": 100,
      "em": 0.34,
      "f1": 0.45176112776112765,
      "containment": 0.38,
      "latency_ms": 222.24708318710327,
      "context_chars": 648.26
    },
    "2": {
      "n": 100,
      "em": 0.37,
      "f1": 0.49190856855562726,
      "containment": 0.44,
      "latency_ms": 228.9829683303833,
      "context_chars": 1297.69
    },
    "3": {
      "n": 100,
      "em": 0.38,
      "f1": 0.49868634633340503,
      "containment": 0.44,
      "latency_ms": 275.3775477409363,
      "context_chars": 1935.2
    },
    "4": {
      "n": 100,
      "em": 0.36,
      "f1": 0.4826704733175321,
      "containment": 0.42,
      "latency_ms": 262.85385370254517,
      "context_chars": 2580.61
    },
    "5": {
      "n": 100,
      "em": 0.34,
      "f1": 0.46613944878650765,
      "containment": 0.42,
      "latency_ms": 300.2684164047241,
      "context_chars": 3229.55
    },
    "6": {
      "n": 100,
      "em": 0.35,
      "f1": 0.48375088164794044,
      "containment": 0.45,
      "latency_ms": 313.5860753059387,
      "context_chars": 3879.37
    }
  }
}