{
  "shard_index": 35,
  "shard_count": 37,
  "summary": {
    "0": {
      "n": 100,
      "em": 0.15,
      "f1": 0.21037962962962964,
      "containment": 0.19,
      "latency_ms": 255.69867372512817,
      "context_chars": 0.0
    },
    "1": {
      "n": 100,
      "em": 0.32,
      "f1": 0.4069329004329005,
      "containment": 0.35,
      "latency_ms": 172.42769479751587,
      "context_chars": 640.78
    },
    "2": {
      "n": 100,
      "em": 0.31,
      "f1": 0.42427922077922076,
      "containment": 0.4,
      "latency_ms": 169.328293800354,
      "context_chars": 1286.93
    },
    "3": {
      "n": 100,
      "em": 0.32,
      "f1": 0.4293116883116883,
      "containment": 0.4,
      "latency_ms": 233.05109024047852,
      "context_chars": 1939.26
    },
    "4": {
      "n": 100,
      "em": 0.31,
      "f1": 0.40734920634920635,
      "containment": 0.38,
      "latency_ms": 230.66675662994385,
      "context_chars": 2581.46
    },
    "5": {
      "n": 100,
      "em": 0.3,
      "f1": 0.42933405483405496,
      "containment": 0.4,
      "latency_ms": 250.15182495117188,
      "context_chars": 3223.48
    },
    "6": {
      "n": 100,
      "em": 0.3,
      "f1": 0.42830952380952375,
      "containment": 0.41,
      "latency_ms": 230.7601523399353,
      "context_chars": 3867.95
    }
  }
}