{
  "shard_index": 17,
  "shard_count": 37,
  "summary": {
    "0": {
      "n": 100,
      "em": 0.13,
      "f1": 0.22765961199294527,
      "containment": 0.18,
      "latency_ms": 263.5192799568176,
      "context_chars": 0.0
    },
    "1": {
      "n": 100,
      "em": 0.37,
      "f1": 0.4464891395154553,
      "containment": 0.37,
      "latency_ms": 202.2350573539734,
      "context_chars": 645.65
    },
    "2": {
      "n": 100,
      "em": 0.4,
      "f1": 0.4665020264759396,
      "containment": 0.43,
      "latency_ms": 279.52735662460327,
      "context_chars": 1295.62
    },
    "3": {
      "n": 100,
      "em": 0.41,
      "f1": 0.47766203047598393,
      "containment": 0.42,
      "latency_ms": 247.85629749298096,
      "context_chars": 1936.77
    },
    "4": {
      "n": 100,
      "em": 0.39,
      "f1": 0.45560991911899357,
      "containment": 0.41,
      "latency_ms": 312.1727728843689,
      "context_chars": 2585.69
    },
    "5": {
      "n": 100,
      "em": 0.39,
      "f1": 0.46489681886740714,
      "containment": 0.44,
      "latency_ms": 330.83198070526123,
      "context_chars": 3234.97
    },
    "6": {
      "n": 100,
      "em": 0.38,
      "f1": 0.45279205789947485,
      "containment": 0.41,
      "latency_ms": 359.0711450576782,
      "context_chars": 3884.19
    }
  }
}