{
  "shard_index": 19,
  "shard_count": 37,
  "summary": {
    "0": {
      "n": 100,
      "em": 0.1,
      "f1": 0.19860299462108716,
      "containment": 0.18,
      "latency_ms": 316.17849588394165,
      "context_chars": 0.0
    },
    "1": {
      "n": 100,
      "em": 0.33,
      "f1": 0.4751083524318816,
      "containment": 0.42,
      "latency_ms": 210.2107334136963,
      "context_chars": 635.3
    },
    "2": {
      "n": 100,
      "em": 0.32,
      "f1": 0.4545505382653719,
      "containment": 0.41,
      "latency_ms": 266.7802405357361,
      "context_chars": 1275.79
    },
    "3": {
      "n": 100,
      "em": 0.34,
      "f1": 0.47831645069094814,
      "containment": 0.43,
      "latency_ms": 299.99547719955444,
      "context_chars": 1916.73
    },
    "4": {
      "n": 100,
      "em": 0.36,
      "f1": 0.47773621758932144,
      "containment": 0.42,
      "latency_ms": 316.25603437423706,
      "context_chars": 2552.12
    },
    "5": {
      "n": 100,
      "em": 0.33,
      "f1": 0.44423228495642275,
      "containment": 0.42,
      "latency_ms": 353.6552906036377,
      "context_chars": 3190.95
    },
    "6": {
      "n": 100,
      "em": 0.32,
      "f1": 0.42903092163694745,
      "containment": 0.4,
      "latency_ms": 373.9045000076294,
      "context_chars": 3824.86
    }
  }
}