{
  "shard_index": 1,
  "shard_count": 37,
  "summary": {
    "0": {
      "n": 100,
      "em": 0.1,
      "f1": 0.1781917690152984,
      "containment": 0.12,
      "latency_ms": 199.83688831329346,
      "context_chars": 0.0
    },
    "1": {
      "n": 100,
      "em": 0.3,
      "f1": 0.43671480331262935,
      "containment": 0.38,
      "latency_ms": 224.92740154266357,
      "context_chars": 639.8
    },
    "2": {
      "n": 100,
      "em": 0.32,
      "f1": 0.4690357142857142,
      "containment": 0.42,
      "latency_ms": 233.03478240966797,
      "context_chars": 1278.65
    },
    "3": {
      "n": 100,
      "em": 0.32,
      "f1": 0.48405952380952366,
      "containment": 0.44,
      "latency_ms": 242.97044038772583,
      "context_chars": 1919.82
    },
    "4": {
      "n": 100,
      "em": 0.32,
      "f1": 0.4812824120324119,
      "containment": 0.43,
      "latency_ms": 271.38556241989136,
      "context_chars": 2558.65
    },
    "5": {
      "n": 100,
      "em": 0.33,
      "f1": 0.46825927999203854,
      "containment": 0.43,
      "latency_ms": 304.5864224433899,
      "context_chars": 3203.88
    },
    "6": {
      "n": 100,
      "em": 0.33,
      "f1": 0.478841575091575,
      "containment": 0.44,
      "latency_ms": 293.91045331954956,
      "context_chars": 3846.56
    }
  }
}