{
  "shard_index": 5,
  "shard_count": 37,
  "summary": {
    "0": {
      "n": 100,
      "em": 0.14,
      "f1": 0.23707539682539686,
      "containment": 0.18,
      "latency_ms": 200.47104120254517,
      "context_chars": 0.0
    },
    "1": {
      "n": 100,
      "em": 0.34,
      "f1": 0.4423177655677656,
      "containment": 0.4,
      "latency_ms": 242.73613929748535,
      "context_chars": 646.2
    },
    "2": {
      "n": 100,
      "em": 0.33,
      "f1": 0.4577240537240537,
      "containment": 0.43,
      "latency_ms": 218.04993867874146,
      "context_chars": 1290.95
    },
    "3": {
      "n": 100,
      "em": 0.35,
      "f1": 0.47736263736263745,
      "containment": 0.44,
      "latency_ms": 238.7971806526184,
      "context_chars": 1942.94
    },
    "4": {
      "n": 100,
      "em": 0.33,
      "f1": 0.4697675070028011,
      "containment": 0.43,
      "latency_ms": 252.01821088790894,
      "context_chars": 2586.5
    },
    "5": {
      "n": 100,
      "em": 0.35,
      "f1": 0.46223784952577524,
      "containment": 0.43,
      "latency_ms": 310.67835569381714,
      "context_chars": 3235.07
    },
    "6": {
      "n": 100,
      "em": 0.36,
      "f1": 0.4679441987321244,
      "containment": 0.44,
      "latency_ms": 339.8873257637024,
      "context_chars": 3887.8
    }
  }
}