{
  "shard_index": 34,
  "shard_count": 37,
  "summary": {
    "0": {
      "n": 100,
      "em": 0.13,
      "f1": 0.19512539682539679,
      "containment": 0.18,
      "latency_ms": 176.31396532058716,
      "context_chars": 0.0
    },
    "1": {
      "n": 100,
      "em": 0.32,
      "f1": 0.4021880341880341,
      "containment": 0.37,
      "latency_ms": 188.27636003494263,
      "context_chars": 641.29
    },
    "2": {
      "n": 100,
      "em": 0.36,
      "f1": 0.4669816849816849,
      "containment": 0.41,
      "latency_ms": 206.28798723220825,
      "context_chars": 1283.5
    },
    "3": {
      "n": 100,
      "em": 0.35,
      "f1": 0.45262454212454206,
      "containment": 0.39,
      "latency_ms": 204.45605754852295,
      "context_chars": 1931.64
    },
    "4": {
      "n": 100,
      "em": 0.34,
      "f1": 0.44272960372960357,
      "containment": 0.4,
      "latency_ms": 258.309166431427,
      "context_chars": 2575.01
    },
    "5": {
      "n": 100,
      "em": 0.36,
      "f1": 0.4750824175824174,
      "containment": 0.44,
      "latency_ms": 281.6697287559509,
      "context_chars": 3222.83
    },
    "6": {
      "n": 100,
      "em": 0.37,
      "f1": 0.4795550976800975,
      "containment": 0.46,
      "latency_ms": 298.76380920410156,
      "context_chars": 3871.56
    }
  }
}