{
  "shard_index": 16,
  "shard_count": 37,
  "summary": {
    "0": {
      "n": 100,
      "em": 0.15,
      "f1": 0.22752380952380954,
      "containment": 0.21,
      "latency_ms": 304.56419706344604,
      "context_chars": 0.0
    },
    "1": {
      "n": 100,
      "em": 0.29,
      "f1": 0.3776298701298701,
      "containment": 0.32,
      "latency_ms": 212.7299427986145,
      "context_chars": 640.05
    },
    "2": {
      "n": 100,
      "em": 0.26,
      "f1": 0.3721536796536797,
      "containment": 0.3,
      "latency_ms": 228.61706495285034,
      "context_chars": 1283.26
    },
    "3": {
      "n": 100,
      "em": 0.29,
      "f1": 0.3914233511586452,
      "containment": 0.34,
      "latency_ms": 267.58267641067505,
      "context_chars": 1920.65
    },
    "4": {
      "n": 100,
      "em": 0.28,
      "f1": 0.39810516934046336,
      "containment": 0.34,
      "latency_ms": 275.9208154678345,
      "context_chars": 2567.39
    },
    "5": {
      "n": 100,
      "em": 0.29,
      "f1": 0.40936637556718686,
      "containment": 0.35,
      "latency_ms": 306.065776348114,
      "context_chars": 3208.89
    },
    "6": {
      "n": 100,
      "em": 0.29,
      "f1": 0.42433216456745854,
      "containment": 0.37,
      "latency_ms": 301.235089302063,
      "context_chars": 3854.42
    }
  }
}