{
  "shard_index": 15,
  "shard_count": 37,
  "summary": {
    "0": {
      "n": 100,
      "em": 0.14,
      "f1": 0.24946897546897545,
      "containment": 0.2,
      "latency_ms": 193.11386108398438,
      "context_chars": 0.0
    },
    "1": {
      "n": 100,
      "em": 0.21,
      "f1": 0.3268003663003664,
      "containment": 0.27,
      "latency_ms": 221.0210394859314,
      "context_chars": 642.58
    },
    "2": {
      "n": 100,
      "em": 0.27,
      "f1": 0.3767031024531024,
      "containment": 0.33,
      "latency_ms": 269.9612236022949,
      "context_chars": 1280.84
    },
    "3": {
      "n": 100,
      "em": 0.27,
      "f1": 0.363679514929515,
      "containment": 0.29,
      "latency_ms": 282.0345377922058,
      "context_chars": 1923.98
    },
    "4": {
      "n": 100,
      "em": 0.28,
      "f1": 0.3789981962481963,
      "containment": 0.35,
      "latency_ms": 303.8550925254822,
      "context_chars": 2561.41
    },
    "5": {
      "n": 100,
      "em": 0.28,
      "f1": 0.3739785921999234,
      "containment": 0.36,
      "latency_ms": 351.7588973045349,
      "context_chars": 3205.05
    },
    "6": {
      "n": 100,
      "em": 0.27,
      "f1": 0.37094365079365077,
      "containment": 0.34,
      "latency_ms": 352.4397897720337,
      "context_chars": 3848.63
    }
  }
}