{
  "shard_index": 20,
  "shard_count": 37,
  "summary": {
    "0": {
      "n": 100,
      "em": 0.14,
      "f1": 0.20839194139194142,
      "containment": 0.18,
      "latency_ms": 193.26286554336548,
      "context_chars": 0.0
    },
    "1": {
      "n": 100,
      "em": 0.38,
      "f1": 0.43400932400932396,
      "containment": 0.38,
      "latency_ms": 195.2540373802185,
      "context_chars": 642.0
    },
    "2": {
      "n": 100,
      "em": 0.36,
      "f1": 0.43160714285714286,
      "containment": 0.38,
      "latency_ms": 221.74602031707764,
      "context_chars": 1283.23
    },
    "3": {
      "n": 100,
      "em": 0.33,
      "f1": 0.4203593073593073,
      "containment": 0.36,
      "latency_ms": 238.09536695480347,
      "context_chars": 1928.08
    },
    "4": {
      "n": 100,
      "em": 0.33,
      "f1": 0.41475757575757577,
      "containment": 0.38,
      "latency_ms": 266.4679193496704,
      "context_chars": 2570.77
    },
    "5": {
      "n": 100,
      "em": 0.33,
      "f1": 0.40994937469937476,
      "containment": 0.38,
      "latency_ms": 295.17045497894287,
      "context_chars": 3218.26
    },
    "6": {
      "n": 100,
      "em": 0.35,
      "f1": 0.4321471861471861,
      "containment": 0.4,
      "latency_ms": 312.9474949836731,
      "context_chars": 3861.39
    }
  }
}