{
  "shard_index": 2,
  "shard_count": 37,
  "summary": {
    "0": {
      "n": 100,
      "em": 0.1,
      "f1": 0.17103968253968257,
      "containment": 0.17,
      "latency_ms": 248.1490421295166,
      "context_chars": 0.0
    },
    "1": {
      "n": 100,
      "em": 0.26,
      "f1": 0.3601457431457431,
      "containment": 0.32,
      "latency_ms": 199.13949489593506,
      "context_chars": 637.53
    },
    "2": {
      "n": 100,
      "em": 0.28,
      "f1": 0.35570634920634914,
      "containment": 0.35,
      "latency_ms": 267.99325227737427,
      "context_chars": 1272.56
    },
    "3": {
      "n": 100,
      "em": 0.26,
      "f1": 0.35526862026862027,
      "containment": 0.32,
      "latency_ms": 284.31867599487305,
      "context_chars": 1911.18
    },
    "4": {
      "n": 100,
      "em": 0.29,
      "f1": 0.3906257631257632,
      "containment": 0.35,
      "latency_ms": 282.0854115486145,
      "context_chars": 2550.09
    },
    "5": {
      "n": 100,
      "em": 0.27,
      "f1": 0.377531746031746,
      "containment": 0.36,
      "latency_ms": 281.04273557662964,
      "context_chars": 3197.38
    },
    "6": {
      "n": 100,
      "em": 0.29,
      "f1": 0.40687518037518033,
      "containment": 0.38,
      "latency_ms": 305.2267551422119,
      "context_chars": 3835.46
    }
  }
}