{
  "shard_index": 27,
  "shard_count": 37,
  "summary": {
    "0": {
      "n": 100,
      "em": 0.2,
      "f1": 0.25983333333333336,
      "containment": 0.22,
      "latency_ms": 174.90604877471924,
      "context_chars": 0.0
    },
    "1": {
      "n": 100,
      "em": 0.31,
      "f1": 0.3934776334776334,
      "containment": 0.35,
      "latency_ms": 199.06527519226074,
      "context_chars": 639.9
    },
    "2": {
      "n": 100,
      "em": 0.32,
      "f1": 0.4023427128427128,
      "containment": 0.34,
      "latency_ms": 220.38936376571655,
      "context_chars": 1280.01
    },
    "3": {
      "n": 100,
      "em": 0.29,
      "f1": 0.4036311612364244,
      "containment": 0.35,
      "latency_ms": 264.762225151062,
      "context_chars": 1918.85
    },
    "4": {
      "n": 100,
      "em": 0.29,
      "f1": 0.40627401837928157,
      "containment": 0.34,
      "latency_ms": 251.70218706130981,
      "context_chars": 2554.27
    },
    "5": {
      "n": 100,
      "em": 0.33,
      "f1": 0.4310176081228713,
      "containment": 0.37,
      "latency_ms": 263.3736729621887,
      "context_chars": 3196.35
    },
    "6": {
      "n": 100,
      "em": 0.31,
      "f1": 0.41276119786646104,
      "containment": 0.38,
      "latency_ms": 297.2053551673889,
      "context_chars": 3833.87
    }
  }
}