{
  "shard_index": 14,
  "shard_count": 37,
  "summary": {
    "0": {
      "n": 100,
      "em": 0.15,
      "f1": 0.2633968253968254,
      "containment": 0.17,
      "latency_ms": 185.27814626693726,
      "context_chars": 0.0
    },
    "1": {
      "n": 100,
      "em": 0.33,
      "f1": 0.44448437836673127,
      "containment": 0.4,
      "latency_ms": 232.6216459274292,
      "context_chars": 650.72
    },
    "2": {
      "n": 100,
      "em": 0.36,
      "f1": 0.4660246595509753,
      "containment": 0.41,
      "latency_ms": 231.63450002670288,
      "context_chars": 1296.53
    },
    "3": {
      "n": 100,
      "em": 0.32,
      "f1": 0.4236821120056415,
      "containment": 0.38,
      "latency_ms": 275.000376701355,
      "context_chars": 1945.26
    },
    "4": {
      "n": 100,
      "em": 0.33,
      "f1": 0.4624806468041761,
      "containment": 0.39,
      "latency_ms": 285.19113063812256,
      "context_chars": 2592.88
    },
    "5": {
      "n": 100,
      "em": 0.32,
      "f1": 0.4425996944232238,
      "containment": 0.38,
      "latency_ms": 280.19864082336426,
      "context_chars": 3233.99
    },
    "6": {
      "n": 100,
      "em": 0.35,
      "f1": 0.47987014327261995,
      "containment": 0.41,
      "latency_ms": 288.7104606628418,
      "context_chars": 3877.56
    }
  }
}