{
  "shard_index": 31,
  "shard_count": 37,
  "summary": {
    "0": {
      "n": 100,
      "em": 0.14,
      "f1": 0.21473564213564214,
      "containment": 0.19,
      "latency_ms": 261.7362451553345,
      "context_chars": 0.0
    },
    "1": {
      "n": 100,
      "em": 0.29,
      "f1": 0.3969799253034547,
      "containment": 0.32,
      "latency_ms": 218.9850926399231,
      "context_chars": 649.07
    },
    "2": {
      "n": 100,
      "em": 0.29,
      "f1": 0.41040903540903534,
      "containment": 0.34,
      "latency_ms": 232.236807346344,
      "context_chars": 1289.9
    },
    "3": {
      "n": 100,
      "em": 0.36,
      "f1": 0.4771909902962534,
      "containment": 0.39,
      "latency_ms": 272.66616582870483,
      "context_chars": 1931.04
    },
    "4": {
      "n": 100,
      "em": 0.34,
      "f1": 0.45281746031746023,
      "containment": 0.36,
      "latency_ms": 255.4415464401245,
      "context_chars": 2575.47
    },
    "5": {
      "n": 100,
      "em": 0.34,
      "f1": 0.4537026862026861,
      "containment": 0.37,
      "latency_ms": 269.0216875076294,
      "context_chars": 3214.74
    },
    "6": {
      "n": 100,
      "em": 0.33,
      "f1": 0.44336935286935286,
      "containment": 0.37,
      "latency_ms": 282.45922565460205,
      "context_chars": 3854.42
    }
  }
}