{
  "shard_index": 21,
  "shard_count": 37,
  "summary": {
    "0": {
      "n": 100,
      "em": 0.13,
      "f1": 0.2061338640719446,
      "containment": 0.19,
      "latency_ms": 283.4996199607849,
      "context_chars": 0.0
    },
    "1": {
      "n": 100,
      "em": 0.25,
      "f1": 0.3398975468975468,
      "containment": 0.34,
      "latency_ms": 236.69363021850586,
      "context_chars": 632.56
    },
    "2": {
      "n": 100,
      "em": 0.27,
      "f1": 0.38839586339586335,
      "containment": 0.38,
      "latency_ms": 245.60971021652222,
      "context_chars": 1267.69
    },
    "3": {
      "n": 100,
      "em": 0.32,
      "f1": 0.43803868545247854,
      "containment": 0.43,
      "latency_ms": 260.2197527885437,
      "context_chars": 1906.76
    },
    "4": {
      "n": 100,
      "em": 0.3,
      "f1": 0.4363078033078033,
      "containment": 0.44,
      "latency_ms": 270.39836168289185,
      "context_chars": 2541.63
    },
    "5": {
      "n": 100,
      "em": 0.31,
      "f1": 0.4489973987365292,
      "containment": 0.44,
      "latency_ms": 296.3942289352417,
      "context_chars": 3175.48
    },
    "6": {
      "n": 100,
      "em": 0.31,
      "f1": 0.44985470085470086,
      "containment": 0.42,
      "latency_ms": 302.42164850234985,
      "context_chars": 3807.3
    }
  }
}