{
  "shard_index": 22,
  "shard_count": 37,
  "summary": {
    "0": {
      "n": 100,
      "em": 0.15,
      "f1": 0.2201158008658009,
      "containment": 0.23,
      "latency_ms": 182.10765838623047,
      "context_chars": 0.0
    },
    "1": {
      "n": 100,
      "em": 0.28,
      "f1": 0.3847423687423687,
      "containment": 0.37,
      "latency_ms": 206.87490940093994,
      "context_chars": 637.51
    },
    "2": {
      "n": 100,
      "em": 0.33,
      "f1": 0.4367106227106226,
      "containment": 0.42,
      "latency_ms": 227.2721028327942,
      "context_chars": 1274.95
    },
    "3": {
      "n": 100,
      "em": 0.34,
      "f1": 0.4502185592185592,
      "containment": 0.42,
      "latency_ms": 246.0108232498169,
      "context_chars": 1913.46
    },
    "4": {
      "n": 100,
      "em": 0.36,
      "f1": 0.47032967032967027,
      "containment": 0.43,
      "latency_ms": 277.8737282752991,
      "context_chars": 2554.23
    },
    "5": {
      "n": 100,
      "em": 0.33,
      "f1": 0.44271855921855924,
      "containment": 0.41,
      "latency_ms": 284.3894910812378,
      "context_chars": 3192.94
    },
    "6": {
      "n": 100,
      "em": 0.33,
      "f1": 0.45164921920185075,
      "containment": 0.43,
      "latency_ms": 301.3059449195862,
      "context_chars": 3831.88
    }
  }
}