{
  "shard_index": 3,
  "shard_count": 37,
  "summary": {
    "0": {
      "n": 100,
      "em": 0.11,
      "f1": 0.19203246753246753,
      "containment": 0.16,
      "latency_ms": 272.8541040420532,
      "context_chars": 0.0
    },
    "1": {
      "n": 100,
      "em": 0.25,
      "f1": 0.35525793650793647,
      "containment": 0.31,
      "latency_ms": 221.41481399536133,
      "context_chars": 642.58
    },
    "2": {
      "n": 100,
      "em": 0.28,
      "f1": 0.3828198412698412,
      "containment": 0.35,
      "latency_ms": 215.94375610351562,
      "context_chars": 1284.9
    },
    "3": {
      "n": 100,
      "em": 0.28,
      "f1": 0.38834908963585435,
      "containment": 0.35,
      "latency_ms": 243.65036010742188,
      "context_chars": 1927.75
    },
    "4": {
      "n": 100,
      "em": 0.3,
      "f1": 0.4043511904761904,
      "containment": 0.38,
      "latency_ms": 233.08796644210815,
      "context_chars": 2574.13
    },
    "5": {
      "n": 100,
      "em": 0.29,
      "f1": 0.3881478696741854,
      "containment": 0.37,
      "latency_ms": 257.02646493911743,
      "context_chars": 3217.13
    },
    "6": {
      "n": 100,
      "em": 0.28,
      "f1": 0.36955104427735996,
      "containment": 0.36,
      "latency_ms": 308.2531142234802,
      "context_chars": 3863.2
    }
  }
}