{
  "shard_index": 7,
  "shard_count": 37,
  "summary": {
    "0": {
      "n": 100,
      "em": 0.14,
      "f1": 0.2467948051948052,
      "containment": 0.21,
      "latency_ms": 246.00629091262817,
      "context_chars": 0.0
    },
    "1": {
      "n": 100,
      "em": 0.29,
      "f1": 0.4023693528693528,
      "containment": 0.36,
      "latency_ms": 207.00584173202515,
      "context_chars": 640.44
    },
    "2": {
      "n": 100,
      "em": 0.26,
      "f1": 0.3751529736173698,
      "containment": 0.34,
      "latency_ms": 241.78619861602783,
      "context_chars": 1281.79
    },
    "3": {
      "n": 100,
      "em": 0.26,
      "f1": 0.3838248543681979,
      "containment": 0.33,
      "latency_ms": 265.4828882217407,
      "context_chars": 1925.8
    },
    "4": {
      "n": 100,
      "em": 0.24,
      "f1": 0.3580927017001185,
      "containment": 0.32,
      "latency_ms": 313.1937503814697,
      "context_chars": 2571.64
    },
    "5": {
      "n": 100,
      "em": 0.25,
      "f1": 0.3711029826726421,
      "containment": 0.34,
      "latency_ms": 316.3938879966736,
      "context_chars": 3215.88
    },
    "6": {
      "n": 100,
      "em": 0.25,
      "f1": 0.3670117853942022,
      "containment": 0.33,
      "latency_ms": 348.81860733032227,
      "context_chars": 3858.34
    }
  }
}