{
  "shard_index": 25,
  "shard_count": 37,
  "summary": {
    "0": {
      "n": 100,
      "em": 0.19,
      "f1": 0.2640642135642136,
      "containment": 0.22,
      "latency_ms": 269.2382788658142,
      "context_chars": 0.0
    },
    "1": {
      "n": 100,
      "em": 0.39,
      "f1": 0.46646703296703296,
      "containment": 0.42,
      "latency_ms": 206.70800924301147,
      "context_chars": 637.17
    },
    "2": {
      "n": 100,
      "em": 0.39,
      "f1": 0.47165079365079365,
      "containment": 0.44,
      "latency_ms": 240.62565565109253,
      "context_chars": 1283.0
    },
    "3": {
      "n": 100,
      "em": 0.41,
      "f1": 0.4803928571428571,
      "containment": 0.45,
      "latency_ms": 255.81421613693237,
      "context_chars": 1924.39
    },
    "4": {
      "n": 100,
      "em": 0.37,
      "f1": 0.47580948583580157,
      "containment": 0.46,
      "latency_ms": 310.97315788269043,
      "context_chars": 2567.12
    },
    "5": {
      "n": 100,
      "em": 0.39,
      "f1": 0.4994386724386724,
      "containment": 0.48,
      "latency_ms": 297.2391104698181,
      "context_chars": 3206.93
    },
    "6": {
      "n": 100,
      "em": 0.39,
      "f1": 0.48936724386724384,
      "containment": 0.47,
      "latency_ms": 284.737708568573,
      "context_chars": 3853.13
    }
  }
}