{
  "shard_index": 9,
  "shard_count": 37,
  "summary": {
    "0": {
      "n": 100,
      "em": 0.16,
      "f1": 0.26259668109668105,
      "containment": 0.19,
      "latency_ms": 239.37944650650024,
      "context_chars": 0.0
    },
    "1": {
      "n": 100,
      "em": 0.35,
      "f1": 0.41747619047619056,
      "containment": 0.33,
      "latency_ms": 196.1403250694275,
      "context_chars": 643.63
    },
    "2": {
      "n": 100,
      "em": 0.37,
      "f1": 0.442156314699793,
      "containment": 0.39,
      "latency_ms": 241.7067813873291,
      "context_chars": 1294.54
    },
    "3": {
      "n": 100,
      "em": 0.38,
      "f1": 0.4510476190476191,
      "containment": 0.38,
      "latency_ms": 250.10769367218018,
      "context_chars": 1937.32
    },
    "4": {
      "n": 100,
      "em": 0.39,
      "f1": 0.4782462537462538,
      "containment": 0.39,
      "latency_ms": 283.03643465042114,
      "context_chars": 2582.78
    },
    "5": {
      "n": 100,
      "em": 0.39,
      "f1": 0.49363708513708526,
      "containment": 0.41,
      "latency_ms": 290.0202751159668,
      "context_chars": 3226.36
    },
    "6": {
      "n": 100,
      "em": 0.41,
      "f1": 0.5009285714285715,
      "containment": 0.41,
      "latency_ms": 317.76386737823486,
      "context_chars": 3867.47
    }
  }
}