{
  "shard_index": 36,
  "shard_count": 37,
  "summary": {
    "0": {
      "n": 10,
      "em": 0.2,
      "f1": 0.36666666666666664,
      "containment": 0.4,
      "latency_ms": 184.22613143920898,
      "context_chars": 0.0
    },
    "1": {
      "n": 10,
      "em": 0.4,
      "f1": 0.5766666666666667,
      "containment": 0.6,
      "latency_ms": 174.2203712463379,
      "context_chars": 630.7
    },
    "2": {
      "n": 10,
      "em": 0.2,
      "f1": 0.4583333333333333,
      "containment": 0.6,
      "latency_ms": 250.42376518249512,
      "context_chars": 1272.6
    },
    "3": {
      "n": 10,
      "em": 0.3,
      "f1": 0.5555555555555556,
      "containment": 0.7,
      "latency_ms": 198.5926628112793,
      "context_chars": 1928.4
    },
    "4": {
      "n": 10,
      "em": 0.4,
      "f1": 0.5666666666666667,
      "containment": 0.6,
      "latency_ms": 203.80337238311768,
      "context_chars": 2590.2
    },
    "5": {
      "n": 10,
      "em": 0.4,
      "f1": 0.6455555555555555,
      "containment": 0.7,
      "latency_ms": 211.163592338562,
      "context_chars": 3225.6
    },
    "6": {
      "n": 10,
      "em": 0.3,
      "f1": 0.5038888888888888,
      "containment": 0.7,
      "latency_ms": 278.9361000061035,
      "context_chars": 3873.8
    }
  }
}