{
  "shard_index": 0,
  "shard_count": 37,
  "summary": {
    "0": {
      "n": 100,
      "em": 0.12,
      "f1": 0.22916133866133864,
      "containment": 0.17,
      "latency_ms": 277.9649090766907,
      "context_chars": 0.0
    },
    "1": {
      "n": 100,
      "em": 0.29,
      "f1": 0.4173011204481793,
      "containment": 0.36,
      "latency_ms": 233.43007802963257,
      "context_chars": 637.31
    },
    "2": {
      "n": 100,
      "em": 0.3,
      "f1": 0.4202552580979691,
      "containment": 0.36,
      "latency_ms": 238.2511305809021,
      "context_chars": 1280.41
    },
    "3": {
      "n": 100,
      "em": 0.27,
      "f1": 0.4128823956662832,
      "containment": 0.39,
      "latency_ms": 287.14772939682007,
      "context_chars": 1919.39
    },
    "4": {
      "n": 100,
      "em": 0.28,
      "f1": 0.4249105569054419,
      "containment": 0.39,
      "latency_ms": 304.30976152420044,
      "context_chars": 2559.02
    },
    "5": {
      "n": 100,
      "em": 0.28,
      "f1": 0.42493846655361056,
      "containment": 0.39,
      "latency_ms": 300.60336351394653,
      "context_chars": 3198.34
    },
    "6": {
      "n": 100,
      "em": 0.29,
      "f1": 0.4262971629705376,
      "containment": 0.39,
      "latency_ms": 320.12017726898193,
      "context_chars": 3838.82
    }
  }
}