{
  "shard_index": 12,
  "shard_count": 37,
  "summary": {
    "0": {
      "n": 100,
      "em": 0.11,
      "f1": 0.18163940648723254,
      "containment": 0.17,
      "latency_ms": 224.17184829711914,
      "context_chars": 0.0
    },
    "1": {
      "n": 100,
      "em": 0.37,
      "f1": 0.4487799422799423,
      "containment": 0.43,
      "latency_ms": 213.2216715812683,
      "context_chars": 637.39
    },
    "2": {
      "n": 100,
      "em": 0.35,
      "f1": 0.4566312576312576,
      "containment": 0.45,
      "latency_ms": 227.28586673736572,
      "context_chars": 1278.34
    },
    "3": {
      "n": 100,
      "em": 0.39,
      "f1": 0.4862950937950938,
      "containment": 0.45,
      "latency_ms": 241.44400119781494,
      "context_chars": 1921.35
    },
    "4": {
      "n": 100,
      "em": 0.33,
      "f1": 0.43497763347763346,
      "containment": 0.44,
      "latency_ms": 282.9974579811096,
      "context_chars": 2565.4
    },
    "5": {
      "n": 100,
      "em": 0.36,
      "f1": 0.4495634920634921,
      "containment": 0.44,
      "latency_ms": 277.93914556503296,
      "context_chars": 3206.45
    },
    "6": {
      "n": 100,
      "em": 0.35,
      "f1": 0.46662770562770567,
      "containment": 0.45,
      "latency_ms": 286.113178730011,
      "context_chars": 3848.71
    }
  }
}