{
  "shard_index": 10,
  "shard_count": 37,
  "summary": {
    "0": {
      "n": 100,
      "em": 0.1,
      "f1": 0.2270034745955798,
      "containment": 0.16,
      "latency_ms": 217.50746250152588,
      "context_chars": 0.0
    },
    "1": {
      "n": 100,
      "em": 0.46,
      "f1": 0.5290869481395797,
      "containment": 0.48,
      "latency_ms": 208.22817087173462,
      "context_chars": 637.23
    },
    "2": {
      "n": 100,
      "em": 0.43,
      "f1": 0.5248534798534797,
      "containment": 0.46,
      "latency_ms": 223.92091274261475,
      "context_chars": 1279.34
    },
    "3": {
      "n": 100,
      "em": 0.45,
      "f1": 0.5367945942945943,
      "containment": 0.49,
      "latency_ms": 230.33438205718994,
      "context_chars": 1924.61
    },
    "4": {
      "n": 100,
      "em": 0.42,
      "f1": 0.5132945942945942,
      "containment": 0.47,
      "latency_ms": 257.42271900177,
      "context_chars": 2562.25
    },
    "5": {
      "n": 100,
      "em": 0.39,
      "f1": 0.48100888000888,
      "containment": 0.45,
      "latency_ms": 284.72845792770386,
      "context_chars": 3194.78
    },
    "6": {
      "n": 100,
      "em": 0.39,
      "f1": 0.49247041847041845,
      "containment": 0.45,
      "latency_ms": 295.60904026031494,
      "context_chars": 3836.42
    }
  }
}