{
  "shard_index": 13,
  "shard_count": 37,
  "summary": {
    "0": {
      "n": 100,
      "em": 0.14,
      "f1": 0.23062552519905463,
      "containment": 0.22,
      "latency_ms": 302.298743724823,
      "context_chars": 0.0
    },
    "1": {
      "n": 100,
      "em": 0.29,
      "f1": 0.39715151515151503,
      "containment": 0.33,
      "latency_ms": 204.3494153022766,
      "context_chars": 636.81
    },
    "2": {
      "n": 100,
      "em": 0.3,
      "f1": 0.42320238095238083,
      "containment": 0.41,
      "latency_ms": 233.31906080245972,
      "context_chars": 1273.18
    },
    "3": {
      "n": 100,
      "em": 0.27,
      "f1": 0.4300238095238095,
      "containment": 0.4,
      "latency_ms": 246.9012188911438,
      "context_chars": 1910.71
    },
    "4": {
      "n": 100,
      "em": 0.21,
      "f1": 0.3653138528138528,
      "containment": 0.33,
      "latency_ms": 254.32983875274658,
      "context_chars": 2550.47
    },
    "5": {
      "n": 100,
      "em": 0.24,
      "f1": 0.38798953823953825,
      "containment": 0.36,
      "latency_ms": 294.1923666000366,
      "context_chars": 3190.72
    },
    "6": {
      "n": 100,
      "em": 0.23,
      "f1": 0.37765975690975695,
      "containment": 0.35,
      "latency_ms": 305.99024534225464,
      "context_chars": 3828.12
    }
  }
}