{
  "shard_index": 18,
  "shard_count": 37,
  "summary": {
    "0": {
      "n": 100,
      "em": 0.12,
      "f1": 0.21361399711399712,
      "containment": 0.19,
      "latency_ms": 212.45553731918335,
      "context_chars": 0.0
    },
    "1": {
      "n": 100,
      "em": 0.39,
      "f1": 0.5057481962481963,
      "containment": 0.45,
      "latency_ms": 209.6283197402954,
      "context_chars": 641.11
    },
    "2": {
      "n": 100,
      "em": 0.44,
      "f1": 0.5741084656084656,
      "containment": 0.5,
      "latency_ms": 230.64279556274414,
      "context_chars": 1278.26
    },
    "3": {
      "n": 100,
      "em": 0.44,
      "f1": 0.5645339105339106,
      "containment": 0.5,
      "latency_ms": 258.131639957428,
      "context_chars": 1919.68
    },
    "4": {
      "n": 100,
      "em": 0.41,
      "f1": 0.5416006379241672,
      "containment": 0.48,
      "latency_ms": 269.24752712249756,
      "context_chars": 2560.81
    },
    "5": {
      "n": 100,
      "em": 0.44,
      "f1": 0.5755131330657647,
      "containment": 0.49,
      "latency_ms": 274.45213317871094,
      "context_chars": 3208.51
    },
    "6": {
      "n": 100,
      "em": 0.45,
      "f1": 0.5899393939393939,
      "containment": 0.5,
      "latency_ms": 300.35234689712524,
      "context_chars": 3850.45
    }
  }
}