{
  "shard_index": 8,
  "shard_count": 37,
  "summary": {
    "0": {
      "n": 100,
      "em": 0.17,
      "f1": 0.24364835164835164,
      "containment": 0.22,
      "latency_ms": 205.28234004974365,
      "context_chars": 0.0
    },
    "1": {
      "n": 100,
      "em": 0.23,
      "f1": 0.33692857142857136,
      "containment": 0.27,
      "latency_ms": 206.8820858001709,
      "context_chars": 639.39
    },
    "2": {
      "n": 100,
      "em": 0.23,
      "f1": 0.327096681096681,
      "containment": 0.3,
      "latency_ms": 235.80448627471924,
      "context_chars": 1288.53
    },
    "3": {
      "n": 100,
      "em": 0.23,
      "f1": 0.3443559218559218,
      "containment": 0.32,
      "latency_ms": 243.68787050247192,
      "context_chars": 1932.9
    },
    "4": {
      "n": 100,
      "em": 0.21,
      "f1": 0.34454784104784103,
      "containment": 0.3,
      "latency_ms": 297.71156787872314,
      "context_chars": 2575.3
    },
    "5": {
      "n": 100,
      "em": 0.25,
      "f1": 0.3781911226028872,
      "containment": 0.34,
      "latency_ms": 306.7130422592163,
      "context_chars": 3218.01
    },
    "6": {
      "n": 100,
      "em": 0.23,
      "f1": 0.3520994699744699,
      "containment": 0.31,
      "latency_ms": 329.29184198379517,
      "context_chars": 3859.39
    }
  }
}