{
  "shard_index": 28,
  "shard_count": 37,
  "summary": {
    "0": {
      "n": 100,
      "em": 0.12,
      "f1": 0.23234403036576942,
      "containment": 0.19,
      "latency_ms": 300.82276582717896,
      "context_chars": 0.0
    },
    "1": {
      "n": 100,
      "em": 0.28,
      "f1": 0.381648699883994,
      "containment": 0.31,
      "latency_ms": 276.7246150970459,
      "context_chars": 644.73
    },
    "2": {
      "n": 100,
      "em": 0.32,
      "f1": 0.41889043008053906,
      "containment": 0.34,
      "latency_ms": 309.60716247558594,
      "context_chars": 1287.26
    },
    "3": {
      "n": 100,
      "em": 0.26,
      "f1": 0.3657566551805682,
      "containment": 0.35,
      "latency_ms": 326.8809771537781,
      "context_chars": 1935.54
    },
    "4": {
      "n": 100,
      "em": 0.32,
      "f1": 0.42193853560232875,
      "containment": 0.38,
      "latency_ms": 339.7400641441345,
      "context_chars": 2584.63
    },
    "5": {
      "n": 100,
      "em": 0.33,
      "f1": 0.44113605512134924,
      "containment": 0.39,
      "latency_ms": 356.8384337425232,
      "context_chars": 3229.73
    },
    "6": {
      "n": 100,
      "em": 0.34,
      "f1": 0.44188166403488977,
      "containment": 0.41,
      "latency_ms": 394.67485189437866,
      "context_chars": 3875.69
    }
  }
}