{
  "shard_index": 6,
  "shard_count": 37,
  "summary": {
    "0": {
      "n": 100,
      "em": 0.11,
      "f1": 0.1996266991266991,
      "containment": 0.13,
      "latency_ms": 263.96822452545166,
      "context_chars": 0.0
    },
    "1": {
      "n": 100,
      "em": 0.29,
      "f1": 0.4200811761338077,
      "containment": 0.39,
      "latency_ms": 217.9542350769043,
      "context_chars": 643.22
    },
    "2": {
      "n": 100,
      "em": 0.31,
      "f1": 0.4379188461422094,
      "containment": 0.42,
      "latency_ms": 244.48330879211426,
      "context_chars": 1289.93
    },
    "3": {
      "n": 100,
      "em": 0.3,
      "f1": 0.41840728335991484,
      "containment": 0.4,
      "latency_ms": 267.1767210960388,
      "context_chars": 1930.02
    },
    "4": {
      "n": 100,
      "em": 0.32,
      "f1": 0.4396260479286795,
      "containment": 0.42,
      "latency_ms": 308.0565929412842,
      "context_chars": 2580.36
    },
    "5": {
      "n": 100,
      "em": 0.31,
      "f1": 0.43212260640165295,
      "containment": 0.42,
      "latency_ms": 305.45822858810425,
      "context_chars": 3226.8
    },
    "6": {
      "n": 100,
      "em": 0.32,
      "f1": 0.4354939147110199,
      "containment": 0.4,
      "latency_ms": 336.05888843536377,
      "context_chars": 3873.23
    }
  }
}