{
  "shard_index": 11,
  "shard_count": 37,
  "summary": {
    "0": {
      "n": 100,
      "em": 0.21,
      "f1": 0.2968174603174603,
      "containment": 0.25,
      "latency_ms": 238.2649064064026,
      "context_chars": 0.0
    },
    "1": {
      "n": 100,
      "em": 0.4,
      "f1": 0.47126143790849667,
      "containment": 0.49,
      "latency_ms": 234.473774433136,
      "context_chars": 637.41
    },
    "2": {
      "n": 100,
      "em": 0.39,
      "f1": 0.4728238950591891,
      "containment": 0.5,
      "latency_ms": 254.01328563690186,
      "context_chars": 1278.04
    },
    "3": {
      "n": 100,
      "em": 0.42,
      "f1": 0.5166089988442928,
      "containment": 0.52,
      "latency_ms": 271.18242263793945,
      "context_chars": 1920.28
    },
    "4": {
      "n": 100,
      "em": 0.41,
      "f1": 0.49498201471730874,
      "containment": 0.49,
      "latency_ms": 299.85252141952515,
      "context_chars": 2559.68
    },
    "5": {
      "n": 100,
      "em": 0.38,
      "f1": 0.474081152078056,
      "containment": 0.5,
      "latency_ms": 323.0529451370239,
      "context_chars": 3205.69
    },
    "6": {
      "n": 100,
      "em": 0.37,
      "f1": 0.46915944839474244,
      "containment": 0.48,
      "latency_ms": 320.07519245147705,
      "context_chars": 3841.59
    }
  }
}