{
  "shard_index": 4,
  "shard_count": 37,
  "summary": {
    "0": {
      "n": 100,
      "em": 0.13,
      "f1": 0.21710694860694862,
      "containment": 0.21,
      "latency_ms": 292.03860998153687,
      "context_chars": 0.0
    },
    "1": {
      "n": 100,
      "em": 0.29,
      "f1": 0.35340223665223663,
      "containment": 0.33,
      "latency_ms": 223.92402172088623,
      "context_chars": 634.29
    },
    "2": {
      "n": 100,
      "em": 0.34,
      "f1": 0.4195152595942069,
      "containment": 0.4,
      "latency_ms": 268.2322883605957,
      "context_chars": 1276.48
    },
    "3": {
      "n": 100,
      "em": 0.35,
      "f1": 0.4267949798739272,
      "containment": 0.43,
      "latency_ms": 272.99856185913086,
      "context_chars": 1917.55
    },
    "4": {
      "n": 100,
      "em": 0.33,
      "f1": 0.42392795800690536,
      "containment": 0.41,
      "latency_ms": 305.291805267334,
      "context_chars": 2560.54
    },
    "5": {
      "n": 100,
      "em": 0.36,
      "f1": 0.44799700007594745,
      "containment": 0.43,
      "latency_ms": 310.7718801498413,
      "context_chars": 3204.12
    },
    "6": {
      "n": 100,
      "em": 0.35,
      "f1": 0.4385756436545909,
      "containment": 0.43,
      "latency_ms": 342.746057510376,
      "context_chars": 3844.21
    }
  }
}