{
  "shard_index": 32,
  "shard_count": 37,
  "summary": {
    "0": {
      "n": 100,
      "em": 0.13,
      "f1": 0.22812601166948987,
      "containment": 0.2,
      "latency_ms": 188.37799310684204,
      "context_chars": 0.0
    },
    "1": {
      "n": 100,
      "em": 0.27,
      "f1": 0.3972681893270128,
      "containment": 0.33,
      "latency_ms": 215.78204870224,
      "context_chars": 634.73
    },
    "2": {
      "n": 100,
      "em": 0.33,
      "f1": 0.4926136608489548,
      "containment": 0.41,
      "latency_ms": 224.3524694442749,
      "context_chars": 1278.39
    },
    "3": {
      "n": 100,
      "em": 0.32,
      "f1": 0.4581204481792715,
      "containment": 0.38,
      "latency_ms": 231.0625696182251,
      "context_chars": 1918.44
    },
    "4": {
      "n": 100,
      "em": 0.32,
      "f1": 0.46296591970121376,
      "containment": 0.41,
      "latency_ms": 268.43554735183716,
      "context_chars": 2565.2
    },
    "5": {
      "n": 100,
      "em": 0.3,
      "f1": 0.4520532212885153,
      "containment": 0.37,
      "latency_ms": 288.7287735939026,
      "context_chars": 3209.69
    },
    "6": {
      "n": 100,
      "em": 0.27,
      "f1": 0.42461725508534015,
      "containment": 0.37,
      "latency_ms": 328.33375692367554,
      "context_chars": 3849.89
    }
  }
}