{
  "shard_index": 13,
  "shard_count": 37,
  "summary": {
    "0": {
      "n": 100,
      "em": 0.1,
      "f1": 0.18687675070028015,
      "containment": 0.18,
      "latency_ms": 123.16046953201294,
      "context_chars": 0.0
    },
    "1": {
      "n": 100,
      "em": 0.15,
      "f1": 0.23440067972962708,
      "containment": 0.19,
      "latency_ms": 142.23228693008423,
      "context_chars": 633.72
    },
    "2": {
      "n": 100,
      "em": 0.21,
      "f1": 0.29572405372405375,
      "containment": 0.26,
      "latency_ms": 156.68644189834595,
      "context_chars": 1260.9
    },
    "3": {
      "n": 100,
      "em": 0.24,
      "f1": 0.32214438874965196,
      "containment": 0.29,
      "latency_ms": 186.64908409118652,
      "context_chars": 1892.21
    },
    "4": {
      "n": 100,
      "em": 0.25,
      "f1": 0.3786853886853887,
      "containment": 0.35,
      "latency_ms": 200.8674168586731,
      "context_chars": 2522.12
    },
    "5": {
      "n": 100,
      "em": 0.25,
      "f1": 0.3659742061008046,
      "containment": 0.33,
      "latency_ms": 218.78589391708374,
      "context_chars": 3156.63
    },
    "6": {
      "n": 100,
      "em": 0.3,
      "f1": 0.41321147210277637,
      "containment": 0.4,
      "latency_ms": 217.70023584365845,
      "context_chars": 3788.09
    }
  }
}