{
  "shard_index": 10,
  "shard_count": 37,
  "summary": {
    "0": {
      "n": 100,
      "em": 0.09,
      "f1": 0.13719444444444442,
      "containment": 0.09,
      "latency_ms": 149.10034656524658,
      "context_chars": 0.0
    },
    "1": {
      "n": 100,
      "em": 0.25,
      "f1": 0.296961038961039,
      "containment": 0.23,
      "latency_ms": 158.61730575561523,
      "context_chars": 631.36
    },
    "2": {
      "n": 100,
      "em": 0.28,
      "f1": 0.35469841269841274,
      "containment": 0.26,
      "latency_ms": 164.51804161071777,
      "context_chars": 1265.56
    },
    "3": {
      "n": 100,
      "em": 0.28,
      "f1": 0.3416132756132756,
      "containment": 0.26,
      "latency_ms": 190.89574575424194,
      "context_chars": 1905.0
    },
    "4": {
      "n": 100,
      "em": 0.3,
      "f1": 0.3618037518037518,
      "containment": 0.28,
      "latency_ms": 198.84819507598877,
      "context_chars": 2547.91
    },
    "5": {
      "n": 100,
      "em": 0.29,
      "f1": 0.3513217893217893,
      "containment": 0.3,
      "latency_ms": 223.31029653549194,
      "context_chars": 3183.88
    },
    "6": {
      "n": 100,
      "em": 0.27,
      "f1": 0.3398623298623298,
      "containment": 0.29,
      "latency_ms": 226.6317343711853,
      "context_chars": 3823.29
    }
  }
}