{
  "shard_index": 34,
  "shard_count": 37,
  "summary": {
    "0": {
      "n": 100,
      "em": 0.15,
      "f1": 0.20249503968253968,
      "containment": 0.19,
      "latency_ms": 106.93608045578003,
      "context_chars": 0.0
    },
    "1": {
      "n": 100,
      "em": 0.17,
      "f1": 0.23055744255744254,
      "containment": 0.2,
      "latency_ms": 108.73100280761719,
      "context_chars": 635.06
    },
    "2": {
      "n": 100,
      "em": 0.22,
      "f1": 0.2659716476334123,
      "containment": 0.24,
      "latency_ms": 120.62371969223022,
      "context_chars": 1273.51
    },
    "3": {
      "n": 100,
      "em": 0.27,
      "f1": 0.32210801126977595,
      "containment": 0.29,
      "latency_ms": 130.03424167633057,
      "context_chars": 1912.62
    },
    "4": {
      "n": 100,
      "em": 0.29,
      "f1": 0.3331502190619837,
      "containment": 0.31,
      "latency_ms": 153.4400510787964,
      "context_chars": 2552.39
    },
    "5": {
      "n": 100,
      "em": 0.33,
      "f1": 0.3810927960927961,
      "containment": 0.35,
      "latency_ms": 150.34772396087646,
      "context_chars": 3190.79
    },
    "6": {
      "n": 100,
      "em": 0.31,
      "f1": 0.3637182992446151,
      "containment": 0.34,
      "latency_ms": 166.37890577316284,
      "context_chars": 3832.86
    }
  }
}