{
  "shard_index": 26,
  "shard_count": 37,
  "summary": {
    "0": {
      "n": 100,
      "em": 0.08,
      "f1": 0.14433333333333334,
      "containment": 0.11,
      "latency_ms": 88.4773850440979,
      "context_chars": 0.0
    },
    "1": {
      "n": 100,
      "em": 0.16,
      "f1": 0.22790476190476194,
      "containment": 0.2,
      "latency_ms": 99.39115047454834,
      "context_chars": 637.61
    },
    "2": {
      "n": 100,
      "em": 0.19,
      "f1": 0.28015367965367965,
      "containment": 0.26,
      "latency_ms": 121.0296893119812,
      "context_chars": 1277.11
    },
    "3": {
      "n": 100,
      "em": 0.22,
      "f1": 0.2877668346146607,
      "containment": 0.28,
      "latency_ms": 138.191876411438,
      "context_chars": 1916.43
    },
    "4": {
      "n": 100,
      "em": 0.24,
      "f1": 0.3181339216339217,
      "containment": 0.3,
      "latency_ms": 152.5456404685974,
      "context_chars": 2556.83
    },
    "5": {
      "n": 100,
      "em": 0.24,
      "f1": 0.31400083250083255,
      "containment": 0.32,
      "latency_ms": 162.00863599777222,
      "context_chars": 3193.67
    },
    "6": {
      "n": 100,
      "em": 0.24,
      "f1": 0.317621508614496,
      "containment": 0.33,
      "latency_ms": 178.13619136810303,
      "context_chars": 3834.97
    }
  }
}