{
  "shard_index": 27,
  "shard_count": 37,
  "summary": {
    "0": {
      "n": 100,
      "em": 0.19,
      "f1": 0.2292308802308802,
      "containment": 0.2,
      "latency_ms": 92.18658924102783,
      "context_chars": 0.0
    },
    "1": {
      "n": 100,
      "em": 0.23,
      "f1": 0.28698412698412695,
      "containment": 0.25,
      "latency_ms": 112.82769441604614,
      "context_chars": 624.56
    },
    "2": {
      "n": 100,
      "em": 0.26,
      "f1": 0.3420743145743146,
      "containment": 0.3,
      "latency_ms": 123.35200071334839,
      "context_chars": 1256.45
    },
    "3": {
      "n": 100,
      "em": 0.25,
      "f1": 0.3427886002886003,
      "containment": 0.3,
      "latency_ms": 145.78340530395508,
      "context_chars": 1884.39
    },
    "4": {
      "n": 100,
      "em": 0.25,
      "f1": 0.3335647653000594,
      "containment": 0.29,
      "latency_ms": 150.50618410110474,
      "context_chars": 2520.69
    },
    "5": {
      "n": 100,
      "em": 0.32,
      "f1": 0.3990957898310839,
      "containment": 0.36,
      "latency_ms": 174.331374168396,
      "context_chars": 3148.56
    },
    "6": {
      "n": 100,
      "em": 0.32,
      "f1": 0.4130243612596553,
      "containment": 0.38,
      "latency_ms": 178.4169602394104,
      "context_chars": 3775.45
    }
  }
}