{
  "shard_index": 3,
  "shard_count": 37,
  "summary": {
    "0": {
      "n": 100,
      "em": 0.09,
      "f1": 0.1263181818181818,
      "containment": 0.12,
      "latency_ms": 132.78449058532715,
      "context_chars": 0.0
    },
    "1": {
      "n": 100,
      "em": 0.17,
      "f1": 0.2547142857142857,
      "containment": 0.24,
      "latency_ms": 143.2535433769226,
      "context_chars": 634.86
    },
    "2": {
      "n": 100,
      "em": 0.24,
      "f1": 0.3278809523809524,
      "containment": 0.3,
      "latency_ms": 156.88310146331787,
      "context_chars": 1278.44
    },
    "3": {
      "n": 100,
      "em": 0.24,
      "f1": 0.3506455026455027,
      "containment": 0.3,
      "latency_ms": 184.5145034790039,
      "context_chars": 1915.47
    },
    "4": {
      "n": 100,
      "em": 0.27,
      "f1": 0.3607527472527473,
      "containment": 0.32,
      "latency_ms": 184.15038108825684,
      "context_chars": 2552.87
    },
    "5": {
      "n": 100,
      "em": 0.28,
      "f1": 0.36141666666666666,
      "containment": 0.34,
      "latency_ms": 192.46773481369019,
      "context_chars": 3185.61
    },
    "6": {
      "n": 100,
      "em": 0.3,
      "f1": 0.3855768213268213,
      "containment": 0.36,
      "latency_ms": 206.5287685394287,
      "context_chars": 3822.01
    }
  }
}