{
  "shard_index": 23,
  "shard_count": 37,
  "summary": {
    "0": {
      "n": 100,
      "em": 0.2,
      "f1": 0.28226190476190477,
      "containment": 0.2,
      "latency_ms": 78.86345148086548,
      "context_chars": 0.0
    },
    "1": {
      "n": 100,
      "em": 0.2,
      "f1": 0.28507703081232494,
      "containment": 0.25,
      "latency_ms": 90.78729391098022,
      "context_chars": 638.54
    },
    "2": {
      "n": 100,
      "em": 0.23,
      "f1": 0.33278754578754577,
      "containment": 0.32,
      "latency_ms": 110.6685733795166,
      "context_chars": 1284.26
    },
    "3": {
      "n": 100,
      "em": 0.25,
      "f1": 0.36425396825396833,
      "containment": 0.36,
      "latency_ms": 123.48654270172119,
      "context_chars": 1925.99
    },
    "4": {
      "n": 100,
      "em": 0.24,
      "f1": 0.36275793650793653,
      "containment": 0.34,
      "latency_ms": 146.0247039794922,
      "context_chars": 2562.98
    },
    "5": {
      "n": 100,
      "em": 0.25,
      "f1": 0.36357936507936517,
      "containment": 0.36,
      "latency_ms": 145.015549659729,
      "context_chars": 3201.39
    },
    "6": {
      "n": 100,
      "em": 0.27,
      "f1": 0.3798412698412698,
      "containment": 0.38,
      "latency_ms": 145.96653699874878,
      "context_chars": 3843.59
    }
  }
}