{
  "shard_index": 29,
  "shard_count": 37,
  "summary": {
    "0": {
      "n": 100,
      "em": 0.1,
      "f1": 0.17659208859676148,
      "containment": 0.16,
      "latency_ms": 123.28733205795288,
      "context_chars": 0.0
    },
    "1": {
      "n": 100,
      "em": 0.14,
      "f1": 0.20144444444444443,
      "containment": 0.19,
      "latency_ms": 108.00636768341064,
      "context_chars": 641.65
    },
    "2": {
      "n": 100,
      "em": 0.18,
      "f1": 0.235235171261487,
      "containment": 0.23,
      "latency_ms": 125.3986406326294,
      "context_chars": 1282.29
    },
    "3": {
      "n": 100,
      "em": 0.17,
      "f1": 0.2597063492063492,
      "containment": 0.25,
      "latency_ms": 133.74174118041992,
      "context_chars": 1928.3
    },
    "4": {
      "n": 100,
      "em": 0.2,
      "f1": 0.26756349206349206,
      "containment": 0.24,
      "latency_ms": 138.75941276550293,
      "context_chars": 2568.37
    },
    "5": {
      "n": 100,
      "em": 0.21,
      "f1": 0.29327669552669555,
      "containment": 0.28,
      "latency_ms": 169.25132751464844,
      "context_chars": 3209.28
    },
    "6": {
      "n": 100,
      "em": 0.23,
      "f1": 0.3036279178338002,
      "containment": 0.28,
      "latency_ms": 177.2402262687683,
      "context_chars": 3849.65
    }
  }
}