{
  "shard_index": 9,
  "shard_count": 37,
  "summary": {
    "0": {
      "n": 100,
      "em": 0.16,
      "f1": 0.2220067155067155,
      "containment": 0.18,
      "latency_ms": 186.2535524368286,
      "context_chars": 0.0
    },
    "1": {
      "n": 100,
      "em": 0.2,
      "f1": 0.28700427350427354,
      "containment": 0.25,
      "latency_ms": 170.0306510925293,
      "context_chars": 637.13
    },
    "2": {
      "n": 100,
      "em": 0.18,
      "f1": 0.2585203588681849,
      "containment": 0.24,
      "latency_ms": 187.9234528541565,
      "context_chars": 1276.56
    },
    "3": {
      "n": 100,
      "em": 0.23,
      "f1": 0.313568192094429,
      "containment": 0.28,
      "latency_ms": 202.2753620147705,
      "context_chars": 1915.03
    },
    "4": {
      "n": 100,
      "em": 0.25,
      "f1": 0.3393669663669664,
      "containment": 0.29,
      "latency_ms": 235.02810955047607,
      "context_chars": 2547.96
    },
    "5": {
      "n": 100,
      "em": 0.27,
      "f1": 0.3443982683982684,
      "containment": 0.3,
      "latency_ms": 232.79698133468628,
      "context_chars": 3180.16
    },
    "6": {
      "n": 100,
      "em": 0.29,
      "f1": 0.36595155993431866,
      "containment": 0.3,
      "latency_ms": 245.440833568573,
      "context_chars": 3819.25
    }
  }
}