{
  "shard_index": 12,
  "shard_count": 37,
  "summary": {
    "0": {
      "n": 100,
      "em": 0.11,
      "f1": 0.1759444444444444,
      "containment": 0.16,
      "latency_ms": 107.44088649749756,
      "context_chars": 0.0
    },
    "1": {
      "n": 100,
      "em": 0.21,
      "f1": 0.27459523809523817,
      "containment": 0.23,
      "latency_ms": 127.76025533676147,
      "context_chars": 631.35
    },
    "2": {
      "n": 100,
      "em": 0.21,
      "f1": 0.3024042624042625,
      "containment": 0.27,
      "latency_ms": 142.65886306762695,
      "context_chars": 1264.45
    },
    "3": {
      "n": 100,
      "em": 0.24,
      "f1": 0.32583405483405486,
      "containment": 0.3,
      "latency_ms": 153.89666557312012,
      "context_chars": 1898.62
    },
    "4": {
      "n": 100,
      "em": 0.27,
      "f1": 0.33849206349206346,
      "containment": 0.3,
      "latency_ms": 155.4459023475647,
      "context_chars": 2531.78
    },
    "5": {
      "n": 100,
      "em": 0.27,
      "f1": 0.360938596491228,
      "containment": 0.35,
      "latency_ms": 167.79874801635742,
      "context_chars": 3171.76
    },
    "6": {
      "n": 100,
      "em": 0.3,
      "f1": 0.37649206349206343,
      "containment": 0.33,
      "latency_ms": 178.0977988243103,
      "context_chars": 3802.32
    }
  }
}