{
  "shard_index": 14,
  "shard_count": 37,
  "summary": {
    "0": {
      "n": 100,
      "em": 0.14,
      "f1": 0.2036507936507936,
      "containment": 0.15,
      "latency_ms": 103.7011194229126,
      "context_chars": 0.0
    },
    "1": {
      "n": 100,
      "em": 0.15,
      "f1": 0.2358735930735931,
      "containment": 0.19,
      "latency_ms": 141.374671459198,
      "context_chars": 636.45
    },
    "2": {
      "n": 100,
      "em": 0.2,
      "f1": 0.26395612810128943,
      "containment": 0.23,
      "latency_ms": 158.45250844955444,
      "context_chars": 1273.98
    },
    "3": {
      "n": 100,
      "em": 0.22,
      "f1": 0.3143095238095238,
      "containment": 0.25,
      "latency_ms": 161.8017292022705,
      "context_chars": 1915.55
    },
    "4": {
      "n": 100,
      "em": 0.26,
      "f1": 0.34266875522138673,
      "containment": 0.28,
      "latency_ms": 184.28178071975708,
      "context_chars": 2548.88
    },
    "5": {
      "n": 100,
      "em": 0.27,
      "f1": 0.35171026926290083,
      "containment": 0.29,
      "latency_ms": 188.44356060028076,
      "context_chars": 3189.87
    },
    "6": {
      "n": 100,
      "em": 0.27,
      "f1": 0.3563650793650794,
      "containment": 0.31,
      "latency_ms": 190.82290887832642,
      "context_chars": 3821.16
    }
  }
}