{
  "shard_index": 24,
  "shard_count": 37,
  "summary": {
    "0": {
      "n": 100,
      "em": 0.08,
      "f1": 0.12755555555555553,
      "containment": 0.12,
      "latency_ms": 75.04450798034668,
      "context_chars": 0.0
    },
    "1": {
      "n": 100,
      "em": 0.18,
      "f1": 0.22821645021645018,
      "containment": 0.23,
      "latency_ms": 88.78850936889648,
      "context_chars": 634.3
    },
    "2": {
      "n": 100,
      "em": 0.21,
      "f1": 0.2605833333333333,
      "containment": 0.25,
      "latency_ms": 103.68846416473389,
      "context_chars": 1276.6
    },
    "3": {
      "n": 100,
      "em": 0.2,
      "f1": 0.2825689655172414,
      "containment": 0.28,
      "latency_ms": 114.82936382293701,
      "context_chars": 1914.73
    },
    "4": {
      "n": 100,
      "em": 0.2,
      "f1": 0.3004642857142857,
      "containment": 0.29,
      "latency_ms": 121.3103175163269,
      "context_chars": 2556.9
    },
    "5": {
      "n": 100,
      "em": 0.19,
      "f1": 0.293568508068508,
      "containment": 0.3,
      "latency_ms": 146.53600931167603,
      "context_chars": 3198.57
    },
    "6": {
      "n": 100,
      "em": 0.21,
      "f1": 0.3094039849039849,
      "containment": 0.32,
      "latency_ms": 150.31497240066528,
      "context_chars": 3842.98
    }
  }
}