{
  "shard_index": 17,
  "shard_count": 37,
  "summary": {
    "0": {
      "n": 100,
      "em": 0.12,
      "f1": 0.18128830779925673,
      "containment": 0.15,
      "latency_ms": 145.5419373512268,
      "context_chars": 0.0
    },
    "1": {
      "n": 100,
      "em": 0.19,
      "f1": 0.2495,
      "containment": 0.19,
      "latency_ms": 92.32002019882202,
      "context_chars": 634.95
    },
    "2": {
      "n": 100,
      "em": 0.22,
      "f1": 0.28486438082989807,
      "containment": 0.26,
      "latency_ms": 107.50062465667725,
      "context_chars": 1277.33
    },
    "3": {
      "n": 100,
      "em": 0.22,
      "f1": 0.2803479201957462,
      "containment": 0.24,
      "latency_ms": 126.92610740661621,
      "context_chars": 1915.88
    },
    "4": {
      "n": 100,
      "em": 0.27,
      "f1": 0.339618288144604,
      "containment": 0.28,
      "latency_ms": 131.04698657989502,
      "context_chars": 2548.45
    },
    "5": {
      "n": 100,
      "em": 0.28,
      "f1": 0.3448936988936988,
      "containment": 0.3,
      "latency_ms": 154.2594289779663,
      "context_chars": 3189.33
    },
    "6": {
      "n": 100,
      "em": 0.32,
      "f1": 0.39503389761701785,
      "containment": 0.34,
      "latency_ms": 171.7427897453308,
      "context_chars": 3833.51
    }
  }
}