{
  "shard_index": 1,
  "shard_count": 37,
  "summary": {
    "0": {
      "n": 100,
      "em": 0.06,
      "f1": 0.11729914529914529,
      "containment": 0.07,
      "latency_ms": 146.04097604751587,
      "context_chars": 0.0
    },
    "1": {
      "n": 100,
      "em": 0.22,
      "f1": 0.29401406926406926,
      "containment": 0.29,
      "latency_ms": 176.2298321723938,
      "context_chars": 631.28
    },
    "2": {
      "n": 100,
      "em": 0.23,
      "f1": 0.30881565656565657,
      "containment": 0.3,
      "latency_ms": 183.94738912582397,
      "context_chars": 1267.17
    },
    "3": {
      "n": 100,
      "em": 0.25,
      "f1": 0.34841883116883116,
      "containment": 0.33,
      "latency_ms": 192.28687524795532,
      "context_chars": 1897.97
    },
    "4": {
      "n": 100,
      "em": 0.26,
      "f1": 0.35739319014319015,
      "containment": 0.34,
      "latency_ms": 235.80332279205322,
      "context_chars": 2531.62
    },
    "5": {
      "n": 100,
      "em": 0.24,
      "f1": 0.33296168831168826,
      "containment": 0.32,
      "latency_ms": 235.55359363555908,
      "context_chars": 3164.11
    },
    "6": {
      "n": 100,
      "em": 0.26,
      "f1": 0.3716222943722943,
      "containment": 0.36,
      "latency_ms": 226.4929175376892,
      "context_chars": 3800.19
    }
  }
}