{
  "shard_index": 25,
  "shard_count": 37,
  "summary": {
    "0": {
      "n": 100,
      "em": 0.17,
      "f1": 0.23088239538239538,
      "containment": 0.21,
      "latency_ms": 93.99452686309814,
      "context_chars": 0.0
    },
    "1": {
      "n": 100,
      "em": 0.33,
      "f1": 0.3860558397271953,
      "containment": 0.38,
      "latency_ms": 103.95442724227905,
      "context_chars": 638.38
    },
    "2": {
      "n": 100,
      "em": 0.37,
      "f1": 0.43617563837129053,
      "containment": 0.46,
      "latency_ms": 115.29094934463501,
      "context_chars": 1279.4
    },
    "3": {
      "n": 100,
      "em": 0.37,
      "f1": 0.4374018759018759,
      "containment": 0.46,
      "latency_ms": 127.39849090576172,
      "context_chars": 1923.19
    },
    "4": {
      "n": 100,
      "em": 0.36,
      "f1": 0.4377626262626262,
      "containment": 0.45,
      "latency_ms": 140.1259970664978,
      "context_chars": 2554.09
    },
    "5": {
      "n": 100,
      "em": 0.32,
      "f1": 0.4046971916971917,
      "containment": 0.43,
      "latency_ms": 149.22765731811523,
      "context_chars": 3194.17
    },
    "6": {
      "n": 100,
      "em": 0.35,
      "f1": 0.4146349206349207,
      "containment": 0.45,
      "latency_ms": 172.00994968414307,
      "context_chars": 3835.07
    }
  }
}