{
  "shard_index": 16,
  "shard_count": 37,
  "summary": {
    "0": {
      "n": 100,
      "em": 0.12,
      "f1": 0.18068092691622106,
      "containment": 0.17,
      "latency_ms": 110.87933301925659,
      "context_chars": 0.0
    },
    "1": {
      "n": 100,
      "em": 0.2,
      "f1": 0.268448051948052,
      "containment": 0.22,
      "latency_ms": 91.80390119552612,
      "context_chars": 626.5
    },
    "2": {
      "n": 100,
      "em": 0.21,
      "f1": 0.2924431287666581,
      "containment": 0.26,
      "latency_ms": 107.18462705612183,
      "context_chars": 1259.61
    },
    "3": {
      "n": 100,
      "em": 0.23,
      "f1": 0.3152209065444359,
      "containment": 0.28,
      "latency_ms": 121.3227391242981,
      "context_chars": 1895.21
    },
    "4": {
      "n": 100,
      "em": 0.23,
      "f1": 0.32392076224429167,
      "containment": 0.29,
      "latency_ms": 133.28420877456665,
      "context_chars": 2532.2
    },
    "5": {
      "n": 100,
      "em": 0.23,
      "f1": 0.3300907959143252,
      "containment": 0.3,
      "latency_ms": 149.00217533111572,
      "context_chars": 3169.53
    },
    "6": {
      "n": 100,
      "em": 0.28,
      "f1": 0.3709623687858982,
      "containment": 0.34,
      "latency_ms": 151.77404880523682,
      "context_chars": 3805.52
    }
  }
}