{
  "shard_index": 32,
  "shard_count": 37,
  "summary": {
    "0": {
      "n": 100,
      "em": 0.11,
      "f1": 0.18594071146245061,
      "containment": 0.16,
      "latency_ms": 109.43840026855469,
      "context_chars": 0.0
    },
    "1": {
      "n": 100,
      "em": 0.14,
      "f1": 0.212928774928775,
      "containment": 0.16,
      "latency_ms": 115.58854103088379,
      "context_chars": 629.56
    },
    "2": {
      "n": 100,
      "em": 0.15,
      "f1": 0.23346783625730996,
      "containment": 0.17,
      "latency_ms": 124.9408483505249,
      "context_chars": 1258.44
    },
    "3": {
      "n": 100,
      "em": 0.16,
      "f1": 0.2935789473684211,
      "containment": 0.21,
      "latency_ms": 137.87137985229492,
      "context_chars": 1886.74
    },
    "4": {
      "n": 100,
      "em": 0.19,
      "f1": 0.3193148781043518,
      "containment": 0.25,
      "latency_ms": 165.38828372955322,
      "context_chars": 2516.72
    },
    "5": {
      "n": 100,
      "em": 0.19,
      "f1": 0.30119047619047623,
      "containment": 0.24,
      "latency_ms": 174.91740703582764,
      "context_chars": 3151.7
    },
    "6": {
      "n": 100,
      "em": 0.19,
      "f1": 0.3193230625583567,
      "containment": 0.25,
      "latency_ms": 181.2253999710083,
      "context_chars": 3791.35
    }
  }
}