{
  "shard_index": 33,
  "shard_count": 37,
  "summary": {
    "0": {
      "n": 100,
      "em": 0.1,
      "f1": 0.15845454545454543,
      "containment": 0.1,
      "latency_ms": 103.927481174469,
      "context_chars": 0.0
    },
    "1": {
      "n": 100,
      "em": 0.24,
      "f1": 0.2896755793226381,
      "containment": 0.23,
      "latency_ms": 106.81925773620605,
      "context_chars": 628.02
    },
    "2": {
      "n": 100,
      "em": 0.22,
      "f1": 0.2698360267183796,
      "containment": 0.23,
      "latency_ms": 129.115309715271,
      "context_chars": 1261.83
    },
    "3": {
      "n": 100,
      "em": 0.19,
      "f1": 0.27251540616246495,
      "containment": 0.25,
      "latency_ms": 140.75592756271362,
      "context_chars": 1898.51
    },
    "4": {
      "n": 100,
      "em": 0.24,
      "f1": 0.3208067226890756,
      "containment": 0.27,
      "latency_ms": 147.54096746444702,
      "context_chars": 2533.01
    },
    "5": {
      "n": 100,
      "em": 0.23,
      "f1": 0.32543417366946775,
      "containment": 0.28,
      "latency_ms": 159.02718782424927,
      "context_chars": 3171.73
    },
    "6": {
      "n": 100,
      "em": 0.24,
      "f1": 0.33073559236895256,
      "containment": 0.28,
      "latency_ms": 189.15597200393677,
      "context_chars": 3807.79
    }
  }
}