{
  "shard_index": 21,
  "shard_count": 37,
  "summary": {
    "0": {
      "n": 100,
      "em": 0.1,
      "f1": 0.15979072681704262,
      "containment": 0.15,
      "latency_ms": 85.0019884109497,
      "context_chars": 0.0
    },
    "1": {
      "n": 100,
      "em": 0.16,
      "f1": 0.18057936507936506,
      "containment": 0.15,
      "latency_ms": 88.5963249206543,
      "context_chars": 626.93
    },
    "2": {
      "n": 100,
      "em": 0.23,
      "f1": 0.276484126984127,
      "containment": 0.23,
      "latency_ms": 98.45154523849487,
      "context_chars": 1252.79
    },
    "3": {
      "n": 100,
      "em": 0.26,
      "f1": 0.30984126984126986,
      "containment": 0.28,
      "latency_ms": 112.23468065261841,
      "context_chars": 1882.77
    },
    "4": {
      "n": 100,
      "em": 0.26,
      "f1": 0.3153205683205683,
      "containment": 0.3,
      "latency_ms": 122.53237247467041,
      "context_chars": 2515.33
    },
    "5": {
      "n": 100,
      "em": 0.25,
      "f1": 0.31212698412698414,
      "containment": 0.29,
      "latency_ms": 137.7377152442932,
      "context_chars": 3138.03
    },
    "6": {
      "n": 100,
      "em": 0.25,
      "f1": 0.32688095238095244,
      "containment": 0.3,
      "latency_ms": 151.9597887992859,
      "context_chars": 3769.43
    }
  }
}