{
  "shard_index": 19,
  "shard_count": 37,
  "summary": {
    "0": {
      "n": 100,
      "em": 0.08,
      "f1": 0.16066761016761014,
      "containment": 0.15,
      "latency_ms": 125.98087787628174,
      "context_chars": 0.0
    },
    "1": {
      "n": 100,
      "em": 0.12,
      "f1": 0.19176205167381638,
      "containment": 0.16,
      "latency_ms": 94.37043905258179,
      "context_chars": 630.03
    },
    "2": {
      "n": 100,
      "em": 0.14,
      "f1": 0.2217688226805874,
      "containment": 0.21,
      "latency_ms": 108.34897994995117,
      "context_chars": 1264.43
    },
    "3": {
      "n": 100,
      "em": 0.18,
      "f1": 0.2648780663780664,
      "containment": 0.24,
      "latency_ms": 119.62015628814697,
      "context_chars": 1895.46
    },
    "4": {
      "n": 100,
      "em": 0.22,
      "f1": 0.30298412698412697,
      "containment": 0.28,
      "latency_ms": 126.39740705490112,
      "context_chars": 2520.01
    },
    "5": {
      "n": 100,
      "em": 0.21,
      "f1": 0.30007329598506066,
      "containment": 0.3,
      "latency_ms": 140.96299409866333,
      "context_chars": 3152.79
    },
    "6": {
      "n": 100,
      "em": 0.21,
      "f1": 0.30204365079365075,
      "containment": 0.28,
      "latency_ms": 147.29167699813843,
      "context_chars": 3785.07
    }
  }
}