{
  "shard_index": 7,
  "shard_count": 37,
  "summary": {
    "0": {
      "n": 100,
      "em": 0.12,
      "f1": 0.18867057942057944,
      "containment": 0.17,
      "latency_ms": 156.13473892211914,
      "context_chars": 0.0
    },
    "1": {
      "n": 100,
      "em": 0.16,
      "f1": 0.2375872460872461,
      "containment": 0.21,
      "latency_ms": 153.57143640518188,
      "context_chars": 634.26
    },
    "2": {
      "n": 100,
      "em": 0.19,
      "f1": 0.261000666000666,
      "containment": 0.21,
      "latency_ms": 185.65380334854126,
      "context_chars": 1275.28
    },
    "3": {
      "n": 100,
      "em": 0.21,
      "f1": 0.27857575757575764,
      "containment": 0.25,
      "latency_ms": 197.59784936904907,
      "context_chars": 1913.14
    },
    "4": {
      "n": 100,
      "em": 0.22,
      "f1": 0.2964887612387612,
      "containment": 0.24,
      "latency_ms": 208.50899934768677,
      "context_chars": 2549.11
    },
    "5": {
      "n": 100,
      "em": 0.2,
      "f1": 0.27945182595182594,
      "containment": 0.24,
      "latency_ms": 243.36618661880493,
      "context_chars": 3184.93
    },
    "6": {
      "n": 100,
      "em": 0.25,
      "f1": 0.33157808857808857,
      "containment": 0.27,
      "latency_ms": 232.57126331329346,
      "context_chars": 3821.91
    }
  }
}