{
  "shard_index": 4,
  "shard_count": 37,
  "summary": {
    "0": {
      "n": 100,
      "em": 0.11,
      "f1": 0.17244028194028194,
      "containment": 0.17,
      "latency_ms": 245.26866912841797,
      "context_chars": 0.0
    },
    "1": {
      "n": 100,
      "em": 0.16,
      "f1": 0.20969552669552674,
      "containment": 0.18,
      "latency_ms": 178.04752826690674,
      "context_chars": 636.73
    },
    "2": {
      "n": 100,
      "em": 0.16,
      "f1": 0.205827485380117,
      "containment": 0.2,
      "latency_ms": 188.9518165588379,
      "context_chars": 1274.39
    },
    "3": {
      "n": 100,
      "em": 0.2,
      "f1": 0.2664385964912281,
      "containment": 0.27,
      "latency_ms": 216.1422300338745,
      "context_chars": 1912.45
    },
    "4": {
      "n": 100,
      "em": 0.24,
      "f1": 0.3016534897850688,
      "containment": 0.32,
      "latency_ms": 222.66502857208252,
      "context_chars": 2545.55
    },
    "5": {
      "n": 100,
      "em": 0.26,
      "f1": 0.33443119333367016,
      "containment": 0.35,
      "latency_ms": 225.47754764556885,
      "context_chars": 3177.58
    },
    "6": {
      "n": 100,
      "em": 0.29,
      "f1": 0.37230998121245806,
      "containment": 0.38,
      "latency_ms": 246.41561269760132,
      "context_chars": 3809.52
    }
  }
}