{
  "shard_index": 18,
  "shard_count": 37,
  "summary": {
    "0": {
      "n": 100,
      "em": 0.11,
      "f1": 0.19363852813852817,
      "containment": 0.16,
      "latency_ms": 80.53685665130615,
      "context_chars": 0.0
    },
    "1": {
      "n": 100,
      "em": 0.24,
      "f1": 0.3476438006438006,
      "containment": 0.27,
      "latency_ms": 91.09569549560547,
      "context_chars": 636.3
    },
    "2": {
      "n": 100,
      "em": 0.24,
      "f1": 0.3476102756892231,
      "containment": 0.29,
      "latency_ms": 101.49420738220215,
      "context_chars": 1276.04
    },
    "3": {
      "n": 100,
      "em": 0.23,
      "f1": 0.34807301587301587,
      "containment": 0.29,
      "latency_ms": 118.77108097076416,
      "context_chars": 1916.02
    },
    "4": {
      "n": 100,
      "em": 0.24,
      "f1": 0.35770481209611643,
      "containment": 0.29,
      "latency_ms": 128.59333276748657,
      "context_chars": 2559.08
    },
    "5": {
      "n": 100,
      "em": 0.3,
      "f1": 0.4077979797979797,
      "containment": 0.36,
      "latency_ms": 140.6272554397583,
      "context_chars": 3198.02
    },
    "6": {
      "n": 100,
      "em": 0.3,
      "f1": 0.4154090909090909,
      "containment": 0.36,
      "latency_ms": 155.80865859985352,
      "context_chars": 3835.08
    }
  }
}