{
  "shard_index": 2,
  "shard_count": 37,
  "summary": {
    "0": {
      "n": 100,
      "em": 0.09,
      "f1": 0.15387698412698414,
      "containment": 0.14,
      "latency_ms": 168.2389497756958,
      "context_chars": 0.0
    },
    "1": {
      "n": 100,
      "em": 0.15,
      "f1": 0.21869913419913423,
      "containment": 0.22,
      "latency_ms": 164.3891406059265,
      "context_chars": 630.57
    },
    "2": {
      "n": 100,
      "em": 0.18,
      "f1": 0.2475909090909091,
      "containment": 0.25,
      "latency_ms": 186.89456462860107,
      "context_chars": 1261.57
    },
    "3": {
      "n": 100,
      "em": 0.17,
      "f1": 0.24777039627039632,
      "containment": 0.25,
      "latency_ms": 204.06612634658813,
      "context_chars": 1881.3
    },
    "4": {
      "n": 100,
      "em": 0.19,
      "f1": 0.2748225108225109,
      "containment": 0.28,
      "latency_ms": 204.06111478805542,
      "context_chars": 2513.41
    },
    "5": {
      "n": 100,
      "em": 0.19,
      "f1": 0.2815662245555863,
      "containment": 0.31,
      "latency_ms": 232.8429627418518,
      "context_chars": 3147.47
    },
    "6": {
      "n": 100,
      "em": 0.2,
      "f1": 0.29147402597402594,
      "containment": 0.32,
      "latency_ms": 228.52450370788574,
      "context_chars": 3773.05
    }
  }
}