{
  "shard_index": 31,
  "shard_count": 37,
  "summary": {
    "0": {
      "n": 100,
      "em": 0.12,
      "f1": 0.1744481792717087,
      "containment": 0.14,
      "latency_ms": 132.28667736053467,
      "context_chars": 0.0
    },
    "1": {
      "n": 100,
      "em": 0.22,
      "f1": 0.32292857142857145,
      "containment": 0.23,
      "latency_ms": 121.71449422836304,
      "context_chars": 632.73
    },
    "2": {
      "n": 100,
      "em": 0.26,
      "f1": 0.36421855921855917,
      "containment": 0.28,
      "latency_ms": 128.459734916687,
      "context_chars": 1273.56
    },
    "3": {
      "n": 100,
      "em": 0.27,
      "f1": 0.3590518925518925,
      "containment": 0.29,
      "latency_ms": 147.098970413208,
      "context_chars": 1914.08
    },
    "4": {
      "n": 100,
      "em": 0.24,
      "f1": 0.33907936507936504,
      "containment": 0.28,
      "latency_ms": 158.2926607131958,
      "context_chars": 2551.78
    },
    "5": {
      "n": 100,
      "em": 0.25,
      "f1": 0.3459908424908425,
      "containment": 0.31,
      "latency_ms": 172.97446966171265,
      "context_chars": 3182.72
    },
    "6": {
      "n": 100,
      "em": 0.25,
      "f1": 0.35076190476190483,
      "containment": 0.3,
      "latency_ms": 174.94590044021606,
      "context_chars": 3818.84
    }
  }
}