{
  "shard_index": 20,
  "shard_count": 37,
  "summary": {
    "0": {
      "n": 100,
      "em": 0.15,
      "f1": 0.19649999999999998,
      "containment": 0.17,
      "latency_ms": 77.91079044342041,
      "context_chars": 0.0
    },
    "1": {
      "n": 100,
      "em": 0.21,
      "f1": 0.2809097744360902,
      "containment": 0.23,
      "latency_ms": 93.99668455123901,
      "context_chars": 633.69
    },
    "2": {
      "n": 100,
      "em": 0.23,
      "f1": 0.2936637426900584,
      "containment": 0.23,
      "latency_ms": 101.33920907974243,
      "context_chars": 1265.88
    },
    "3": {
      "n": 100,
      "em": 0.23,
      "f1": 0.27920057720057717,
      "containment": 0.23,
      "latency_ms": 117.44537830352783,
      "context_chars": 1905.74
    },
    "4": {
      "n": 100,
      "em": 0.25,
      "f1": 0.309079365079365,
      "containment": 0.27,
      "latency_ms": 133.65543365478516,
      "context_chars": 2543.28
    },
    "5": {
      "n": 100,
      "em": 0.27,
      "f1": 0.3154190343500688,
      "containment": 0.27,
      "latency_ms": 145.41109085083008,
      "context_chars": 3172.34
    },
    "6": {
      "n": 100,
      "em": 0.29,
      "f1": 0.3573815163125509,
      "containment": 0.32,
      "latency_ms": 152.35598802566528,
      "context_chars": 3814.43
    }
  }
}