{
  "shard_index": 35,
  "shard_count": 37,
  "summary": {
    "0": {
      "n": 100,
      "em": 0.14,
      "f1": 0.19661624649859946,
      "containment": 0.17,
      "latency_ms": 117.76856422424316,
      "context_chars": 0.0
    },
    "1": {
      "n": 100,
      "em": 0.17,
      "f1": 0.22384199134199137,
      "containment": 0.19,
      "latency_ms": 104.68809604644775,
      "context_chars": 640.1
    },
    "2": {
      "n": 100,
      "em": 0.2,
      "f1": 0.2535227272727273,
      "containment": 0.22,
      "latency_ms": 128.09271574020386,
      "context_chars": 1277.49
    },
    "3": {
      "n": 100,
      "em": 0.25,
      "f1": 0.300689393939394,
      "containment": 0.26,
      "latency_ms": 142.49842882156372,
      "context_chars": 1917.41
    },
    "4": {
      "n": 100,
      "em": 0.24,
      "f1": 0.30170767828662565,
      "containment": 0.26,
      "latency_ms": 157.58150100708008,
      "context_chars": 2563.81
    },
    "5": {
      "n": 100,
      "em": 0.25,
      "f1": 0.32174891774891784,
      "containment": 0.28,
      "latency_ms": 189.84527587890625,
      "context_chars": 3200.5
    },
    "6": {
      "n": 100,
      "em": 0.26,
      "f1": 0.3401192881192882,
      "containment": 0.3,
      "latency_ms": 204.22613859176636,
      "context_chars": 3843.17
    }
  }
}