{
  "shard_index": 22,
  "shard_count": 37,
  "summary": {
    "0": {
      "n": 100,
      "em": 0.12,
      "f1": 0.1576445922498554,
      "containment": 0.17,
      "latency_ms": 139.65681076049805,
      "context_chars": 0.0
    },
    "1": {
      "n": 100,
      "em": 0.18,
      "f1": 0.23956417167737926,
      "containment": 0.22,
      "latency_ms": 109.16425228118896,
      "context_chars": 636.05
    },
    "2": {
      "n": 100,
      "em": 0.23,
      "f1": 0.2868058608058608,
      "containment": 0.29,
      "latency_ms": 99.90073919296265,
      "context_chars": 1281.05
    },
    "3": {
      "n": 100,
      "em": 0.26,
      "f1": 0.31399633699633706,
      "containment": 0.3,
      "latency_ms": 113.48257064819336,
      "context_chars": 1916.82
    },
    "4": {
      "n": 100,
      "em": 0.26,
      "f1": 0.316058608058608,
      "containment": 0.31,
      "latency_ms": 121.61659240722656,
      "context_chars": 2555.91
    },
    "5": {
      "n": 100,
      "em": 0.26,
      "f1": 0.32352014652014655,
      "containment": 0.31,
      "latency_ms": 145.06152153015137,
      "context_chars": 3191.41
    },
    "6": {
      "n": 100,
      "em": 0.25,
      "f1": 0.3226968382494698,
      "containment": 0.31,
      "latency_ms": 151.40191555023193,
      "context_chars": 3829.3
    }
  }
}