{
  "shard_index": 11,
  "shard_count": 37,
  "summary": {
    "0": {
      "n": 100,
      "em": 0.16,
      "f1": 0.21287301587301585,
      "containment": 0.18,
      "latency_ms": 118.19243907928467,
      "context_chars": 0.0
    },
    "1": {
      "n": 100,
      "em": 0.2,
      "f1": 0.27337254901960784,
      "containment": 0.23,
      "latency_ms": 136.95242404937744,
      "context_chars": 628.3
    },
    "2": {
      "n": 100,
      "em": 0.23,
      "f1": 0.3123598506069094,
      "containment": 0.3,
      "latency_ms": 175.4512071609497,
      "context_chars": 1259.31
    },
    "3": {
      "n": 100,
      "em": 0.27,
      "f1": 0.35029005390034795,
      "containment": 0.31,
      "latency_ms": 187.61757135391235,
      "context_chars": 1894.37
    },
    "4": {
      "n": 100,
      "em": 0.26,
      "f1": 0.3453866656219598,
      "containment": 0.34,
      "latency_ms": 184.7075057029724,
      "context_chars": 2525.18
    },
    "5": {
      "n": 100,
      "em": 0.31,
      "f1": 0.39539275103980986,
      "containment": 0.38,
      "latency_ms": 196.28427505493164,
      "context_chars": 3156.96
    },
    "6": {
      "n": 100,
      "em": 0.31,
      "f1": 0.38697841864018334,
      "containment": 0.38,
      "latency_ms": 205.74854850769043,
      "context_chars": 3789.91
    }
  }
}