{
  "shard_index": 30,
  "shard_count": 37,
  "summary": {
    "0": {
      "n": 100,
      "em": 0.09,
      "f1": 0.1676031746031746,
      "containment": 0.13,
      "latency_ms": 88.21157455444336,
      "context_chars": 0.0
    },
    "1": {
      "n": 100,
      "em": 0.25,
      "f1": 0.315,
      "containment": 0.27,
      "latency_ms": 121.39121055603027,
      "context_chars": 632.26
    },
    "2": {
      "n": 100,
      "em": 0.33,
      "f1": 0.4081834831834832,
      "containment": 0.35,
      "latency_ms": 114.25756931304932,
      "context_chars": 1267.88
    },
    "3": {
      "n": 100,
      "em": 0.37,
      "f1": 0.45638655462184874,
      "containment": 0.38,
      "latency_ms": 130.27753353118896,
      "context_chars": 1906.38
    },
    "4": {
      "n": 100,
      "em": 0.34,
      "f1": 0.45704761904761904,
      "containment": 0.38,
      "latency_ms": 140.038902759552,
      "context_chars": 2550.56
    },
    "5": {
      "n": 100,
      "em": 0.36,
      "f1": 0.4832014652014652,
      "containment": 0.41,
      "latency_ms": 155.07891654968262,
      "context_chars": 3193.1
    },
    "6": {
      "n": 100,
      "em": 0.36,
      "f1": 0.47593162393162386,
      "containment": 0.4,
      "latency_ms": 168.40994596481323,
      "context_chars": 3831.29
    }
  }
}