{
  "shard_index": 0,
  "shard_count": 37,
  "summary": {
    "0": {
      "n": 100,
      "em": 0.11,
      "f1": 0.19254906204906203,
      "containment": 0.17,
      "latency_ms": 162.75971174240112,
      "context_chars": 0.0
    },
    "1": {
      "n": 100,
      "em": 0.17,
      "f1": 0.25971598336304214,
      "containment": 0.2,
      "latency_ms": 171.51209831237793,
      "context_chars": 631.86
    },
    "2": {
      "n": 100,
      "em": 0.15,
      "f1": 0.26175336861848014,
      "containment": 0.21,
      "latency_ms": 204.70934629440308,
      "context_chars": 1266.72
    },
    "3": {
      "n": 100,
      "em": 0.18,
      "f1": 0.29890311328293073,
      "containment": 0.26,
      "latency_ms": 217.81196355819702,
      "context_chars": 1900.26
    },
    "4": {
      "n": 100,
      "em": 0.18,
      "f1": 0.2924729051151252,
      "containment": 0.26,
      "latency_ms": 240.72801113128662,
      "context_chars": 2530.29
    },
    "5": {
      "n": 100,
      "em": 0.18,
      "f1": 0.31535277141159496,
      "containment": 0.28,
      "latency_ms": 251.2172293663025,
      "context_chars": 3164.47
    },
    "6": {
      "n": 100,
      "em": 0.19,
      "f1": 0.34014924454630346,
      "containment": 0.29,
      "latency_ms": 251.78442239761353,
      "context_chars": 3800.46
    }
  }
}