{
  "shard_index": 28,
  "shard_count": 37,
  "summary": {
    "0": {
      "n": 100,
      "em": 0.11,
      "f1": 0.1803671679197995,
      "containment": 0.15,
      "latency_ms": 143.95042657852173,
      "context_chars": 0.0
    },
    "1": {
      "n": 100,
      "em": 0.19,
      "f1": 0.27310959216222375,
      "containment": 0.21,
      "latency_ms": 133.07788372039795,
      "context_chars": 632.64
    },
    "2": {
      "n": 100,
      "em": 0.27,
      "f1": 0.3538142135642136,
      "containment": 0.26,
      "latency_ms": 149.74347352981567,
      "context_chars": 1271.86
    },
    "3": {
      "n": 100,
      "em": 0.28,
      "f1": 0.37619597147926825,
      "containment": 0.3,
      "latency_ms": 207.25932598114014,
      "context_chars": 1904.26
    },
    "4": {
      "n": 100,
      "em": 0.28,
      "f1": 0.37838073241122033,
      "containment": 0.29,
      "latency_ms": 198.0941128730774,
      "context_chars": 2541.0
    },
    "5": {
      "n": 100,
      "em": 0.3,
      "f1": 0.3848809523809525,
      "containment": 0.32,
      "latency_ms": 200.69049835205078,
      "context_chars": 3175.53
    },
    "6": {
      "n": 100,
      "em": 0.29,
      "f1": 0.38652006327006333,
      "containment": 0.31,
      "latency_ms": 207.25135326385498,
      "context_chars": 3814.26
    }
  }
}