{
  "shard_index": 6,
  "shard_count": 37,
  "summary": {
    "0": {
      "n": 100,
      "em": 0.09,
      "f1": 0.15780158730158733,
      "containment": 0.1,
      "latency_ms": 144.7268295288086,
      "context_chars": 0.0
    },
    "1": {
      "n": 100,
      "em": 0.16,
      "f1": 0.24314473435061676,
      "containment": 0.21,
      "latency_ms": 184.20307159423828,
      "context_chars": 634.69
    },
    "2": {
      "n": 100,
      "em": 0.18,
      "f1": 0.278939393939394,
      "containment": 0.24,
      "latency_ms": 186.5864133834839,
      "context_chars": 1275.31
    },
    "3": {
      "n": 100,
      "em": 0.24,
      "f1": 0.3291482213438735,
      "containment": 0.3,
      "latency_ms": 212.85249710083008,
      "context_chars": 1917.23
    },
    "4": {
      "n": 100,
      "em": 0.22,
      "f1": 0.3289220593052755,
      "containment": 0.29,
      "latency_ms": 228.5630702972412,
      "context_chars": 2562.77
    },
    "5": {
      "n": 100,
      "em": 0.25,
      "f1": 0.3530472189476766,
      "containment": 0.32,
      "latency_ms": 233.5746192932129,
      "context_chars": 3204.93
    },
    "6": {
      "n": 100,
      "em": 0.25,
      "f1": 0.361566036711198,
      "containment": 0.33,
      "latency_ms": 264.5067310333252,
      "context_chars": 3849.9
    }
  }
}