{
  "shard_index": 8,
  "shard_count": 37,
  "summary": {
    "0": {
      "n": 100,
      "em": 0.18,
      "f1": 0.2282564703056506,
      "containment": 0.21,
      "latency_ms": 179.37191486358643,
      "context_chars": 0.0
    },
    "1": {
      "n": 100,
      "em": 0.18,
      "f1": 0.21975274725274727,
      "containment": 0.18,
      "latency_ms": 151.25994682312012,
      "context_chars": 632.6
    },
    "2": {
      "n": 100,
      "em": 0.23,
      "f1": 0.27395115995115993,
      "containment": 0.24,
      "latency_ms": 170.04924297332764,
      "context_chars": 1272.62
    },
    "3": {
      "n": 100,
      "em": 0.22,
      "f1": 0.26365966386554623,
      "containment": 0.22,
      "latency_ms": 199.29852962493896,
      "context_chars": 1904.66
    },
    "4": {
      "n": 100,
      "em": 0.26,
      "f1": 0.31796825396825396,
      "containment": 0.26,
      "latency_ms": 206.75191640853882,
      "context_chars": 2543.37
    },
    "5": {
      "n": 100,
      "em": 0.2,
      "f1": 0.25964780862412445,
      "containment": 0.24,
      "latency_ms": 231.22533321380615,
      "context_chars": 3187.02
    },
    "6": {
      "n": 100,
      "em": 0.28,
      "f1": 0.34204146280462067,
      "containment": 0.31,
      "latency_ms": 250.97164154052734,
      "context_chars": 3826.52
    }
  }
}