{
  "shard_index": 15,
  "shard_count": 37,
  "summary": {
    "0": {
      "n": 100,
      "em": 0.1,
      "f1": 0.18986111111111106,
      "containment": 0.16,
      "latency_ms": 94.83154773712158,
      "context_chars": 0.0
    },
    "1": {
      "n": 100,
      "em": 0.13,
      "f1": 0.2061111111111111,
      "containment": 0.18,
      "latency_ms": 105.75568914413452,
      "context_chars": 636.66
    },
    "2": {
      "n": 100,
      "em": 0.14,
      "f1": 0.23406873355402766,
      "containment": 0.22,
      "latency_ms": 117.38909482955933,
      "context_chars": 1270.41
    },
    "3": {
      "n": 100,
      "em": 0.17,
      "f1": 0.2749200034245673,
      "containment": 0.24,
      "latency_ms": 134.50103759765625,
      "context_chars": 1912.41
    },
    "4": {
      "n": 100,
      "em": 0.19,
      "f1": 0.28624346917450366,
      "containment": 0.25,
      "latency_ms": 146.3745379447937,
      "context_chars": 2550.85
    },
    "5": {
      "n": 100,
      "em": 0.2,
      "f1": 0.3180238095238095,
      "containment": 0.25,
      "latency_ms": 158.8107991218567,
      "context_chars": 3187.19
    },
    "6": {
      "n": 100,
      "em": 0.24,
      "f1": 0.36530586080586075,
      "containment": 0.3,
      "latency_ms": 165.1965856552124,
      "context_chars": 3826.88
    }
  }
}