{
  "shard_index": 5,
  "shard_count": 37,
  "summary": {
    "0": {
      "n": 100,
      "em": 0.14,
      "f1": 0.2332857142857143,
      "containment": 0.19,
      "latency_ms": 165.72319984436035,
      "context_chars": 0.0
    },
    "1": {
      "n": 100,
      "em": 0.18,
      "f1": 0.26261904761904764,
      "containment": 0.23,
      "latency_ms": 182.73165225982666,
      "context_chars": 634.51
    },
    "2": {
      "n": 100,
      "em": 0.2,
      "f1": 0.2922307692307693,
      "containment": 0.28,
      "latency_ms": 188.996901512146,
      "context_chars": 1280.06
    },
    "3": {
      "n": 100,
      "em": 0.27,
      "f1": 0.3297728937728938,
      "containment": 0.33,
      "latency_ms": 187.94848442077637,
      "context_chars": 1919.76
    },
    "4": {
      "n": 100,
      "em": 0.3,
      "f1": 0.35973015873015873,
      "containment": 0.35,
      "latency_ms": 203.971586227417,
      "context_chars": 2555.01
    },
    "5": {
      "n": 100,
      "em": 0.29,
      "f1": 0.3633205128205128,
      "containment": 0.35,
      "latency_ms": 212.34880447387695,
      "context_chars": 3193.35
    },
    "6": {
      "n": 100,
      "em": 0.28,
      "f1": 0.3604157509157509,
      "containment": 0.37,
      "latency_ms": 244.7288727760315,
      "context_chars": 3837.37
    }
  }
}