{
  "dataset": "nq_test",
  "retriever": "BM25_MonoT5",
  "rag_variant": "BM25_MonoT5_k0to6",
  "num_examples": 3610,
  "shots": {
    "0": {
      "n": 3610,
      "em": 0.12077562326869806,
      "f1": 0.18500138511858788,
      "containment": 0.15706371191135735,
      "latency_ms": 1300.8606113555359,
      "context_chars": 0.0
    },
    "1": {
      "n": 3610,
      "em": 0.24986149584487535,
      "f1": 0.3383626534010744,
      "containment": 0.2933518005540166,
      "latency_ms": 1545.240725506706,
      "context_chars": 637.5346260387812
    },
    "2": {
      "n": 3610,
      "em": 0.2853185595567867,
      "f1": 0.38784930804712825,
      "containment": 0.3479224376731302,
      "latency_ms": 1908.927770004378,
      "context_chars": 1277.4872576177286
    },
    "3": {
      "n": 3610,
      "em": 0.292797783933518,
      "f1": 0.4009531891891321,
      "containment": 0.36121883656509696,
      "latency_ms": 2240.340621385548,
      "context_chars": 1918.236565096953
    },
    "4": {
      "n": 3610,
      "em": 0.30221606648199445,
      "f1": 0.41205514512732727,
      "containment": 0.3800554016620499,
      "latency_ms": 2493.8911350149856,
      "context_chars": 2559.2936288088645
    },
    "5": {
      "n": 3610,
      "em": 0.30581717451523543,
      "f1": 0.41441423646538234,
      "containment": 0.38337950138504157,
      "latency_ms": 2895.934976170928,
      "context_chars": 3201.173407202216
    },
    "6": {
      "n": 3610,
      "em": 0.3091412742382271,
      "f1": 0.4203570397003233,
      "containment": 0.3878116343490305,
      "latency_ms": 3119.2040271706196,
      "context_chars": 3841.0598337950137
    }
  }
}