{
  "shard_index": 18,
  "shard_count": 37,
  "summary": {
    "0": {
      "n": 100,
      "em": 0.34,
      "f1": 0.5148989898989899,
      "containment": 0.41,
      "latency_ms": 955.5441403388977,
      "context_chars": 0.0
    },
    "1": {
      "n": 100,
      "em": 0.25,
      "f1": 0.40702380952380957,
      "containment": 0.33,
      "latency_ms": 1153.2613229751587,
      "context_chars": 632.65
    },
    "2": {
      "n": 100,
      "em": 0.32,
      "f1": 0.47864285714285715,
      "containment": 0.4,
      "latency_ms": 1129.3764758110046,
      "context_chars": 1270.94
    },
    "3": {
      "n": 100,
      "em": 0.34,
      "f1": 0.5050714285714285,
      "containment": 0.41,
      "latency_ms": 1256.7219018936157,
      "context_chars": 1919.72
    },
    "4": {
      "n": 100,
      "em": 0.36,
      "f1": 0.49735714285714266,
      "containment": 0.42,
      "latency_ms": 1236.326208114624,
      "context_chars": 2562.99
    },
    "5": {
      "n": 100,
      "em": 0.37,
      "f1": 0.5095476190476189,
      "containment": 0.43,
      "latency_ms": 1216.1659026145935,
      "context_chars": 3204.62
    },
    "6": {
      "n": 100,
      "em": 0.34,
      "f1": 0.4898333333333331,
      "containment": 0.42,
      "latency_ms": 1233.032693862915,
      "context_chars": 3843.22
    }
  }
}