{
  "shard_index": 12,
  "shard_count": 37,
  "summary": {
    "0": {
      "n": 100,
      "em": 0.44,
      "f1": 0.5715476190476189,
      "containment": 0.53,
      "latency_ms": 830.5442309379578,
      "context_chars": 0.0
    },
    "1": {
      "n": 100,
      "em": 0.35,
      "f1": 0.41377655677655684,
      "containment": 0.35,
      "latency_ms": 1185.8726620674133,
      "context_chars": 632.93
    },
    "2": {
      "n": 100,
      "em": 0.41,
      "f1": 0.48911904761904756,
      "containment": 0.44,
      "latency_ms": 1112.24041223526,
      "context_chars": 1267.6
    },
    "3": {
      "n": 100,
      "em": 0.44,
      "f1": 0.5088571428571428,
      "containment": 0.45,
      "latency_ms": 1147.0983815193176,
      "context_chars": 1908.3
    },
    "4": {
      "n": 100,
      "em": 0.44,
      "f1": 0.5249047619047618,
      "containment": 0.48,
      "latency_ms": 1206.0094332695007,
      "context_chars": 2553.59
    },
    "5": {
      "n": 100,
      "em": 0.43,
      "f1": 0.5306825396825395,
      "containment": 0.51,
      "latency_ms": 1148.5452270507812,
      "context_chars": 3194.86
    },
    "6": {
      "n": 100,
      "em": 0.45,
      "f1": 0.552206349206349,
      "containment": 0.54,
      "latency_ms": 1190.928282737732,
      "context_chars": 3833.38
    }
  }
}