{
  "shard_index": 35,
  "shard_count": 37,
  "summary": {
    "0": {
      "n": 100,
      "em": 0.3,
      "f1": 0.3889285714285714,
      "containment": 0.36,
      "latency_ms": 283.2139825820923,
      "context_chars": 0.0
    },
    "1": {
      "n": 100,
      "em": 0.21,
      "f1": 0.26205555555555554,
      "containment": 0.23,
      "latency_ms": 495.8180356025696,
      "context_chars": 641.32
    },
    "2": {
      "n": 100,
      "em": 0.27,
      "f1": 0.3361349206349207,
      "containment": 0.3,
      "latency_ms": 502.4640417098999,
      "context_chars": 1282.71
    },
    "3": {
      "n": 100,
      "em": 0.32,
      "f1": 0.3872777777777777,
      "containment": 0.36,
      "latency_ms": 500.36908626556396,
      "context_chars": 1927.62
    },
    "4": {
      "n": 100,
      "em": 0.31,
      "f1": 0.39213492063492056,
      "containment": 0.38,
      "latency_ms": 519.1574716567993,
      "context_chars": 2569.91
    },
    "5": {
      "n": 100,
      "em": 0.31,
      "f1": 0.4084047619047618,
      "containment": 0.39,
      "latency_ms": 518.4253454208374,
      "context_chars": 3214.62
    },
    "6": {
      "n": 100,
      "em": 0.33,
      "f1": 0.4072460317460317,
      "containment": 0.38,
      "latency_ms": 535.5877542495728,
      "context_chars": 3862.4
    }
  }
}