{
  "shard_index": 2,
  "shard_count": 37,
  "summary": {
    "0": {
      "n": 100,
      "em": 0.38,
      "f1": 0.5207912087912087,
      "containment": 0.48,
      "latency_ms": 923.4893918037415,
      "context_chars": 0.0
    },
    "1": {
      "n": 100,
      "em": 0.17,
      "f1": 0.26906565656565656,
      "containment": 0.22,
      "latency_ms": 1208.336067199707,
      "context_chars": 633.06
    },
    "2": {
      "n": 100,
      "em": 0.17,
      "f1": 0.28377200577200573,
      "containment": 0.25,
      "latency_ms": 1227.0485067367554,
      "context_chars": 1273.71
    },
    "3": {
      "n": 100,
      "em": 0.27,
      "f1": 0.38299999999999995,
      "containment": 0.36,
      "latency_ms": 1273.2771849632263,
      "context_chars": 1913.56
    },
    "4": {
      "n": 100,
      "em": 0.26,
      "f1": 0.38022222222222213,
      "containment": 0.35,
      "latency_ms": 1261.7688465118408,
      "context_chars": 2553.07
    },
    "5": {
      "n": 100,
      "em": 0.29,
      "f1": 0.39205555555555544,
      "containment": 0.38,
      "latency_ms": 1253.499300479889,
      "context_chars": 3192.02
    },
    "6": {
      "n": 100,
      "em": 0.29,
      "f1": 0.38755555555555543,
      "containment": 0.39,
      "latency_ms": 1281.7993903160095,
      "context_chars": 3831.66
    }
  }
}