{
  "shard_index": 24,
  "shard_count": 37,
  "summary": {
    "0": {
      "n": 100,
      "em": 0.21,
      "f1": 0.3712857142857143,
      "containment": 0.35,
      "latency_ms": 862.6061725616455,
      "context_chars": 0.0
    },
    "1": {
      "n": 100,
      "em": 0.28,
      "f1": 0.3533059163059163,
      "containment": 0.34,
      "latency_ms": 1148.5486578941345,
      "context_chars": 641.2
    },
    "2": {
      "n": 100,
      "em": 0.29,
      "f1": 0.3814154734154734,
      "containment": 0.38,
      "latency_ms": 1202.7606511116028,
      "context_chars": 1285.43
    },
    "3": {
      "n": 100,
      "em": 0.31,
      "f1": 0.41908214008214,
      "containment": 0.42,
      "latency_ms": 1189.822678565979,
      "context_chars": 1937.55
    },
    "4": {
      "n": 100,
      "em": 0.33,
      "f1": 0.44574880674880674,
      "containment": 0.44,
      "latency_ms": 1199.2031168937683,
      "context_chars": 2581.81
    },
    "5": {
      "n": 100,
      "em": 0.34,
      "f1": 0.4669392829392829,
      "containment": 0.46,
      "latency_ms": 1228.199188709259,
      "context_chars": 3230.77
    },
    "6": {
      "n": 100,
      "em": 0.31,
      "f1": 0.43249483849483844,
      "containment": 0.43,
      "latency_ms": 1219.650959968567,
      "context_chars": 3871.7
    }
  }
}