{
  "shard_index": 19,
  "shard_count": 37,
  "summary": {
    "0": {
      "n": 100,
      "em": 0.3,
      "f1": 0.39686163836163835,
      "containment": 0.35,
      "latency_ms": 1067.7267479896545,
      "context_chars": 0.0
    },
    "1": {
      "n": 100,
      "em": 0.3,
      "f1": 0.3587478991596638,
      "containment": 0.3,
      "latency_ms": 1168.2885456085205,
      "context_chars": 631.58
    },
    "2": {
      "n": 100,
      "em": 0.36,
      "f1": 0.42570825253178185,
      "containment": 0.36,
      "latency_ms": 1344.9703288078308,
      "context_chars": 1266.03
    },
    "3": {
      "n": 100,
      "em": 0.38,
      "f1": 0.4541595735068219,
      "containment": 0.39,
      "latency_ms": 1356.3549089431763,
      "context_chars": 1903.14
    },
    "4": {
      "n": 100,
      "em": 0.36,
      "f1": 0.4628964368964368,
      "containment": 0.43,
      "latency_ms": 1336.3507795333862,
      "context_chars": 2543.08
    },
    "5": {
      "n": 100,
      "em": 0.38,
      "f1": 0.46871428571428553,
      "containment": 0.41,
      "latency_ms": 1307.4786114692688,
      "context_chars": 3181.75
    },
    "6": {
      "n": 100,
      "em": 0.39,
      "f1": 0.48172034632034616,
      "containment": 0.45,
      "latency_ms": 1302.5797080993652,
      "context_chars": 3818.81
    }
  }
}