{
  "shard_index": 25,
  "shard_count": 37,
  "summary": {
    "0": {
      "n": 100,
      "em": 0.37,
      "f1": 0.4879523809523809,
      "containment": 0.42,
      "latency_ms": 950.0606894493103,
      "context_chars": 0.0
    },
    "1": {
      "n": 100,
      "em": 0.37,
      "f1": 0.4398831168831169,
      "containment": 0.4,
      "latency_ms": 1119.6155452728271,
      "context_chars": 631.82
    },
    "2": {
      "n": 100,
      "em": 0.37,
      "f1": 0.4791298701298702,
      "containment": 0.45,
      "latency_ms": 1192.5697541236877,
      "context_chars": 1278.01
    },
    "3": {
      "n": 100,
      "em": 0.39,
      "f1": 0.491945387945388,
      "containment": 0.45,
      "latency_ms": 1159.4083333015442,
      "context_chars": 1920.28
    },
    "4": {
      "n": 100,
      "em": 0.38,
      "f1": 0.4904069264069264,
      "containment": 0.45,
      "latency_ms": 1243.7327885627747,
      "context_chars": 2557.32
    },
    "5": {
      "n": 100,
      "em": 0.39,
      "f1": 0.4951529581529581,
      "containment": 0.46,
      "latency_ms": 1229.8412823677063,
      "context_chars": 3203.47
    },
    "6": {
      "n": 100,
      "em": 0.39,
      "f1": 0.4961053391053391,
      "containment": 0.46,
      "latency_ms": 1273.4158205986023,
      "context_chars": 3840.91
    }
  }
}