{
  "shard_index": 23,
  "shard_count": 37,
  "summary": {
    "0": {
      "n": 100,
      "em": 0.43,
      "f1": 0.5213547008547009,
      "containment": 0.48,
      "latency_ms": 1029.6706795692444,
      "context_chars": 0.0
    },
    "1": {
      "n": 100,
      "em": 0.25,
      "f1": 0.3381984126984127,
      "containment": 0.32,
      "latency_ms": 1181.0880613327026,
      "context_chars": 645.13
    },
    "2": {
      "n": 100,
      "em": 0.3,
      "f1": 0.3871120872591461,
      "containment": 0.38,
      "latency_ms": 1255.8959245681763,
      "context_chars": 1285.92
    },
    "3": {
      "n": 100,
      "em": 0.33,
      "f1": 0.417095238095238,
      "containment": 0.4,
      "latency_ms": 1302.280671596527,
      "context_chars": 1926.46
    },
    "4": {
      "n": 100,
      "em": 0.33,
      "f1": 0.4307063492063491,
      "containment": 0.42,
      "latency_ms": 1270.1101970672607,
      "context_chars": 2565.39
    },
    "5": {
      "n": 100,
      "em": 0.37,
      "f1": 0.4664749694749694,
      "containment": 0.46,
      "latency_ms": 1263.2739901542664,
      "context_chars": 3209.55
    },
    "6": {
      "n": 100,
      "em": 0.32,
      "f1": 0.43771428571428556,
      "containment": 0.42,
      "latency_ms": 1283.0414724349976,
      "context_chars": 3848.54
    }
  }
}