{
  "shard_index": 4,
  "shard_count": 37,
  "summary": {
    "0": {
      "n": 100,
      "em": 0.39,
      "f1": 0.4978721804511277,
      "containment": 0.45,
      "latency_ms": 955.8758974075317,
      "context_chars": 0.0
    },
    "1": {
      "n": 100,
      "em": 0.3,
      "f1": 0.3730873015873016,
      "containment": 0.36,
      "latency_ms": 1180.7748889923096,
      "context_chars": 638.44
    },
    "2": {
      "n": 100,
      "em": 0.32,
      "f1": 0.40941186299081034,
      "containment": 0.38,
      "latency_ms": 1230.3865885734558,
      "context_chars": 1280.3
    },
    "3": {
      "n": 100,
      "em": 0.33,
      "f1": 0.4404436090225563,
      "containment": 0.4,
      "latency_ms": 1284.2498183250427,
      "context_chars": 1915.92
    },
    "4": {
      "n": 100,
      "em": 0.38,
      "f1": 0.45672932330827054,
      "containment": 0.42,
      "latency_ms": 1237.780966758728,
      "context_chars": 2550.85
    },
    "5": {
      "n": 100,
      "em": 0.38,
      "f1": 0.4738404344193817,
      "containment": 0.44,
      "latency_ms": 1279.3670129776,
      "context_chars": 3187.86
    },
    "6": {
      "n": 100,
      "em": 0.36,
      "f1": 0.47477694235588963,
      "containment": 0.45,
      "latency_ms": 1292.6318454742432,
      "context_chars": 3826.68
    }
  }
}