{
  "shard_index": 20,
  "shard_count": 37,
  "summary": {
    "0": {
      "n": 100,
      "em": 0.34,
      "f1": 0.4237991452991453,
      "containment": 0.37,
      "latency_ms": 944.2224335670471,
      "context_chars": 0.0
    },
    "1": {
      "n": 100,
      "em": 0.28,
      "f1": 0.3632222222222222,
      "containment": 0.27,
      "latency_ms": 1161.597499847412,
      "context_chars": 638.03
    },
    "2": {
      "n": 100,
      "em": 0.34,
      "f1": 0.4267095986450824,
      "containment": 0.37,
      "latency_ms": 1247.1177673339844,
      "context_chars": 1273.4
    },
    "3": {
      "n": 100,
      "em": 0.37,
      "f1": 0.4563253968253968,
      "containment": 0.39,
      "latency_ms": 1144.6084451675415,
      "context_chars": 1912.87
    },
    "4": {
      "n": 100,
      "em": 0.37,
      "f1": 0.4539771799082143,
      "containment": 0.4,
      "latency_ms": 1239.344551563263,
      "context_chars": 2552.13
    },
    "5": {
      "n": 100,
      "em": 0.39,
      "f1": 0.46369940213043653,
      "containment": 0.42,
      "latency_ms": 1256.325318813324,
      "context_chars": 3193.96
    },
    "6": {
      "n": 100,
      "em": 0.4,
      "f1": 0.4711925637086927,
      "containment": 0.44,
      "latency_ms": 1322.6202487945557,
      "context_chars": 3839.41
    }
  }
}