{
  "shard_index": 15,
  "shard_count": 37,
  "summary": {
    "0": {
      "n": 100,
      "em": 0.29,
      "f1": 0.40834271284271284,
      "containment": 0.32,
      "latency_ms": 916.5582203865051,
      "context_chars": 0.0
    },
    "1": {
      "n": 100,
      "em": 0.19,
      "f1": 0.2590793650793651,
      "containment": 0.22,
      "latency_ms": 1241.5748023986816,
      "context_chars": 636.14
    },
    "2": {
      "n": 100,
      "em": 0.25,
      "f1": 0.33977192982456145,
      "containment": 0.28,
      "latency_ms": 1244.8252892494202,
      "context_chars": 1273.51
    },
    "3": {
      "n": 100,
      "em": 0.28,
      "f1": 0.3673015873015873,
      "containment": 0.3,
      "latency_ms": 1191.4329361915588,
      "context_chars": 1914.45
    },
    "4": {
      "n": 100,
      "em": 0.29,
      "f1": 0.3861904761904762,
      "containment": 0.33,
      "latency_ms": 1186.9735717773438,
      "context_chars": 2555.58
    },
    "5": {
      "n": 100,
      "em": 0.32,
      "f1": 0.42171428571428565,
      "containment": 0.35,
      "latency_ms": 1152.5613808631897,
      "context_chars": 3201.43
    },
    "6": {
      "n": 100,
      "em": 0.32,
      "f1": 0.42278571428571426,
      "containment": 0.35,
      "latency_ms": 1211.0522651672363,
      "context_chars": 3844.74
    }
  }
}