{
  "shard_index": 21,
  "shard_count": 37,
  "summary": {
    "0": {
      "n": 100,
      "em": 0.39,
      "f1": 0.46892857142857136,
      "containment": 0.42,
      "latency_ms": 889.4610238075256,
      "context_chars": 0.0
    },
    "1": {
      "n": 100,
      "em": 0.29,
      "f1": 0.3736587301587301,
      "containment": 0.3,
      "latency_ms": 1087.912003993988,
      "context_chars": 627.16
    },
    "2": {
      "n": 100,
      "em": 0.33,
      "f1": 0.4241587301587301,
      "containment": 0.36,
      "latency_ms": 1177.3436331748962,
      "context_chars": 1257.46
    },
    "3": {
      "n": 100,
      "em": 0.35,
      "f1": 0.4650555555555556,
      "containment": 0.4,
      "latency_ms": 1192.1578335762024,
      "context_chars": 1889.2
    },
    "4": {
      "n": 100,
      "em": 0.32,
      "f1": 0.46443650793650787,
      "containment": 0.42,
      "latency_ms": 1232.0764017105103,
      "context_chars": 2526.53
    },
    "5": {
      "n": 100,
      "em": 0.33,
      "f1": 0.4783989898989898,
      "containment": 0.44,
      "latency_ms": 1279.8971509933472,
      "context_chars": 3161.79
    },
    "6": {
      "n": 100,
      "em": 0.36,
      "f1": 0.5052243867243866,
      "containment": 0.47,
      "latency_ms": 1259.8701572418213,
      "context_chars": 3795.58
    }
  }
}