{
  "shard_index": 26,
  "shard_count": 37,
  "summary": {
    "0": {
      "n": 100,
      "em": 0.35,
      "f1": 0.46170779220779223,
      "containment": 0.4,
      "latency_ms": 920.4014039039612,
      "context_chars": 0.0
    },
    "1": {
      "n": 100,
      "em": 0.21,
      "f1": 0.31578715728715734,
      "containment": 0.26,
      "latency_ms": 1209.902777671814,
      "context_chars": 644.78
    },
    "2": {
      "n": 100,
      "em": 0.28,
      "f1": 0.4002953119232189,
      "containment": 0.35,
      "latency_ms": 1340.2532052993774,
      "context_chars": 1291.73
    },
    "3": {
      "n": 100,
      "em": 0.31,
      "f1": 0.43104906204906207,
      "containment": 0.38,
      "latency_ms": 1140.9426259994507,
      "context_chars": 1940.27
    },
    "4": {
      "n": 100,
      "em": 0.33,
      "f1": 0.44804906204906203,
      "containment": 0.41,
      "latency_ms": 1201.9355130195618,
      "context_chars": 2582.64
    },
    "5": {
      "n": 100,
      "em": 0.38,
      "f1": 0.49323953823953814,
      "containment": 0.45,
      "latency_ms": 1173.5026669502258,
      "context_chars": 3230.02
    },
    "6": {
      "n": 100,
      "em": 0.36,
      "f1": 0.4909343434343434,
      "containment": 0.46,
      "latency_ms": 1258.943223953247,
      "context_chars": 3871.11
    }
  }
}