{
  "shard_index": 28,
  "shard_count": 37,
  "summary": {
    "0": {
      "n": 100,
      "em": 0.34,
      "f1": 0.4794667554667555,
      "containment": 0.41,
      "latency_ms": 1138.3390259742737,
      "context_chars": 0.0
    },
    "1": {
      "n": 100,
      "em": 0.26,
      "f1": 0.34861904761904755,
      "containment": 0.31,
      "latency_ms": 1279.425277709961,
      "context_chars": 641.93
    },
    "2": {
      "n": 100,
      "em": 0.28,
      "f1": 0.38229581529581536,
      "containment": 0.34,
      "latency_ms": 1353.4989595413208,
      "context_chars": 1279.08
    },
    "3": {
      "n": 100,
      "em": 0.25,
      "f1": 0.36129581529581534,
      "containment": 0.32,
      "latency_ms": 1418.880217075348,
      "context_chars": 1922.74
    },
    "4": {
      "n": 100,
      "em": 0.3,
      "f1": 0.40604040404040403,
      "containment": 0.36,
      "latency_ms": 1300.1936340332031,
      "context_chars": 2567.18
    },
    "5": {
      "n": 100,
      "em": 0.28,
      "f1": 0.391040404040404,
      "containment": 0.33,
      "latency_ms": 1339.4730949401855,
      "context_chars": 3213.03
    },
    "6": {
      "n": 100,
      "em": 0.29,
      "f1": 0.39515151515151514,
      "containment": 0.34,
      "latency_ms": 1296.311411857605,
      "context_chars": 3849.07
    }
  }
}