{
  "shard_index": 36,
  "shard_count": 37,
  "summary": {
    "0": {
      "n": 10,
      "em": 0.5,
      "f1": 0.55,
      "containment": 0.6,
      "latency_ms": 256.14049434661865,
      "context_chars": 0.0
    },
    "1": {
      "n": 10,
      "em": 0.3,
      "f1": 0.4666666666666666,
      "containment": 0.5,
      "latency_ms": 477.2763729095459,
      "context_chars": 645.0
    },
    "2": {
      "n": 10,
      "em": 0.5,
      "f1": 0.6666666666666666,
      "containment": 0.7,
      "latency_ms": 465.89763164520264,
      "context_chars": 1297.5
    },
    "3": {
      "n": 10,
      "em": 0.3,
      "f1": 0.5666666666666667,
      "containment": 0.6,
      "latency_ms": 522.7980613708496,
      "context_chars": 1940.6
    },
    "4": {
      "n": 10,
      "em": 0.4,
      "f1": 0.5166666666666666,
      "containment": 0.6,
      "latency_ms": 477.95987129211426,
      "context_chars": 2614.7
    },
    "5": {
      "n": 10,
      "em": 0.4,
      "f1": 0.5166666666666666,
      "containment": 0.6,
      "latency_ms": 478.0712127685547,
      "context_chars": 3272.3
    },
    "6": {
      "n": 10,
      "em": 0.4,
      "f1": 0.5166666666666666,
      "containment": 0.6,
      "latency_ms": 483.0738306045532,
      "context_chars": 3931.9
    }
  }
}