{
  "shard_index": 33,
  "shard_count": 37,
  "summary": {
    "0": {
      "n": 100,
      "em": 0.39,
      "f1": 0.4956904761904762,
      "containment": 0.4,
      "latency_ms": 623.501546382904,
      "context_chars": 0.0
    },
    "1": {
      "n": 100,
      "em": 0.27,
      "f1": 0.3539796918767507,
      "containment": 0.28,
      "latency_ms": 787.1157121658325,
      "context_chars": 634.89
    },
    "2": {
      "n": 100,
      "em": 0.31,
      "f1": 0.4158606442577031,
      "containment": 0.34,
      "latency_ms": 817.3512005805969,
      "context_chars": 1277.15
    },
    "3": {
      "n": 100,
      "em": 0.33,
      "f1": 0.4454439775910364,
      "containment": 0.35,
      "latency_ms": 800.9132719039917,
      "context_chars": 1913.75
    },
    "4": {
      "n": 100,
      "em": 0.36,
      "f1": 0.46227731092436974,
      "containment": 0.38,
      "latency_ms": 867.9151725769043,
      "context_chars": 2558.0
    },
    "5": {
      "n": 100,
      "em": 0.36,
      "f1": 0.47040826330532215,
      "containment": 0.39,
      "latency_ms": 837.5586032867432,
      "context_chars": 3195.73
    },
    "6": {
      "n": 100,
      "em": 0.39,
      "f1": 0.4908487394957983,
      "containment": 0.41,
      "latency_ms": 896.5649747848511,
      "context_chars": 3842.15
    }
  }
}