{
  "shard_index": 11,
  "shard_count": 37,
  "summary": {
    "0": {
      "n": 100,
      "em": 0.39,
      "f1": 0.4976428571428572,
      "containment": 0.44,
      "latency_ms": 1002.1641445159912,
      "context_chars": 0.0
    },
    "1": {
      "n": 100,
      "em": 0.34,
      "f1": 0.41357692307692306,
      "containment": 0.41,
      "latency_ms": 1245.841212272644,
      "context_chars": 633.05
    },
    "2": {
      "n": 100,
      "em": 0.41,
      "f1": 0.4981839826839827,
      "containment": 0.49,
      "latency_ms": 1265.7165169715881,
      "context_chars": 1270.52
    },
    "3": {
      "n": 100,
      "em": 0.4,
      "f1": 0.496047619047619,
      "containment": 0.5,
      "latency_ms": 1207.987561225891,
      "context_chars": 1905.96
    },
    "4": {
      "n": 100,
      "em": 0.4,
      "f1": 0.4927633477633478,
      "containment": 0.51,
      "latency_ms": 1267.749788761139,
      "context_chars": 2542.87
    },
    "5": {
      "n": 100,
      "em": 0.45,
      "f1": 0.5374486215538847,
      "containment": 0.55,
      "latency_ms": 1284.9083161354065,
      "context_chars": 3177.94
    },
    "6": {
      "n": 100,
      "em": 0.45,
      "f1": 0.5399724310776942,
      "containment": 0.56,
      "latency_ms": 1333.9981317520142,
      "context_chars": 3814.31
    }
  }
}