{
  "shard_index": 14,
  "shard_count": 37,
  "summary": {
    "0": {
      "n": 100,
      "em": 0.38,
      "f1": 0.4928809523809523,
      "containment": 0.4,
      "latency_ms": 802.6796507835388,
      "context_chars": 0.0
    },
    "1": {
      "n": 100,
      "em": 0.23,
      "f1": 0.3451868131868131,
      "containment": 0.29,
      "latency_ms": 1148.313808441162,
      "context_chars": 646.65
    },
    "2": {
      "n": 100,
      "em": 0.31,
      "f1": 0.4388137973137973,
      "containment": 0.37,
      "latency_ms": 1193.7994623184204,
      "context_chars": 1292.78
    },
    "3": {
      "n": 100,
      "em": 0.37,
      "f1": 0.48553174603174604,
      "containment": 0.41,
      "latency_ms": 1157.8328251838684,
      "context_chars": 1937.72
    },
    "4": {
      "n": 100,
      "em": 0.37,
      "f1": 0.5004566544566543,
      "containment": 0.42,
      "latency_ms": 1122.8015112876892,
      "context_chars": 2579.3
    },
    "5": {
      "n": 100,
      "em": 0.37,
      "f1": 0.5004566544566543,
      "containment": 0.42,
      "latency_ms": 1300.8071517944336,
      "context_chars": 3224.99
    },
    "6": {
      "n": 100,
      "em": 0.36,
      "f1": 0.5005677655677655,
      "containment": 0.42,
      "latency_ms": 1236.9533896446228,
      "context_chars": 3862.03
    }
  }
}