{
  "shard_index": 27,
  "shard_count": 37,
  "summary": {
    "0": {
      "n": 100,
      "em": 0.36,
      "f1": 0.4699285714285714,
      "containment": 0.38,
      "latency_ms": 879.1485071182251,
      "context_chars": 0.0
    },
    "1": {
      "n": 100,
      "em": 0.25,
      "f1": 0.3354603174603175,
      "containment": 0.29,
      "latency_ms": 1091.6355800628662,
      "context_chars": 639.52
    },
    "2": {
      "n": 100,
      "em": 0.31,
      "f1": 0.40525396825396826,
      "containment": 0.34,
      "latency_ms": 1164.0883564949036,
      "context_chars": 1279.61
    },
    "3": {
      "n": 100,
      "em": 0.35,
      "f1": 0.4663015873015873,
      "containment": 0.39,
      "latency_ms": 1143.004252910614,
      "context_chars": 1914.29
    },
    "4": {
      "n": 100,
      "em": 0.34,
      "f1": 0.4689682539682539,
      "containment": 0.39,
      "latency_ms": 1155.9512734413147,
      "context_chars": 2552.53
    },
    "5": {
      "n": 100,
      "em": 0.34,
      "f1": 0.47030158730158733,
      "containment": 0.4,
      "latency_ms": 1147.4923872947693,
      "context_chars": 3191.52
    },
    "6": {
      "n": 100,
      "em": 0.32,
      "f1": 0.461968253968254,
      "containment": 0.39,
      "latency_ms": 1217.8550624847412,
      "context_chars": 3827.65
    }
  }
}