{
  "shard_index": 9,
  "shard_count": 37,
  "summary": {
    "0": {
      "n": 100,
      "em": 0.36,
      "f1": 0.49846581196581186,
      "containment": 0.39,
      "latency_ms": 863.6556792259216,
      "context_chars": 0.0
    },
    "1": {
      "n": 100,
      "em": 0.26,
      "f1": 0.3701998556998557,
      "containment": 0.3,
      "latency_ms": 1212.3344898223877,
      "context_chars": 639.32
    },
    "2": {
      "n": 100,
      "em": 0.32,
      "f1": 0.4321760461760462,
      "containment": 0.34,
      "latency_ms": 1122.3408579826355,
      "context_chars": 1284.01
    },
    "3": {
      "n": 100,
      "em": 0.36,
      "f1": 0.4534942279942279,
      "containment": 0.35,
      "latency_ms": 1166.551537513733,
      "context_chars": 1927.06
    },
    "4": {
      "n": 100,
      "em": 0.38,
      "f1": 0.4818982683982684,
      "containment": 0.38,
      "latency_ms": 1120.9878015518188,
      "context_chars": 2573.98
    },
    "5": {
      "n": 100,
      "em": 0.39,
      "f1": 0.4872316017316017,
      "containment": 0.38,
      "latency_ms": 1165.8828449249268,
      "context_chars": 3215.66
    },
    "6": {
      "n": 100,
      "em": 0.4,
      "f1": 0.5093982683982684,
      "containment": 0.42,
      "latency_ms": 1203.510091304779,
      "context_chars": 3854.98
    }
  }
}