{
  "shard_index": 29,
  "shard_count": 37,
  "summary": {
    "0": {
      "n": 100,
      "em": 0.31,
      "f1": 0.4592381579772885,
      "containment": 0.36,
      "latency_ms": 966.8469524383545,
      "context_chars": 0.0
    },
    "1": {
      "n": 100,
      "em": 0.33,
      "f1": 0.43683760683760675,
      "containment": 0.36,
      "latency_ms": 1156.2302780151367,
      "context_chars": 639.11
    },
    "2": {
      "n": 100,
      "em": 0.39,
      "f1": 0.4874725274725273,
      "containment": 0.43,
      "latency_ms": 1165.6318163871765,
      "context_chars": 1284.7
    },
    "3": {
      "n": 100,
      "em": 0.4,
      "f1": 0.5141088911088909,
      "containment": 0.43,
      "latency_ms": 1126.536304950714,
      "context_chars": 1918.42
    },
    "4": {
      "n": 100,
      "em": 0.38,
      "f1": 0.5154725274725273,
      "containment": 0.43,
      "latency_ms": 1164.9651432037354,
      "context_chars": 2558.62
    },
    "5": {
      "n": 100,
      "em": 0.39,
      "f1": 0.5225720945720943,
      "containment": 0.45,
      "latency_ms": 1183.5831904411316,
      "context_chars": 3199.68
    },
    "6": {
      "n": 100,
      "em": 0.37,
      "f1": 0.5113549228549227,
      "containment": 0.45,
      "latency_ms": 1229.7753262519836,
      "context_chars": 3845.7
    }
  }
}