{
  "shard_index": 6,
  "shard_count": 37,
  "summary": {
    "0": {
      "n": 100,
      "em": 0.34,
      "f1": 0.4776269841269841,
      "containment": 0.4,
      "latency_ms": 860.5208969116211,
      "context_chars": 0.0
    },
    "1": {
      "n": 100,
      "em": 0.22,
      "f1": 0.32936507936507936,
      "containment": 0.31,
      "latency_ms": 1238.0167269706726,
      "context_chars": 641.61
    },
    "2": {
      "n": 100,
      "em": 0.24,
      "f1": 0.36481886534518115,
      "containment": 0.35,
      "latency_ms": 1234.4818019866943,
      "context_chars": 1284.93
    },
    "3": {
      "n": 100,
      "em": 0.27,
      "f1": 0.39413708513708523,
      "containment": 0.38,
      "latency_ms": 1290.6210231781006,
      "context_chars": 1927.41
    },
    "4": {
      "n": 100,
      "em": 0.27,
      "f1": 0.4045259740259741,
      "containment": 0.38,
      "latency_ms": 1240.1954078674316,
      "context_chars": 2572.75
    },
    "5": {
      "n": 100,
      "em": 0.3,
      "f1": 0.4300086580086581,
      "containment": 0.41,
      "latency_ms": 1292.2152853012085,
      "context_chars": 3209.35
    },
    "6": {
      "n": 100,
      "em": 0.34,
      "f1": 0.4610919913419913,
      "containment": 0.44,
      "latency_ms": 1351.2068915367126,
      "context_chars": 3850.88
    }
  }
}