{
  "shard_index": 1,
  "shard_count": 37,
  "summary": {
    "0": {
      "n": 100,
      "em": 0.34,
      "f1": 0.44699999999999995,
      "containment": 0.38,
      "latency_ms": 891.7358469963074,
      "context_chars": 0.0
    },
    "1": {
      "n": 100,
      "em": 0.24,
      "f1": 0.3430119047619047,
      "containment": 0.3,
      "latency_ms": 1239.1955161094666,
      "context_chars": 636.11
    },
    "2": {
      "n": 100,
      "em": 0.3,
      "f1": 0.4143769841269841,
      "containment": 0.37,
      "latency_ms": 1238.9864706993103,
      "context_chars": 1276.43
    },
    "3": {
      "n": 100,
      "em": 0.31,
      "f1": 0.4266626984126984,
      "containment": 0.39,
      "latency_ms": 1259.9119973182678,
      "context_chars": 1918.81
    },
    "4": {
      "n": 100,
      "em": 0.31,
      "f1": 0.4277261904761904,
      "containment": 0.4,
      "latency_ms": 1281.4055371284485,
      "context_chars": 2556.36
    },
    "5": {
      "n": 100,
      "em": 0.31,
      "f1": 0.42310714285714285,
      "containment": 0.39,
      "latency_ms": 1237.7905249595642,
      "context_chars": 3201.3
    },
    "6": {
      "n": 100,
      "em": 0.34,
      "f1": 0.45872619047619045,
      "containment": 0.44,
      "latency_ms": 1262.5044679641724,
      "context_chars": 3841.6
    }
  }
}