{
  "shard_index": 22,
  "shard_count": 37,
  "summary": {
    "0": {
      "n": 100,
      "em": 0.33,
      "f1": 0.4511190476190476,
      "containment": 0.41,
      "latency_ms": 982.8450870513916,
      "context_chars": 0.0
    },
    "1": {
      "n": 100,
      "em": 0.28,
      "f1": 0.3593058608058608,
      "containment": 0.33,
      "latency_ms": 1197.7323055267334,
      "context_chars": 633.64
    },
    "2": {
      "n": 100,
      "em": 0.34,
      "f1": 0.4192264957264957,
      "containment": 0.41,
      "latency_ms": 1234.361674785614,
      "context_chars": 1270.94
    },
    "3": {
      "n": 100,
      "em": 0.33,
      "f1": 0.42450824175824176,
      "containment": 0.39,
      "latency_ms": 1277.5888895988464,
      "context_chars": 1913.26
    },
    "4": {
      "n": 100,
      "em": 0.34,
      "f1": 0.4380360195360195,
      "containment": 0.42,
      "latency_ms": 1274.6342134475708,
      "context_chars": 2552.84
    },
    "5": {
      "n": 100,
      "em": 0.36,
      "f1": 0.44981379731379734,
      "containment": 0.41,
      "latency_ms": 1251.1249160766602,
      "context_chars": 3194.9
    },
    "6": {
      "n": 100,
      "em": 0.38,
      "f1": 0.46675824175824165,
      "containment": 0.44,
      "latency_ms": 1242.5241947174072,
      "context_chars": 3832.27
    }
  }
}