{
  "shard_index": 32,
  "shard_count": 37,
  "summary": {
    "0": {
      "n": 100,
      "em": 0.29,
      "f1": 0.4403809523809523,
      "containment": 0.38,
      "latency_ms": 958.6826157569885,
      "context_chars": 0.0
    },
    "1": {
      "n": 100,
      "em": 0.22,
      "f1": 0.34154901960784323,
      "containment": 0.27,
      "latency_ms": 1280.953438282013,
      "context_chars": 634.88
    },
    "2": {
      "n": 100,
      "em": 0.24,
      "f1": 0.3931601307189541,
      "containment": 0.29,
      "latency_ms": 1226.0391998291016,
      "context_chars": 1270.43
    },
    "3": {
      "n": 100,
      "em": 0.27,
      "f1": 0.4145929038281978,
      "containment": 0.33,
      "latency_ms": 1240.9536290168762,
      "context_chars": 1909.84
    },
    "4": {
      "n": 100,
      "em": 0.28,
      "f1": 0.41368814192343595,
      "containment": 0.35,
      "latency_ms": 1244.956452846527,
      "context_chars": 2546.22
    },
    "5": {
      "n": 100,
      "em": 0.28,
      "f1": 0.4232791783380017,
      "containment": 0.36,
      "latency_ms": 1239.752173423767,
      "context_chars": 3186.63
    },
    "6": {
      "n": 100,
      "em": 0.29,
      "f1": 0.4343982259570494,
      "containment": 0.35,
      "latency_ms": 1236.3082695007324,
      "context_chars": 3816.36
    }
  }
}