{
  "shard_index": 7,
  "shard_count": 37,
  "summary": {
    "0": {
      "n": 100,
      "em": 0.32,
      "f1": 0.4550064935064934,
      "containment": 0.39,
      "latency_ms": 928.3008408546448,
      "context_chars": 0.0
    },
    "1": {
      "n": 100,
      "em": 0.26,
      "f1": 0.33828571428571425,
      "containment": 0.29,
      "latency_ms": 1155.3928017616272,
      "context_chars": 640.46
    },
    "2": {
      "n": 100,
      "em": 0.27,
      "f1": 0.38153357753357753,
      "containment": 0.33,
      "latency_ms": 1191.8213319778442,
      "context_chars": 1279.02
    },
    "3": {
      "n": 100,
      "em": 0.28,
      "f1": 0.39580738705738694,
      "containment": 0.35,
      "latency_ms": 1190.4612135887146,
      "context_chars": 1923.41
    },
    "4": {
      "n": 100,
      "em": 0.28,
      "f1": 0.4022557997557996,
      "containment": 0.38,
      "latency_ms": 1192.439455986023,
      "context_chars": 2566.84
    },
    "5": {
      "n": 100,
      "em": 0.31,
      "f1": 0.4305726854844501,
      "containment": 0.39,
      "latency_ms": 1214.0265250205994,
      "context_chars": 3207.69
    },
    "6": {
      "n": 100,
      "em": 0.29,
      "f1": 0.4138449687567334,
      "containment": 0.38,
      "latency_ms": 1280.21005153656,
      "context_chars": 3848.36
    }
  }
}