{
  "shard_index": 17,
  "shard_count": 37,
  "summary": {
    "0": {
      "n": 100,
      "em": 0.39,
      "f1": 0.4960860805860805,
      "containment": 0.41,
      "latency_ms": 827.7088332176208,
      "context_chars": 0.0
    },
    "1": {
      "n": 100,
      "em": 0.26,
      "f1": 0.3124704184704184,
      "containment": 0.28,
      "latency_ms": 1246.5960788726807,
      "context_chars": 640.84
    },
    "2": {
      "n": 100,
      "em": 0.35,
      "f1": 0.40428523328523336,
      "containment": 0.35,
      "latency_ms": 1272.8625440597534,
      "context_chars": 1281.45
    },
    "3": {
      "n": 100,
      "em": 0.34,
      "f1": 0.4076770406770407,
      "containment": 0.37,
      "latency_ms": 1347.3695063591003,
      "context_chars": 1923.1
    },
    "4": {
      "n": 100,
      "em": 0.34,
      "f1": 0.4085080475080475,
      "containment": 0.37,
      "latency_ms": 1439.099781513214,
      "context_chars": 2570.01
    },
    "5": {
      "n": 100,
      "em": 0.36,
      "f1": 0.4404387834387834,
      "containment": 0.39,
      "latency_ms": 1405.965552330017,
      "context_chars": 3215.96
    },
    "6": {
      "n": 100,
      "em": 0.38,
      "f1": 0.45921500721500713,
      "containment": 0.4,
      "latency_ms": 1240.2382254600525,
      "context_chars": 3857.56
    }
  }
}