{
  "shard_index": 13,
  "shard_count": 37,
  "summary": {
    "0": {
      "n": 100,
      "em": 0.32,
      "f1": 0.45742857142857135,
      "containment": 0.36,
      "latency_ms": 941.9179224967957,
      "context_chars": 0.0
    },
    "1": {
      "n": 100,
      "em": 0.23,
      "f1": 0.3391760461760462,
      "containment": 0.26,
      "latency_ms": 1128.953082561493,
      "context_chars": 633.01
    },
    "2": {
      "n": 100,
      "em": 0.23,
      "f1": 0.35644588744588745,
      "containment": 0.29,
      "latency_ms": 1189.36683177948,
      "context_chars": 1267.64
    },
    "3": {
      "n": 100,
      "em": 0.27,
      "f1": 0.39901298701298693,
      "containment": 0.33,
      "latency_ms": 1263.237431049347,
      "context_chars": 1898.72
    },
    "4": {
      "n": 100,
      "em": 0.27,
      "f1": 0.42166233766233757,
      "containment": 0.35,
      "latency_ms": 1216.0321378707886,
      "context_chars": 2533.77
    },
    "5": {
      "n": 100,
      "em": 0.23,
      "f1": 0.39004978354978354,
      "containment": 0.31,
      "latency_ms": 1208.7732338905334,
      "context_chars": 3173.58
    },
    "6": {
      "n": 100,
      "em": 0.25,
      "f1": 0.4113831168831169,
      "containment": 0.33,
      "latency_ms": 1228.8911819458008,
      "context_chars": 3810.85
    }
  }
}