{
  "shard_index": 5,
  "shard_count": 37,
  "summary": {
    "0": {
      "n": 100,
      "em": 0.35,
      "f1": 0.49533333333333324,
      "containment": 0.42,
      "latency_ms": 954.6592688560486,
      "context_chars": 0.0
    },
    "1": {
      "n": 100,
      "em": 0.28,
      "f1": 0.3656142152421223,
      "containment": 0.33,
      "latency_ms": 1232.0329809188843,
      "context_chars": 639.31
    },
    "2": {
      "n": 100,
      "em": 0.33,
      "f1": 0.44289826839826846,
      "containment": 0.38,
      "latency_ms": 1186.3775444030762,
      "context_chars": 1279.06
    },
    "3": {
      "n": 100,
      "em": 0.34,
      "f1": 0.4627857142857143,
      "containment": 0.4,
      "latency_ms": 1167.4924659729004,
      "context_chars": 1924.67
    },
    "4": {
      "n": 100,
      "em": 0.32,
      "f1": 0.43400000000000005,
      "containment": 0.39,
      "latency_ms": 1330.2887296676636,
      "context_chars": 2568.15
    },
    "5": {
      "n": 100,
      "em": 0.32,
      "f1": 0.43888095238095237,
      "containment": 0.39,
      "latency_ms": 1178.0767798423767,
      "context_chars": 3212.06
    },
    "6": {
      "n": 100,
      "em": 0.31,
      "f1": 0.43654761904761913,
      "containment": 0.38,
      "latency_ms": 1188.4664011001587,
      "context_chars": 3852.52
    }
  }
}