{
  "shard_index": 30,
  "shard_count": 37,
  "summary": {
    "0": {
      "n": 100,
      "em": 0.41,
      "f1": 0.5401536796536797,
      "containment": 0.45,
      "latency_ms": 978.2867455482483,
      "context_chars": 0.0
    },
    "1": {
      "n": 100,
      "em": 0.39,
      "f1": 0.4972857142857143,
      "containment": 0.42,
      "latency_ms": 1140.4318070411682,
      "context_chars": 639.02
    },
    "2": {
      "n": 100,
      "em": 0.4,
      "f1": 0.5162380952380952,
      "containment": 0.43,
      "latency_ms": 1093.1292629241943,
      "context_chars": 1282.4
    },
    "3": {
      "n": 100,
      "em": 0.42,
      "f1": 0.5537619047619047,
      "containment": 0.45,
      "latency_ms": 1090.5516910552979,
      "context_chars": 1923.24
    },
    "4": {
      "n": 100,
      "em": 0.44,
      "f1": 0.5674285714285714,
      "containment": 0.46,
      "latency_ms": 1131.6862988471985,
      "context_chars": 2567.85
    },
    "5": {
      "n": 100,
      "em": 0.44,
      "f1": 0.5568268398268398,
      "containment": 0.45,
      "latency_ms": 1117.4553489685059,
      "context_chars": 3207.67
    },
    "6": {
      "n": 100,
      "em": 0.45,
      "f1": 0.5788095238095237,
      "containment": 0.47,
      "latency_ms": 1163.3199620246887,
      "context_chars": 3854.51
    }
  }
}