{
  "shard_index": 16,
  "shard_count": 37,
  "summary": {
    "0": {
      "n": 100,
      "em": 0.37,
      "f1": 0.4763441558441558,
      "containment": 0.41,
      "latency_ms": 955.2792692184448,
      "context_chars": 0.0
    },
    "1": {
      "n": 100,
      "em": 0.23,
      "f1": 0.3152051282051282,
      "containment": 0.28,
      "latency_ms": 1211.4010787010193,
      "context_chars": 635.98
    },
    "2": {
      "n": 100,
      "em": 0.27,
      "f1": 0.37392229992229986,
      "containment": 0.33,
      "latency_ms": 1190.9533143043518,
      "context_chars": 1270.93
    },
    "3": {
      "n": 100,
      "em": 0.29,
      "f1": 0.4126355866355865,
      "containment": 0.35,
      "latency_ms": 1283.6688828468323,
      "context_chars": 1912.8
    },
    "4": {
      "n": 100,
      "em": 0.31,
      "f1": 0.4206658896658896,
      "containment": 0.37,
      "latency_ms": 1217.492938041687,
      "context_chars": 2551.77
    },
    "5": {
      "n": 100,
      "em": 0.32,
      "f1": 0.4361543016370602,
      "containment": 0.38,
      "latency_ms": 1298.0018520355225,
      "context_chars": 3191.7
    },
    "6": {
      "n": 100,
      "em": 0.31,
      "f1": 0.4173002839454451,
      "containment": 0.37,
      "latency_ms": 1283.909010887146,
      "context_chars": 3838.62
    }
  }
}