{
  "shard_index": 34,
  "shard_count": 37,
  "summary": {
    "0": {
      "n": 100,
      "em": 0.3,
      "f1": 0.41334920634920636,
      "containment": 0.33,
      "latency_ms": 422.89970874786377,
      "context_chars": 0.0
    },
    "1": {
      "n": 100,
      "em": 0.32,
      "f1": 0.3761047008547008,
      "containment": 0.33,
      "latency_ms": 669.3179202079773,
      "context_chars": 639.13
    },
    "2": {
      "n": 100,
      "em": 0.36,
      "f1": 0.45163247863247863,
      "containment": 0.37,
      "latency_ms": 664.479296207428,
      "context_chars": 1281.98
    },
    "3": {
      "n": 100,
      "em": 0.41,
      "f1": 0.4901245421245421,
      "containment": 0.42,
      "latency_ms": 615.2896332740784,
      "context_chars": 1925.69
    },
    "4": {
      "n": 100,
      "em": 0.42,
      "f1": 0.5040575155838314,
      "containment": 0.46,
      "latency_ms": 671.4939117431641,
      "context_chars": 2571.12
    },
    "5": {
      "n": 100,
      "em": 0.41,
      "f1": 0.5106245421245421,
      "containment": 0.45,
      "latency_ms": 673.8182401657104,
      "context_chars": 3217.41
    },
    "6": {
      "n": 100,
      "em": 0.42,
      "f1": 0.5353547008547007,
      "containment": 0.48,
      "latency_ms": 670.7902669906616,
      "context_chars": 3856.03
    }
  }
}