{
  "shard_index": 31,
  "shard_count": 37,
  "summary": {
    "0": {
      "n": 100,
      "em": 0.33,
      "f1": 0.42186716791979945,
      "containment": 0.36,
      "latency_ms": 1002.4986553192139,
      "context_chars": 0.0
    },
    "1": {
      "n": 100,
      "em": 0.28,
      "f1": 0.36546031746031743,
      "containment": 0.31,
      "latency_ms": 1180.0657868385315,
      "context_chars": 635.66
    },
    "2": {
      "n": 100,
      "em": 0.29,
      "f1": 0.39802380952380956,
      "containment": 0.34,
      "latency_ms": 1232.5028562545776,
      "context_chars": 1279.03
    },
    "3": {
      "n": 100,
      "em": 0.3,
      "f1": 0.3971190476190476,
      "containment": 0.31,
      "latency_ms": 1183.443832397461,
      "context_chars": 1918.6
    },
    "4": {
      "n": 100,
      "em": 0.32,
      "f1": 0.4274220779220779,
      "containment": 0.35,
      "latency_ms": 1211.9000029563904,
      "context_chars": 2560.79
    },
    "5": {
      "n": 100,
      "em": 0.33,
      "f1": 0.44289826839826835,
      "containment": 0.37,
      "latency_ms": 1200.917637348175,
      "context_chars": 3201.97
    },
    "6": {
      "n": 100,
      "em": 0.33,
      "f1": 0.44439826839826835,
      "containment": 0.38,
      "latency_ms": 1207.0421028137207,
      "context_chars": 3843.46
    }
  }
}