{
  "shard_index": 3,
  "shard_count": 37,
  "summary": {
    "0": {
      "n": 100,
      "em": 0.37,
      "f1": 0.47407142857142837,
      "containment": 0.47,
      "latency_ms": 899.0714406967163,
      "context_chars": 0.0
    },
    "1": {
      "n": 100,
      "em": 0.26,
      "f1": 0.3302936507936508,
      "containment": 0.3,
      "latency_ms": 1077.6228833198547,
      "context_chars": 640.02
    },
    "2": {
      "n": 100,
      "em": 0.26,
      "f1": 0.33138888888888884,
      "containment": 0.32,
      "latency_ms": 1143.778042793274,
      "context_chars": 1280.07
    },
    "3": {
      "n": 100,
      "em": 0.27,
      "f1": 0.35855555555555546,
      "containment": 0.34,
      "latency_ms": 1195.169517993927,
      "context_chars": 1922.09
    },
    "4": {
      "n": 100,
      "em": 0.28,
      "f1": 0.3643888888888889,
      "containment": 0.35,
      "latency_ms": 1149.049096107483,
      "context_chars": 2562.13
    },
    "5": {
      "n": 100,
      "em": 0.3,
      "f1": 0.3956507936507937,
      "containment": 0.37,
      "latency_ms": 1286.3890528678894,
      "context_chars": 3210.94
    },
    "6": {
      "n": 100,
      "em": 0.28,
      "f1": 0.386484126984127,
      "containment": 0.38,
      "latency_ms": 1243.4312462806702,
      "context_chars": 3854.59
    }
  }
}