{
  "shard_index": 0,
  "shard_count": 37,
  "summary": {
    "0": {
      "n": 100,
      "em": 0.29,
      "f1": 0.4661825396825396,
      "containment": 0.39,
      "latency_ms": 1056.3135051727295,
      "context_chars": 0.0
    },
    "1": {
      "n": 100,
      "em": 0.27,
      "f1": 0.3927719298245613,
      "containment": 0.31,
      "latency_ms": 1193.0022168159485,
      "context_chars": 638.44
    },
    "2": {
      "n": 100,
      "em": 0.23,
      "f1": 0.3769047619047619,
      "containment": 0.3,
      "latency_ms": 1130.149269104004,
      "context_chars": 1273.65
    },
    "3": {
      "n": 100,
      "em": 0.29,
      "f1": 0.4371666666666667,
      "containment": 0.36,
      "latency_ms": 1161.9268560409546,
      "context_chars": 1912.17
    },
    "4": {
      "n": 100,
      "em": 0.28,
      "f1": 0.4363997113997114,
      "containment": 0.36,
      "latency_ms": 1271.0293769836426,
      "context_chars": 2549.69
    },
    "5": {
      "n": 100,
      "em": 0.28,
      "f1": 0.4398759018759018,
      "containment": 0.36,
      "latency_ms": 1256.0346126556396,
      "context_chars": 3189.76
    },
    "6": {
      "n": 100,
      "em": 0.3,
      "f1": 0.4486139971139971,
      "containment": 0.38,
      "latency_ms": 1292.324697971344,
      "context_chars": 3829.22
    }
  }
}