{
  "shard_index": 10,
  "shard_count": 37,
  "summary": {
    "0": {
      "n": 100,
      "em": 0.37,
      "f1": 0.46468681318681304,
      "containment": 0.34,
      "latency_ms": 888.1527757644653,
      "context_chars": 0.0
    },
    "1": {
      "n": 100,
      "em": 0.41,
      "f1": 0.4856418581418581,
      "containment": 0.44,
      "latency_ms": 1176.7269730567932,
      "context_chars": 632.3
    },
    "2": {
      "n": 100,
      "em": 0.4,
      "f1": 0.4833435897435897,
      "containment": 0.43,
      "latency_ms": 1168.6024808883667,
      "context_chars": 1273.9
    },
    "3": {
      "n": 100,
      "em": 0.44,
      "f1": 0.5170285714285714,
      "containment": 0.46,
      "latency_ms": 1289.112184047699,
      "context_chars": 1909.26
    },
    "4": {
      "n": 100,
      "em": 0.42,
      "f1": 0.5195194139194138,
      "containment": 0.48,
      "latency_ms": 1266.0784220695496,
      "context_chars": 2552.66
    },
    "5": {
      "n": 100,
      "em": 0.41,
      "f1": 0.5125578754578753,
      "containment": 0.46,
      "latency_ms": 1293.2190537452698,
      "context_chars": 3189.8
    },
    "6": {
      "n": 100,
      "em": 0.42,
      "f1": 0.5216860805860805,
      "containment": 0.47,
      "latency_ms": 1294.127106666565,
      "context_chars": 3820.99
    }
  }
}