{
  "dataset": "nq_test",
  "retriever": "SPLADE",
  "rag_variant": "SPLADE_Llama70B_PromptB_k0to6",
  "num_examples": 3610,
  "shots": {
    "0": {
      "n": 3610,
      "em": 0.34515235457063714,
      "f1": 0.4852769433464413,
      "containment": 0.4246537396121884,
      "latency_ms": 2372.3455615981466,
      "context_chars": 0.0
    },
    "1": {
      "n": 3610,
      "em": 0.2725761772853186,
      "f1": 0.3625006452405621,
      "containment": 0.3149584487534626,
      "latency_ms": 2460.119063240009,
      "context_chars": 637.790027700831
    },
    "2": {
      "n": 3610,
      "em": 0.3185595567867036,
      "f1": 0.4202105172228805,
      "containment": 0.37590027700831025,
      "latency_ms": 2554.2999618271383,
      "context_chars": 1278.7573407202217
    },
    "3": {
      "n": 3610,
      "em": 0.3512465373961219,
      "f1": 0.460294654973304,
      "containment": 0.4121883656509695,
      "latency_ms": 2526.6354308564246,
      "context_chars": 1919.5894736842106
    },
    "4": {
      "n": 3610,
      "em": 0.35844875346260385,
      "f1": 0.473277393805022,
      "containment": 0.42437673130193904,
      "latency_ms": 2578.9848779377185,
      "context_chars": 2562.112188365651
    },
    "5": {
      "n": 3610,
      "em": 0.36786703601108034,
      "f1": 0.4864140331210471,
      "containment": 0.4393351800554017,
      "latency_ms": 2603.8783848120565,
      "context_chars": 3203.37811634349
    },
    "6": {
      "n": 3610,
      "em": 0.3734072022160665,
      "f1": 0.49412003976865704,
      "containment": 0.4454293628808864,
      "latency_ms": 2598.4726941486474,
      "context_chars": 3844.554293628809
    }
  }
}