{
  "shard_index": 36,
  "shard_count": 37,
  "summary": {
    "0": {
      "n": 10,
      "em": 0.4,
      "f1": 0.5666666666666667,
      "containment": 0.7,
      "latency_ms": 940.1940584182739,
      "context_chars": 0.0
    },
    "1": {
      "n": 10,
      "em": 0.3,
      "f1": 0.4666666666666666,
      "containment": 0.5,
      "latency_ms": 1110.4866743087769,
      "context_chars": 645.0
    },
    "2": {
      "n": 10,
      "em": 0.5,
      "f1": 0.6666666666666666,
      "containment": 0.7,
      "latency_ms": 1002.7025461196899,
      "context_chars": 1297.5
    },
    "3": {
      "n": 10,
      "em": 0.3,
      "f1": 0.5666666666666667,
      "containment": 0.6,
      "latency_ms": 1207.9631805419922,
      "context_chars": 1940.6
    },
    "4": {
      "n": 10,
      "em": 0.4,
      "f1": 0.5166666666666666,
      "containment": 0.6,
      "latency_ms": 1004.2251586914062,
      "context_chars": 2614.7
    },
    "5": {
      "n": 10,
      "em": 0.4,
      "f1": 0.5166666666666666,
      "containment": 0.6,
      "latency_ms": 1223.0918645858765,
      "context_chars": 3272.3
    },
    "6": {
      "n": 10,
      "em": 0.3,
      "f1": 0.4348484848484849,
      "containment": 0.6,
      "latency_ms": 1517.7013874053955,
      "context_chars": 3931.9
    }
  }
}