{
  "shard_index": 14,
  "shard_count": 37,
  "summary": {
    "0": {
      "n": 100,
      "em": 0.35,
      "f1": 0.4853809523809523,
      "containment": 0.39,
      "latency_ms": 2164.9049615859985,
      "context_chars": 0.0
    },
    "1": {
      "n": 100,
      "em": 0.23,
      "f1": 0.3451868131868131,
      "containment": 0.29,
      "latency_ms": 2395.6549525260925,
      "context_chars": 646.65
    },
    "2": {
      "n": 100,
      "em": 0.31,
      "f1": 0.4388137973137973,
      "containment": 0.37,
      "latency_ms": 2488.418140411377,
      "context_chars": 1292.78
    },
    "3": {
      "n": 100,
      "em": 0.37,
      "f1": 0.48553174603174604,
      "containment": 0.41,
      "latency_ms": 2377.9131650924683,
      "context_chars": 1937.72
    },
    "4": {
      "n": 100,
      "em": 0.37,
      "f1": 0.5004566544566543,
      "containment": 0.42,
      "latency_ms": 2502.5361704826355,
      "context_chars": 2579.3
    },
    "5": {
      "n": 100,
      "em": 0.37,
      "f1": 0.5004566544566543,
      "containment": 0.42,
      "latency_ms": 2601.627597808838,
      "context_chars": 3224.99
    },
    "6": {
      "n": 100,
      "em": 0.36,
      "f1": 0.5005677655677655,
      "containment": 0.42,
      "latency_ms": 2649.8532462120056,
      "context_chars": 3862.03
    }
  }
}