{
  "shard_index": 4,
  "shard_count": 37,
  "summary": {
    "0": {
      "n": 100,
      "em": 0.37,
      "f1": 0.5117857142857141,
      "containment": 0.44,
      "latency_ms": 2329.4121384620667,
      "context_chars": 0.0
    },
    "1": {
      "n": 100,
      "em": 0.29,
      "f1": 0.36308730158730157,
      "containment": 0.35,
      "latency_ms": 2337.308897972107,
      "context_chars": 638.44
    },
    "2": {
      "n": 100,
      "em": 0.32,
      "f1": 0.4065547201336674,
      "containment": 0.37,
      "latency_ms": 2701.7267060279846,
      "context_chars": 1280.3
    },
    "3": {
      "n": 100,
      "em": 0.33,
      "f1": 0.4404436090225563,
      "containment": 0.4,
      "latency_ms": 2622.7015471458435,
      "context_chars": 1915.92
    },
    "4": {
      "n": 100,
      "em": 0.38,
      "f1": 0.45672932330827054,
      "containment": 0.42,
      "latency_ms": 2595.272436141968,
      "context_chars": 2550.85
    },
    "5": {
      "n": 100,
      "em": 0.38,
      "f1": 0.4738404344193817,
      "containment": 0.44,
      "latency_ms": 2691.387233734131,
      "context_chars": 3187.86
    },
    "6": {
      "n": 100,
      "em": 0.35,
      "f1": 0.47477694235588963,
      "containment": 0.45,
      "latency_ms": 2706.4591670036316,
      "context_chars": 3826.68
    }
  }
}