{
  "shard_index": 0,
  "shard_count": 37,
  "summary": {
    "0": {
      "n": 100,
      "em": 0.26,
      "f1": 0.44928643578643573,
      "containment": 0.37,
      "latency_ms": 2381.9797039031982,
      "context_chars": 0.0
    },
    "1": {
      "n": 100,
      "em": 0.27,
      "f1": 0.3927719298245613,
      "containment": 0.31,
      "latency_ms": 2213.7931752204895,
      "context_chars": 638.44
    },
    "2": {
      "n": 100,
      "em": 0.23,
      "f1": 0.3769047619047619,
      "containment": 0.3,
      "latency_ms": 2243.526599407196,
      "context_chars": 1273.65
    },
    "3": {
      "n": 100,
      "em": 0.29,
      "f1": 0.4371666666666667,
      "containment": 0.36,
      "latency_ms": 2295.5097246170044,
      "context_chars": 1912.17
    },
    "4": {
      "n": 100,
      "em": 0.29,
      "f1": 0.44639971139971135,
      "containment": 0.37,
      "latency_ms": 2686.115357875824,
      "context_chars": 2549.69
    },
    "5": {
      "n": 100,
      "em": 0.27,
      "f1": 0.42987590187590186,
      "containment": 0.35,
      "latency_ms": 2510.837905406952,
      "context_chars": 3189.76
    },
    "6": {
      "n": 100,
      "em": 0.3,
      "f1": 0.4534624819624819,
      "containment": 0.38,
      "latency_ms": 2593.987991809845,
      "context_chars": 3829.22
    }
  }
}