{
  "shard_index": 19,
  "shard_count": 37,
  "summary": {
    "0": {
      "n": 100,
      "em": 0.29,
      "f1": 0.3943161531279178,
      "containment": 0.33,
      "latency_ms": 2531.1517930030823,
      "context_chars": 0.0
    },
    "1": {
      "n": 100,
      "em": 0.3,
      "f1": 0.3587478991596638,
      "containment": 0.3,
      "latency_ms": 2349.453544616699,
      "context_chars": 631.58
    },
    "2": {
      "n": 100,
      "em": 0.34,
      "f1": 0.4065317819435466,
      "containment": 0.34,
      "latency_ms": 2800.155942440033,
      "context_chars": 1266.03
    },
    "3": {
      "n": 100,
      "em": 0.38,
      "f1": 0.4541595735068219,
      "containment": 0.39,
      "latency_ms": 2732.3675537109375,
      "context_chars": 1903.14
    },
    "4": {
      "n": 100,
      "em": 0.36,
      "f1": 0.4627045177045175,
      "containment": 0.43,
      "latency_ms": 2820.8397722244263,
      "context_chars": 2543.08
    },
    "5": {
      "n": 100,
      "em": 0.38,
      "f1": 0.46871428571428553,
      "containment": 0.41,
      "latency_ms": 2600.878517627716,
      "context_chars": 3181.75
    },
    "6": {
      "n": 100,
      "em": 0.39,
      "f1": 0.4897203463203461,
      "containment": 0.45,
      "latency_ms": 2685.5231618881226,
      "context_chars": 3818.81
    }
  }
}