{
  "shard_index": 9,
  "shard_count": 37,
  "summary": {
    "0": {
      "n": 100,
      "em": 0.38,
      "f1": 0.5262356532356531,
      "containment": 0.41,
      "latency_ms": 2404.389626979828,
      "context_chars": 0.0
    },
    "1": {
      "n": 100,
      "em": 0.26,
      "f1": 0.3701998556998557,
      "containment": 0.3,
      "latency_ms": 2607.6435589790344,
      "context_chars": 639.32
    },
    "2": {
      "n": 100,
      "em": 0.32,
      "f1": 0.4321760461760462,
      "containment": 0.34,
      "latency_ms": 2466.800353527069,
      "context_chars": 1284.01
    },
    "3": {
      "n": 100,
      "em": 0.36,
      "f1": 0.4584942279942279,
      "containment": 0.36,
      "latency_ms": 2484.8641753196716,
      "context_chars": 1927.06
    },
    "4": {
      "n": 100,
      "em": 0.38,
      "f1": 0.4818982683982684,
      "containment": 0.38,
      "latency_ms": 2538.6891388893127,
      "context_chars": 2573.98
    },
    "5": {
      "n": 100,
      "em": 0.39,
      "f1": 0.4872316017316017,
      "containment": 0.38,
      "latency_ms": 2531.7839550971985,
      "context_chars": 3215.66
    },
    "6": {
      "n": 100,
      "em": 0.4,
      "f1": 0.5097554112554112,
      "containment": 0.42,
      "latency_ms": 2618.450183868408,
      "context_chars": 3854.98
    }
  }
}