{
  "shard_index": 26,
  "shard_count": 37,
  "summary": {
    "0": {
      "n": 100,
      "em": 0.33,
      "f1": 0.4790887445887445,
      "containment": 0.42,
      "latency_ms": 2387.970130443573,
      "context_chars": 0.0
    },
    "1": {
      "n": 100,
      "em": 0.21,
      "f1": 0.31578715728715734,
      "containment": 0.26,
      "latency_ms": 2648.8449478149414,
      "context_chars": 644.78
    },
    "2": {
      "n": 100,
      "em": 0.27,
      "f1": 0.3960095976375046,
      "containment": 0.35,
      "latency_ms": 2899.101686477661,
      "context_chars": 1291.73
    },
    "3": {
      "n": 100,
      "em": 0.31,
      "f1": 0.43104906204906207,
      "containment": 0.38,
      "latency_ms": 2593.819453716278,
      "context_chars": 1940.27
    },
    "4": {
      "n": 100,
      "em": 0.34,
      "f1": 0.45590620490620487,
      "containment": 0.42,
      "latency_ms": 2577.8597164154053,
      "context_chars": 2582.64
    },
    "5": {
      "n": 100,
      "em": 0.38,
      "f1": 0.4999062049062048,
      "containment": 0.45,
      "latency_ms": 2615.5810618400574,
      "context_chars": 3230.02
    },
    "6": {
      "n": 100,
      "em": 0.36,
      "f1": 0.4961248196248196,
      "containment": 0.46,
      "latency_ms": 2805.926809310913,
      "context_chars": 3871.11
    }
  }
}