{
  "shard_index": 28,
  "shard_count": 37,
  "summary": {
    "0": {
      "n": 100,
      "em": 0.34,
      "f1": 0.5036385825914127,
      "containment": 0.45,
      "latency_ms": 2929.6879649162292,
      "context_chars": 0.0
    },
    "1": {
      "n": 100,
      "em": 0.27,
      "f1": 0.3519523809523809,
      "containment": 0.31,
      "latency_ms": 2483.815701007843,
      "context_chars": 641.93
    },
    "2": {
      "n": 100,
      "em": 0.28,
      "f1": 0.38229581529581536,
      "containment": 0.34,
      "latency_ms": 2664.405689239502,
      "context_chars": 1279.08
    },
    "3": {
      "n": 100,
      "em": 0.25,
      "f1": 0.36129581529581534,
      "containment": 0.32,
      "latency_ms": 2807.2740149497986,
      "context_chars": 1922.74
    },
    "4": {
      "n": 100,
      "em": 0.3,
      "f1": 0.40504040404040403,
      "containment": 0.36,
      "latency_ms": 2691.4540362358093,
      "context_chars": 2567.18
    },
    "5": {
      "n": 100,
      "em": 0.28,
      "f1": 0.391040404040404,
      "containment": 0.33,
      "latency_ms": 2661.229910850525,
      "context_chars": 3213.03
    },
    "6": {
      "n": 100,
      "em": 0.29,
      "f1": 0.39515151515151514,
      "containment": 0.34,
      "latency_ms": 2717.8891038894653,
      "context_chars": 3849.07
    }
  }
}