{
  "shard_index": 10,
  "shard_count": 37,
  "summary": {
    "0": {
      "n": 100,
      "em": 0.4,
      "f1": 0.520718559218559,
      "containment": 0.4,
      "latency_ms": 2242.867579460144,
      "context_chars": 0.0
    },
    "1": {
      "n": 100,
      "em": 0.41,
      "f1": 0.4891117216117216,
      "containment": 0.44,
      "latency_ms": 2468.833911418915,
      "context_chars": 632.3
    },
    "2": {
      "n": 100,
      "em": 0.4,
      "f1": 0.4833435897435897,
      "containment": 0.43,
      "latency_ms": 2495.9466791152954,
      "context_chars": 1273.9
    },
    "3": {
      "n": 100,
      "em": 0.43,
      "f1": 0.5145285714285713,
      "containment": 0.45,
      "latency_ms": 2654.586112499237,
      "context_chars": 1909.26
    },
    "4": {
      "n": 100,
      "em": 0.43,
      "f1": 0.5245194139194138,
      "containment": 0.49,
      "latency_ms": 2723.8184928894043,
      "context_chars": 2552.66
    },
    "5": {
      "n": 100,
      "em": 0.41,
      "f1": 0.5125578754578753,
      "containment": 0.46,
      "latency_ms": 2739.8912501335144,
      "context_chars": 3189.8
    },
    "6": {
      "n": 100,
      "em": 0.42,
      "f1": 0.5216860805860805,
      "containment": 0.47,
      "latency_ms": 2816.4651441574097,
      "context_chars": 3820.99
    }
  }
}