{
  "shard_index": 18,
  "shard_count": 37,
  "summary": {
    "0": {
      "n": 100,
      "em": 0.33,
      "f1": 0.5271608946608946,
      "containment": 0.44,
      "latency_ms": 2423.17999124527,
      "context_chars": 0.0
    },
    "1": {
      "n": 100,
      "em": 0.26,
      "f1": 0.4113095238095238,
      "containment": 0.34,
      "latency_ms": 2493.3675861358643,
      "context_chars": 632.65
    },
    "2": {
      "n": 100,
      "em": 0.31,
      "f1": 0.47264285714285714,
      "containment": 0.4,
      "latency_ms": 2478.3507418632507,
      "context_chars": 1270.94
    },
    "3": {
      "n": 100,
      "em": 0.33,
      "f1": 0.49507142857142844,
      "containment": 0.4,
      "latency_ms": 2544.3240237236023,
      "context_chars": 1919.72
    },
    "4": {
      "n": 100,
      "em": 0.36,
      "f1": 0.5002142857142856,
      "containment": 0.43,
      "latency_ms": 2480.1836347579956,
      "context_chars": 2562.99
    },
    "5": {
      "n": 100,
      "em": 0.37,
      "f1": 0.5095476190476189,
      "containment": 0.43,
      "latency_ms": 2505.541043281555,
      "context_chars": 3204.62
    },
    "6": {
      "n": 100,
      "em": 0.34,
      "f1": 0.4898333333333331,
      "containment": 0.42,
      "latency_ms": 2425.0659012794495,
      "context_chars": 3843.22
    }
  }
}