{
  "shard_index": 29,
  "shard_count": 37,
  "summary": {
    "0": {
      "n": 100,
      "em": 0.33,
      "f1": 0.4967302214693518,
      "containment": 0.39,
      "latency_ms": 2518.1297731399536,
      "context_chars": 0.0
    },
    "1": {
      "n": 100,
      "em": 0.33,
      "f1": 0.43683760683760675,
      "containment": 0.36,
      "latency_ms": 2558.7385153770447,
      "context_chars": 639.11
    },
    "2": {
      "n": 100,
      "em": 0.38,
      "f1": 0.48547252747252734,
      "containment": 0.43,
      "latency_ms": 2549.3619108200073,
      "context_chars": 1284.7
    },
    "3": {
      "n": 100,
      "em": 0.4,
      "f1": 0.5141088911088909,
      "containment": 0.43,
      "latency_ms": 2502.507882118225,
      "context_chars": 1918.42
    },
    "4": {
      "n": 100,
      "em": 0.38,
      "f1": 0.5154725274725273,
      "containment": 0.43,
      "latency_ms": 2461.2082505226135,
      "context_chars": 2558.62
    },
    "5": {
      "n": 100,
      "em": 0.39,
      "f1": 0.5222084582084581,
      "containment": 0.46,
      "latency_ms": 2539.528548717499,
      "context_chars": 3199.68
    },
    "6": {
      "n": 100,
      "em": 0.38,
      "f1": 0.5154328449328448,
      "containment": 0.45,
      "latency_ms": 2625.952353477478,
      "context_chars": 3845.7
    }
  }
}