{
  "shard_index": 6,
  "shard_count": 37,
  "summary": {
    "0": {
      "n": 100,
      "em": 0.36,
      "f1": 0.5077765567765568,
      "containment": 0.43,
      "latency_ms": 2217.699408531189,
      "context_chars": 0.0
    },
    "1": {
      "n": 100,
      "em": 0.22,
      "f1": 0.32936507936507936,
      "containment": 0.31,
      "latency_ms": 2647.024064064026,
      "context_chars": 641.61
    },
    "2": {
      "n": 100,
      "em": 0.25,
      "f1": 0.37481886534518116,
      "containment": 0.36,
      "latency_ms": 2654.3642807006836,
      "context_chars": 1284.93
    },
    "3": {
      "n": 100,
      "em": 0.27,
      "f1": 0.39163708513708523,
      "containment": 0.37,
      "latency_ms": 2727.313849925995,
      "context_chars": 1927.41
    },
    "4": {
      "n": 100,
      "em": 0.27,
      "f1": 0.4045259740259741,
      "containment": 0.38,
      "latency_ms": 2628.3568024635315,
      "context_chars": 2572.75
    },
    "5": {
      "n": 100,
      "em": 0.3,
      "f1": 0.4300086580086581,
      "containment": 0.41,
      "latency_ms": 2723.7958574295044,
      "context_chars": 3209.35
    },
    "6": {
      "n": 100,
      "em": 0.34,
      "f1": 0.46675865800865796,
      "containment": 0.45,
      "latency_ms": 2785.790557861328,
      "context_chars": 3850.88
    }
  }
}