{
  "shard_index": 25,
  "shard_count": 37,
  "summary": {
    "0": {
      "n": 100,
      "em": 0.38,
      "f1": 0.5273706004140785,
      "containment": 0.47,
      "latency_ms": 2289.413719177246,
      "context_chars": 0.0
    },
    "1": {
      "n": 100,
      "em": 0.36,
      "f1": 0.4298831168831169,
      "containment": 0.39,
      "latency_ms": 2382.7267479896545,
      "context_chars": 631.82
    },
    "2": {
      "n": 100,
      "em": 0.37,
      "f1": 0.48427272727272724,
      "containment": 0.45,
      "latency_ms": 2485.8486580848694,
      "context_chars": 1278.01
    },
    "3": {
      "n": 100,
      "em": 0.39,
      "f1": 0.491945387945388,
      "containment": 0.45,
      "latency_ms": 2573.8144183158875,
      "context_chars": 1920.28
    },
    "4": {
      "n": 100,
      "em": 0.38,
      "f1": 0.4904069264069264,
      "containment": 0.45,
      "latency_ms": 2623.8519167900085,
      "context_chars": 2557.32
    },
    "5": {
      "n": 100,
      "em": 0.39,
      "f1": 0.4951529581529581,
      "containment": 0.46,
      "latency_ms": 2635.0183296203613,
      "context_chars": 3203.47
    },
    "6": {
      "n": 100,
      "em": 0.39,
      "f1": 0.49396248196248194,
      "containment": 0.46,
      "latency_ms": 2586.1028623580933,
      "context_chars": 3840.91
    }
  }
}