{
  "shard_index": 15,
  "shard_count": 37,
  "summary": {
    "0": {
      "n": 100,
      "em": 0.28,
      "f1": 0.40673680908463516,
      "containment": 0.34,
      "latency_ms": 2545.9167551994324,
      "context_chars": 0.0
    },
    "1": {
      "n": 100,
      "em": 0.19,
      "f1": 0.2590793650793651,
      "containment": 0.22,
      "latency_ms": 2517.7866673469543,
      "context_chars": 636.14
    },
    "2": {
      "n": 100,
      "em": 0.26,
      "f1": 0.3476666666666667,
      "containment": 0.28,
      "latency_ms": 2574.0289211273193,
      "context_chars": 1273.51
    },
    "3": {
      "n": 100,
      "em": 0.28,
      "f1": 0.3673015873015873,
      "containment": 0.3,
      "latency_ms": 2463.6547327041626,
      "context_chars": 1914.45
    },
    "4": {
      "n": 100,
      "em": 0.29,
      "f1": 0.3861904761904762,
      "containment": 0.33,
      "latency_ms": 2612.431960105896,
      "context_chars": 2555.58
    },
    "5": {
      "n": 100,
      "em": 0.32,
      "f1": 0.4200183792815371,
      "containment": 0.35,
      "latency_ms": 2673.2637310028076,
      "context_chars": 3201.43
    },
    "6": {
      "n": 100,
      "em": 0.34,
      "f1": 0.4427857142857142,
      "containment": 0.37,
      "latency_ms": 2576.683542728424,
      "context_chars": 3844.74
    }
  }
}