{
  "shard_index": 34,
  "shard_count": 37,
  "summary": {
    "0": {
      "n": 100,
      "em": 0.3,
      "f1": 0.42673232323232324,
      "containment": 0.36,
      "latency_ms": 2013.0720806121826,
      "context_chars": 0.0
    },
    "1": {
      "n": 100,
      "em": 0.31,
      "f1": 0.3761047008547008,
      "containment": 0.32,
      "latency_ms": 2252.364115715027,
      "context_chars": 639.13
    },
    "2": {
      "n": 100,
      "em": 0.35,
      "f1": 0.4416324786324786,
      "containment": 0.36,
      "latency_ms": 2433.3310079574585,
      "context_chars": 1281.98
    },
    "3": {
      "n": 100,
      "em": 0.41,
      "f1": 0.4901245421245421,
      "containment": 0.42,
      "latency_ms": 2163.2859563827515,
      "context_chars": 1925.69
    },
    "4": {
      "n": 100,
      "em": 0.42,
      "f1": 0.5032882848146006,
      "containment": 0.46,
      "latency_ms": 2441.7578053474426,
      "context_chars": 2571.12
    },
    "5": {
      "n": 100,
      "em": 0.41,
      "f1": 0.5106245421245421,
      "containment": 0.45,
      "latency_ms": 2330.4696083068848,
      "context_chars": 3217.41
    },
    "6": {
      "n": 100,
      "em": 0.42,
      "f1": 0.5353547008547007,
      "containment": 0.48,
      "latency_ms": 2378.292169570923,
      "context_chars": 3856.03
    }
  }
}