{
  "shard_index": 22,
  "shard_count": 37,
  "summary": {
    "0": {
      "n": 100,
      "em": 0.32,
      "f1": 0.4881981351981352,
      "containment": 0.43,
      "latency_ms": 2538.9749574661255,
      "context_chars": 0.0
    },
    "1": {
      "n": 100,
      "em": 0.28,
      "f1": 0.3593058608058608,
      "containment": 0.33,
      "latency_ms": 2594.6679401397705,
      "context_chars": 633.64
    },
    "2": {
      "n": 100,
      "em": 0.33,
      "f1": 0.4158931623931624,
      "containment": 0.41,
      "latency_ms": 2694.1610956192017,
      "context_chars": 1270.94
    },
    "3": {
      "n": 100,
      "em": 0.33,
      "f1": 0.42700824175824176,
      "containment": 0.39,
      "latency_ms": 2658.1467485427856,
      "context_chars": 1913.26
    },
    "4": {
      "n": 100,
      "em": 0.34,
      "f1": 0.4380360195360195,
      "containment": 0.42,
      "latency_ms": 2757.4838519096375,
      "context_chars": 2552.84
    },
    "5": {
      "n": 100,
      "em": 0.36,
      "f1": 0.44981379731379734,
      "containment": 0.41,
      "latency_ms": 2654.555366039276,
      "context_chars": 3194.9
    },
    "6": {
      "n": 100,
      "em": 0.38,
      "f1": 0.4753296703296702,
      "containment": 0.45,
      "latency_ms": 2677.13853597641,
      "context_chars": 3832.27
    }
  }
}