{
  "shard_index": 35,
  "shard_count": 37,
  "summary": {
    "0": {
      "n": 100,
      "em": 0.35,
      "f1": 0.4400959595959595,
      "containment": 0.39,
      "latency_ms": 1357.8839635849,
      "context_chars": 0.0
    },
    "1": {
      "n": 100,
      "em": 0.21,
      "f1": 0.26205555555555554,
      "containment": 0.23,
      "latency_ms": 1546.3449573516846,
      "context_chars": 641.32
    },
    "2": {
      "n": 100,
      "em": 0.26,
      "f1": 0.3328015873015873,
      "containment": 0.3,
      "latency_ms": 1560.521149635315,
      "context_chars": 1282.71
    },
    "3": {
      "n": 100,
      "em": 0.32,
      "f1": 0.3872777777777777,
      "containment": 0.36,
      "latency_ms": 1541.391453742981,
      "context_chars": 1927.62
    },
    "4": {
      "n": 100,
      "em": 0.32,
      "f1": 0.3954682539682539,
      "containment": 0.38,
      "latency_ms": 1607.3853611946106,
      "context_chars": 2569.91
    },
    "5": {
      "n": 100,
      "em": 0.31,
      "f1": 0.4084047619047618,
      "containment": 0.39,
      "latency_ms": 1659.797978401184,
      "context_chars": 3214.62
    },
    "6": {
      "n": 100,
      "em": 0.32,
      "f1": 0.4014126984126984,
      "containment": 0.37,
      "latency_ms": 1784.918658733368,
      "context_chars": 3862.4
    }
  }
}