{
  "shard_index": 33,
  "shard_count": 37,
  "summary": {
    "0": {
      "n": 100,
      "em": 0.4,
      "f1": 0.5153219576719575,
      "containment": 0.43,
      "latency_ms": 2725.1232266426086,
      "context_chars": 0.0
    },
    "1": {
      "n": 100,
      "em": 0.27,
      "f1": 0.3539796918767507,
      "containment": 0.28,
      "latency_ms": 2349.9005460739136,
      "context_chars": 634.89
    },
    "2": {
      "n": 100,
      "em": 0.31,
      "f1": 0.4158606442577031,
      "containment": 0.34,
      "latency_ms": 2404.8369574546814,
      "context_chars": 1277.15
    },
    "3": {
      "n": 100,
      "em": 0.32,
      "f1": 0.4404439775910364,
      "containment": 0.35,
      "latency_ms": 2382.932162284851,
      "context_chars": 1913.75
    },
    "4": {
      "n": 100,
      "em": 0.36,
      "f1": 0.46227731092436974,
      "containment": 0.39,
      "latency_ms": 2693.3212518692017,
      "context_chars": 2558.0
    },
    "5": {
      "n": 100,
      "em": 0.36,
      "f1": 0.47040826330532215,
      "containment": 0.39,
      "latency_ms": 2428.9146280288696,
      "context_chars": 3195.73
    },
    "6": {
      "n": 100,
      "em": 0.39,
      "f1": 0.49094397759103636,
      "containment": 0.41,
      "latency_ms": 2621.3161945343018,
      "context_chars": 3842.15
    }
  }
}