{
  "shard_index": 27,
  "shard_count": 37,
  "summary": {
    "0": {
      "n": 100,
      "em": 0.31,
      "f1": 0.47963369963369956,
      "containment": 0.41,
      "latency_ms": 2536.0065960884094,
      "context_chars": 0.0
    },
    "1": {
      "n": 100,
      "em": 0.24,
      "f1": 0.32546031746031745,
      "containment": 0.28,
      "latency_ms": 2303.399360179901,
      "context_chars": 639.52
    },
    "2": {
      "n": 100,
      "em": 0.31,
      "f1": 0.40525396825396826,
      "containment": 0.34,
      "latency_ms": 2439.905881881714,
      "context_chars": 1279.61
    },
    "3": {
      "n": 100,
      "em": 0.36,
      "f1": 0.47058730158730155,
      "containment": 0.39,
      "latency_ms": 2337.4164986610413,
      "context_chars": 1914.29
    },
    "4": {
      "n": 100,
      "em": 0.34,
      "f1": 0.4689682539682539,
      "containment": 0.39,
      "latency_ms": 2472.3848748207092,
      "context_chars": 2552.53
    },
    "5": {
      "n": 100,
      "em": 0.34,
      "f1": 0.47030158730158733,
      "containment": 0.4,
      "latency_ms": 2462.6322865486145,
      "context_chars": 3191.52
    },
    "6": {
      "n": 100,
      "em": 0.32,
      "f1": 0.461968253968254,
      "containment": 0.39,
      "latency_ms": 2415.5447125434875,
      "context_chars": 3827.65
    }
  }
}