{
  "shard_index": 12,
  "shard_count": 37,
  "summary": {
    "0": {
      "n": 100,
      "em": 0.43,
      "f1": 0.586547619047619,
      "containment": 0.54,
      "latency_ms": 2384.889199733734,
      "context_chars": 0.0
    },
    "1": {
      "n": 100,
      "em": 0.35,
      "f1": 0.41377655677655684,
      "containment": 0.35,
      "latency_ms": 2679.895520210266,
      "context_chars": 632.93
    },
    "2": {
      "n": 100,
      "em": 0.39,
      "f1": 0.47411904761904755,
      "containment": 0.42,
      "latency_ms": 2384.508969783783,
      "context_chars": 1267.6
    },
    "3": {
      "n": 100,
      "em": 0.44,
      "f1": 0.5088571428571428,
      "containment": 0.45,
      "latency_ms": 2434.1273498535156,
      "context_chars": 1908.3
    },
    "4": {
      "n": 100,
      "em": 0.44,
      "f1": 0.5249047619047618,
      "containment": 0.48,
      "latency_ms": 2517.2954988479614,
      "context_chars": 2553.59
    },
    "5": {
      "n": 100,
      "em": 0.43,
      "f1": 0.5306825396825395,
      "containment": 0.51,
      "latency_ms": 2446.3877511024475,
      "context_chars": 3194.86
    },
    "6": {
      "n": 100,
      "em": 0.43,
      "f1": 0.5367301587301586,
      "containment": 0.52,
      "latency_ms": 2558.1177163124084,
      "context_chars": 3833.38
    }
  }
}