{
  "shard_index": 8,
  "shard_count": 37,
  "summary": {
    "0": {
      "n": 100,
      "em": 0.36,
      "f1": 0.4810476190476189,
      "containment": 0.44,
      "latency_ms": 2460.602490901947,
      "context_chars": 0.0
    },
    "1": {
      "n": 100,
      "em": 0.24,
      "f1": 0.319984126984127,
      "containment": 0.26,
      "latency_ms": 2626.200258731842,
      "context_chars": 641.38
    },
    "2": {
      "n": 100,
      "em": 0.3,
      "f1": 0.3867063492063492,
      "containment": 0.35,
      "latency_ms": 2602.7213096618652,
      "context_chars": 1281.08
    },
    "3": {
      "n": 100,
      "em": 0.28,
      "f1": 0.3652871572871573,
      "containment": 0.33,
      "latency_ms": 2639.388008117676,
      "context_chars": 1921.93
    },
    "4": {
      "n": 100,
      "em": 0.28,
      "f1": 0.38017604617604617,
      "containment": 0.34,
      "latency_ms": 2675.6379103660583,
      "context_chars": 2558.71
    },
    "5": {
      "n": 100,
      "em": 0.27,
      "f1": 0.3637075147075147,
      "containment": 0.33,
      "latency_ms": 2762.1252584457397,
      "context_chars": 3199.14
    },
    "6": {
      "n": 100,
      "em": 0.26,
      "f1": 0.37063059163059164,
      "containment": 0.32,
      "latency_ms": 2706.7816734313965,
      "context_chars": 3837.22
    }
  }
}