{
  "shard_index": 1,
  "shard_count": 37,
  "summary": {
    "0": {
      "n": 100,
      "em": 0.32,
      "f1": 0.4463333333333333,
      "containment": 0.42,
      "latency_ms": 2234.5119547843933,
      "context_chars": 0.0
    },
    "1": {
      "n": 100,
      "em": 0.25,
      "f1": 0.35244047619047614,
      "containment": 0.3,
      "latency_ms": 2520.827486515045,
      "context_chars": 636.11
    },
    "2": {
      "n": 100,
      "em": 0.28,
      "f1": 0.40294841269841264,
      "containment": 0.36,
      "latency_ms": 2526.4129638671875,
      "context_chars": 1276.43
    },
    "3": {
      "n": 100,
      "em": 0.32,
      "f1": 0.43094841269841266,
      "containment": 0.39,
      "latency_ms": 2587.858510017395,
      "context_chars": 1918.81
    },
    "4": {
      "n": 100,
      "em": 0.32,
      "f1": 0.4274880952380953,
      "containment": 0.4,
      "latency_ms": 2663.523609638214,
      "context_chars": 2556.36
    },
    "5": {
      "n": 100,
      "em": 0.31,
      "f1": 0.43110714285714286,
      "containment": 0.4,
      "latency_ms": 2703.285689353943,
      "context_chars": 3201.3
    },
    "6": {
      "n": 100,
      "em": 0.34,
      "f1": 0.45872619047619045,
      "containment": 0.44,
      "latency_ms": 2683.674283027649,
      "context_chars": 3841.6
    }
  }
}