{
  "shard_index": 32,
  "shard_count": 37,
  "summary": {
    "0": {
      "n": 100,
      "em": 0.26,
      "f1": 0.42140685045948195,
      "containment": 0.37,
      "latency_ms": 2670.0730180740356,
      "context_chars": 0.0
    },
    "1": {
      "n": 100,
      "em": 0.22,
      "f1": 0.34154901960784323,
      "containment": 0.27,
      "latency_ms": 2720.9186840057373,
      "context_chars": 634.88
    },
    "2": {
      "n": 100,
      "em": 0.25,
      "f1": 0.39614052287581686,
      "containment": 0.3,
      "latency_ms": 2547.886347770691,
      "context_chars": 1270.43
    },
    "3": {
      "n": 100,
      "em": 0.27,
      "f1": 0.4146998556998555,
      "containment": 0.33,
      "latency_ms": 2578.6984419822693,
      "context_chars": 1909.84
    },
    "4": {
      "n": 100,
      "em": 0.28,
      "f1": 0.40979509379509366,
      "containment": 0.35,
      "latency_ms": 2639.634335041046,
      "context_chars": 2546.22
    },
    "5": {
      "n": 100,
      "em": 0.29,
      "f1": 0.4332791783380017,
      "containment": 0.37,
      "latency_ms": 2623.6533212661743,
      "context_chars": 3186.63
    },
    "6": {
      "n": 100,
      "em": 0.3,
      "f1": 0.44606489262371596,
      "containment": 0.36,
      "latency_ms": 2632.0147466659546,
      "context_chars": 3816.36
    }
  }
}