{
  "shard_index": 7,
  "shard_count": 37,
  "summary": {
    "0": {
      "n": 100,
      "em": 0.32,
      "f1": 0.47541092241092237,
      "containment": 0.42,
      "latency_ms": 2323.7344336509705,
      "context_chars": 0.0
    },
    "1": {
      "n": 100,
      "em": 0.26,
      "f1": 0.33828571428571425,
      "containment": 0.29,
      "latency_ms": 2592.7022337913513,
      "context_chars": 640.46
    },
    "2": {
      "n": 100,
      "em": 0.27,
      "f1": 0.38153357753357753,
      "containment": 0.33,
      "latency_ms": 2585.057806968689,
      "context_chars": 1279.02
    },
    "3": {
      "n": 100,
      "em": 0.28,
      "f1": 0.39580738705738694,
      "containment": 0.35,
      "latency_ms": 2695.719211101532,
      "context_chars": 1923.41
    },
    "4": {
      "n": 100,
      "em": 0.28,
      "f1": 0.4032254967254966,
      "containment": 0.38,
      "latency_ms": 2652.1524834632874,
      "context_chars": 2566.84
    },
    "5": {
      "n": 100,
      "em": 0.31,
      "f1": 0.4265726854844501,
      "containment": 0.39,
      "latency_ms": 2720.9536170959473,
      "context_chars": 3207.69
    },
    "6": {
      "n": 100,
      "em": 0.29,
      "f1": 0.4113449687567334,
      "containment": 0.38,
      "latency_ms": 2827.7941179275513,
      "context_chars": 3848.36
    }
  }
}