{
  "shard_index": 3,
  "shard_count": 37,
  "summary": {
    "0": {
      "n": 100,
      "em": 0.38,
      "f1": 0.4853095238095237,
      "containment": 0.48,
      "latency_ms": 2218.434338569641,
      "context_chars": 0.0
    },
    "1": {
      "n": 100,
      "em": 0.26,
      "f1": 0.3302936507936508,
      "containment": 0.3,
      "latency_ms": 2264.3350982666016,
      "context_chars": 640.02
    },
    "2": {
      "n": 100,
      "em": 0.26,
      "f1": 0.33138888888888884,
      "containment": 0.32,
      "latency_ms": 2459.5633482933044,
      "context_chars": 1280.07
    },
    "3": {
      "n": 100,
      "em": 0.27,
      "f1": 0.35855555555555546,
      "containment": 0.34,
      "latency_ms": 2569.263617992401,
      "context_chars": 1922.09
    },
    "4": {
      "n": 100,
      "em": 0.28,
      "f1": 0.3693888888888889,
      "containment": 0.36,
      "latency_ms": 2501.732761859894,
      "context_chars": 2562.13
    },
    "5": {
      "n": 100,
      "em": 0.31,
      "f1": 0.39898412698412705,
      "containment": 0.38,
      "latency_ms": 2612.1191263198853,
      "context_chars": 3210.94
    },
    "6": {
      "n": 100,
      "em": 0.28,
      "f1": 0.38467460317460317,
      "containment": 0.38,
      "latency_ms": 2614.194815158844,
      "context_chars": 3854.59
    }
  }
}