{
  "shard_index": 16,
  "shard_count": 37,
  "summary": {
    "0": {
      "n": 100,
      "em": 0.34,
      "f1": 0.47049200799200785,
      "containment": 0.41,
      "latency_ms": 2404.4865798950195,
      "context_chars": 0.0
    },
    "1": {
      "n": 100,
      "em": 0.23,
      "f1": 0.3152051282051282,
      "containment": 0.28,
      "latency_ms": 2555.5836391448975,
      "context_chars": 635.98
    },
    "2": {
      "n": 100,
      "em": 0.27,
      "f1": 0.37447785547785545,
      "containment": 0.33,
      "latency_ms": 2530.8526515960693,
      "context_chars": 1270.93
    },
    "3": {
      "n": 100,
      "em": 0.29,
      "f1": 0.40596891996891993,
      "containment": 0.34,
      "latency_ms": 2675.4570841789246,
      "context_chars": 1912.8
    },
    "4": {
      "n": 100,
      "em": 0.31,
      "f1": 0.4206658896658896,
      "containment": 0.37,
      "latency_ms": 2763.8503217697144,
      "context_chars": 2551.77
    },
    "5": {
      "n": 100,
      "em": 0.32,
      "f1": 0.4361543016370602,
      "containment": 0.38,
      "latency_ms": 2758.9984130859375,
      "context_chars": 3191.7
    },
    "6": {
      "n": 100,
      "em": 0.31,
      "f1": 0.4173002839454451,
      "containment": 0.37,
      "latency_ms": 2856.329243183136,
      "context_chars": 3838.62
    }
  }
}