{
  "shard_index": 24,
  "shard_count": 37,
  "summary": {
    "0": {
      "n": 100,
      "em": 0.29,
      "f1": 0.4372857142857142,
      "containment": 0.42,
      "latency_ms": 2154.2036151885986,
      "context_chars": 0.0
    },
    "1": {
      "n": 100,
      "em": 0.27,
      "f1": 0.3488614718614718,
      "containment": 0.34,
      "latency_ms": 2409.2343759536743,
      "context_chars": 641.2
    },
    "2": {
      "n": 100,
      "em": 0.28,
      "f1": 0.3780821400821401,
      "containment": 0.37,
      "latency_ms": 2496.4386987686157,
      "context_chars": 1285.43
    },
    "3": {
      "n": 100,
      "em": 0.31,
      "f1": 0.41808214008214,
      "containment": 0.42,
      "latency_ms": 2495.8760046958923,
      "context_chars": 1937.55
    },
    "4": {
      "n": 100,
      "em": 0.32,
      "f1": 0.4357488067488067,
      "containment": 0.43,
      "latency_ms": 2528.3269906044006,
      "context_chars": 2581.81
    },
    "5": {
      "n": 100,
      "em": 0.33,
      "f1": 0.4569392829392829,
      "containment": 0.45,
      "latency_ms": 2643.1948256492615,
      "context_chars": 3230.77
    },
    "6": {
      "n": 100,
      "em": 0.31,
      "f1": 0.43547102897102896,
      "containment": 0.43,
      "latency_ms": 2590.612187385559,
      "context_chars": 3871.7
    }
  }
}