{
  "shard_index": 23,
  "shard_count": 37,
  "summary": {
    "0": {
      "n": 100,
      "em": 0.37,
      "f1": 0.5338871683871683,
      "containment": 0.48,
      "latency_ms": 2488.2239484786987,
      "context_chars": 0.0
    },
    "1": {
      "n": 100,
      "em": 0.24,
      "f1": 0.3310555555555556,
      "containment": 0.31,
      "latency_ms": 2632.714524269104,
      "context_chars": 645.13
    },
    "2": {
      "n": 100,
      "em": 0.3,
      "f1": 0.3871120872591461,
      "containment": 0.38,
      "latency_ms": 2716.9842290878296,
      "context_chars": 1285.92
    },
    "3": {
      "n": 100,
      "em": 0.33,
      "f1": 0.417095238095238,
      "containment": 0.4,
      "latency_ms": 2948.7225461006165,
      "context_chars": 1926.46
    },
    "4": {
      "n": 100,
      "em": 0.33,
      "f1": 0.4307063492063491,
      "containment": 0.42,
      "latency_ms": 2799.562017917633,
      "context_chars": 2565.39
    },
    "5": {
      "n": 100,
      "em": 0.37,
      "f1": 0.4678083028083027,
      "containment": 0.46,
      "latency_ms": 2906.0586762428284,
      "context_chars": 3209.55
    },
    "6": {
      "n": 100,
      "em": 0.32,
      "f1": 0.43961904761904746,
      "containment": 0.43,
      "latency_ms": 2937.9217886924744,
      "context_chars": 3848.54
    }
  }
}