{
  "shard_index": 31,
  "shard_count": 37,
  "summary": {
    "0": {
      "n": 100,
      "em": 0.3,
      "f1": 0.4082857142857143,
      "containment": 0.37,
      "latency_ms": 2529.0153551101685,
      "context_chars": 0.0
    },
    "1": {
      "n": 100,
      "em": 0.28,
      "f1": 0.36546031746031743,
      "containment": 0.31,
      "latency_ms": 2616.4950275421143,
      "context_chars": 635.66
    },
    "2": {
      "n": 100,
      "em": 0.29,
      "f1": 0.39802380952380956,
      "containment": 0.34,
      "latency_ms": 2752.955460548401,
      "context_chars": 1279.03
    },
    "3": {
      "n": 100,
      "em": 0.3,
      "f1": 0.3971190476190476,
      "containment": 0.31,
      "latency_ms": 2688.2041454315186,
      "context_chars": 1918.6
    },
    "4": {
      "n": 100,
      "em": 0.31,
      "f1": 0.4224220779220779,
      "containment": 0.35,
      "latency_ms": 2558.6502170562744,
      "context_chars": 2560.79
    },
    "5": {
      "n": 100,
      "em": 0.33,
      "f1": 0.44289826839826835,
      "containment": 0.37,
      "latency_ms": 2685.636246204376,
      "context_chars": 3201.97
    },
    "6": {
      "n": 100,
      "em": 0.33,
      "f1": 0.44439826839826835,
      "containment": 0.38,
      "latency_ms": 2579.282593727112,
      "context_chars": 3843.46
    }
  }
}