{
  "shard_index": 17,
  "shard_count": 37,
  "summary": {
    "0": {
      "n": 100,
      "em": 0.35,
      "f1": 0.4723162393162392,
      "containment": 0.41,
      "latency_ms": 2311.1785197257996,
      "context_chars": 0.0
    },
    "1": {
      "n": 100,
      "em": 0.26,
      "f1": 0.3124704184704184,
      "containment": 0.28,
      "latency_ms": 2496.3026452064514,
      "context_chars": 640.84
    },
    "2": {
      "n": 100,
      "em": 0.34,
      "f1": 0.39428523328523335,
      "containment": 0.34,
      "latency_ms": 2710.5487036705017,
      "context_chars": 1281.45
    },
    "3": {
      "n": 100,
      "em": 0.34,
      "f1": 0.4076770406770407,
      "containment": 0.37,
      "latency_ms": 2772.9263758659363,
      "context_chars": 1923.1
    },
    "4": {
      "n": 100,
      "em": 0.34,
      "f1": 0.4085080475080475,
      "containment": 0.37,
      "latency_ms": 3006.2961196899414,
      "context_chars": 2570.01
    },
    "5": {
      "n": 100,
      "em": 0.36,
      "f1": 0.4404387834387834,
      "containment": 0.39,
      "latency_ms": 3025.7818460464478,
      "context_chars": 3215.96
    },
    "6": {
      "n": 100,
      "em": 0.38,
      "f1": 0.4542150072150072,
      "containment": 0.4,
      "latency_ms": 2554.7069239616394,
      "context_chars": 3857.56
    }
  }
}