{
  "shard_index": 11,
  "shard_count": 37,
  "summary": {
    "0": {
      "n": 100,
      "em": 0.41,
      "f1": 0.5549603174603175,
      "containment": 0.52,
      "latency_ms": 2386.6119360923767,
      "context_chars": 0.0
    },
    "1": {
      "n": 100,
      "em": 0.34,
      "f1": 0.4121666666666666,
      "containment": 0.41,
      "latency_ms": 2439.3457674980164,
      "context_chars": 633.05
    },
    "2": {
      "n": 100,
      "em": 0.41,
      "f1": 0.4981839826839827,
      "containment": 0.49,
      "latency_ms": 2498.198356628418,
      "context_chars": 1270.52
    },
    "3": {
      "n": 100,
      "em": 0.4,
      "f1": 0.496047619047619,
      "containment": 0.5,
      "latency_ms": 2474.152183532715,
      "context_chars": 1905.96
    },
    "4": {
      "n": 100,
      "em": 0.4,
      "f1": 0.4927633477633478,
      "containment": 0.51,
      "latency_ms": 2646.824996471405,
      "context_chars": 2542.87
    },
    "5": {
      "n": 100,
      "em": 0.45,
      "f1": 0.5374486215538847,
      "containment": 0.55,
      "latency_ms": 2542.5029015541077,
      "context_chars": 3177.94
    },
    "6": {
      "n": 100,
      "em": 0.44,
      "f1": 0.5296152882205514,
      "containment": 0.55,
      "latency_ms": 2573.7835693359375,
      "context_chars": 3814.31
    }
  }
}