{
  "shard_index": 2,
  "shard_count": 37,
  "summary": {
    "0": {
      "n": 100,
      "em": 0.39,
      "f1": 0.5447912087912086,
      "containment": 0.5,
      "latency_ms": 2322.950475215912,
      "context_chars": 0.0
    },
    "1": {
      "n": 100,
      "em": 0.17,
      "f1": 0.26906565656565656,
      "containment": 0.22,
      "latency_ms": 2473.427894115448,
      "context_chars": 633.06
    },
    "2": {
      "n": 100,
      "em": 0.17,
      "f1": 0.2798434343434343,
      "containment": 0.25,
      "latency_ms": 2570.454833507538,
      "context_chars": 1273.71
    },
    "3": {
      "n": 100,
      "em": 0.27,
      "f1": 0.3783333333333333,
      "containment": 0.35,
      "latency_ms": 2638.898594379425,
      "context_chars": 1913.56
    },
    "4": {
      "n": 100,
      "em": 0.27,
      "f1": 0.3779999999999999,
      "containment": 0.35,
      "latency_ms": 2580.0824213027954,
      "context_chars": 2553.07
    },
    "5": {
      "n": 100,
      "em": 0.3,
      "f1": 0.4039603174603174,
      "containment": 0.39,
      "latency_ms": 2662.3504734039307,
      "context_chars": 3192.02
    },
    "6": {
      "n": 100,
      "em": 0.29,
      "f1": 0.39155555555555543,
      "containment": 0.39,
      "latency_ms": 2629.7126960754395,
      "context_chars": 3831.66
    }
  }
}