{
  "shard_index": 5,
  "shard_count": 37,
  "summary": {
    "0": {
      "n": 100,
      "em": 0.38,
      "f1": 0.508430735930736,
      "containment": 0.44,
      "latency_ms": 2745.1489686965942,
      "context_chars": 0.0
    },
    "1": {
      "n": 100,
      "em": 0.28,
      "f1": 0.36586045327221806,
      "containment": 0.33,
      "latency_ms": 2411.5339612960815,
      "context_chars": 639.31
    },
    "2": {
      "n": 100,
      "em": 0.33,
      "f1": 0.44289826839826846,
      "containment": 0.38,
      "latency_ms": 2362.6446413993835,
      "context_chars": 1279.06
    },
    "3": {
      "n": 100,
      "em": 0.34,
      "f1": 0.4618333333333334,
      "containment": 0.4,
      "latency_ms": 2392.4242639541626,
      "context_chars": 1924.67
    },
    "4": {
      "n": 100,
      "em": 0.32,
      "f1": 0.43400000000000005,
      "containment": 0.39,
      "latency_ms": 2441.083354949951,
      "context_chars": 2568.15
    },
    "5": {
      "n": 100,
      "em": 0.32,
      "f1": 0.4322142857142858,
      "containment": 0.39,
      "latency_ms": 2374.9799036979675,
      "context_chars": 3212.06
    },
    "6": {
      "n": 100,
      "em": 0.31,
      "f1": 0.43654761904761913,
      "containment": 0.38,
      "latency_ms": 2423.5481667518616,
      "context_chars": 3852.52
    }
  }
}