{
  "shard_index": 30,
  "shard_count": 37,
  "summary": {
    "0": {
      "n": 100,
      "em": 0.39,
      "f1": 0.5322750190985485,
      "containment": 0.49,
      "latency_ms": 2536.112585067749,
      "context_chars": 0.0
    },
    "1": {
      "n": 100,
      "em": 0.39,
      "f1": 0.4972857142857143,
      "containment": 0.42,
      "latency_ms": 2372.622513771057,
      "context_chars": 639.02
    },
    "2": {
      "n": 100,
      "em": 0.4,
      "f1": 0.5162380952380952,
      "containment": 0.43,
      "latency_ms": 2413.553853034973,
      "context_chars": 1282.4
    },
    "3": {
      "n": 100,
      "em": 0.42,
      "f1": 0.557095238095238,
      "containment": 0.45,
      "latency_ms": 2334.7395873069763,
      "context_chars": 1923.24
    },
    "4": {
      "n": 100,
      "em": 0.44,
      "f1": 0.5674285714285714,
      "containment": 0.46,
      "latency_ms": 2403.1086826324463,
      "context_chars": 2567.85
    },
    "5": {
      "n": 100,
      "em": 0.44,
      "f1": 0.5568268398268398,
      "containment": 0.45,
      "latency_ms": 2465.716953277588,
      "context_chars": 3207.67
    },
    "6": {
      "n": 100,
      "em": 0.45,
      "f1": 0.5758095238095237,
      "containment": 0.47,
      "latency_ms": 2405.769135951996,
      "context_chars": 3854.51
    }
  }
}