{
  "shard_index": 21,
  "shard_count": 37,
  "summary": {
    "0": {
      "n": 100,
      "em": 0.39,
      "f1": 0.4931031746031745,
      "containment": 0.44,
      "latency_ms": 2307.293496131897,
      "context_chars": 0.0
    },
    "1": {
      "n": 100,
      "em": 0.29,
      "f1": 0.3706825396825396,
      "containment": 0.3,
      "latency_ms": 2438.9740538597107,
      "context_chars": 627.16
    },
    "2": {
      "n": 100,
      "em": 0.34,
      "f1": 0.43015873015873013,
      "containment": 0.37,
      "latency_ms": 2380.0704407691956,
      "context_chars": 1257.46
    },
    "3": {
      "n": 100,
      "em": 0.35,
      "f1": 0.4660555555555556,
      "containment": 0.4,
      "latency_ms": 2570.144202709198,
      "context_chars": 1889.2
    },
    "4": {
      "n": 100,
      "em": 0.32,
      "f1": 0.46343650793650787,
      "containment": 0.42,
      "latency_ms": 2619.2255091667175,
      "context_chars": 2526.53
    },
    "5": {
      "n": 100,
      "em": 0.33,
      "f1": 0.4783989898989898,
      "containment": 0.44,
      "latency_ms": 2817.2814679145813,
      "context_chars": 3161.79
    },
    "6": {
      "n": 100,
      "em": 0.35,
      "f1": 0.49855772005772,
      "containment": 0.47,
      "latency_ms": 2709.1234970092773,
      "context_chars": 3795.58
    }
  }
}