{
  "shard_index": 13,
  "shard_count": 37,
  "summary": {
    "0": {
      "n": 100,
      "em": 0.31,
      "f1": 0.4620275443510737,
      "containment": 0.38,
      "latency_ms": 2478.185613155365,
      "context_chars": 0.0
    },
    "1": {
      "n": 100,
      "em": 0.23,
      "f1": 0.3406305916305917,
      "containment": 0.26,
      "latency_ms": 2489.2418599128723,
      "context_chars": 633.01
    },
    "2": {
      "n": 100,
      "em": 0.22,
      "f1": 0.3540822510822511,
      "containment": 0.29,
      "latency_ms": 2576.5848326683044,
      "context_chars": 1267.64
    },
    "3": {
      "n": 100,
      "em": 0.27,
      "f1": 0.3983780663780663,
      "containment": 0.33,
      "latency_ms": 2685.4534101486206,
      "context_chars": 1898.72
    },
    "4": {
      "n": 100,
      "em": 0.27,
      "f1": 0.42166233766233757,
      "containment": 0.35,
      "latency_ms": 2594.6838641166687,
      "context_chars": 2533.77
    },
    "5": {
      "n": 100,
      "em": 0.23,
      "f1": 0.39504978354978354,
      "containment": 0.32,
      "latency_ms": 2751.7022705078125,
      "context_chars": 3173.58
    },
    "6": {
      "n": 100,
      "em": 0.25,
      "f1": 0.4113831168831169,
      "containment": 0.33,
      "latency_ms": 2739.8137998580933,
      "context_chars": 3810.85
    }
  }
}