{
  "shard_index": 20,
  "shard_count": 37,
  "summary": {
    "0": {
      "n": 100,
      "em": 0.34,
      "f1": 0.47251559551559547,
      "containment": 0.42,
      "latency_ms": 2584.975366592407,
      "context_chars": 0.0
    },
    "1": {
      "n": 100,
      "em": 0.28,
      "f1": 0.3593333333333334,
      "containment": 0.28,
      "latency_ms": 2546.2326335906982,
      "context_chars": 638.03
    },
    "2": {
      "n": 100,
      "em": 0.34,
      "f1": 0.4267095986450824,
      "containment": 0.37,
      "latency_ms": 2573.4390234947205,
      "context_chars": 1273.4
    },
    "3": {
      "n": 100,
      "em": 0.37,
      "f1": 0.4563253968253968,
      "containment": 0.39,
      "latency_ms": 2434.511444568634,
      "context_chars": 1912.87
    },
    "4": {
      "n": 100,
      "em": 0.37,
      "f1": 0.455143846574881,
      "containment": 0.41,
      "latency_ms": 2676.525375843048,
      "context_chars": 2552.13
    },
    "5": {
      "n": 100,
      "em": 0.39,
      "f1": 0.46369940213043653,
      "containment": 0.42,
      "latency_ms": 2669.686894416809,
      "context_chars": 3193.96
    },
    "6": {
      "n": 100,
      "em": 0.4,
      "f1": 0.4732438457599748,
      "containment": 0.44,
      "latency_ms": 2830.336630344391,
      "context_chars": 3839.41
    }
  }
}